999
Dxf file generated by netDxf https://netdxf.codeplex.com, Copyright(C) 2015 Daniel Carvajal, Licensed under LGPL
0
SECTION
2
HEADER
9
$ACADVER
1
AC1015
9
$DWGCODEPAGE
3
ANSI_1252
9
$HANDSEED
5
8B5
9
$ANGBASE
50
0.0
9
$ANGDIR
70
0
9
$ATTMODE
70
1
9
$AUNITS
70
0
9
$AUPREC
70
0
9
$CECOLOR
62
256
9
$CELTSCALE
40
1.0
9
$CELTYPE
6
ByLayer
9
$CELWEIGHT
370
-1
9
$CLAYER
8
0
9
$CMLJUST
70
0
9
$CMLSCALE
40
20.0
9
$CMLSTYLE
2
Standard
9
$DIMSTYLE
2
Standard
9
$TEXTSIZE
40
2.5
9
$TEXTSTYLE
7
Standard
9
$LUNITS
70
2
9
$LUPREC
70
4
9
$EXTNAMES
290
1
9
$INSBASE
10
0.0
20
0.0
30
0.0
9
$INSUNITS
70
0
9
$LTSCALE
40
1.0
9
$LWDISPLAY
290
0
9
$PDMODE
70
0
9
$PDSIZE
40
0.0
9
$PLINEGEN
70
0
9
$PSLTSCALE
70
1
9
$TDCREATE
40
2461259.5933248
9
$TDUCREATE
40
2461259.7183248
9
$TDUPDATE
40
2461259.5933248
9
$TDUUPDATE
40
2461259.7183248
9
$TDINDWG
40
0.0
9
$DIMADEC
70
0
9
$DIMAUNIT
70
0
9
$DIMASZ
40
0.18
9
$DIMAZIN
70
0
9
$DIMBLK
1

9
$DIMBLK1
1

9
$DIMBLK2
1

9
$DIMLDRBLK
1

9
$DIMCEN
40
0.09
9
$DIMCLRD
70
0
9
$DIMCLRE
70
0
9
$DIMCLRT
70
0
9
$DIMDEC
70
2
9
$DIMDLE
40
0.0
9
$DIMDLI
40
0.38
9
$DIMDSEP
70
46
9
$DIMEXE
40
0.18
9
$DIMEXO
40
0.0625
9
$DIMGAP
40
0.09
9
$DIMJUST
70
0
9
$DIMLFAC
40
1.0
9
$DIMLUNIT
70
2
9
$DIMLWD
70
-2
9
$DIMLWE
70
-2
9
$DIMPOST
1
<>
9
$DIMRND
40
0.0
9
$DIMSAH
70
0
9
$DIMSCALE
40
1.0
9
$DIMSE1
70
0
9
$DIMSE2
70
0
9
$DIMTAD
70
1
9
$DIMTIH
70
0
9
$DIMTOH
70
0
9
$DIMTXT
40
0.18
9
$DIMZIN
70
0
9
$DIMFRAC
70
0
9
$DIMLTYPE
6
ByBlock
9
$DIMLTEX1
6
ByBlock
9
$DIMLTEX2
6
ByBlock
0
ENDSEC
0
SECTION
2
CLASSES
0
CLASS
1
RASTERVARIABLES
2
AcDbRasterVariables
3
ISM
90
0
280
0
281
0
0
ENDSEC
0
SECTION
2
TABLES
0
TABLE
2
APPID
5
4
330
0
100
AcDbSymbolTable
70
4
0
APPID
5
17
330
4
100
AcDbSymbolTableRecord
100
AcDbRegAppTableRecord
2
ACAD
70
0
0
APPID
5
8AA
330
4
100
AcDbSymbolTableRecord
100
AcDbRegAppTableRecord
2
AcCmTransparency
70
0
0
APPID
5
8AB
330
4
100
AcDbSymbolTableRecord
100
AcDbRegAppTableRecord
2
GradientColor1ACI
70
0
0
APPID
5
8AC
330
4
100
AcDbSymbolTableRecord
100
AcDbRegAppTableRecord
2
GradientColor2ACI
70
0
0
ENDTAB
0
TABLE
2
VPORT
5
1
330
0
100
AcDbSymbolTable
70
1
0
VPORT
5
2
330
1
100
AcDbSymbolTableRecord
100
AcDbViewportTableRecord
2
*Active
70
0
10
0.0
20
0.0
11
1.0
21
1.0
12
0.0
22
0.0
13
0.0
23
0.0
14
0.5
24
0.5
15
10.0
25
10.0
16
0.0
26
0.0
36
1.0
17
0.0
27
0.0
37
0.0
40
10.0
41
1.0
75
0
76
1
0
ENDTAB
0
TABLE
2
LTYPE
5
6
330
0
100
AcDbSymbolTable
70
3
0
LTYPE
5
13
330
6
100
AcDbSymbolTableRecord
100
AcDbLinetypeTableRecord
70
0
2
Continuous
3
Solid line
72
65
73
0
40
0.0
0
LTYPE
5
14
330
6
100
AcDbSymbolTableRecord
100
AcDbLinetypeTableRecord
70
0
2
ByLayer
3

72
65
73
0
40
0.0
0
LTYPE
5
15
330
6
100
AcDbSymbolTableRecord
100
AcDbLinetypeTableRecord
70
0
2
ByBlock
3

72
65
73
0
40
0.0
0
ENDTAB
0
TABLE
2
LAYER
5
5
330
0
100
AcDbSymbolTable
70
7
0
LAYER
5
12
330
5
100
AcDbSymbolTableRecord
100
AcDbLayerTableRecord
2
0
70
0
62
7
6
Continuous
290
1
370
-3
390
0
0
LAYER
5
21
330
5
100
AcDbSymbolTableRecord
100
AcDbLayerTableRecord
2
Hole
70
0
62
7
6
Continuous
290
1
370
-3
390
0
0
LAYER
5
23
330
5
100
AcDbSymbolTableRecord
100
AcDbLayerTableRecord
2
Theoretical Hole
70
0
62
7
6
Continuous
290
1
370
-3
390
0
0
LAYER
5
25
330
5
100
AcDbSymbolTableRecord
100
AcDbLayerTableRecord
2
Number
70
0
62
7
6
Continuous
290
1
370
-3
390
0
0
LAYER
5
27
330
5
100
AcDbSymbolTableRecord
100
AcDbLayerTableRecord
2
label
70
0
62
7
6
Continuous
290
1
370
-3
390
0
0
LAYER
5
29
330
5
100
AcDbSymbolTableRecord
100
AcDbLayerTableRecord
2
Length
70
0
62
7
6
Continuous
290
1
370
-3
390
0
0
LAYER
5
39
330
5
100
AcDbSymbolTableRecord
100
AcDbLayerTableRecord
2
Real Hole
70
0
62
7
6
Continuous
290
1
370
-3
390
0
0
ENDTAB
0
TABLE
2
STYLE
5
7
330
0
100
AcDbSymbolTable
70
1
0
STYLE
5
16
330
7
100
AcDbSymbolTableRecord
100
AcDbTextStyleTableRecord
2
Standard
3
simplex.shx
70
0
71
0
40
0.0
41
1.0
42
0.0
50
0.0
0
ENDTAB
0
TABLE
2
DIMSTYLE
5
8
330
0
100
AcDbSymbolTable
70
1
100
AcDbDimStyleTable
0
DIMSTYLE
105
18
330
8
100
AcDbSymbolTableRecord
100
AcDbDimStyleTableRecord
2
Standard
70
0
3
<>
40
1.0
41
0.18
42
0.0625
43
0.38
44
0.18
45
0.0
46
0.0
73
0
74
0
75
0
76
0
77
1
78
0
79
0
140
0.18
141
0.09
144
1.0
147
0.09
173
0
176
0
177
0
178
0
179
0
271
2
275
0
276
0
277
2
278
46
280
0
340
16
345
15
346
15
347
15
371
-2
372
-2
0
ENDTAB
0
TABLE
2
VIEW
5
3
330
0
100
AcDbSymbolTable
70
0
0
ENDTAB
0
TABLE
2
UCS
5
A
330
0
100
AcDbSymbolTable
70
0
0
ENDTAB
0
TABLE
2
BLOCK_RECORD
5
B
330
0
100
AcDbSymbolTable
70
2
0
BLOCK_RECORD
5
1A
330
B
100
AcDbSymbolTableRecord
100
AcDbBlockTableRecord
2
*Model_Space
340
1E
0
BLOCK_RECORD
5
8A4
330
B
100
AcDbSymbolTableRecord
100
AcDbBlockTableRecord
2
*Paper_Space
340
8A9
0
ENDTAB
0
ENDSEC
0
SECTION
2
BLOCKS
0
BLOCK
5
1C
330
1A
100
AcDbEntity
8
0
100
AcDbBlockBegin
2
*Model_Space
70
0
10
0.0
20
0.0
30
0.0
3
*Model_Space
0
ENDBLK
5
1B
330
1A
100
AcDbEntity
8
0
100
AcDbBlockEnd
0
BLOCK
5
8A6
330
8A4
100
AcDbEntity
8
0
100
AcDbBlockBegin
2
*Paper_Space
70
0
10
0.0
20
0.0
30
0.0
3
*Paper_Space
0
ENDBLK
5
8A5
330
8A4
100
AcDbEntity
8
0
100
AcDbBlockEnd
0
ENDSEC
0
SECTION
2
ENTITIES
0
POINT
5
20
330
1A
100
AcDbEntity
67
0
8
Hole
62
244
420
659967
6
ByLayer
370
-1
48
1.0
60
0
100
AcDbPoint
10
748849.930000763
20
8930370.91
30
211.079999947548
39
0.0
210
0.0
220
0.0
230
1.0
50
360.0
0
LINE
5
22
330
1A
100
AcDbEntity
67
0
8
Theoretical Hole
62
244
420
659967
6
ByLayer
370
-1
48
1.0
60
0
100
AcDbLine
10
748849.930000763
20
8930370.91
30
211.079999947548
11
748846.82504509
21
8930371.23908309
31
200.001595878601
39
0.0
210
0.0
220
0.0
230
1.0
0
TEXT
5
24
330
1A
100
AcDbEntity
67
0
8
Number
62
244
420
659967
6
ByLayer
370
-1
48
1.0
60
0
100
AcDbText
1
1
10
748849.930000763
20
8930371.29100001
30
211.079999947548
40
0.3
41
1.0
50
0.0
51
0.0
7
Standard
11
748849.930000763
21
8930371.29100001
31
211.079999947548
210
0.0
220
0.0
230
1.0
72
0
100
AcDbText
73
0
0
TEXT
5
26
330
1A
100
AcDbEntity
67
0
8
label
62
1
420
16711680
6
ByLayer
370
-1
48
1.0
60
0
100
AcDbText
1

10
748849.930000763
20
8930371.69100001
30
211.079999947548
40
0.3
41
1.0
50
0.0
51
0.0
7
Standard
11
748849.930000763
21
8930371.69100001
31
211.079999947548
210
0.0
220
0.0
230
1.0
72
0
100
AcDbText
73
0
0
TEXT
5
28
330
1A
100
AcDbEntity
67
0
8
Length
62
244
420
659967
6
ByLayer
370
-1
48
1.0
60
0
100
AcDbText
1
11.51
10
748849.930000763
20
8930370.15599999
30
211.079999947548
40
0.3
41
1.0
50
0.0
51
0.0
7
Standard
11
748849.930000763
21
8930370.15599999
31
211.079999947548
210
0.0
220
0.0
230
1.0
72
0
100
AcDbText
73
0
0
POLYLINE
5
38
330
1A
100
AcDbEntity
67
0
8
Real Hole
62
1
420
16711680
6
ByLayer
370
-1
48
1.0
60
0
100
AcDb3dPolyline
10
0.0
20
0.0
30
0.0
70
8
75
0
210
0.0
220
0.0
230
1.0
0
VERTEX
5
2A
100
AcDbEntity
8
Real Hole
62
1
420
16711680
100
AcDbVertex
100
AcDb3dPolylineVertex
10
748849.930000763
20
8930370.91
30
211.079999947548
70
32
0
VERTEX
5
2B
100
AcDbEntity
8
Real Hole
62
1
420
16711680
100
AcDbVertex
100
AcDb3dPolylineVertex
10
748849.634506713
20
8930370.8987516
30
210.124721610546
70
32
0
VERTEX
5
2C
100
AcDbEntity
8
Real Hole
62
1
420
16711680
100
AcDbVertex
100
AcDb3dPolylineVertex
10
748849.326620142
20
8930370.88514747
30
209.173395776749
70
32
0
VERTEX
5
2D
100
AcDbEntity
8
Real Hole
62
1
420
16711680
100
AcDbVertex
100
AcDb3dPolylineVertex
10
748849.030398648
20
8930370.8609497
30
208.218583130836
70
32
0
VERTEX
5
2E
100
AcDbEntity
8
Real Hole
62
1
420
16711680
100
AcDbVertex
100
AcDb3dPolylineVertex
10
748848.746900897
20
8930370.82563816
30
207.260260605812
70
32
0
VERTEX
5
2F
100
AcDbEntity
8
Real Hole
62
1
420
16711680
100
AcDbVertex
100
AcDb3dPolylineVertex
10
748848.450329046
20
8930370.80619982
30
206.305447602272
70
32
0
VERTEX
5
30
100
AcDbEntity
8
Real Hole
62
1
420
16711680
100
AcDbVertex
100
AcDb3dPolylineVertex
10
748848.150671105
20
8930370.77570884
30
205.351888680458
70
32
0
VERTEX
5
31
100
AcDbEntity
8
Real Hole
62
1
420
16711680
100
AcDbVertex
100
AcDb3dPolylineVertex
10
748847.84980176
20
8930370.74917448
30
204.398592495918
70
32
0
VERTEX
5
32
100
AcDbEntity
8
Real Hole
62
1
420
16711680
100
AcDbVertex
100
AcDb3dPolylineVertex
10
748847.536234121
20
8930370.7193127
30
203.449496293068
70
32
0
VERTEX
5
33
100
AcDbEntity
8
Real Hole
62
1
420
16711680
100
AcDbVertex
100
AcDb3dPolylineVertex
10
748847.200658541
20
8930370.68404229
30
202.50814344883
70
32
0
VERTEX
5
34
100
AcDbEntity
8
Real Hole
62
1
420
16711680
100
AcDbVertex
100
AcDb3dPolylineVertex
10
748846.899425488
20
8930370.65784672
30
201.554952645302
70
32
0
VERTEX
5
35
100
AcDbEntity
8
Real Hole
62
1
420
16711680
100
AcDbVertex
100
AcDb3dPolylineVertex
10
748846.583817224
20
8930370.62845749
30
200.606518769264
70
32
0
VERTEX
5
36
100
AcDbEntity
8
Real Hole
62
1
420
16711680
100
AcDbVertex
100
AcDb3dPolylineVertex
10
748846.522283297
20
8930370.62488786
30
200.416253113747
70
32
0
SEQEND
5
37
100
AcDbEntity
8
Real Hole
0
POINT
5
3A
330
1A
100
AcDbEntity
67
0
8
Hole
62
244
420
659967
6
ByLayer
370
-1
48
1.0
60
0
100
AcDbPoint
10
748850.080000381
20
8930372.40000001
30
211.279999995232
39
0.0
210
0.0
220
0.0
230
1.0
50
360.0
0
LINE
5
3B
330
1A
100
AcDbEntity
67
0
8
Theoretical Hole
62
244
420
659967
6
ByLayer
370
-1
48
1.0
60
0
100
AcDbLine
10
748850.080000381
20
8930372.40000001
30
211.279999995232
11
748846.980511169
21
8930372.72850362
31
200.002799415588
39
0.0
210
0.0
220
0.0
230
1.0
0
TEXT
5
3C
330
1A
100
AcDbEntity
67
0
8
Number
62
244
420
659967
6
ByLayer
370
-1
48
1.0
60
0
100
AcDbText
1
2
10
748850.080000381
20
8930372.78100002
30
211.279999995232
40
0.3
41
1.0
50
0.0
51
0.0
7
Standard
11
748850.080000381
21
8930372.78100002
31
211.279999995232
210
0.0
220
0.0
230
1.0
72
0
100
AcDbText
73
0
0
TEXT
5
3D
330
1A
100
AcDbEntity
67
0
8
label
62
1
420
16711680
6
ByLayer
370
-1
48
1.0
60
0
100
AcDbText
1

10
748850.080000381
20
8930373.18100002
30
211.279999995232
40
0.3
41
1.0
50
0.0
51
0.0
7
Standard
11
748850.080000381
21
8930373.18100002
31
211.279999995232
210
0.0
220
0.0
230
1.0
72
0
100
AcDbText
73
0
0
TEXT
5
3E
330
1A
100
AcDbEntity
67
0
8
Length
62
244
420
659967
6
ByLayer
370
-1
48
1.0
60
0
100
AcDbText
1
11.70
10
748850.080000381
20
8930371.646
30
211.279999995232
40
0.3
41
1.0
50
0.0
51
0.0
7
Standard
11
748850.080000381
21
8930371.646
31
211.279999995232
210
0.0
220
0.0
230
1.0
72
0
100
AcDbText
73
0
0
POLYLINE
5
4D
330
1A
100
AcDbEntity
67
0
8
Real Hole
62
1
420
16711680
6
ByLayer
370
-1
48
1.0
60
0
100
AcDb3dPolyline
10
0.0
20
0.0
30
0.0
70
8
75
0
210
0.0
220
0.0
230
1.0
0
VERTEX
5
3F
100
AcDbEntity
8
Real Hole
62
1
420
16711680
100
AcDbVertex
100
AcDb3dPolylineVertex
10
748850.080000381
20
8930372.40000001
30
211.279999995232
70
32
0
VERTEX
5
40
100
AcDbEntity
8
Real Hole
62
1
420
16711680
100
AcDbVertex
100
AcDb3dPolylineVertex
10
748849.814458947
20
8930372.43679976
30
210.316603147984
70
32
0
VERTEX
5
41
100
AcDbEntity
8
Real Hole
62
1
420
16711680
100
AcDbVertex
100
AcDb3dPolylineVertex
10
748849.534161012
20
8930372.4758938
30
209.357486510277
70
32
0
VERTEX
5
42
100
AcDbEntity
8
Real Hole
62
1
420
16711680
100
AcDbVertex
100
AcDb3dPolylineVertex
10
748849.235497396
20
8930372.50459917
30
208.403559947014
70
32
0
VERTEX
5
43
100
AcDbEntity
8
Real Hole
62
1
420
16711680
100
AcDbVertex
100
AcDb3dPolylineVertex
10
748848.936343532
20
8930372.52536066
30
207.449580931664
70
32
0
VERTEX
5
44
100
AcDbEntity
8
Real Hole
62
1
420
16711680
100
AcDbVertex
100
AcDb3dPolylineVertex
10
748848.627044539
20
8930372.53691844
30
206.498686099052
70
32
0
VERTEX
5
45
100
AcDbEntity
8
Real Hole
62
1
420
16711680
100
AcDbVertex
100
AcDb3dPolylineVertex
10
748848.330931525
20
8930372.5181329
30
205.543718123436
70
32
0
VERTEX
5
46
100
AcDbEntity
8
Real Hole
62
1
420
16711680
100
AcDbVertex
100
AcDb3dPolylineVertex
10
748848.030137281
20
8930372.50599919
30
204.590106272697
70
32
0
VERTEX
5
47
100
AcDbEntity
8
Real Hole
62
1
420
16711680
100
AcDbVertex
100
AcDb3dPolylineVertex
10
748847.700295668
20
8930372.50300562
30
203.646074557304
70
32
0
VERTEX
5
48
100
AcDbEntity
8
Real Hole
62
1
420
16711680
100
AcDbVertex
100
AcDb3dPolylineVertex
10
748847.385165911
20
8930372.49211112
30
202.697088503838
70
32
0
VERTEX
5
49
100
AcDbEntity
8
Real Hole
62
1
420
16711680
100
AcDbVertex
100
AcDb3dPolylineVertex
10
748847.073180418
20
8930372.47734373
30
201.747116351128
70
32
0
VERTEX
5
4A
100
AcDbEntity
8
Real Hole
62
1
420
16711680
100
AcDbVertex
100
AcDb3dPolylineVertex
10
748846.756556492
20
8930372.47391742
30
200.798571848869
70
32
0
VERTEX
5
4B
100
AcDbEntity
8
Real Hole
62
1
420
16711680
100
AcDbVertex
100
AcDb3dPolylineVertex
10
748846.63037632
20
8930372.46659771
30
200.419065737724
70
32
0
SEQEND
5
4C
100
AcDbEntity
8
Real Hole
0
POINT
5
4E
330
1A
100
AcDbEntity
67
0
8
Hole
62
244
420
659967
6
ByLayer
370
-1
48
1.0
60
0
100
AcDbPoint
10
748850.240000229
20
8930373.89000002
30
211.419999980927
39
0.0
210
0.0
220
0.0
230
1.0
50
360.0
0
LINE
5
4F
330
1A
100
AcDbEntity
67
0
8
Theoretical Hole
62
244
420
659967
6
ByLayer
370
-1
48
1.0
60
0
100
AcDbLine
10
748850.240000229
20
8930373.89000002
30
211.419999980927
11
748847.145039062
21
8930374.21802393
31
199.996374511719
39
0.0
210
0.0
220
0.0
230
1.0
0
TEXT
5
50
330
1A
100
AcDbEntity
67
0
8
Number
62
244
420
659967
6
ByLayer
370
-1
48
1.0
60
0
100
AcDbText
1
3
10
748850.240000229
20
8930374.27100003
30
211.419999980927
40
0.3
41
1.0
50
0.0
51
0.0
7
Standard
11
748850.240000229
21
8930374.27100003
31
211.419999980927
210
0.0
220
0.0
230
1.0
72
0
100
AcDbText
73
0
0
TEXT
5
51
330
1A
100
AcDbEntity
67
0
8
label
62
1
420
16711680
6
ByLayer
370
-1
48
1.0
60
0
100
AcDbText
1

10
748850.240000229
20
8930374.67100003
30
211.419999980927
40
0.3
41
1.0
50
0.0
51
0.0
7
Standard
11
748850.240000229
21
8930374.67100003
31
211.419999980927
210
0.0
220
0.0
230
1.0
72
0
100
AcDbText
73
0
0
TEXT
5
52
330
1A
100
AcDbEntity
67
0
8
Length
62
244
420
659967
6
ByLayer
370
-1
48
1.0
60
0
100
AcDbText
1
11.84
10
748850.240000229
20
8930373.13600001
30
211.419999980927
40
0.3
41
1.0
50
0.0
51
0.0
7
Standard
11
748850.240000229
21
8930373.13600001
31
211.419999980927
210
0.0
220
0.0
230
1.0
72
0
100
AcDbText
73
0
0
POLYLINE
5
61
330
1A
100
AcDbEntity
67
0
8
Real Hole
62
1
420
16711680
6
ByLayer
370
-1
48
1.0
60
0
100
AcDb3dPolyline
10
0.0
20
0.0
30
0.0
70
8
75
0
210
0.0
220
0.0
230
1.0
0
VERTEX
5
53
100
AcDbEntity
8
Real Hole
62
1
420
16711680
100
AcDbVertex
100
AcDb3dPolylineVertex
10
748850.240000229
20
8930373.89000002
30
211.419999980927
70
32
0
VERTEX
5
54
100
AcDbEntity
8
Real Hole
62
1
420
16711680
100
AcDbVertex
100
AcDb3dPolylineVertex
10
748849.987190078
20
8930373.88276169
30
210.452511155605
70
32
0
VERTEX
5
55
100
AcDbEntity
8
Real Hole
62
1
420
16711680
100
AcDbVertex
100
AcDb3dPolylineVertex
10
748849.731241446
20
8930373.88405721
30
209.485821628571
70
32
0
VERTEX
5
56
100
AcDbEntity
8
Real Hole
62
1
420
16711680
100
AcDbVertex
100
AcDb3dPolylineVertex
10
748849.458666008
20
8930373.8887674
30
208.523698711395
70
32
0
VERTEX
5
57
100
AcDbEntity
8
Real Hole
62
1
420
16711680
100
AcDbVertex
100
AcDb3dPolylineVertex
10
748849.163171511
20
8930373.8835064
30
207.568368816376
70
32
0
VERTEX
5
58
100
AcDbEntity
8
Real Hole
62
1
420
16711680
100
AcDbVertex
100
AcDb3dPolylineVertex
10
748848.85827003
20
8930373.86672669
30
206.616132640839
70
32
0
VERTEX
5
59
100
AcDbEntity
8
Real Hole
62
1
420
16711680
100
AcDbVertex
100
AcDb3dPolylineVertex
10
748848.557505469
20
8930373.80422241
30
205.664484882355
70
32
0
VERTEX
5
5A
100
AcDbEntity
8
Real Hole
62
1
420
16711680
100
AcDbVertex
100
AcDb3dPolylineVertex
10
748848.251295428
20
8930373.74019602
30
204.71467628479
70
32
0
VERTEX
5
5B
100
AcDbEntity
8
Real Hole
62
1
420
16711680
100
AcDbVertex
100
AcDb3dPolylineVertex
10
748847.937384109
20
8930373.67747042
30
203.767298126221
70
32
0
VERTEX
5
5C
100
AcDbEntity
8
Real Hole
62
1
420
16711680
100
AcDbVertex
100
AcDb3dPolylineVertex
10
748847.626716833
20
8930373.61798266
30
202.818642520905
70
32
0
VERTEX
5
5D
100
AcDbEntity
8
Real Hole
62
1
420
16711680
100
AcDbVertex
100
AcDb3dPolylineVertex
10
748847.28980134
20
8930373.56305209
30
201.878711605072
70
32
0
VERTEX
5
5E
100
AcDbEntity
8
Real Hole
62
1
420
16711680
100
AcDbVertex
100
AcDb3dPolylineVertex
10
748846.955810289
20
8930373.50181345
30
200.938126468658
70
32
0
VERTEX
5
5F
100
AcDbEntity
8
Real Hole
62
1
420
16711680
100
AcDbVertex
100
AcDb3dPolylineVertex
10
748846.691582661
20
8930373.44593925
30
200.185091876984
70
32
0
SEQEND
5
60
100
AcDbEntity
8
Real Hole
0
POINT
5
62
330
1A
100
AcDbEntity
67
0
8
Hole
62
244
420
659967
6
ByLayer
370
-1
48
1.0
60
0
100
AcDbPoint
10
748850.400000076
20
8930375.37999979
30
211.490000033379
39
0.0
210
0.0
220
0.0
230
1.0
50
360.0
0
LINE
5
63
330
1A
100
AcDbEntity
67
0
8
Theoretical Hole
62
244
420
659967
6
ByLayer
370
-1
48
1.0
60
0
100
AcDbLine
10
748850.400000076
20
8930375.37999979
30
211.490000033379
11
748847.311281662
21
8930375.70736185
31
200.002500915527
39
0.0
210
0.0
220
0.0
230
1.0
0
TEXT
5
64
330
1A
100
AcDbEntity
67
0
8
Number
62
244
420
659967
6
ByLayer
370
-1
48
1.0
60
0
100
AcDbText
1
4
10
748850.400000076
20
8930375.7609998
30
211.490000033379
40
0.3
41
1.0
50
0.0
51
0.0
7
Standard
11
748850.400000076
21
8930375.7609998
31
211.490000033379
210
0.0
220
0.0
230
1.0
72
0
100
AcDbText
73
0
0
TEXT
5
65
330
1A
100
AcDbEntity
67
0
8
label
62
1
420
16711680
6
ByLayer
370
-1
48
1.0
60
0
100
AcDbText
1

10
748850.400000076
20
8930376.1609998
30
211.490000033379
40
0.3
41
1.0
50
0.0
51
0.0
7
Standard
11
748850.400000076
21
8930376.1609998
31
211.490000033379
210
0.0
220
0.0
230
1.0
72
0
100
AcDbText
73
0
0
TEXT
5
66
330
1A
100
AcDbEntity
67
0
8
Length
62
244
420
659967
6
ByLayer
370
-1
48
1.0
60
0
100
AcDbText
1
11.90
10
748850.400000076
20
8930374.62599978
30
211.490000033379
40
0.3
41
1.0
50
0.0
51
0.0
7
Standard
11
748850.400000076
21
8930374.62599978
31
211.490000033379
210
0.0
220
0.0
230
1.0
72
0
100
AcDbText
73
0
0
POLYLINE
5
75
330
1A
100
AcDbEntity
67
0
8
Real Hole
62
1
420
16711680
6
ByLayer
370
-1
48
1.0
60
0
100
AcDb3dPolyline
10
0.0
20
0.0
30
0.0
70
8
75
0
210
0.0
220
0.0
230
1.0
0
VERTEX
5
67
100
AcDbEntity
8
Real Hole
62
1
420
16711680
100
AcDbVertex
100
AcDb3dPolylineVertex
10
748850.400000076
20
8930375.37999979
30
211.490000033379
70
32
0
VERTEX
5
68
100
AcDbEntity
8
Real Hole
62
1
420
16711680
100
AcDbVertex
100
AcDb3dPolylineVertex
10
748850.185874845
20
8930375.36382444
30
210.513327741623
70
32
0
VERTEX
5
69
100
AcDbEntity
8
Real Hole
62
1
420
16711680
100
AcDbVertex
100
AcDb3dPolylineVertex
10
748849.970597069
20
8930375.33834463
30
209.537107372284
70
32
0
VERTEX
5
6A
100
AcDbEntity
8
Real Hole
62
1
420
16711680
100
AcDbVertex
100
AcDb3dPolylineVertex
10
748849.742445092
20
8930375.32034858
30
208.563648247719
70
32
0
VERTEX
5
6B
100
AcDbEntity
8
Real Hole
62
1
420
16711680
100
AcDbVertex
100
AcDb3dPolylineVertex
10
748849.493622582
20
8930375.29098651
30
207.59554412365
70
32
0
VERTEX
5
6C
100
AcDbEntity
8
Real Hole
62
1
420
16711680
100
AcDbVertex
100
AcDb3dPolylineVertex
10
748849.266585927
20
8930375.25717717
30
206.62224509716
70
32
0
VERTEX
5
6D
100
AcDbEntity
8
Real Hole
62
1
420
16711680
100
AcDbVertex
100
AcDb3dPolylineVertex
10
748849.057370405
20
8930375.20307036
30
205.645873332024
70
32
0
VERTEX
5
6E
100
AcDbEntity
8
Real Hole
62
1
420
16711680
100
AcDbVertex
100
AcDb3dPolylineVertex
10
748848.835721831
20
8930375.15821711
30
204.671778941154
70
32
0
VERTEX
5
6F
100
AcDbEntity
8
Real Hole
62
1
420
16711680
100
AcDbVertex
100
AcDb3dPolylineVertex
10
748848.588897567
20
8930375.12040362
30
203.703456664085
70
32
0
VERTEX
5
70
100
AcDbEntity
8
Real Hole
62
1
420
16711680
100
AcDbVertex
100
AcDb3dPolylineVertex
10
748848.370368223
20
8930375.08293194
30
202.728346133232
70
32
0
VERTEX
5
71
100
AcDbEntity
8
Real Hole
62
1
420
16711680
100
AcDbVertex
100
AcDb3dPolylineVertex
10
748848.140485744
20
8930375.02884415
30
201.756632113457
70
32
0
VERTEX
5
72
100
AcDbEntity
8
Real Hole
62
1
420
16711680
100
AcDbVertex
100
AcDb3dPolylineVertex
10
748847.905741434
20
8930374.97701741
30
200.785957598686
70
32
0
VERTEX
5
73
100
AcDbEntity
8
Real Hole
62
1
420
16711680
100
AcDbVertex
100
AcDb3dPolylineVertex
10
748847.80066226
20
8930374.9562493
30
200.297564768791
70
32
0
SEQEND
5
74
100
AcDbEntity
8
Real Hole
0
POINT
5
76
330
1A
100
AcDbEntity
67
0
8
Hole
62
244
420
659967
6
ByLayer
370
-1
48
1.0
60
0
100
AcDbPoint
10
748850.559999924
20
8930376.87999979
30
211.439999961853
39
0.0
210
0.0
220
0.0
230
1.0
50
360.0
0
LINE
5
77
330
1A
100
AcDbEntity
67
0
8
Theoretical Hole
62
244
420
659967
6
ByLayer
370
-1
48
1.0
60
0
100
AcDbLine
10
748850.559999924
20
8930376.87999979
30
211.439999961853
11
748847.47631691
21
8930377.20682827
31
200.002929115295
39
0.0
210
0.0
220
0.0
230
1.0
0
TEXT
5
78
330
1A
100
AcDbEntity
67
0
8
Number
62
244
420
659967
6
ByLayer
370
-1
48
1.0
60
0
100
AcDbText
1
5
10
748850.559999924
20
8930377.2609998
30
211.439999961853
40
0.3
41
1.0
50
0.0
51
0.0
7
Standard
11
748850.559999924
21
8930377.2609998
31
211.439999961853
210
0.0
220
0.0
230
1.0
72
0
100
AcDbText
73
0
0
TEXT
5
79
330
1A
100
AcDbEntity
67
0
8
label
62
1
420
16711680
6
ByLayer
370
-1
48
1.0
60
0
100
AcDbText
1

10
748850.559999924
20
8930377.6609998
30
211.439999961853
40
0.3
41
1.0
50
0.0
51
0.0
7
Standard
11
748850.559999924
21
8930377.6609998
31
211.439999961853
210
0.0
220
0.0
230
1.0
72
0
100
AcDbText
73
0
0
TEXT
5
7A
330
1A
100
AcDbEntity
67
0
8
Length
62
244
420
659967
6
ByLayer
370
-1
48
1.0
60
0
100
AcDbText
1
11.85
10
748850.559999924
20
8930376.12599978
30
211.439999961853
40
0.3
41
1.0
50
0.0
51
0.0
7
Standard
11
748850.559999924
21
8930376.12599978
31
211.439999961853
210
0.0
220
0.0
230
1.0
72
0
100
AcDbText
73
0
0
POLYLINE
5
89
330
1A
100
AcDbEntity
67
0
8
Real Hole
62
1
420
16711680
6
ByLayer
370
-1
48
1.0
60
0
100
AcDb3dPolyline
10
0.0
20
0.0
30
0.0
70
8
75
0
210
0.0
220
0.0
230
1.0
0
VERTEX
5
7B
100
AcDbEntity
8
Real Hole
62
1
420
16711680
100
AcDbVertex
100
AcDb3dPolylineVertex
10
748850.559999924
20
8930376.87999979
30
211.439999961853
70
32
0
VERTEX
5
7C
100
AcDbEntity
8
Real Hole
62
1
420
16711680
100
AcDbVertex
100
AcDb3dPolylineVertex
10
748850.297779094
20
8930376.87153008
30
210.47502925396
70
32
0
VERTEX
5
7D
100
AcDbEntity
8
Real Hole
62
1
420
16711680
100
AcDbVertex
100
AcDb3dPolylineVertex
10
748850.039423387
20
8930376.86345602
30
209.509013080597
70
32
0
VERTEX
5
7E
100
AcDbEntity
8
Real Hole
62
1
420
16711680
100
AcDbVertex
100
AcDb3dPolylineVertex
10
748849.728367369
20
8930376.83711723
30
208.558986568451
70
32
0
VERTEX
5
7F
100
AcDbEntity
8
Real Hole
62
1
420
16711680
100
AcDbVertex
100
AcDb3dPolylineVertex
10
748849.427097421
20
8930376.80603708
30
207.605954313278
70
32
0
VERTEX
5
80
100
AcDbEntity
8
Real Hole
62
1
420
16711680
100
AcDbVertex
100
AcDb3dPolylineVertex
10
748849.100804071
20
8930376.76770635
30
206.661463165283
70
32
0
VERTEX
5
81
100
AcDbEntity
8
Real Hole
62
1
420
16711680
100
AcDbVertex
100
AcDb3dPolylineVertex
10
748848.772250752
20
8930376.70965533
30
205.71876373291
70
32
0
VERTEX
5
82
100
AcDbEntity
8
Real Hole
62
1
420
16711680
100
AcDbVertex
100
AcDb3dPolylineVertex
10
748848.444904308
20
8930376.64263933
30
204.776238822937
70
32
0
VERTEX
5
83
100
AcDbEntity
8
Real Hole
62
1
420
16711680
100
AcDbVertex
100
AcDb3dPolylineVertex
10
748848.123856525
20
8930376.55366528
30
203.833364391327
70
32
0
VERTEX
5
84
100
AcDbEntity
8
Real Hole
62
1
420
16711680
100
AcDbVertex
100
AcDb3dPolylineVertex
10
748847.809434156
20
8930376.46794388
30
202.887959861755
70
32
0
VERTEX
5
85
100
AcDbEntity
8
Real Hole
62
1
420
16711680
100
AcDbVertex
100
AcDb3dPolylineVertex
10
748847.488967638
20
8930376.37689856
30
201.945084953308
70
32
0
VERTEX
5
86
100
AcDbEntity
8
Real Hole
62
1
420
16711680
100
AcDbVertex
100
AcDb3dPolylineVertex
10
748847.178411942
20
8930376.31020782
30
200.996872329712
70
32
0
VERTEX
5
87
100
AcDbEntity
8
Real Hole
62
1
420
16711680
100
AcDbVertex
100
AcDb3dPolylineVertex
10
748846.949938517
20
8930376.26347515
30
200.336860084534
70
32
0
SEQEND
5
88
100
AcDbEntity
8
Real Hole
0
POINT
5
8A
330
1A
100
AcDbEntity
67
0
8
Hole
62
244
420
659967
6
ByLayer
370
-1
48
1.0
60
0
100
AcDbPoint
10
748850.719999771
20
8930378.37000004
30
211.250000023842
39
0.0
210
0.0
220
0.0
230
1.0
50
360.0
0
LINE
5
8B
330
1A
100
AcDbEntity
67
0
8
Theoretical Hole
62
244
420
659967
6
ByLayer
370
-1
48
1.0
60
0
100
AcDbLine
10
748850.719999771
20
8930378.37000004
30
211.250000023842
11
748847.640173416
21
8930378.69641987
31
199.998465919495
39
0.0
210
0.0
220
0.0
230
1.0
0
TEXT
5
8C
330
1A
100
AcDbEntity
67
0
8
Number
62
244
420
659967
6
ByLayer
370
-1
48
1.0
60
0
100
AcDbText
1
6
10
748850.719999771
20
8930378.75100005
30
211.250000023842
40
0.3
41
1.0
50
0.0
51
0.0
7
Standard
11
748850.719999771
21
8930378.75100005
31
211.250000023842
210
0.0
220
0.0
230
1.0
72
0
100
AcDbText
73
0
0
TEXT
5
8D
330
1A
100
AcDbEntity
67
0
8
label
62
1
420
16711680
6
ByLayer
370
-1
48
1.0
60
0
100
AcDbText
1

10
748850.719999771
20
8930379.15100005
30
211.250000023842
40
0.3
41
1.0
50
0.0
51
0.0
7
Standard
11
748850.719999771
21
8930379.15100005
31
211.250000023842
210
0.0
220
0.0
230
1.0
72
0
100
AcDbText
73
0
0
TEXT
5
8E
330
1A
100
AcDbEntity
67
0
8
Length
62
244
420
659967
6
ByLayer
370
-1
48
1.0
60
0
100
AcDbText
1
11.67
10
748850.719999771
20
8930377.61600003
30
211.250000023842
40
0.3
41
1.0
50
0.0
51
0.0
7
Standard
11
748850.719999771
21
8930377.61600003
31
211.250000023842
210
0.0
220
0.0
230
1.0
72
0
100
AcDbText
73
0
0
POLYLINE
5
9D
330
1A
100
AcDbEntity
67
0
8
Real Hole
62
1
420
16711680
6
ByLayer
370
-1
48
1.0
60
0
100
AcDb3dPolyline
10
0.0
20
0.0
30
0.0
70
8
75
0
210
0.0
220
0.0
230
1.0
0
VERTEX
5
8F
100
AcDbEntity
8
Real Hole
62
1
420
16711680
100
AcDbVertex
100
AcDb3dPolylineVertex
10
748850.719999771
20
8930378.37000004
30
211.250000023842
70
32
0
VERTEX
5
90
100
AcDbEntity
8
Real Hole
62
1
420
16711680
100
AcDbVertex
100
AcDb3dPolylineVertex
10
748850.43869869
20
8930378.34390459
30
210.290735328197
70
32
0
VERTEX
5
91
100
AcDbEntity
8
Real Hole
62
1
420
16711680
100
AcDbVertex
100
AcDb3dPolylineVertex
10
748850.150839787
20
8930378.32422984
30
209.333264613152
70
32
0
VERTEX
5
92
100
AcDbEntity
8
Real Hole
62
1
420
16711680
100
AcDbVertex
100
AcDb3dPolylineVertex
10
748849.871684055
20
8930378.29680926
30
208.373410487175
70
32
0
VERTEX
5
93
100
AcDbEntity
8
Real Hole
62
1
420
16711680
100
AcDbVertex
100
AcDb3dPolylineVertex
10
748849.588235002
20
8930378.29077286
30
207.41444208622
70
32
0
VERTEX
5
94
100
AcDbEntity
8
Real Hole
62
1
420
16711680
100
AcDbVertex
100
AcDb3dPolylineVertex
10
748849.282567363
20
8930378.2866648
30
206.462312722206
70
32
0
VERTEX
5
95
100
AcDbEntity
8
Real Hole
62
1
420
16711680
100
AcDbVertex
100
AcDb3dPolylineVertex
10
748848.966701012
20
8930378.26701357
30
205.51371243
70
32
0
VERTEX
5
96
100
AcDbEntity
8
Real Hole
62
1
420
16711680
100
AcDbVertex
100
AcDb3dPolylineVertex
10
748848.665607195
20
8930378.23132342
30
204.560786271095
70
32
0
VERTEX
5
97
100
AcDbEntity
8
Real Hole
62
1
420
16711680
100
AcDbVertex
100
AcDb3dPolylineVertex
10
748848.350498657
20
8930378.20192536
30
203.612185978889
70
32
0
VERTEX
5
98
100
AcDbEntity
8
Real Hole
62
1
420
16711680
100
AcDbVertex
100
AcDb3dPolylineVertex
10
748848.017829399
20
8930378.17872124
30
202.669427895546
70
32
0
VERTEX
5
99
100
AcDbEntity
8
Real Hole
62
1
420
16711680
100
AcDbVertex
100
AcDb3dPolylineVertex
10
748847.679695587
20
8930378.14949511
30
201.728783631325
70
32
0
VERTEX
5
9A
100
AcDbEntity
8
Real Hole
62
1
420
16711680
100
AcDbVertex
100
AcDb3dPolylineVertex
10
748847.346749763
20
8930378.11942903
30
200.786316895485
70
32
0
VERTEX
5
9B
100
AcDbEntity
8
Real Hole
62
1
420
16711680
100
AcDbVertex
100
AcDb3dPolylineVertex
10
748847.215581636
20
8930378.10862202
30
200.40858938694
70
32
0
SEQEND
5
9C
100
AcDbEntity
8
Real Hole
0
POINT
5
9E
330
1A
100
AcDbEntity
67
0
8
Hole
62
244
420
659967
6
ByLayer
370
-1
48
1.0
60
0
100
AcDbPoint
10
748850.86999939
20
8930379.85999981
30
210.970000052452
39
0.0
210
0.0
220
0.0
230
1.0
50
360.0
0
LINE
5
9F
330
1A
100
AcDbEntity
67
0
8
Theoretical Hole
62
244
420
659967
6
ByLayer
370
-1
48
1.0
60
0
100
AcDbLine
10
748850.86999939
20
8930379.85999981
30
210.970000052452
11
748847.794718246
21
8930380.18593803
31
199.997472190857
39
0.0
210
0.0
220
0.0
230
1.0
0
TEXT
5
A0
330
1A
100
AcDbEntity
67
0
8
Number
62
244
420
659967
6
ByLayer
370
-1
48
1.0
60
0
100
AcDbText
1
7
10
748850.86999939
20
8930380.24099982
30
210.970000052452
40
0.3
41
1.0
50
0.0
51
0.0
7
Standard
11
748850.86999939
21
8930380.24099982
31
210.970000052452
210
0.0
220
0.0
230
1.0
72
0
100
AcDbText
73
0
0
TEXT
5
A1
330
1A
100
AcDbEntity
67
0
8
label
62
1
420
16711680
6
ByLayer
370
-1
48
1.0
60
0
100
AcDbText
1

10
748850.86999939
20
8930380.64099982
30
210.970000052452
40
0.3
41
1.0
50
0.0
51
0.0
7
Standard
11
748850.86999939
21
8930380.64099982
31
210.970000052452
210
0.0
220
0.0
230
1.0
72
0
100
AcDbText
73
0
0
TEXT
5
A2
330
1A
100
AcDbEntity
67
0
8
Length
62
244
420
659967
6
ByLayer
370
-1
48
1.0
60
0
100
AcDbText
1
11.40
10
748850.86999939
20
8930379.1059998
30
210.970000052452
40
0.3
41
1.0
50
0.0
51
0.0
7
Standard
11
748850.86999939
21
8930379.1059998
31
210.970000052452
210
0.0
220
0.0
230
1.0
72
0
100
AcDbText
73
0
0
POLYLINE
5
B0
330
1A
100
AcDbEntity
67
0
8
Real Hole
62
1
420
16711680
6
ByLayer
370
-1
48
1.0
60
0
100
AcDb3dPolyline
10
0.0
20
0.0
30
0.0
70
8
75
0
210
0.0
220
0.0
230
1.0
0
VERTEX
5
A3
100
AcDbEntity
8
Real Hole
62
1
420
16711680
100
AcDbVertex
100
AcDb3dPolylineVertex
10
748850.86999939
20
8930379.85999981
30
210.970000052452
70
32
0
VERTEX
5
A4
100
AcDbEntity
8
Real Hole
62
1
420
16711680
100
AcDbVertex
100
AcDb3dPolylineVertex
10
748850.602019559
20
8930379.86729793
30
210.006603205204
70
32
0
VERTEX
5
A5
100
AcDbEntity
8
Real Hole
62
1
420
16711680
100
AcDbVertex
100
AcDb3dPolylineVertex
10
748850.322950702
20
8930379.88270489
30
209.046455645561
70
32
0
VERTEX
5
A6
100
AcDbEntity
8
Real Hole
62
1
420
16711680
100
AcDbVertex
100
AcDb3dPolylineVertex
10
748850.022861342
20
8930379.89108717
30
208.092581534386
70
32
0
VERTEX
5
A7
100
AcDbEntity
8
Real Hole
62
1
420
16711680
100
AcDbVertex
100
AcDb3dPolylineVertex
10
748849.702352386
20
8930379.89925604
30
207.145371222496
70
32
0
VERTEX
5
A8
100
AcDbEntity
8
Real Hole
62
1
420
16711680
100
AcDbVertex
100
AcDb3dPolylineVertex
10
748849.384230714
20
8930379.89670199
30
206.197324538231
70
32
0
VERTEX
5
A9
100
AcDbEntity
8
Real Hole
62
1
420
16711680
100
AcDbVertex
100
AcDb3dPolylineVertex
10
748849.066224198
20
8930379.87206526
30
205.249556326866
70
32
0
VERTEX
5
AA
100
AcDbEntity
8
Real Hole
62
1
420
16711680
100
AcDbVertex
100
AcDb3dPolylineVertex
10
748848.744250755
20
8930379.86301558
30
204.302850985527
70
32
0
VERTEX
5
AB
100
AcDbEntity
8
Real Hole
62
1
420
16711680
100
AcDbVertex
100
AcDb3dPolylineVertex
10
748848.399795275
20
8930379.85898735
30
203.36405684948
70
32
0
VERTEX
5
AC
100
AcDbEntity
8
Real Hole
62
1
420
16711680
100
AcDbVertex
100
AcDb3dPolylineVertex
10
748848.073430042
20
8930379.854715
30
202.418823027611
70
32
0
VERTEX
5
AD
100
AcDbEntity
8
Real Hole
62
1
420
16711680
100
AcDbVertex
100
AcDb3dPolylineVertex
10
748847.730019312
20
8930379.84164257
30
201.479728484154
70
32
0
VERTEX
5
AE
100
AcDbEntity
8
Real Hole
62
1
420
16711680
100
AcDbVertex
100
AcDb3dPolylineVertex
10
748847.394637089
20
8930379.82911012
30
200.537730002403
70
32
0
SEQEND
5
AF
100
AcDbEntity
8
Real Hole
0
POINT
5
B1
330
1A
100
AcDbEntity
67
0
8
Hole
62
244
420
659967
6
ByLayer
370
-1
48
1.0
60
0
100
AcDbPoint
10
748851.029999237
20
8930381.34999958
30
210.779999995232
39
0.0
210
0.0
220
0.0
230
1.0
50
360.0
0
LINE
5
B2
330
1A
100
AcDbEntity
67
0
8
Theoretical Hole
62
244
420
659967
6
ByLayer
370
-1
48
1.0
60
0
100
AcDbLine
10
748851.029999237
20
8930381.34999958
30
210.779999995232
11
748847.962061386
21
8930381.67515961
31
199.992487335205
39
0.0
210
0.0
220
0.0
230
1.0
0
TEXT
5
B3
330
1A
100
AcDbEntity
67
0
8
Number
62
244
420
659967
6
ByLayer
370
-1
48
1.0
60
0
100
AcDbText
1
8
10
748851.029999237
20
8930381.73099959
30
210.779999995232
40
0.3
41
1.0
50
0.0
51
0.0
7
Standard
11
748851.029999237
21
8930381.73099959
31
210.779999995232
210
0.0
220
0.0
230
1.0
72
0
100
AcDbText
73
0
0
TEXT
5
B4
330
1A
100
AcDbEntity
67
0
8
label
62
1
420
16711680
6
ByLayer
370
-1
48
1.0
60
0
100
AcDbText
1

10
748851.029999237
20
8930382.13099959
30
210.779999995232
40
0.3
41
1.0
50
0.0
51
0.0
7
Standard
11
748851.029999237
21
8930382.13099959
31
210.779999995232
210
0.0
220
0.0
230
1.0
72
0
100
AcDbText
73
0
0
TEXT
5
B5
330
1A
100
AcDbEntity
67
0
8
Length
62
244
420
659967
6
ByLayer
370
-1
48
1.0
60
0
100
AcDbText
1
11.22
10
748851.029999237
20
8930380.59599957
30
210.779999995232
40
0.3
41
1.0
50
0.0
51
0.0
7
Standard
11
748851.029999237
21
8930380.59599957
31
210.779999995232
210
0.0
220
0.0
230
1.0
72
0
100
AcDbText
73
0
0
POLYLINE
5
C3
330
1A
100
AcDbEntity
67
0
8
Real Hole
62
1
420
16711680
6
ByLayer
370
-1
48
1.0
60
0
100
AcDb3dPolyline
10
0.0
20
0.0
30
0.0
70
8
75
0
210
0.0
220
0.0
230
1.0
0
VERTEX
5
B6
100
AcDbEntity
8
Real Hole
62
1
420
16711680
100
AcDbVertex
100
AcDb3dPolylineVertex
10
748851.029999237
20
8930381.34999958
30
210.779999995232
70
32
0
VERTEX
5
B7
100
AcDbEntity
8
Real Hole
62
1
420
16711680
100
AcDbVertex
100
AcDb3dPolylineVertex
10
748850.768749278
20
8930381.3650631
30
209.814846360683
70
32
0
VERTEX
5
B8
100
AcDbEntity
8
Real Hole
62
1
420
16711680
100
AcDbVertex
100
AcDb3dPolylineVertex
10
748850.493909876
20
8930381.37341215
30
208.853392505646
70
32
0
VERTEX
5
B9
100
AcDbEntity
8
Real Hole
62
1
420
16711680
100
AcDbVertex
100
AcDb3dPolylineVertex
10
748850.191934745
20
8930381.35499551
30
207.900254511833
70
32
0
VERTEX
5
BA
100
AcDbEntity
8
Real Hole
62
1
420
16711680
100
AcDbVertex
100
AcDb3dPolylineVertex
10
748849.87647603
20
8930381.34403462
30
206.95137860775
70
32
0
VERTEX
5
BB
100
AcDbEntity
8
Real Hole
62
1
420
16711680
100
AcDbVertex
100
AcDb3dPolylineVertex
10
748849.556208472
20
8930381.32915525
30
206.00416829586
70
32
0
VERTEX
5
BC
100
AcDbEntity
8
Real Hole
62
1
420
16711680
100
AcDbVertex
100
AcDb3dPolylineVertex
10
748849.219188552
20
8930381.31644385
30
205.062756800652
70
32
0
VERTEX
5
BD
100
AcDbEntity
8
Real Hole
62
1
420
16711680
100
AcDbVertex
100
AcDb3dPolylineVertex
10
748848.871943932
20
8930381.28423101
30
204.125535273552
70
32
0
VERTEX
5
BE
100
AcDbEntity
8
Real Hole
62
1
420
16711680
100
AcDbVertex
100
AcDb3dPolylineVertex
10
748848.54416893
20
8930381.23927318
30
203.181849741936
70
32
0
VERTEX
5
BF
100
AcDbEntity
8
Real Hole
62
1
420
16711680
100
AcDbVertex
100
AcDb3dPolylineVertex
10
748848.232291441
20
8930381.17650088
30
202.233803057671
70
32
0
VERTEX
5
C0
100
AcDbEntity
8
Real Hole
62
1
420
16711680
100
AcDbVertex
100
AcDb3dPolylineVertex
10
748847.892953854
20
8930381.13645766
30
201.293991351128
70
32
0
VERTEX
5
C1
100
AcDbEntity
8
Real Hole
62
1
420
16711680
100
AcDbVertex
100
AcDb3dPolylineVertex
10
748847.54755209
20
8930381.10386832
30
200.356102252007
70
32
0
SEQEND
5
C2
100
AcDbEntity
8
Real Hole
0
POINT
5
C4
330
1A
100
AcDbEntity
67
0
8
Hole
62
244
420
659967
6
ByLayer
370
-1
48
1.0
60
0
100
AcDbPoint
10
748851.189999084
20
8930382.84000031
30
210.67999997139
39
0.0
210
0.0
220
0.0
230
1.0
50
360.0
0
LINE
5
C5
330
1A
100
AcDbEntity
67
0
8
Theoretical Hole
62
244
420
659967
6
ByLayer
370
-1
48
1.0
60
0
100
AcDbLine
10
748851.189999084
20
8930382.84000031
30
210.67999997139
11
748848.127144318
21
8930383.16462151
31
199.995059394836
39
0.0
210
0.0
220
0.0
230
1.0
0
TEXT
5
C6
330
1A
100
AcDbEntity
67
0
8
Number
62
244
420
659967
6
ByLayer
370
-1
48
1.0
60
0
100
AcDbText
1
9
10
748851.189999084
20
8930383.22100032
30
210.67999997139
40
0.3
41
1.0
50
0.0
51
0.0
7
Standard
11
748851.189999084
21
8930383.22100032
31
210.67999997139
210
0.0
220
0.0
230
1.0
72
0
100
AcDbText
73
0
0
TEXT
5
C7
330
1A
100
AcDbEntity
67
0
8
label
62
1
420
16711680
6
ByLayer
370
-1
48
1.0
60
0
100
AcDbText
1

10
748851.189999084
20
8930383.62100032
30
210.67999997139
40
0.3
41
1.0
50
0.0
51
0.0
7
Standard
11
748851.189999084
21
8930383.62100032
31
210.67999997139
210
0.0
220
0.0
230
1.0
72
0
100
AcDbText
73
0
0
TEXT
5
C8
330
1A
100
AcDbEntity
67
0
8
Length
62
244
420
659967
6
ByLayer
370
-1
48
1.0
60
0
100
AcDbText
1
11.12
10
748851.189999084
20
8930382.0860003
30
210.67999997139
40
0.3
41
1.0
50
0.0
51
0.0
7
Standard
11
748851.189999084
21
8930382.0860003
31
210.67999997139
210
0.0
220
0.0
230
1.0
72
0
100
AcDbText
73
0
0
POLYLINE
5
D6
330
1A
100
AcDbEntity
67
0
8
Real Hole
62
1
420
16711680
6
ByLayer
370
-1
48
1.0
60
0
100
AcDb3dPolyline
10
0.0
20
0.0
30
0.0
70
8
75
0
210
0.0
220
0.0
230
1.0
0
VERTEX
5
C9
100
AcDbEntity
8
Real Hole
62
1
420
16711680
100
AcDbVertex
100
AcDb3dPolylineVertex
10
748851.189999084
20
8930382.84000031
30
210.67999997139
70
32
0
VERTEX
5
CA
100
AcDbEntity
8
Real Hole
62
1
420
16711680
100
AcDbVertex
100
AcDb3dPolylineVertex
10
748850.93683825
20
8930382.81633703
30
209.712865197659
70
32
0
VERTEX
5
CB
100
AcDbEntity
8
Real Hole
62
1
420
16711680
100
AcDbVertex
100
AcDb3dPolylineVertex
10
748850.669615428
20
8930382.78933493
30
208.749608778954
70
32
0
VERTEX
5
CC
100
AcDbEntity
8
Real Hole
62
1
420
16711680
100
AcDbVertex
100
AcDb3dPolylineVertex
10
748850.36926208
20
8930382.76669854
30
207.796049499512
70
32
0
VERTEX
5
CD
100
AcDbEntity
8
Real Hole
62
1
420
16711680
100
AcDbVertex
100
AcDb3dPolylineVertex
10
748850.0683075
20
8930382.74544256
30
206.84264793396
70
32
0
VERTEX
5
CE
100
AcDbEntity
8
Real Hole
62
1
420
16711680
100
AcDbVertex
100
AcDb3dPolylineVertex
10
748849.743659239
20
8930382.71692539
30
205.89724316597
70
32
0
VERTEX
5
CF
100
AcDbEntity
8
Real Hole
62
1
420
16711680
100
AcDbVertex
100
AcDb3dPolylineVertex
10
748849.422931652
20
8930382.66927836
30
204.951270723343
70
32
0
VERTEX
5
D0
100
AcDbEntity
8
Real Hole
62
1
420
16711680
100
AcDbVertex
100
AcDb3dPolylineVertex
10
748849.115884523
20
8930382.61115019
30
204.001353406906
70
32
0
VERTEX
5
D1
100
AcDbEntity
8
Real Hole
62
1
420
16711680
100
AcDbVertex
100
AcDb3dPolylineVertex
10
748848.793350916
20
8930382.56444255
30
203.055948400497
70
32
0
VERTEX
5
D2
100
AcDbEntity
8
Real Hole
62
1
420
16711680
100
AcDbVertex
100
AcDb3dPolylineVertex
10
748848.461873512
20
8930382.51862318
30
202.113598489761
70
32
0
VERTEX
5
D3
100
AcDbEntity
8
Real Hole
62
1
420
16711680
100
AcDbVertex
100
AcDb3dPolylineVertex
10
748848.134434681
20
8930382.4599436
30
201.170550012589
70
32
0
VERTEX
5
D4
100
AcDbEntity
8
Real Hole
62
1
420
16711680
100
AcDbVertex
100
AcDb3dPolylineVertex
10
748847.828952293
20
8930382.39025927
30
200.220905923843
70
32
0
SEQEND
5
D5
100
AcDbEntity
8
Real Hole
0
POINT
5
D7
330
1A
100
AcDbEntity
67
0
8
Hole
62
244
420
659967
6
ByLayer
370
-1
48
1.0
60
0
100
AcDbPoint
10
748851.350000839
20
8930384.33000008
30
210.549999976158
39
0.0
210
0.0
220
0.0
230
1.0
50
360.0
0
LINE
5
D8
330
1A
100
AcDbEntity
67
0
8
Theoretical Hole
62
244
420
659967
6
ByLayer
370
-1
48
1.0
60
0
100
AcDbLine
10
748851.350000839
20
8930384.33000008
30
210.549999976158
11
748848.293640594
21
8930384.65393272
31
199.998515510559
39
0.0
210
0.0
220
0.0
230
1.0
0
TEXT
5
D9
330
1A
100
AcDbEntity
67
0
8
Number
62
244
420
659967
6
ByLayer
370
-1
48
1.0
60
0
100
AcDbText
1
10
10
748851.350000839
20
8930384.71100009
30
210.549999976158
40
0.3
41
1.0
50
0.0
51
0.0
7
Standard
11
748851.350000839
21
8930384.71100009
31
210.549999976158
210
0.0
220
0.0
230
1.0
72
0
100
AcDbText
73
0
0
TEXT
5
DA
330
1A
100
AcDbEntity
67
0
8
label
62
1
420
16711680
6
ByLayer
370
-1
48
1.0
60
0
100
AcDbText
1

10
748851.350000839
20
8930385.11100009
30
210.549999976158
40
0.3
41
1.0
50
0.0
51
0.0
7
Standard
11
748851.350000839
21
8930385.11100009
31
210.549999976158
210
0.0
220
0.0
230
1.0
72
0
100
AcDbText
73
0
0
TEXT
5
DB
330
1A
100
AcDbEntity
67
0
8
Length
62
244
420
659967
6
ByLayer
370
-1
48
1.0
60
0
100
AcDbText
1
10.99
10
748851.350000839
20
8930383.57600007
30
210.549999976158
40
0.3
41
1.0
50
0.0
51
0.0
7
Standard
11
748851.350000839
21
8930383.57600007
31
210.549999976158
210
0.0
220
0.0
230
1.0
72
0
100
AcDbText
73
0
0
POLYLINE
5
E9
330
1A
100
AcDbEntity
67
0
8
Real Hole
62
1
420
16711680
6
ByLayer
370
-1
48
1.0
60
0
100
AcDb3dPolyline
10
0.0
20
0.0
30
0.0
70
8
75
0
210
0.0
220
0.0
230
1.0
0
VERTEX
5
DC
100
AcDbEntity
8
Real Hole
62
1
420
16711680
100
AcDbVertex
100
AcDb3dPolylineVertex
10
748851.350000839
20
8930384.33000008
30
210.549999976158
70
32
0
VERTEX
5
DD
100
AcDbEntity
8
Real Hole
62
1
420
16711680
100
AcDbVertex
100
AcDb3dPolylineVertex
10
748851.051497619
20
8930384.31895015
30
209.595655345917
70
32
0
VERTEX
5
DE
100
AcDbEntity
8
Real Hole
62
1
420
16711680
100
AcDbVertex
100
AcDb3dPolylineVertex
10
748850.747318428
20
8930384.294049
30
208.643366003037
70
32
0
VERTEX
5
DF
100
AcDbEntity
8
Real Hole
62
1
420
16711680
100
AcDbVertex
100
AcDb3dPolylineVertex
10
748850.440143507
20
8930384.24644092
30
207.692904496193
70
32
0
VERTEX
5
E0
100
AcDbEntity
8
Real Hole
62
1
420
16711680
100
AcDbVertex
100
AcDb3dPolylineVertex
10
748850.13248239
20
8930384.20571798
30
206.742280268669
70
32
0
VERTEX
5
E1
100
AcDbEntity
8
Real Hole
62
1
420
16711680
100
AcDbVertex
100
AcDb3dPolylineVertex
10
748849.80424736
20
8930384.16988629
30
205.798363947868
70
32
0
VERTEX
5
E2
100
AcDbEntity
8
Real Hole
62
1
420
16711680
100
AcDbVertex
100
AcDb3dPolylineVertex
10
748849.467247109
20
8930384.12964179
30
204.857720160484
70
32
0
VERTEX
5
E3
100
AcDbEntity
8
Real Hole
62
1
420
16711680
100
AcDbVertex
100
AcDb3dPolylineVertex
10
748849.152506571
20
8930384.0660075
30
203.910677695274
70
32
0
VERTEX
5
E4
100
AcDbEntity
8
Real Hole
62
1
420
16711680
100
AcDbVertex
100
AcDb3dPolylineVertex
10
748848.841982107
20
8930384.00491614
30
202.962077403069
70
32
0
VERTEX
5
E5
100
AcDbEntity
8
Real Hole
62
1
420
16711680
100
AcDbVertex
100
AcDb3dPolylineVertex
10
748848.507508736
20
8930383.94449383
30
202.021610999107
70
32
0
VERTEX
5
E6
100
AcDbEntity
8
Real Hole
62
1
420
16711680
100
AcDbVertex
100
AcDb3dPolylineVertex
10
748848.15100668
20
8930383.87564877
30
201.089856886864
70
32
0
VERTEX
5
E7
100
AcDbEntity
8
Real Hole
62
1
420
16711680
100
AcDbVertex
100
AcDb3dPolylineVertex
10
748847.905471783
20
8930383.83689165
30
200.435478949547
70
32
0
SEQEND
5
E8
100
AcDbEntity
8
Real Hole
0
POINT
5
EA
330
1A
100
AcDbEntity
67
0
8
Hole
62
244
420
659967
6
ByLayer
370
-1
48
1.0
60
0
100
AcDbPoint
10
748851.510000687
20
8930385.83000008
30
210.450000011921
39
0.0
210
0.0
220
0.0
230
1.0
50
360.0
0
LINE
5
EB
330
1A
100
AcDbEntity
67
0
8
Theoretical Hole
62
244
420
659967
6
ByLayer
370
-1
48
1.0
60
0
100
AcDbLine
10
748851.510000687
20
8930385.83000008
30
210.450000011921
11
748848.457867126
21
8930386.1534845
31
200.001462364197
39
0.0
210
0.0
220
0.0
230
1.0
0
TEXT
5
EC
330
1A
100
AcDbEntity
67
0
8
Number
62
244
420
659967
6
ByLayer
370
-1
48
1.0
60
0
100
AcDbText
1
11
10
748851.510000687
20
8930386.21100009
30
210.450000011921
40
0.3
41
1.0
50
0.0
51
0.0
7
Standard
11
748851.510000687
21
8930386.21100009
31
210.450000011921
210
0.0
220
0.0
230
1.0
72
0
100
AcDbText
73
0
0
TEXT
5
ED
330
1A
100
AcDbEntity
67
0
8
label
62
1
420
16711680
6
ByLayer
370
-1
48
1.0
60
0
100
AcDbText
1

10
748851.510000687
20
8930386.61100009
30
210.450000011921
40
0.3
41
1.0
50
0.0
51
0.0
7
Standard
11
748851.510000687
21
8930386.61100009
31
210.450000011921
210
0.0
220
0.0
230
1.0
72
0
100
AcDbText
73
0
0
TEXT
5
EE
330
1A
100
AcDbEntity
67
0
8
Length
62
244
420
659967
6
ByLayer
370
-1
48
1.0
60
0
100
AcDbText
1
10.89
10
748851.510000687
20
8930385.07600007
30
210.450000011921
40
0.3
41
1.0
50
0.0
51
0.0
7
Standard
11
748851.510000687
21
8930385.07600007
31
210.450000011921
210
0.0
220
0.0
230
1.0
72
0
100
AcDbText
73
0
0
POLYLINE
5
FC
330
1A
100
AcDbEntity
67
0
8
Real Hole
62
1
420
16711680
6
ByLayer
370
-1
48
1.0
60
0
100
AcDb3dPolyline
10
0.0
20
0.0
30
0.0
70
8
75
0
210
0.0
220
0.0
230
1.0
0
VERTEX
5
EF
100
AcDbEntity
8
Real Hole
62
1
420
16711680
100
AcDbVertex
100
AcDb3dPolylineVertex
10
748851.510000687
20
8930385.83000008
30
210.450000011921
70
32
0
VERTEX
5
F0
100
AcDbEntity
8
Real Hole
62
1
420
16711680
100
AcDbVertex
100
AcDb3dPolylineVertex
10
748851.226934861
20
8930385.80129717
30
209.491329097748
70
32
0
VERTEX
5
F1
100
AcDbEntity
8
Real Hole
62
1
420
16711680
100
AcDbVertex
100
AcDb3dPolylineVertex
10
748850.944973927
20
8930385.7608166
30
208.532757604122
70
32
0
VERTEX
5
F2
100
AcDbEntity
8
Real Hole
62
1
420
16711680
100
AcDbVertex
100
AcDb3dPolylineVertex
10
748850.633547049
20
8930385.73701766
30
207.582785570621
70
32
0
VERTEX
5
F3
100
AcDbEntity
8
Real Hole
62
1
420
16711680
100
AcDbVertex
100
AcDb3dPolylineVertex
10
748850.307863932
20
8930385.7155
30
206.637551510334
70
32
0
VERTEX
5
F4
100
AcDbEntity
8
Real Hole
62
1
420
16711680
100
AcDbVertex
100
AcDb3dPolylineVertex
10
748850.003944259
20
8930385.67435448
30
205.685742580891
70
32
0
VERTEX
5
F5
100
AcDbEntity
8
Real Hole
62
1
420
16711680
100
AcDbVertex
100
AcDb3dPolylineVertex
10
748849.66791151
20
8930385.63719675
30
204.744625771046
70
32
0
VERTEX
5
F6
100
AcDbEntity
8
Real Hole
62
1
420
16711680
100
AcDbVertex
100
AcDb3dPolylineVertex
10
748849.326405506
20
8930385.57605777
30
203.806736671925
70
32
0
VERTEX
5
F7
100
AcDbEntity
8
Real Hole
62
1
420
16711680
100
AcDbVertex
100
AcDb3dPolylineVertex
10
748849.007369976
20
8930385.51369682
30
202.861047947407
70
32
0
VERTEX
5
F8
100
AcDbEntity
8
Real Hole
62
1
420
16711680
100
AcDbVertex
100
AcDb3dPolylineVertex
10
748848.675061922
20
8930385.47577626
30
201.9186393857
70
32
0
VERTEX
5
F9
100
AcDbEntity
8
Real Hole
62
1
420
16711680
100
AcDbVertex
100
AcDb3dPolylineVertex
10
748848.339022856
20
8930385.42159054
30
200.978351795673
70
32
0
VERTEX
5
FA
100
AcDbEntity
8
Real Hole
62
1
420
16711680
100
AcDbVertex
100
AcDb3dPolylineVertex
10
748848.033409338
20
8930385.37498877
30
200.133113110065
70
32
0
SEQEND
5
FB
100
AcDbEntity
8
Real Hole
0
POINT
5
FD
330
1A
100
AcDbEntity
67
0
8
Hole
62
244
420
659967
6
ByLayer
370
-1
48
1.0
60
0
100
AcDbPoint
10
748851.660000305
20
8930387.31999985
30
210.469999992847
39
0.0
210
0.0
220
0.0
230
1.0
50
360.0
0
LINE
5
FE
330
1A
100
AcDbEntity
67
0
8
Theoretical Hole
62
244
420
659967
6
ByLayer
370
-1
48
1.0
60
0
100
AcDbLine
10
748851.660000305
20
8930387.31999985
30
210.469999992847
11
748848.613163452
21
8930387.64292351
31
199.999058151245
39
0.0
210
0.0
220
0.0
230
1.0
0
TEXT
5
FF
330
1A
100
AcDbEntity
67
0
8
Number
62
244
420
659967
6
ByLayer
370
-1
48
1.0
60
0
100
AcDbText
1
12
10
748851.660000305
20
8930387.70099986
30
210.469999992847
40
0.3
41
1.0
50
0.0
51
0.0
7
Standard
11
748851.660000305
21
8930387.70099986
31
210.469999992847
210
0.0
220
0.0
230
1.0
72
0
100
AcDbText
73
0
0
TEXT
5
100
330
1A
100
AcDbEntity
67
0
8
label
62
1
420
16711680
6
ByLayer
370
-1
48
1.0
60
0
100
AcDbText
1

10
748851.660000305
20
8930388.10099986
30
210.469999992847
40
0.3
41
1.0
50
0.0
51
0.0
7
Standard
11
748851.660000305
21
8930388.10099986
31
210.469999992847
210
0.0
220
0.0
230
1.0
72
0
100
AcDbText
73
0
0
TEXT
5
101
330
1A
100
AcDbEntity
67
0
8
Length
62
244
420
659967
6
ByLayer
370
-1
48
1.0
60
0
100
AcDbText
1
10.91
10
748851.660000305
20
8930386.56599984
30
210.469999992847
40
0.3
41
1.0
50
0.0
51
0.0
7
Standard
11
748851.660000305
21
8930386.56599984
31
210.469999992847
210
0.0
220
0.0
230
1.0
72
0
100
AcDbText
73
0
0
POLYLINE
5
10F
330
1A
100
AcDbEntity
67
0
8
Real Hole
62
1
420
16711680
6
ByLayer
370
-1
48
1.0
60
0
100
AcDb3dPolyline
10
0.0
20
0.0
30
0.0
70
8
75
0
210
0.0
220
0.0
230
1.0
0
VERTEX
5
102
100
AcDbEntity
8
Real Hole
62
1
420
16711680
100
AcDbVertex
100
AcDb3dPolylineVertex
10
748851.660000305
20
8930387.31999985
30
210.469999992847
70
32
0
VERTEX
5
103
100
AcDbEntity
8
Real Hole
62
1
420
16711680
100
AcDbVertex
100
AcDb3dPolylineVertex
10
748851.396804314
20
8930387.3213779
30
209.505258584023
70
32
0
VERTEX
5
104
100
AcDbEntity
8
Real Hole
62
1
420
16711680
100
AcDbVertex
100
AcDb3dPolylineVertex
10
748851.11599354
20
8930387.32500484
30
208.545502269268
70
32
0
VERTEX
5
105
100
AcDbEntity
8
Real Hole
62
1
420
16711680
100
AcDbVertex
100
AcDb3dPolylineVertex
10
748850.815806429
20
8930387.32841047
30
207.591628038883
70
32
0
VERTEX
5
106
100
AcDbEntity
8
Real Hole
62
1
420
16711680
100
AcDbVertex
100
AcDb3dPolylineVertex
10
748850.522857289
20
8930387.34417341
30
206.635629856586
70
32
0
VERTEX
5
107
100
AcDbEntity
8
Real Hole
62
1
420
16711680
100
AcDbVertex
100
AcDb3dPolylineVertex
10
748850.203476171
20
8930387.35655444
30
205.688084328175
70
32
0
VERTEX
5
108
100
AcDbEntity
8
Real Hole
62
1
420
16711680
100
AcDbVertex
100
AcDb3dPolylineVertex
10
748849.874448161
20
8930387.35804759
30
204.743765556812
70
32
0
VERTEX
5
109
100
AcDbEntity
8
Real Hole
62
1
420
16711680
100
AcDbVertex
100
AcDb3dPolylineVertex
10
748849.56972764
20
8930387.34868426
30
203.791369640827
70
32
0
VERTEX
5
10A
100
AcDbEntity
8
Real Hole
62
1
420
16711680
100
AcDbVertex
100
AcDb3dPolylineVertex
10
748849.271274786
20
8930387.32744792
30
202.837181770802
70
32
0
VERTEX
5
10B
100
AcDbEntity
8
Real Hole
62
1
420
16711680
100
AcDbVertex
100
AcDb3dPolylineVertex
10
748848.950186949
20
8930387.31241817
30
201.890251839161
70
32
0
VERTEX
5
10C
100
AcDbEntity
8
Real Hole
62
1
420
16711680
100
AcDbVertex
100
AcDb3dPolylineVertex
10
748848.610678892
20
8930387.30655136
30
200.949666702747
70
32
0
VERTEX
5
10D
100
AcDbEntity
8
Real Hole
62
1
420
16711680
100
AcDbVertex
100
AcDb3dPolylineVertex
10
748848.438019495
20
8930387.30157777
30
200.480450356007
70
32
0
SEQEND
5
10E
100
AcDbEntity
8
Real Hole
0
POINT
5
110
330
1A
100
AcDbEntity
67
0
8
Hole
62
244
420
659967
6
ByLayer
370
-1
48
1.0
60
0
100
AcDbPoint
10
748851.820000153
20
8930388.80999962
30
210.580000007153
39
0.0
210
0.0
220
0.0
230
1.0
50
360.0
0
LINE
5
111
330
1A
100
AcDbEntity
67
0
8
Theoretical Hole
62
244
420
659967
6
ByLayer
370
-1
48
1.0
60
0
100
AcDbLine
10
748851.820000153
20
8930388.80999962
30
210.580000007153
11
748848.777338486
21
8930389.13248077
31
199.993280792236
39
0.0
210
0.0
220
0.0
230
1.0
0
TEXT
5
112
330
1A
100
AcDbEntity
67
0
8
Number
62
244
420
659967
6
ByLayer
370
-1
48
1.0
60
0
100
AcDbText
1
13
10
748851.820000153
20
8930389.19099963
30
210.580000007153
40
0.3
41
1.0
50
0.0
51
0.0
7
Standard
11
748851.820000153
21
8930389.19099963
31
210.580000007153
210
0.0
220
0.0
230
1.0
72
0
100
AcDbText
73
0
0
TEXT
5
113
330
1A
100
AcDbEntity
67
0
8
label
62
1
420
16711680
6
ByLayer
370
-1
48
1.0
60
0
100
AcDbText
1

10
748851.820000153
20
8930389.59099963
30
210.580000007153
40
0.3
41
1.0
50
0.0
51
0.0
7
Standard
11
748851.820000153
21
8930389.59099963
31
210.580000007153
210
0.0
220
0.0
230
1.0
72
0
100
AcDbText
73
0
0
TEXT
5
114
330
1A
100
AcDbEntity
67
0
8
Length
62
244
420
659967
6
ByLayer
370
-1
48
1.0
60
0
100
AcDbText
1
11.02
10
748851.820000153
20
8930388.05599961
30
210.580000007153
40
0.3
41
1.0
50
0.0
51
0.0
7
Standard
11
748851.820000153
21
8930388.05599961
31
210.580000007153
210
0.0
220
0.0
230
1.0
72
0
100
AcDbText
73
0
0
POLYLINE
5
121
330
1A
100
AcDbEntity
67
0
8
Real Hole
62
1
420
16711680
6
ByLayer
370
-1
48
1.0
60
0
100
AcDb3dPolyline
10
0.0
20
0.0
30
0.0
70
8
75
0
210
0.0
220
0.0
230
1.0
0
VERTEX
5
115
100
AcDbEntity
8
Real Hole
62
1
420
16711680
100
AcDbVertex
100
AcDb3dPolylineVertex
10
748851.820000153
20
8930388.80999962
30
210.580000007153
70
32
0
VERTEX
5
116
100
AcDbEntity
8
Real Hole
62
1
420
16711680
100
AcDbVertex
100
AcDb3dPolylineVertex
10
748851.508996199
20
8930388.84054855
30
209.630082452297
70
32
0
VERTEX
5
117
100
AcDbEntity
8
Real Hole
62
1
420
16711680
100
AcDbVertex
100
AcDb3dPolylineVertex
10
748851.183378618
20
8930388.87115643
30
208.685076439381
70
32
0
VERTEX
5
118
100
AcDbEntity
8
Real Hole
62
1
420
16711680
100
AcDbVertex
100
AcDb3dPolylineVertex
10
748850.852100651
20
8930388.86485343
30
207.741564357281
70
32
0
VERTEX
5
119
100
AcDbEntity
8
Real Hole
62
1
420
16711680
100
AcDbVertex
100
AcDb3dPolylineVertex
10
748850.524885755
20
8930388.86622402
30
206.796615445614
70
32
0
VERTEX
5
11A
100
AcDbEntity
8
Real Hole
62
1
420
16711680
100
AcDbVertex
100
AcDb3dPolylineVertex
10
748850.199255686
20
8930388.84647876
30
205.851324164867
70
32
0
VERTEX
5
11B
100
AcDbEntity
8
Real Hole
62
1
420
16711680
100
AcDbVertex
100
AcDb3dPolylineVertex
10
748849.8812326
20
8930388.83326082
30
204.90333327055
70
32
0
VERTEX
5
11C
100
AcDbEntity
8
Real Hole
62
1
420
16711680
100
AcDbVertex
100
AcDb3dPolylineVertex
10
748849.564922314
20
8930388.83237749
30
203.954678142071
70
32
0
VERTEX
5
11D
100
AcDbEntity
8
Real Hole
62
1
420
16711680
100
AcDbVertex
100
AcDb3dPolylineVertex
10
748849.231302719
20
8930388.81705284
30
203.012095057964
70
32
0
VERTEX
5
11E
100
AcDbEntity
8
Real Hole
62
1
420
16711680
100
AcDbVertex
100
AcDb3dPolylineVertex
10
748848.897304516
20
8930388.79399021
30
202.069803321362
70
32
0
VERTEX
5
11F
100
AcDbEntity
8
Real Hole
62
1
420
16711680
100
AcDbVertex
100
AcDb3dPolylineVertex
10
748848.604969482
20
8930388.76367712
30
201.219143950939
70
32
0
SEQEND
5
120
100
AcDbEntity
8
Real Hole
0
POINT
5
122
330
1A
100
AcDbEntity
67
0
8
Hole
62
244
420
659967
6
ByLayer
370
-1
48
1.0
60
0
100
AcDbPoint
10
748851.98
20
8930390.29999939
30
210.740000033379
39
0.0
210
0.0
220
0.0
230
1.0
50
360.0
0
LINE
5
123
330
1A
100
AcDbEntity
67
0
8
Theoretical Hole
62
244
420
659967
6
ByLayer
370
-1
48
1.0
60
0
100
AcDbLine
10
748851.98
20
8930390.29999939
30
210.740000033379
11
748848.944378357
21
8930390.62173477
31
199.995215797424
39
0.0
210
0.0
220
0.0
230
1.0
0
TEXT
5
124
330
1A
100
AcDbEntity
67
0
8
Number
62
244
420
659967
6
ByLayer
370
-1
48
1.0
60
0
100
AcDbText
1
14
10
748851.98
20
8930390.6809994
30
210.740000033379
40
0.3
41
1.0
50
0.0
51
0.0
7
Standard
11
748851.98
21
8930390.6809994
31
210.740000033379
210
0.0
220
0.0
230
1.0
72
0
100
AcDbText
73
0
0
TEXT
5
125
330
1A
100
AcDbEntity
67
0
8
label
62
1
420
16711680
6
ByLayer
370
-1
48
1.0
60
0
100
AcDbText
1

10
748851.98
20
8930391.0809994
30
210.740000033379
40
0.3
41
1.0
50
0.0
51
0.0
7
Standard
11
748851.98
21
8930391.0809994
31
210.740000033379
210
0.0
220
0.0
230
1.0
72
0
100
AcDbText
73
0
0
TEXT
5
126
330
1A
100
AcDbEntity
67
0
8
Length
62
244
420
659967
6
ByLayer
370
-1
48
1.0
60
0
100
AcDbText
1
11.17
10
748851.98
20
8930389.54599938
30
210.740000033379
40
0.3
41
1.0
50
0.0
51
0.0
7
Standard
11
748851.98
21
8930389.54599938
31
210.740000033379
210
0.0
220
0.0
230
1.0
72
0
100
AcDbText
73
0
0
POLYLINE
5
134
330
1A
100
AcDbEntity
67
0
8
Real Hole
62
1
420
16711680
6
ByLayer
370
-1
48
1.0
60
0
100
AcDb3dPolyline
10
0.0
20
0.0
30
0.0
70
8
75
0
210
0.0
220
0.0
230
1.0
0
VERTEX
5
127
100
AcDbEntity
8
Real Hole
62
1
420
16711680
100
AcDbVertex
100
AcDb3dPolylineVertex
10
748851.98
20
8930390.29999939
30
210.740000033379
70
32
0
VERTEX
5
128
100
AcDbEntity
8
Real Hole
62
1
420
16711680
100
AcDbVertex
100
AcDb3dPolylineVertex
10
748851.654941957
20
8930390.29687903
30
209.794311130047
70
32
0
VERTEX
5
129
100
AcDbEntity
8
Real Hole
62
1
420
16711680
100
AcDbVertex
100
AcDb3dPolylineVertex
10
748851.309720795
20
8930390.28958745
30
208.85581805706
70
32
0
VERTEX
5
12A
100
AcDbEntity
8
Real Hole
62
1
420
16711680
100
AcDbVertex
100
AcDb3dPolylineVertex
10
748850.961768489
20
8930390.29906352
30
207.918353819847
70
32
0
VERTEX
5
12B
100
AcDbEntity
8
Real Hole
62
1
420
16711680
100
AcDbVertex
100
AcDb3dPolylineVertex
10
748850.607152204
20
8930390.29993011
30
206.983342194557
70
32
0
VERTEX
5
12C
100
AcDbEntity
8
Real Hole
62
1
420
16711680
100
AcDbVertex
100
AcDb3dPolylineVertex
10
748850.254245858
20
8930390.27989063
30
206.047898077965
70
32
0
VERTEX
5
12D
100
AcDbEntity
8
Real Hole
62
1
420
16711680
100
AcDbVertex
100
AcDb3dPolylineVertex
10
748849.918704014
20
8930390.26723498
30
205.105957770348
70
32
0
VERTEX
5
12E
100
AcDbEntity
8
Real Hole
62
1
420
16711680
100
AcDbVertex
100
AcDb3dPolylineVertex
10
748849.54054163
20
8930390.26835711
30
204.180219435692
70
32
0
VERTEX
5
12F
100
AcDbEntity
8
Real Hole
62
1
420
16711680
100
AcDbVertex
100
AcDb3dPolylineVertex
10
748849.181149464
20
8930390.25052841
30
203.24720313549
70
32
0
VERTEX
5
130
100
AcDbEntity
8
Real Hole
62
1
420
16711680
100
AcDbVertex
100
AcDb3dPolylineVertex
10
748848.832347612
20
8930390.22307711
30
202.310408854485
70
32
0
VERTEX
5
131
100
AcDbEntity
8
Real Hole
62
1
420
16711680
100
AcDbVertex
100
AcDb3dPolylineVertex
10
748848.480552416
20
8930390.19038013
30
201.37490298748
70
32
0
VERTEX
5
132
100
AcDbEntity
8
Real Hole
62
1
420
16711680
100
AcDbVertex
100
AcDb3dPolylineVertex
10
748848.260263185
20
8930390.1658265
30
200.817345881462
70
32
0
SEQEND
5
133
100
AcDbEntity
8
Real Hole
0
POINT
5
135
330
1A
100
AcDbEntity
67
0
8
Hole
62
244
420
659967
6
ByLayer
370
-1
48
1.0
60
0
100
AcDbPoint
10
748852.139999847
20
8930391.78999916
30
210.819999957085
39
0.0
210
0.0
220
0.0
230
1.0
50
360.0
0
LINE
5
136
330
1A
100
AcDbEntity
67
0
8
Theoretical Hole
62
244
420
659967
6
ByLayer
370
-1
48
1.0
60
0
100
AcDbLine
10
748852.139999847
20
8930391.78999916
30
210.819999957085
11
748849.109756927
21
8930392.11116425
31
200.000938796997
39
0.0
210
0.0
220
0.0
230
1.0
0
TEXT
5
137
330
1A
100
AcDbEntity
67
0
8
Number
62
244
420
659967
6
ByLayer
370
-1
48
1.0
60
0
100
AcDbText
1
15
10
748852.139999847
20
8930392.17099917
30
210.819999957085
40
0.3
41
1.0
50
0.0
51
0.0
7
Standard
11
748852.139999847
21
8930392.17099917
31
210.819999957085
210
0.0
220
0.0
230
1.0
72
0
100
AcDbText
73
0
0
TEXT
5
138
330
1A
100
AcDbEntity
67
0
8
label
62
1
420
16711680
6
ByLayer
370
-1
48
1.0
60
0
100
AcDbText
1

10
748852.139999847
20
8930392.57099917
30
210.819999957085
40
0.3
41
1.0
50
0.0
51
0.0
7
Standard
11
748852.139999847
21
8930392.57099917
31
210.819999957085
210
0.0
220
0.0
230
1.0
72
0
100
AcDbText
73
0
0
TEXT
5
139
330
1A
100
AcDbEntity
67
0
8
Length
62
244
420
659967
6
ByLayer
370
-1
48
1.0
60
0
100
AcDbText
1
11.24
10
748852.139999847
20
8930391.03599915
30
210.819999957085
40
0.3
41
1.0
50
0.0
51
0.0
7
Standard
11
748852.139999847
21
8930391.03599915
31
210.819999957085
210
0.0
220
0.0
230
1.0
72
0
100
AcDbText
73
0
0
POLYLINE
5
147
330
1A
100
AcDbEntity
67
0
8
Real Hole
62
1
420
16711680
6
ByLayer
370
-1
48
1.0
60
0
100
AcDb3dPolyline
10
0.0
20
0.0
30
0.0
70
8
75
0
210
0.0
220
0.0
230
1.0
0
VERTEX
5
13A
100
AcDbEntity
8
Real Hole
62
1
420
16711680
100
AcDbVertex
100
AcDb3dPolylineVertex
10
748852.139999847
20
8930391.78999916
30
210.819999957085
70
32
0
VERTEX
5
13B
100
AcDbEntity
8
Real Hole
62
1
420
16711680
100
AcDbVertex
100
AcDb3dPolylineVertex
10
748851.878465425
20
8930391.85472235
30
209.856978321075
70
32
0
VERTEX
5
13C
100
AcDbEntity
8
Real Hole
62
1
420
16711680
100
AcDbVertex
100
AcDb3dPolylineVertex
10
748851.600216191
20
8930391.91330802
30
208.898257756233
70
32
0
VERTEX
5
13D
100
AcDbEntity
8
Real Hole
62
1
420
16711680
100
AcDbVertex
100
AcDb3dPolylineVertex
10
748851.294171851
20
8930391.96771254
30
207.947796368599
70
32
0
VERTEX
5
13E
100
AcDbEntity
8
Real Hole
62
1
420
16711680
100
AcDbVertex
100
AcDb3dPolylineVertex
10
748850.994691234
20
8930392.02294778
30
206.995294117928
70
32
0
VERTEX
5
13F
100
AcDbEntity
8
Real Hole
62
1
420
16711680
100
AcDbVertex
100
AcDb3dPolylineVertex
10
748850.676563005
20
8930392.08478564
30
206.049265170097
70
32
0
VERTEX
5
140
100
AcDbEntity
8
Real Hole
62
1
420
16711680
100
AcDbVertex
100
AcDb3dPolylineVertex
10
748850.339591246
20
8930392.12920872
30
205.108799242973
70
32
0
VERTEX
5
141
100
AcDbEntity
8
Real Hole
62
1
420
16711680
100
AcDbVertex
100
AcDb3dPolylineVertex
10
748849.992418032
20
8930392.16993079
30
204.171882891655
70
32
0
VERTEX
5
142
100
AcDbEntity
8
Real Hole
62
1
420
16711680
100
AcDbVertex
100
AcDb3dPolylineVertex
10
748849.645670156
20
8930392.19411686
30
203.23423602581
70
32
0
VERTEX
5
143
100
AcDbEntity
8
Real Hole
62
1
420
16711680
100
AcDbVertex
100
AcDb3dPolylineVertex
10
748849.299566011
20
8930392.2128006
30
202.296225810051
70
32
0
VERTEX
5
144
100
AcDbEntity
8
Real Hole
62
1
420
16711680
100
AcDbVertex
100
AcDb3dPolylineVertex
10
748848.952449064
20
8930392.22747058
30
201.358518862724
70
32
0
VERTEX
5
145
100
AcDbEntity
8
Real Hole
62
1
420
16711680
100
AcDbVertex
100
AcDb3dPolylineVertex
10
748848.642210226
20
8930392.23483602
30
200.513713145256
70
32
0
SEQEND
5
146
100
AcDbEntity
8
Real Hole
0
POINT
5
148
330
1A
100
AcDbEntity
67
0
8
Hole
62
244
420
659967
6
ByLayer
370
-1
48
1.0
60
0
100
AcDbPoint
10
748852.299999695
20
8930393.28000084
30
210.970000052452
39
0.0
210
0.0
220
0.0
230
1.0
50
360.0
0
LINE
5
149
330
1A
100
AcDbEntity
67
0
8
Theoretical Hole
62
244
420
659967
6
ByLayer
370
-1
48
1.0
60
0
100
AcDbLine
10
748852.299999695
20
8930393.28000084
30
210.970000052452
11
748849.277668457
21
8930393.60032669
31
200.003354454041
39
0.0
210
0.0
220
0.0
230
1.0
0
TEXT
5
14A
330
1A
100
AcDbEntity
67
0
8
Number
62
244
420
659967
6
ByLayer
370
-1
48
1.0
60
0
100
AcDbText
1
16
10
748852.299999695
20
8930393.66100085
30
210.970000052452
40
0.3
41
1.0
50
0.0
51
0.0
7
Standard
11
748852.299999695
21
8930393.66100085
31
210.970000052452
210
0.0
220
0.0
230
1.0
72
0
100
AcDbText
73
0
0
TEXT
5
14B
330
1A
100
AcDbEntity
67
0
8
label
62
1
420
16711680
6
ByLayer
370
-1
48
1.0
60
0
100
AcDbText
1

10
748852.299999695
20
8930394.06100085
30
210.970000052452
40
0.3
41
1.0
50
0.0
51
0.0
7
Standard
11
748852.299999695
21
8930394.06100085
31
210.970000052452
210
0.0
220
0.0
230
1.0
72
0
100
AcDbText
73
0
0
TEXT
5
14C
330
1A
100
AcDbEntity
67
0
8
Length
62
244
420
659967
6
ByLayer
370
-1
48
1.0
60
0
100
AcDbText
1
11.38
10
748852.299999695
20
8930392.52600083
30
210.970000052452
40
0.3
41
1.0
50
0.0
51
0.0
7
Standard
11
748852.299999695
21
8930392.52600083
31
210.970000052452
210
0.0
220
0.0
230
1.0
72
0
100
AcDbText
73
0
0
POLYLINE
5
15A
330
1A
100
AcDbEntity
67
0
8
Real Hole
62
1
420
16711680
6
ByLayer
370
-1
48
1.0
60
0
100
AcDb3dPolyline
10
0.0
20
0.0
30
0.0
70
8
75
0
210
0.0
220
0.0
230
1.0
0
VERTEX
5
14D
100
AcDbEntity
8
Real Hole
62
1
420
16711680
100
AcDbVertex
100
AcDb3dPolylineVertex
10
748852.299999695
20
8930393.28000084
30
210.970000052452
70
32
0
VERTEX
5
14E
100
AcDbEntity
8
Real Hole
62
1
420
16711680
100
AcDbVertex
100
AcDb3dPolylineVertex
10
748852.013141166
20
8930393.27950015
30
210.012027227879
70
32
0
VERTEX
5
14F
100
AcDbEntity
8
Real Hole
62
1
420
16711680
100
AcDbVertex
100
AcDb3dPolylineVertex
10
748851.713999491
20
8930393.27323396
30
209.05783905983
70
32
0
VERTEX
5
150
100
AcDbEntity
8
Real Hole
62
1
420
16711680
100
AcDbVertex
100
AcDb3dPolylineVertex
10
748851.385131102
20
8930393.25242808
30
208.113692545891
70
32
0
VERTEX
5
151
100
AcDbEntity
8
Real Hole
62
1
420
16711680
100
AcDbVertex
100
AcDb3dPolylineVertex
10
748851.060953717
20
8930393.21446075
30
207.168458485603
70
32
0
VERTEX
5
152
100
AcDbEntity
8
Real Hole
62
1
420
16711680
100
AcDbVertex
100
AcDb3dPolylineVertex
10
748850.736250501
20
8930393.16662854
30
206.22385289669
70
32
0
VERTEX
5
153
100
AcDbEntity
8
Real Hole
62
1
420
16711680
100
AcDbVertex
100
AcDb3dPolylineVertex
10
748850.401756506
20
8930393.14611136
30
205.281678462029
70
32
0
VERTEX
5
154
100
AcDbEntity
8
Real Hole
62
1
420
16711680
100
AcDbVertex
100
AcDb3dPolylineVertex
10
748850.040901165
20
8930393.13187017
30
204.349165225029
70
32
0
VERTEX
5
155
100
AcDbEntity
8
Real Hole
62
1
420
16711680
100
AcDbVertex
100
AcDb3dPolylineVertex
10
748849.689824085
20
8930393.07852395
30
203.414339327812
70
32
0
VERTEX
5
156
100
AcDbEntity
8
Real Hole
62
1
420
16711680
100
AcDbVertex
100
AcDb3dPolylineVertex
10
748849.337672691
20
8930393.01851929
30
202.480321669579
70
32
0
VERTEX
5
157
100
AcDbEntity
8
Real Hole
62
1
420
16711680
100
AcDbVertex
100
AcDb3dPolylineVertex
10
748848.977303486
20
8930392.97835222
30
201.548377776146
70
32
0
VERTEX
5
158
100
AcDbEntity
8
Real Hole
62
1
420
16711680
100
AcDbVertex
100
AcDb3dPolylineVertex
10
748848.682149391
20
8930392.94561053
30
200.805537009239
70
32
0
SEQEND
5
159
100
AcDbEntity
8
Real Hole
0
POINT
5
15B
330
1A
100
AcDbEntity
67
0
8
Hole
62
244
420
659967
6
ByLayer
370
-1
48
1.0
60
0
100
AcDbPoint
10
748852.449999313
20
8930394.78000084
30
211.15
39
0.0
210
0.0
220
0.0
230
1.0
50
360.0
0
LINE
5
15C
330
1A
100
AcDbEntity
67
0
8
Theoretical Hole
62
244
420
659967
6
ByLayer
370
-1
48
1.0
60
0
100
AcDbLine
10
748852.449999313
20
8930394.78000084
30
211.15
11
748849.430164795
21
8930395.10006157
31
199.995996856689
39
0.0
210
0.0
220
0.0
230
1.0
0
TEXT
5
15D
330
1A
100
AcDbEntity
67
0
8
Number
62
244
420
659967
6
ByLayer
370
-1
48
1.0
60
0
100
AcDbText
1
17
10
748852.449999313
20
8930395.16100085
30
211.15
40
0.3
41
1.0
50
0.0
51
0.0
7
Standard
11
748852.449999313
21
8930395.16100085
31
211.15
210
0.0
220
0.0
230
1.0
72
0
100
AcDbText
73
0
0
TEXT
5
15E
330
1A
100
AcDbEntity
67
0
8
label
62
1
420
16711680
6
ByLayer
370
-1
48
1.0
60
0
100
AcDbText
1

10
748852.449999313
20
8930395.56100085
30
211.15
40
0.3
41
1.0
50
0.0
51
0.0
7
Standard
11
748852.449999313
21
8930395.56100085
31
211.15
210
0.0
220
0.0
230
1.0
72
0
100
AcDbText
73
0
0
TEXT
5
15F
330
1A
100
AcDbEntity
67
0
8
Length
62
244
420
659967
6
ByLayer
370
-1
48
1.0
60
0
100
AcDbText
1
11.56
10
748852.449999313
20
8930394.02600083
30
211.15
40
0.3
41
1.0
50
0.0
51
0.0
7
Standard
11
748852.449999313
21
8930394.02600083
31
211.15
210
0.0
220
0.0
230
1.0
72
0
100
AcDbText
73
0
0
POLYLINE
5
16D
330
1A
100
AcDbEntity
67
0
8
Real Hole
62
1
420
16711680
6
ByLayer
370
-1
48
1.0
60
0
100
AcDb3dPolyline
10
0.0
20
0.0
30
0.0
70
8
75
0
210
0.0
220
0.0
230
1.0
0
VERTEX
5
160
100
AcDbEntity
8
Real Hole
62
1
420
16711680
100
AcDbVertex
100
AcDb3dPolylineVertex
10
748852.449999313
20
8930394.78000084
30
211.15
70
32
0
VERTEX
5
161
100
AcDbEntity
8
Real Hole
62
1
420
16711680
100
AcDbVertex
100
AcDb3dPolylineVertex
10
748852.196166675
20
8930394.78691367
30
210.182776534557
70
32
0
VERTEX
5
162
100
AcDbEntity
8
Real Hole
62
1
420
16711680
100
AcDbVertex
100
AcDb3dPolylineVertex
10
748851.928637664
20
8930394.79186364
30
209.219239497185
70
32
0
VERTEX
5
163
100
AcDbEntity
8
Real Hole
62
1
420
16711680
100
AcDbVertex
100
AcDb3dPolylineVertex
10
748851.650134723
20
8930394.81907289
30
208.259189510345
70
32
0
VERTEX
5
164
100
AcDbEntity
8
Real Hole
62
1
420
16711680
100
AcDbVertex
100
AcDb3dPolylineVertex
10
748851.35746489
20
8930394.8491108
30
207.30344786644
70
32
0
VERTEX
5
165
100
AcDbEntity
8
Real Hole
62
1
420
16711680
100
AcDbVertex
100
AcDb3dPolylineVertex
10
748851.063908439
20
8930394.87867039
30
206.347963237762
70
32
0
VERTEX
5
166
100
AcDbEntity
8
Real Hole
62
1
420
16711680
100
AcDbVertex
100
AcDb3dPolylineVertex
10
748850.770959477
20
8930394.89094855
30
205.391914272308
70
32
0
VERTEX
5
167
100
AcDbEntity
8
Real Hole
62
1
420
16711680
100
AcDbVertex
100
AcDb3dPolylineVertex
10
748850.486342649
20
8930394.8847382
30
204.433292770386
70
32
0
VERTEX
5
168
100
AcDbEntity
8
Real Hole
62
1
420
16711680
100
AcDbVertex
100
AcDb3dPolylineVertex
10
748850.187421303
20
8930394.87628416
30
203.479052448273
70
32
0
VERTEX
5
169
100
AcDbEntity
8
Real Hole
62
1
420
16711680
100
AcDbVertex
100
AcDb3dPolylineVertex
10
748849.892181616
20
8930394.86292906
30
202.52372303009
70
32
0
VERTEX
5
16A
100
AcDbEntity
8
Real Hole
62
1
420
16711680
100
AcDbVertex
100
AcDb3dPolylineVertex
10
748849.601535063
20
8930394.8572469
30
201.566909217834
70
32
0
VERTEX
5
16B
100
AcDbEntity
8
Real Hole
62
1
420
16711680
100
AcDbVertex
100
AcDb3dPolylineVertex
10
748849.316432219
20
8930394.8535147
30
200.713268661499
70
32
0
SEQEND
5
16C
100
AcDbEntity
8
Real Hole
0
POINT
5
16E
330
1A
100
AcDbEntity
67
0
8
Hole
62
244
420
659967
6
ByLayer
370
-1
48
1.0
60
0
100
AcDbPoint
10
748852.609999161
20
8930396.27000061
30
211.260000014305
39
0.0
210
0.0
220
0.0
230
1.0
50
360.0
0
LINE
5
16F
330
1A
100
AcDbEntity
67
0
8
Theoretical Hole
62
244
420
659967
6
ByLayer
370
-1
48
1.0
60
0
100
AcDbLine
10
748852.609999161
20
8930396.27000061
30
211.260000014305
11
748849.597250442
21
8930396.58931175
31
200.000471496582
39
0.0
210
0.0
220
0.0
230
1.0
0
TEXT
5
170
330
1A
100
AcDbEntity
67
0
8
Number
62
244
420
659967
6
ByLayer
370
-1
48
1.0
60
0
100
AcDbText
1
18
10
748852.609999161
20
8930396.65100062
30
211.260000014305
40
0.3
41
1.0
50
0.0
51
0.0
7
Standard
11
748852.609999161
21
8930396.65100062
31
211.260000014305
210
0.0
220
0.0
230
1.0
72
0
100
AcDbText
73
0
0
TEXT
5
171
330
1A
100
AcDbEntity
67
0
8
label
62
1
420
16711680
6
ByLayer
370
-1
48
1.0
60
0
100
AcDbText
1

10
748852.609999161
20
8930397.05100062
30
211.260000014305
40
0.3
41
1.0
50
0.0
51
0.0
7
Standard
11
748852.609999161
21
8930397.05100062
31
211.260000014305
210
0.0
220
0.0
230
1.0
72
0
100
AcDbText
73
0
0
TEXT
5
172
330
1A
100
AcDbEntity
67
0
8
Length
62
244
420
659967
6
ByLayer
370
-1
48
1.0
60
0
100
AcDbText
1
11.66
10
748852.609999161
20
8930395.5160006
30
211.260000014305
40
0.3
41
1.0
50
0.0
51
0.0
7
Standard
11
748852.609999161
21
8930395.5160006
31
211.260000014305
210
0.0
220
0.0
230
1.0
72
0
100
AcDbText
73
0
0
POLYLINE
5
180
330
1A
100
AcDbEntity
67
0
8
Real Hole
62
1
420
16711680
6
ByLayer
370
-1
48
1.0
60
0
100
AcDb3dPolyline
10
0.0
20
0.0
30
0.0
70
8
75
0
210
0.0
220
0.0
230
1.0
0
VERTEX
5
173
100
AcDbEntity
8
Real Hole
62
1
420
16711680
100
AcDbVertex
100
AcDb3dPolylineVertex
10
748852.609999161
20
8930396.27000061
30
211.260000014305
70
32
0
VERTEX
5
174
100
AcDbEntity
8
Real Hole
62
1
420
16711680
100
AcDbVertex
100
AcDb3dPolylineVertex
10
748852.344666104
20
8930396.28441691
30
210.295950973034
70
32
0
VERTEX
5
175
100
AcDbEntity
8
Real Hole
62
1
420
16711680
100
AcDbVertex
100
AcDb3dPolylineVertex
10
748852.064520042
20
8930396.28123865
30
209.335998916626
70
32
0
VERTEX
5
176
100
AcDbEntity
8
Real Hole
62
1
420
16711680
100
AcDbVertex
100
AcDb3dPolylineVertex
10
748851.779243152
20
8930396.29304564
30
208.377626442909
70
32
0
VERTEX
5
177
100
AcDbEntity
8
Real Hole
62
1
420
16711680
100
AcDbVertex
100
AcDb3dPolylineVertex
10
748851.493310432
20
8930396.30517972
30
207.419453644753
70
32
0
VERTEX
5
178
100
AcDbEntity
8
Real Hole
62
1
420
16711680
100
AcDbVertex
100
AcDb3dPolylineVertex
10
748851.195280294
20
8930396.30778058
30
206.464900755882
70
32
0
VERTEX
5
179
100
AcDbEntity
8
Real Hole
62
1
420
16711680
100
AcDbVertex
100
AcDb3dPolylineVertex
10
748850.908263545
20
8930396.30547626
30
205.506977820396
70
32
0
VERTEX
5
17A
100
AcDbEntity
8
Real Hole
62
1
420
16711680
100
AcDbVertex
100
AcDb3dPolylineVertex
10
748850.625735741
20
8930396.27333628
30
204.548257136345
70
32
0
VERTEX
5
17B
100
AcDbEntity
8
Real Hole
62
1
420
16711680
100
AcDbVertex
100
AcDb3dPolylineVertex
10
748850.319976311
20
8930396.24943356
30
203.596448683739
70
32
0
VERTEX
5
17C
100
AcDbEntity
8
Real Hole
62
1
420
16711680
100
AcDbVertex
100
AcDb3dPolylineVertex
10
748850.006765585
20
8930396.2326351
30
202.646913313866
70
32
0
VERTEX
5
17D
100
AcDbEntity
8
Real Hole
62
1
420
16711680
100
AcDbVertex
100
AcDb3dPolylineVertex
10
748849.693220358
20
8930396.21301846
30
201.697542929649
70
32
0
VERTEX
5
17E
100
AcDbEntity
8
Real Hole
62
1
420
16711680
100
AcDbVertex
100
AcDb3dPolylineVertex
10
748849.375958424
20
8930396.19761279
30
200.749330306053
70
32
0
SEQEND
5
17F
100
AcDbEntity
8
Real Hole
0
POINT
5
181
330
1A
100
AcDbEntity
67
0
8
Hole
62
244
420
659967
6
ByLayer
370
-1
48
1.0
60
0
100
AcDbPoint
10
748852.770000916
20
8930397.76000038
30
211.719999933243
39
0.0
210
0.0
220
0.0
230
1.0
50
360.0
0
LINE
5
182
330
1A
100
AcDbEntity
67
0
8
Theoretical Hole
62
244
420
659967
6
ByLayer
370
-1
48
1.0
60
0
100
AcDbLine
10
748852.770000916
20
8930397.76000038
30
211.719999933243
11
748849.760891418
21
8930398.07892433
31
199.994146728516
39
0.0
210
0.0
220
0.0
230
1.0
0
TEXT
5
183
330
1A
100
AcDbEntity
67
0
8
Number
62
244
420
659967
6
ByLayer
370
-1
48
1.0
60
0
100
AcDbText
1
19
10
748852.770000916
20
8930398.14100039
30
211.719999933243
40
0.3
41
1.0
50
0.0
51
0.0
7
Standard
11
748852.770000916
21
8930398.14100039
31
211.719999933243
210
0.0
220
0.0
230
1.0
72
0
100
AcDbText
73
0
0
TEXT
5
184
330
1A
100
AcDbEntity
67
0
8
label
62
1
420
16711680
6
ByLayer
370
-1
48
1.0
60
0
100
AcDbText
1

10
748852.770000916
20
8930398.54100039
30
211.719999933243
40
0.3
41
1.0
50
0.0
51
0.0
7
Standard
11
748852.770000916
21
8930398.54100039
31
211.719999933243
210
0.0
220
0.0
230
1.0
72
0
100
AcDbText
73
0
0
TEXT
5
185
330
1A
100
AcDbEntity
67
0
8
Length
62
244
420
659967
6
ByLayer
370
-1
48
1.0
60
0
100
AcDbText
1
12.11
10
748852.770000916
20
8930397.00600037
30
211.719999933243
40
0.3
41
1.0
50
0.0
51
0.0
7
Standard
11
748852.770000916
21
8930397.00600037
31
211.719999933243
210
0.0
220
0.0
230
1.0
72
0
100
AcDbText
73
0
0
POLYLINE
5
194
330
1A
100
AcDbEntity
67
0
8
Real Hole
62
1
420
16711680
6
ByLayer
370
-1
48
1.0
60
0
100
AcDb3dPolyline
10
0.0
20
0.0
30
0.0
70
8
75
0
210
0.0
220
0.0
230
1.0
0
VERTEX
5
186
100
AcDbEntity
8
Real Hole
62
1
420
16711680
100
AcDbVertex
100
AcDb3dPolylineVertex
10
748852.770000916
20
8930397.76000038
30
211.719999933243
70
32
0
VERTEX
5
187
100
AcDbEntity
8
Real Hole
62
1
420
16711680
100
AcDbVertex
100
AcDb3dPolylineVertex
10
748852.505347829
20
8930397.80771437
30
210.756837391853
70
32
0
VERTEX
5
188
100
AcDbEntity
8
Real Hole
62
1
420
16711680
100
AcDbVertex
100
AcDb3dPolylineVertex
10
748852.238088946
20
8930397.8551761
30
209.794382119179
70
32
0
VERTEX
5
189
100
AcDbEntity
8
Real Hole
62
1
420
16711680
100
AcDbVertex
100
AcDb3dPolylineVertex
10
748851.950590949
20
8930397.87749979
30
208.836861038208
70
32
0
VERTEX
5
18A
100
AcDbEntity
8
Real Hole
62
1
420
16711680
100
AcDbVertex
100
AcDb3dPolylineVertex
10
748851.66939817
20
8930397.90294196
30
207.877547168732
70
32
0
VERTEX
5
18B
100
AcDbEntity
8
Real Hole
62
1
420
16711680
100
AcDbVertex
100
AcDb3dPolylineVertex
10
748851.379697185
20
8930397.91275482
30
206.920480394363
70
32
0
VERTEX
5
18C
100
AcDbEntity
8
Real Hole
62
1
420
16711680
100
AcDbVertex
100
AcDb3dPolylineVertex
10
748851.090328436
20
8930397.92250581
30
205.963312292099
70
32
0
VERTEX
5
18D
100
AcDbEntity
8
Real Hole
62
1
420
16711680
100
AcDbVertex
100
AcDb3dPolylineVertex
10
748850.810164552
20
8930397.92279919
30
205.003359937668
70
32
0
VERTEX
5
18E
100
AcDbEntity
8
Real Hole
62
1
420
16711680
100
AcDbVertex
100
AcDb3dPolylineVertex
10
748850.527472239
20
8930397.90936885
30
204.044243478775
70
32
0
VERTEX
5
18F
100
AcDbEntity
8
Real Hole
62
1
420
16711680
100
AcDbVertex
100
AcDb3dPolylineVertex
10
748850.237251263
20
8930397.88759794
30
203.087531709671
70
32
0
VERTEX
5
190
100
AcDbEntity
8
Real Hole
62
1
420
16711680
100
AcDbVertex
100
AcDb3dPolylineVertex
10
748849.937842588
20
8930397.8709108
30
202.133552217484
70
32
0
VERTEX
5
191
100
AcDbEntity
8
Real Hole
62
1
420
16711680
100
AcDbVertex
100
AcDb3dPolylineVertex
10
748849.629970055
20
8930397.85094765
30
201.182334566116
70
32
0
VERTEX
5
192
100
AcDbEntity
8
Real Hole
62
1
420
16711680
100
AcDbVertex
100
AcDb3dPolylineVertex
10
748849.567998867
20
8930397.84691843
30
200.992220544815
70
32
0
SEQEND
5
193
100
AcDbEntity
8
Real Hole
0
POINT
5
195
330
1A
100
AcDbEntity
67
0
8
Hole
62
244
420
659967
6
ByLayer
370
-1
48
1.0
60
0
100
AcDbPoint
10
748852.930000763
20
8930399.25000015
30
211.70999994278
39
0.0
210
0.0
220
0.0
230
1.0
50
360.0
0
LINE
5
196
330
1A
100
AcDbEntity
67
0
8
Theoretical Hole
62
244
420
659967
6
ByLayer
370
-1
48
1.0
60
0
100
AcDbLine
10
748852.930000763
20
8930399.25000015
30
211.70999994278
11
748849.927893143
21
8930399.56818214
31
200.00298538208
39
0.0
210
0.0
220
0.0
230
1.0
0
TEXT
5
197
330
1A
100
AcDbEntity
67
0
8
Number
62
244
420
659967
6
ByLayer
370
-1
48
1.0
60
0
100
AcDbText
1
20
10
748852.930000763
20
8930399.63100016
30
211.70999994278
40
0.3
41
1.0
50
0.0
51
0.0
7
Standard
11
748852.930000763
21
8930399.63100016
31
211.70999994278
210
0.0
220
0.0
230
1.0
72
0
100
AcDbText
73
0
0
TEXT
5
198
330
1A
100
AcDbEntity
67
0
8
label
62
1
420
16711680
6
ByLayer
370
-1
48
1.0
60
0
100
AcDbText
1

10
748852.930000763
20
8930400.03100017
30
211.70999994278
40
0.3
41
1.0
50
0.0
51
0.0
7
Standard
11
748852.930000763
21
8930400.03100017
31
211.70999994278
210
0.0
220
0.0
230
1.0
72
0
100
AcDbText
73
0
0
TEXT
5
199
330
1A
100
AcDbEntity
67
0
8
Length
62
244
420
659967
6
ByLayer
370
-1
48
1.0
60
0
100
AcDbText
1
12.09
10
748852.930000763
20
8930398.49600014
30
211.70999994278
40
0.3
41
1.0
50
0.0
51
0.0
7
Standard
11
748852.930000763
21
8930398.49600014
31
211.70999994278
210
0.0
220
0.0
230
1.0
72
0
100
AcDbText
73
0
0
POLYLINE
5
1A7
330
1A
100
AcDbEntity
67
0
8
Real Hole
62
1
420
16711680
6
ByLayer
370
-1
48
1.0
60
0
100
AcDb3dPolyline
10
0.0
20
0.0
30
0.0
70
8
75
0
210
0.0
220
0.0
230
1.0
0
VERTEX
5
19A
100
AcDbEntity
8
Real Hole
62
1
420
16711680
100
AcDbVertex
100
AcDb3dPolylineVertex
10
748852.930000763
20
8930399.25000015
30
211.70999994278
70
32
0
VERTEX
5
19B
100
AcDbEntity
8
Real Hole
62
1
420
16711680
100
AcDbVertex
100
AcDb3dPolylineVertex
10
748852.661528985
20
8930399.31743563
30
210.749075734615
70
32
0
VERTEX
5
19C
100
AcDbEntity
8
Real Hole
62
1
420
16711680
100
AcDbVertex
100
AcDb3dPolylineVertex
10
748852.384417276
20
8930399.38894682
30
209.790902876854
70
32
0
VERTEX
5
19D
100
AcDbEntity
8
Real Hole
62
1
420
16711680
100
AcDbVertex
100
AcDb3dPolylineVertex
10
748852.080093961
20
8930399.43965465
30
208.83968462944
70
32
0
VERTEX
5
19E
100
AcDbEntity
8
Real Hole
62
1
420
16711680
100
AcDbVertex
100
AcDb3dPolylineVertex
10
748851.769844275
20
8930399.50775397
30
207.891471767426
70
32
0
VERTEX
5
19F
100
AcDbEntity
8
Real Hole
62
1
420
16711680
100
AcDbVertex
100
AcDb3dPolylineVertex
10
748851.451635222
20
8930399.56077552
30
206.94493522644
70
32
0
VERTEX
5
1A0
100
AcDbEntity
8
Real Hole
62
1
420
16711680
100
AcDbVertex
100
AcDb3dPolylineVertex
10
748851.133265357
20
8930399.60387734
30
205.997949028015
70
32
0
VERTEX
5
1A1
100
AcDbEntity
8
Real Hole
62
1
420
16711680
100
AcDbVertex
100
AcDb3dPolylineVertex
10
748850.827392797
20
8930399.6442006
30
205.046730899811
70
32
0
VERTEX
5
1A2
100
AcDbEntity
8
Real Hole
62
1
420
16711680
100
AcDbVertex
100
AcDb3dPolylineVertex
10
748850.516639929
20
8930399.66811169
30
204.09654083252
70
32
0
VERTEX
5
1A3
100
AcDbEntity
8
Real Hole
62
1
420
16711680
100
AcDbVertex
100
AcDb3dPolylineVertex
10
748850.20085619
20
8930399.71181798
30
203.148716831207
70
32
0
VERTEX
5
1A4
100
AcDbEntity
8
Real Hole
62
1
420
16711680
100
AcDbVertex
100
AcDb3dPolylineVertex
10
748849.862228851
20
8930399.75363645
30
202.208725833893
70
32
0
VERTEX
5
1A5
100
AcDbEntity
8
Real Hole
62
1
420
16711680
100
AcDbVertex
100
AcDb3dPolylineVertex
10
748849.63394783
20
8930399.7859222
30
201.547782802582
70
32
0
SEQEND
5
1A6
100
AcDbEntity
8
Real Hole
0
POINT
5
1A8
330
1A
100
AcDbEntity
67
0
8
Hole
62
244
420
659967
6
ByLayer
370
-1
48
1.0
60
0
100
AcDbPoint
10
748853.09000061
20
8930400.73999992
30
211.579999947548
39
0.0
210
0.0
220
0.0
230
1.0
50
360.0
0
LINE
5
1A9
330
1A
100
AcDbEntity
67
0
8
Theoretical Hole
62
244
420
659967
6
ByLayer
370
-1
48
1.0
60
0
100
AcDbLine
10
748853.09000061
20
8930400.73999992
30
211.579999947548
11
748850.091545563
21
8930401.05779472
31
199.995993995667
39
0.0
210
0.0
220
0.0
230
1.0
0
TEXT
5
1AA
330
1A
100
AcDbEntity
67
0
8
Number
62
244
420
659967
6
ByLayer
370
-1
48
1.0
60
0
100
AcDbText
1
21
10
748853.09000061
20
8930401.12099994
30
211.579999947548
40
0.3
41
1.0
50
0.0
51
0.0
7
Standard
11
748853.09000061
21
8930401.12099994
31
211.579999947548
210
0.0
220
0.0
230
1.0
72
0
100
AcDbText
73
0
0
TEXT
5
1AB
330
1A
100
AcDbEntity
67
0
8
label
62
1
420
16711680
6
ByLayer
370
-1
48
1.0
60
0
100
AcDbText
1

10
748853.09000061
20
8930401.52099994
30
211.579999947548
40
0.3
41
1.0
50
0.0
51
0.0
7
Standard
11
748853.09000061
21
8930401.52099994
31
211.579999947548
210
0.0
220
0.0
230
1.0
72
0
100
AcDbText
73
0
0
TEXT
5
1AC
330
1A
100
AcDbEntity
67
0
8
Length
62
244
420
659967
6
ByLayer
370
-1
48
1.0
60
0
100
AcDbText
1
11.97
10
748853.09000061
20
8930399.98599992
30
211.579999947548
40
0.3
41
1.0
50
0.0
51
0.0
7
Standard
11
748853.09000061
21
8930399.98599992
31
211.579999947548
210
0.0
220
0.0
230
1.0
72
0
100
AcDbText
73
0
0
POLYLINE
5
1BA
330
1A
100
AcDbEntity
67
0
8
Real Hole
62
1
420
16711680
6
ByLayer
370
-1
48
1.0
60
0
100
AcDb3dPolyline
10
0.0
20
0.0
30
0.0
70
8
75
0
210
0.0
220
0.0
230
1.0
0
VERTEX
5
1AD
100
AcDbEntity
8
Real Hole
62
1
420
16711680
100
AcDbVertex
100
AcDb3dPolylineVertex
10
748853.09000061
20
8930400.73999992
30
211.579999947548
70
32
0
VERTEX
5
1AE
100
AcDbEntity
8
Real Hole
62
1
420
16711680
100
AcDbVertex
100
AcDb3dPolylineVertex
10
748852.812214624
20
8930400.72947406
30
210.619414651394
70
32
0
VERTEX
5
1AF
100
AcDbEntity
8
Real Hole
62
1
420
16711680
100
AcDbVertex
100
AcDb3dPolylineVertex
10
748852.53706948
20
8930400.69914632
30
209.65849044323
70
32
0
VERTEX
5
1B0
100
AcDbEntity
8
Real Hole
62
1
420
16711680
100
AcDbVertex
100
AcDb3dPolylineVertex
10
748852.250469487
20
8930400.69189164
30
208.700467610359
70
32
0
VERTEX
5
1B1
100
AcDbEntity
8
Real Hole
62
1
420
16711680
100
AcDbVertex
100
AcDb3dPolylineVertex
10
748851.966961246
20
8930400.69020927
30
207.741499209404
70
32
0
VERTEX
5
1B2
100
AcDbEntity
8
Real Hole
62
1
420
16711680
100
AcDbVertex
100
AcDb3dPolylineVertex
10
748851.674947124
20
8930400.68648849
30
206.785092377663
70
32
0
VERTEX
5
1B3
100
AcDbEntity
8
Real Hole
62
1
420
16711680
100
AcDbVertex
100
AcDb3dPolylineVertex
10
748851.373026233
20
8930400.67810783
30
205.831796193123
70
32
0
VERTEX
5
1B4
100
AcDbEntity
8
Real Hole
62
1
420
16711680
100
AcDbVertex
100
AcDb3dPolylineVertex
10
748851.08754776
20
8930400.67317467
30
204.873424077034
70
32
0
VERTEX
5
1B5
100
AcDbEntity
8
Real Hole
62
1
420
16711680
100
AcDbVertex
100
AcDb3dPolylineVertex
10
748850.801130753
20
8930400.64119974
30
203.915852570534
70
32
0
VERTEX
5
1B6
100
AcDbEntity
8
Real Hole
62
1
420
16711680
100
AcDbVertex
100
AcDb3dPolylineVertex
10
748850.538623314
20
8930400.60980465
30
202.951433205605
70
32
0
VERTEX
5
1B7
100
AcDbEntity
8
Real Hole
62
1
420
16711680
100
AcDbVertex
100
AcDb3dPolylineVertex
10
748850.254004698
20
8930400.58510399
30
201.99311068058
70
32
0
VERTEX
5
1B8
100
AcDbEntity
8
Real Hole
62
1
420
16711680
100
AcDbVertex
100
AcDb3dPolylineVertex
10
748849.976304989
20
8930400.56923786
30
201.032573723793
70
32
0
SEQEND
5
1B9
100
AcDbEntity
8
Real Hole
0
POINT
5
1BB
330
1A
100
AcDbEntity
67
0
8
Hole
62
244
420
659967
6
ByLayer
370
-1
48
1.0
60
0
100
AcDbPoint
10
748853.240000229
20
8930402.2299997
30
211.449999952316
39
0.0
210
0.0
220
0.0
230
1.0
50
360.0
0
LINE
5
1BC
330
1A
100
AcDbEntity
67
0
8
Theoretical Hole
62
244
420
659967
6
ByLayer
370
-1
48
1.0
60
0
100
AcDbLine
10
748853.240000229
20
8930402.2299997
30
211.449999952316
11
748850.248806458
21
8930402.54702583
31
200.00879611969
39
0.0
210
0.0
220
0.0
230
1.0
0
TEXT
5
1BD
330
1A
100
AcDbEntity
67
0
8
Number
62
244
420
659967
6
ByLayer
370
-1
48
1.0
60
0
100
AcDbText
1
22
10
748853.240000229
20
8930402.61099971
30
211.449999952316
40
0.3
41
1.0
50
0.0
51
0.0
7
Standard
11
748853.240000229
21
8930402.61099971
31
211.449999952316
210
0.0
220
0.0
230
1.0
72
0
100
AcDbText
73
0
0
TEXT
5
1BE
330
1A
100
AcDbEntity
67
0
8
label
62
1
420
16711680
6
ByLayer
370
-1
48
1.0
60
0
100
AcDbText
1

10
748853.240000229
20
8930403.01099971
30
211.449999952316
40
0.3
41
1.0
50
0.0
51
0.0
7
Standard
11
748853.240000229
21
8930403.01099971
31
211.449999952316
210
0.0
220
0.0
230
1.0
72
0
100
AcDbText
73
0
0
TEXT
5
1BF
330
1A
100
AcDbEntity
67
0
8
Length
62
244
420
659967
6
ByLayer
370
-1
48
1.0
60
0
100
AcDbText
1
11.83
10
748853.240000229
20
8930401.47599969
30
211.449999952316
40
0.3
41
1.0
50
0.0
51
0.0
7
Standard
11
748853.240000229
21
8930401.47599969
31
211.449999952316
210
0.0
220
0.0
230
1.0
72
0
100
AcDbText
73
0
0
POLYLINE
5
1CD
330
1A
100
AcDbEntity
67
0
8
Real Hole
62
1
420
16711680
6
ByLayer
370
-1
48
1.0
60
0
100
AcDb3dPolyline
10
0.0
20
0.0
30
0.0
70
8
75
0
210
0.0
220
0.0
230
1.0
0
VERTEX
5
1C0
100
AcDbEntity
8
Real Hole
62
1
420
16711680
100
AcDbVertex
100
AcDb3dPolylineVertex
10
748853.240000229
20
8930402.2299997
30
211.449999952316
70
32
0
VERTEX
5
1C1
100
AcDbEntity
8
Real Hole
62
1
420
16711680
100
AcDbVertex
100
AcDb3dPolylineVertex
10
748852.939659368
20
8930402.20509613
30
210.496493184567
70
32
0
VERTEX
5
1C2
100
AcDbEntity
8
Real Hole
62
1
420
16711680
100
AcDbVertex
100
AcDb3dPolylineVertex
10
748852.649269681
20
8930402.1741137
30
209.54008641243
70
32
0
VERTEX
5
1C3
100
AcDbEntity
8
Real Hole
62
1
420
16711680
100
AcDbVertex
100
AcDb3dPolylineVertex
10
748852.351999085
20
8930402.15515059
30
208.585481548309
70
32
0
VERTEX
5
1C4
100
AcDbEntity
8
Real Hole
62
1
420
16711680
100
AcDbVertex
100
AcDb3dPolylineVertex
10
748852.048127871
20
8930402.14522945
30
207.632820034027
70
32
0
VERTEX
5
1C5
100
AcDbEntity
8
Real Hole
62
1
420
16711680
100
AcDbVertex
100
AcDb3dPolylineVertex
10
748851.710079889
20
8930402.14050918
30
206.691702985764
70
32
0
VERTEX
5
1C6
100
AcDbEntity
8
Real Hole
62
1
420
16711680
100
AcDbVertex
100
AcDb3dPolylineVertex
10
748851.375125389
20
8930402.13893079
30
205.749469900131
70
32
0
VERTEX
5
1C7
100
AcDbEntity
8
Real Hole
62
1
420
16711680
100
AcDbVertex
100
AcDb3dPolylineVertex
10
748851.043523531
20
8930402.10208728
30
204.806770467758
70
32
0
VERTEX
5
1C8
100
AcDbEntity
8
Real Hole
62
1
420
16711680
100
AcDbVertex
100
AcDb3dPolylineVertex
10
748850.704474668
20
8930402.07021685
30
203.866541528702
70
32
0
VERTEX
5
1C9
100
AcDbEntity
8
Real Hole
62
1
420
16711680
100
AcDbVertex
100
AcDb3dPolylineVertex
10
748850.37662385
20
8930402.03703063
30
202.922394895554
70
32
0
VERTEX
5
1CA
100
AcDbEntity
8
Real Hole
62
1
420
16711680
100
AcDbVertex
100
AcDb3dPolylineVertex
10
748850.051264505
20
8930401.99783066
30
201.977617406845
70
32
0
VERTEX
5
1CB
100
AcDbEntity
8
Real Hole
62
1
420
16711680
100
AcDbVertex
100
AcDb3dPolylineVertex
10
748849.880519848
20
8930401.98087834
30
201.507980489731
70
32
0
SEQEND
5
1CC
100
AcDbEntity
8
Real Hole
0
POINT
5
1CE
330
1A
100
AcDbEntity
67
0
8
Hole
62
244
420
659967
6
ByLayer
370
-1
48
1.0
60
0
100
AcDbPoint
10
748853.400000076
20
8930403.7299997
30
211.419999980927
39
0.0
210
0.0
220
0.0
230
1.0
50
360.0
0
LINE
5
1CF
330
1A
100
AcDbEntity
67
0
8
Theoretical Hole
62
244
420
659967
6
ByLayer
370
-1
48
1.0
60
0
100
AcDbLine
10
748853.400000076
20
8930403.7299997
30
211.419999980927
11
748850.413862686
21
8930404.04648987
31
199.998138809204
39
0.0
210
0.0
220
0.0
230
1.0
0
TEXT
5
1D0
330
1A
100
AcDbEntity
67
0
8
Number
62
244
420
659967
6
ByLayer
370
-1
48
1.0
60
0
100
AcDbText
1
23
10
748853.400000076
20
8930404.11099971
30
211.419999980927
40
0.3
41
1.0
50
0.0
51
0.0
7
Standard
11
748853.400000076
21
8930404.11099971
31
211.419999980927
210
0.0
220
0.0
230
1.0
72
0
100
AcDbText
73
0
0
TEXT
5
1D1
330
1A
100
AcDbEntity
67
0
8
label
62
1
420
16711680
6
ByLayer
370
-1
48
1.0
60
0
100
AcDbText
1

10
748853.400000076
20
8930404.51099971
30
211.419999980927
40
0.3
41
1.0
50
0.0
51
0.0
7
Standard
11
748853.400000076
21
8930404.51099971
31
211.419999980927
210
0.0
220
0.0
230
1.0
72
0
100
AcDbText
73
0
0
TEXT
5
1D2
330
1A
100
AcDbEntity
67
0
8
Length
62
244
420
659967
6
ByLayer
370
-1
48
1.0
60
0
100
AcDbText
1
11.81
10
748853.400000076
20
8930402.97599969
30
211.419999980927
40
0.3
41
1.0
50
0.0
51
0.0
7
Standard
11
748853.400000076
21
8930402.97599969
31
211.419999980927
210
0.0
220
0.0
230
1.0
72
0
100
AcDbText
73
0
0
POLYLINE
5
1E0
330
1A
100
AcDbEntity
67
0
8
Real Hole
62
1
420
16711680
6
ByLayer
370
-1
48
1.0
60
0
100
AcDb3dPolyline
10
0.0
20
0.0
30
0.0
70
8
75
0
210
0.0
220
0.0
230
1.0
0
VERTEX
5
1D3
100
AcDbEntity
8
Real Hole
62
1
420
16711680
100
AcDbVertex
100
AcDb3dPolylineVertex
10
748853.400000076
20
8930403.7299997
30
211.419999980927
70
32
0
VERTEX
5
1D4
100
AcDbEntity
8
Real Hole
62
1
420
16711680
100
AcDbVertex
100
AcDb3dPolylineVertex
10
748853.090652
20
8930403.67917575
30
210.470410251617
70
32
0
VERTEX
5
1D5
100
AcDbEntity
8
Real Hole
62
1
420
16711680
100
AcDbVertex
100
AcDb3dPolylineVertex
10
748852.791979353
20
8930403.63421903
30
209.517114067078
70
32
0
VERTEX
5
1D6
100
AcDbEntity
8
Real Hole
62
1
420
16711680
100
AcDbVertex
100
AcDb3dPolylineVertex
10
748852.486573558
20
8930403.60803655
30
208.565251731873
70
32
0
VERTEX
5
1D7
100
AcDbEntity
8
Real Hole
62
1
420
16711680
100
AcDbVertex
100
AcDb3dPolylineVertex
10
748852.199849706
20
8930403.57293281
30
207.60788192749
70
32
0
VERTEX
5
1D8
100
AcDbEntity
8
Real Hole
62
1
420
16711680
100
AcDbVertex
100
AcDb3dPolylineVertex
10
748851.889550905
20
8930403.53191591
30
206.658128166199
70
32
0
VERTEX
5
1D9
100
AcDbEntity
8
Real Hole
62
1
420
16711680
100
AcDbVertex
100
AcDb3dPolylineVertex
10
748851.575966816
20
8930403.52496402
30
205.708593273163
70
32
0
VERTEX
5
1DA
100
AcDbEntity
8
Real Hole
62
1
420
16711680
100
AcDbVertex
100
AcDb3dPolylineVertex
10
748851.251798849
20
8930403.53215056
30
204.762620830536
70
32
0
VERTEX
5
1DB
100
AcDbEntity
8
Real Hole
62
1
420
16711680
100
AcDbVertex
100
AcDb3dPolylineVertex
10
748850.951583605
20
8930403.49342575
30
203.809535884857
70
32
0
VERTEX
5
1DC
100
AcDbEntity
8
Real Hole
62
1
420
16711680
100
AcDbVertex
100
AcDb3dPolylineVertex
10
748850.655730944
20
8930403.46337417
30
202.854775333405
70
32
0
VERTEX
5
1DD
100
AcDbEntity
8
Real Hole
62
1
420
16711680
100
AcDbVertex
100
AcDb3dPolylineVertex
10
748850.348652582
20
8930403.44152412
30
201.903341197968
70
32
0
VERTEX
5
1DE
100
AcDbEntity
8
Real Hole
62
1
420
16711680
100
AcDbVertex
100
AcDb3dPolylineVertex
10
748850.224714022
20
8930403.44135115
30
201.523027324677
70
32
0
SEQEND
5
1DF
100
AcDbEntity
8
Real Hole
0
POINT
5
1E1
330
1A
100
AcDbEntity
67
0
8
Hole
62
244
420
659967
6
ByLayer
370
-1
48
1.0
60
0
100
AcDbPoint
10
748853.559999924
20
8930405.22000137
30
211.380000019073
39
0.0
210
0.0
220
0.0
230
1.0
50
360.0
0
LINE
5
1E2
330
1A
100
AcDbEntity
67
0
8
Theoretical Hole
62
244
420
659967
6
ByLayer
370
-1
48
1.0
60
0
100
AcDbLine
10
748853.559999924
20
8930405.22000137
30
211.380000019073
11
748850.580025177
21
8930405.53583923
31
199.997867965698
39
0.0
210
0.0
220
0.0
230
1.0
0
TEXT
5
1E3
330
1A
100
AcDbEntity
67
0
8
Number
62
244
420
659967
6
ByLayer
370
-1
48
1.0
60
0
100
AcDbText
1
24
10
748853.559999924
20
8930405.60100139
30
211.380000019073
40
0.3
41
1.0
50
0.0
51
0.0
7
Standard
11
748853.559999924
21
8930405.60100139
31
211.380000019073
210
0.0
220
0.0
230
1.0
72
0
100
AcDbText
73
0
0
TEXT
5
1E4
330
1A
100
AcDbEntity
67
0
8
label
62
1
420
16711680
6
ByLayer
370
-1
48
1.0
60
0
100
AcDbText
1

10
748853.559999924
20
8930406.00100139
30
211.380000019073
40
0.3
41
1.0
50
0.0
51
0.0
7
Standard
11
748853.559999924
21
8930406.00100139
31
211.380000019073
210
0.0
220
0.0
230
1.0
72
0
100
AcDbText
73
0
0
TEXT
5
1E5
330
1A
100
AcDbEntity
67
0
8
Length
62
244
420
659967
6
ByLayer
370
-1
48
1.0
60
0
100
AcDbText
1
11.77
10
748853.559999924
20
8930404.46600137
30
211.380000019073
40
0.3
41
1.0
50
0.0
51
0.0
7
Standard
11
748853.559999924
21
8930404.46600137
31
211.380000019073
210
0.0
220
0.0
230
1.0
72
0
100
AcDbText
73
0
0
POLYLINE
5
1F3
330
1A
100
AcDbEntity
67
0
8
Real Hole
62
1
420
16711680
6
ByLayer
370
-1
48
1.0
60
0
100
AcDb3dPolyline
10
0.0
20
0.0
30
0.0
70
8
75
0
210
0.0
220
0.0
230
1.0
0
VERTEX
5
1E6
100
AcDbEntity
8
Real Hole
62
1
420
16711680
100
AcDbVertex
100
AcDb3dPolylineVertex
10
748853.559999924
20
8930405.22000137
30
211.380000019073
70
32
0
VERTEX
5
1E7
100
AcDbEntity
8
Real Hole
62
1
420
16711680
100
AcDbVertex
100
AcDb3dPolylineVertex
10
748853.328896712
20
8930405.20517805
30
210.407183730602
70
32
0
VERTEX
5
1E8
100
AcDbEntity
8
Real Hole
62
1
420
16711680
100
AcDbVertex
100
AcDb3dPolylineVertex
10
748853.104809772
20
8930405.19609941
30
209.432656788826
70
32
0
VERTEX
5
1E9
100
AcDbEntity
8
Real Hole
62
1
420
16711680
100
AcDbVertex
100
AcDb3dPolylineVertex
10
748852.83896033
20
8930405.22643618
30
208.469119691849
70
32
0
VERTEX
5
1EA
100
AcDbEntity
8
Real Hole
62
1
420
16711680
100
AcDbVertex
100
AcDb3dPolylineVertex
10
748852.581504624
20
8930405.24746724
30
207.503058576584
70
32
0
VERTEX
5
1EB
100
AcDbEntity
8
Real Hole
62
1
420
16711680
100
AcDbVertex
100
AcDb3dPolylineVertex
10
748852.31241725
20
8930405.2469507
30
206.539943122864
70
32
0
VERTEX
5
1EC
100
AcDbEntity
8
Real Hole
62
1
420
16711680
100
AcDbVertex
100
AcDb3dPolylineVertex
10
748852.064467411
20
8930405.21095547
30
205.571838760376
70
32
0
VERTEX
5
1ED
100
AcDbEntity
8
Real Hole
62
1
420
16711680
100
AcDbVertex
100
AcDb3dPolylineVertex
10
748851.798464756
20
8930405.22545476
30
204.60797586441
70
32
0
VERTEX
5
1EE
100
AcDbEntity
8
Real Hole
62
1
420
16711680
100
AcDbVertex
100
AcDb3dPolylineVertex
10
748851.529388409
20
8930405.22296567
30
203.644860172272
70
32
0
VERTEX
5
1EF
100
AcDbEntity
8
Real Hole
62
1
420
16711680
100
AcDbVertex
100
AcDb3dPolylineVertex
10
748851.25353549
20
8930405.19994716
30
202.683936023712
70
32
0
VERTEX
5
1F0
100
AcDbEntity
8
Real Hole
62
1
420
16711680
100
AcDbVertex
100
AcDb3dPolylineVertex
10
748851.007780533
20
8930405.16532109
30
201.715222263336
70
32
0
VERTEX
5
1F1
100
AcDbEntity
8
Real Hole
62
1
420
16711680
100
AcDbVertex
100
AcDb3dPolylineVertex
10
748850.754901628
20
8930405.18429079
30
200.747910404205
70
32
0
SEQEND
5
1F2
100
AcDbEntity
8
Real Hole
0
POINT
5
1F4
330
1A
100
AcDbEntity
67
0
8
Hole
62
244
420
659967
6
ByLayer
370
-1
48
1.0
60
0
100
AcDbPoint
10
748853.719999771
20
8930406.70999924
30
211.380000019073
39
0.0
210
0.0
220
0.0
230
1.0
50
360.0
0
LINE
5
1F5
330
1A
100
AcDbEntity
67
0
8
Theoretical Hole
62
244
420
659967
6
ByLayer
370
-1
48
1.0
60
0
100
AcDbLine
10
748853.719999771
20
8930406.70999924
30
211.380000019073
11
748850.743977051
21
8930407.02541748
31
199.996824645996
39
0.0
210
0.0
220
0.0
230
1.0
0
TEXT
5
1F6
330
1A
100
AcDbEntity
67
0
8
Number
62
244
420
659967
6
ByLayer
370
-1
48
1.0
60
0
100
AcDbText
1
25
10
748853.719999771
20
8930407.09099925
30
211.380000019073
40
0.3
41
1.0
50
0.0
51
0.0
7
Standard
11
748853.719999771
21
8930407.09099925
31
211.380000019073
210
0.0
220
0.0
230
1.0
72
0
100
AcDbText
73
0
0
TEXT
5
1F7
330
1A
100
AcDbEntity
67
0
8
label
62
1
420
16711680
6
ByLayer
370
-1
48
1.0
60
0
100
AcDbText
1

10
748853.719999771
20
8930407.49099925
30
211.380000019073
40
0.3
41
1.0
50
0.0
51
0.0
7
Standard
11
748853.719999771
21
8930407.49099925
31
211.380000019073
210
0.0
220
0.0
230
1.0
72
0
100
AcDbText
73
0
0
TEXT
5
1F8
330
1A
100
AcDbEntity
67
0
8
Length
62
244
420
659967
6
ByLayer
370
-1
48
1.0
60
0
100
AcDbText
1
11.77
10
748853.719999771
20
8930405.95599923
30
211.380000019073
40
0.3
41
1.0
50
0.0
51
0.0
7
Standard
11
748853.719999771
21
8930405.95599923
31
211.380000019073
210
0.0
220
0.0
230
1.0
72
0
100
AcDbText
73
0
0
POLYLINE
5
206
330
1A
100
AcDbEntity
67
0
8
Real Hole
62
1
420
16711680
6
ByLayer
370
-1
48
1.0
60
0
100
AcDb3dPolyline
10
0.0
20
0.0
30
0.0
70
8
75
0
210
0.0
220
0.0
230
1.0
0
VERTEX
5
1F9
100
AcDbEntity
8
Real Hole
62
1
420
16711680
100
AcDbVertex
100
AcDb3dPolylineVertex
10
748853.719999771
20
8930406.70999924
30
211.380000019073
70
32
0
VERTEX
5
1FA
100
AcDbEntity
8
Real Hole
62
1
420
16711680
100
AcDbVertex
100
AcDb3dPolylineVertex
10
748853.469716113
20
8930406.73533386
30
210.412158989906
70
32
0
VERTEX
5
1FB
100
AcDbEntity
8
Real Hole
62
1
420
16711680
100
AcDbVertex
100
AcDb3dPolylineVertex
10
748853.229911904
20
8930406.76316496
30
209.441736721992
70
32
0
VERTEX
5
1FC
100
AcDbEntity
8
Real Hole
62
1
420
16711680
100
AcDbVertex
100
AcDb3dPolylineVertex
10
748852.954393666
20
8930406.81209344
30
208.481686973572
70
32
0
VERTEX
5
1FD
100
AcDbEntity
8
Real Hole
62
1
420
16711680
100
AcDbVertex
100
AcDb3dPolylineVertex
10
748852.664027076
20
8930406.8448172
30
207.525331163406
70
32
0
VERTEX
5
1FE
100
AcDbEntity
8
Real Hole
62
1
420
16711680
100
AcDbVertex
100
AcDb3dPolylineVertex
10
748852.397029619
20
8930406.83002989
30
206.561747455597
70
32
0
VERTEX
5
1FF
100
AcDbEntity
8
Real Hole
62
1
420
16711680
100
AcDbVertex
100
AcDb3dPolylineVertex
10
748852.147352796
20
8930406.80069955
30
205.593862438202
70
32
0
VERTEX
5
200
100
AcDbEntity
8
Real Hole
62
1
420
16711680
100
AcDbVertex
100
AcDb3dPolylineVertex
10
748851.903960447
20
8930406.79560116
30
204.623948001862
70
32
0
VERTEX
5
201
100
AcDbEntity
8
Real Hole
62
1
420
16711680
100
AcDbVertex
100
AcDb3dPolylineVertex
10
748851.654777746
20
8930406.79294819
30
203.655495071411
70
32
0
VERTEX
5
202
100
AcDbEntity
8
Real Hole
62
1
420
16711680
100
AcDbVertex
100
AcDb3dPolylineVertex
10
748851.392346125
20
8930406.82205994
30
202.69098367691
70
32
0
VERTEX
5
203
100
AcDbEntity
8
Real Hole
62
1
420
16711680
100
AcDbVertex
100
AcDb3dPolylineVertex
10
748851.128841858
20
8930406.84353862
30
201.726564311981
70
32
0
VERTEX
5
204
100
AcDbEntity
8
Real Hole
62
1
420
16711680
100
AcDbVertex
100
AcDb3dPolylineVertex
10
748850.893126945
20
8930406.85053452
30
200.858008289337
70
32
0
SEQEND
5
205
100
AcDbEntity
8
Real Hole
0
POINT
5
207
330
1A
100
AcDbEntity
67
0
8
Hole
62
244
420
659967
6
ByLayer
370
-1
48
1.0
60
0
100
AcDbPoint
10
748853.879999619
20
8930408.20000092
30
211.4
39
0.0
210
0.0
220
0.0
230
1.0
50
360.0
0
LINE
5
208
330
1A
100
AcDbEntity
67
0
8
Theoretical Hole
62
244
420
659967
6
ByLayer
370
-1
48
1.0
60
0
100
AcDbLine
10
748853.879999619
20
8930408.20000092
30
211.4
11
748850.911335449
21
8930408.51463715
31
200.004543685913
39
0.0
210
0.0
220
0.0
230
1.0
0
TEXT
5
209
330
1A
100
AcDbEntity
67
0
8
Number
62
244
420
659967
6
ByLayer
370
-1
48
1.0
60
0
100
AcDbText
1
26
10
748853.879999619
20
8930408.58100093
30
211.4
40
0.3
41
1.0
50
0.0
51
0.0
7
Standard
11
748853.879999619
21
8930408.58100093
31
211.4
210
0.0
220
0.0
230
1.0
72
0
100
AcDbText
73
0
0
TEXT
5
20A
330
1A
100
AcDbEntity
67
0
8
label
62
1
420
16711680
6
ByLayer
370
-1
48
1.0
60
0
100
AcDbText
1

10
748853.879999619
20
8930408.98100093
30
211.4
40
0.3
41
1.0
50
0.0
51
0.0
7
Standard
11
748853.879999619
21
8930408.98100093
31
211.4
210
0.0
220
0.0
230
1.0
72
0
100
AcDbText
73
0
0
TEXT
5
20B
330
1A
100
AcDbEntity
67
0
8
Length
62
244
420
659967
6
ByLayer
370
-1
48
1.0
60
0
100
AcDbText
1
11.78
10
748853.879999619
20
8930407.44600091
30
211.4
40
0.3
41
1.0
50
0.0
51
0.0
7
Standard
11
748853.879999619
21
8930407.44600091
31
211.4
210
0.0
220
0.0
230
1.0
72
0
100
AcDbText
73
0
0
POLYLINE
5
21A
330
1A
100
AcDbEntity
67
0
8
Real Hole
62
1
420
16711680
6
ByLayer
370
-1
48
1.0
60
0
100
AcDb3dPolyline
10
0.0
20
0.0
30
0.0
70
8
75
0
210
0.0
220
0.0
230
1.0
0
VERTEX
5
20C
100
AcDbEntity
8
Real Hole
62
1
420
16711680
100
AcDbVertex
100
AcDb3dPolylineVertex
10
748853.879999619
20
8930408.20000092
30
211.4
70
32
0
VERTEX
5
20D
100
AcDbEntity
8
Real Hole
62
1
420
16711680
100
AcDbVertex
100
AcDb3dPolylineVertex
10
748853.608451318
20
8930408.28603673
30
210.44142844677
70
32
0
VERTEX
5
20E
100
AcDbEntity
8
Real Hole
62
1
420
16711680
100
AcDbVertex
100
AcDb3dPolylineVertex
10
748853.345151346
20
8930408.37674964
30
209.480988883972
70
32
0
VERTEX
5
20F
100
AcDbEntity
8
Real Hole
62
1
420
16711680
100
AcDbVertex
100
AcDb3dPolylineVertex
10
748853.060826223
20
8930408.42483966
30
208.523467683792
70
32
0
VERTEX
5
210
100
AcDbEntity
8
Real Hole
62
1
420
16711680
100
AcDbVertex
100
AcDb3dPolylineVertex
10
748852.77299438
20
8930408.46790785
30
207.56675567627
70
32
0
VERTEX
5
211
100
AcDbEntity
8
Real Hole
62
1
420
16711680
100
AcDbVertex
100
AcDb3dPolylineVertex
10
748852.469982247
20
8930408.47166285
30
206.61377658844
70
32
0
VERTEX
5
212
100
AcDbEntity
8
Real Hole
62
1
420
16711680
100
AcDbVertex
100
AcDb3dPolylineVertex
10
748852.197087507
20
8930408.45415897
30
205.651891613007
70
32
0
VERTEX
5
213
100
AcDbEntity
8
Real Hole
62
1
420
16711680
100
AcDbVertex
100
AcDb3dPolylineVertex
10
748851.907424312
20
8930408.49507475
30
204.695638084412
70
32
0
VERTEX
5
214
100
AcDbEntity
8
Real Hole
62
1
420
16711680
100
AcDbVertex
100
AcDb3dPolylineVertex
10
748851.611089449
20
8930408.55434209
30
203.742394828796
70
32
0
VERTEX
5
215
100
AcDbEntity
8
Real Hole
62
1
420
16711680
100
AcDbVertex
100
AcDb3dPolylineVertex
10
748851.32522748
20
8930408.60716865
30
202.785581016541
70
32
0
VERTEX
5
216
100
AcDbEntity
8
Real Hole
62
1
420
16711680
100
AcDbVertex
100
AcDb3dPolylineVertex
10
748851.019681435
20
8930408.64198122
30
201.83404006958
70
32
0
VERTEX
5
217
100
AcDbEntity
8
Real Hole
62
1
420
16711680
100
AcDbVertex
100
AcDb3dPolylineVertex
10
748850.718376141
20
8930408.66924319
30
200.880902671814
70
32
0
VERTEX
5
218
100
AcDbEntity
8
Real Hole
62
1
420
16711680
100
AcDbVertex
100
AcDb3dPolylineVertex
10
748850.687366943
20
8930408.66798684
30
200.785840415955
70
32
0
SEQEND
5
219
100
AcDbEntity
8
Real Hole
0
POINT
5
21B
330
1A
100
AcDbEntity
67
0
8
Hole
62
244
420
659967
6
ByLayer
370
-1
48
1.0
60
0
100
AcDbPoint
10
748854.039999466
20
8930409.68999878
30
211.289999985695
39
0.0
210
0.0
220
0.0
230
1.0
50
360.0
0
LINE
5
21C
330
1A
100
AcDbEntity
67
0
8
Theoretical Hole
62
244
420
659967
6
ByLayer
370
-1
48
1.0
60
0
100
AcDbLine
10
748854.039999466
20
8930409.68999878
30
211.289999985695
11
748851.075550537
21
8930410.00418869
31
200.007171058655
39
0.0
210
0.0
220
0.0
230
1.0
0
TEXT
5
21D
330
1A
100
AcDbEntity
67
0
8
Number
62
244
420
659967
6
ByLayer
370
-1
48
1.0
60
0
100
AcDbText
1
27
10
748854.039999466
20
8930410.07099879
30
211.289999985695
40
0.3
41
1.0
50
0.0
51
0.0
7
Standard
11
748854.039999466
21
8930410.07099879
31
211.289999985695
210
0.0
220
0.0
230
1.0
72
0
100
AcDbText
73
0
0
TEXT
5
21E
330
1A
100
AcDbEntity
67
0
8
label
62
1
420
16711680
6
ByLayer
370
-1
48
1.0
60
0
100
AcDbText
1

10
748854.039999466
20
8930410.47099879
30
211.289999985695
40
0.3
41
1.0
50
0.0
51
0.0
7
Standard
11
748854.039999466
21
8930410.47099879
31
211.289999985695
210
0.0
220
0.0
230
1.0
72
0
100
AcDbText
73
0
0
TEXT
5
21F
330
1A
100
AcDbEntity
67
0
8
Length
62
244
420
659967
6
ByLayer
370
-1
48
1.0
60
0
100
AcDbText
1
11.67
10
748854.039999466
20
8930408.93599877
30
211.289999985695
40
0.3
41
1.0
50
0.0
51
0.0
7
Standard
11
748854.039999466
21
8930408.93599877
31
211.289999985695
210
0.0
220
0.0
230
1.0
72
0
100
AcDbText
73
0
0
POLYLINE
5
22E
330
1A
100
AcDbEntity
67
0
8
Real Hole
62
1
420
16711680
6
ByLayer
370
-1
48
1.0
60
0
100
AcDb3dPolyline
10
0.0
20
0.0
30
0.0
70
8
75
0
210
0.0
220
0.0
230
1.0
0
VERTEX
5
220
100
AcDbEntity
8
Real Hole
62
1
420
16711680
100
AcDbVertex
100
AcDb3dPolylineVertex
10
748854.039999466
20
8930409.68999878
30
211.289999985695
70
32
0
VERTEX
5
221
100
AcDbEntity
8
Real Hole
62
1
420
16711680
100
AcDbVertex
100
AcDb3dPolylineVertex
10
748853.780914913
20
8930409.65699307
30
210.324709439278
70
32
0
VERTEX
5
222
100
AcDbEntity
8
Real Hole
62
1
420
16711680
100
AcDbVertex
100
AcDb3dPolylineVertex
10
748853.520031552
20
8930409.61211818
30
209.360382699966
70
32
0
VERTEX
5
223
100
AcDbEntity
8
Real Hole
62
1
420
16711680
100
AcDbVertex
100
AcDb3dPolylineVertex
10
748853.251027982
20
8930409.56686112
30
208.398307347298
70
32
0
VERTEX
5
224
100
AcDbEntity
8
Real Hole
62
1
420
16711680
100
AcDbVertex
100
AcDb3dPolylineVertex
10
748852.960641246
20
8930409.52878563
30
207.442155861855
70
32
0
VERTEX
5
225
100
AcDbEntity
8
Real Hole
62
1
420
16711680
100
AcDbVertex
100
AcDb3dPolylineVertex
10
748852.68021081
20
8930409.4554253
30
206.485088849068
70
32
0
VERTEX
5
226
100
AcDbEntity
8
Real Hole
62
1
420
16711680
100
AcDbVertex
100
AcDb3dPolylineVertex
10
748852.42588995
20
8930409.36958975
30
205.521785759926
70
32
0
VERTEX
5
227
100
AcDbEntity
8
Real Hole
62
1
420
16711680
100
AcDbVertex
100
AcDb3dPolylineVertex
10
748852.156800847
20
8930409.33028594
30
204.559472584724
70
32
0
VERTEX
5
228
100
AcDbEntity
8
Real Hole
62
1
420
16711680
100
AcDbVertex
100
AcDb3dPolylineVertex
10
748851.878859978
20
8930409.26206851
30
203.601299786568
70
32
0
VERTEX
5
229
100
AcDbEntity
8
Real Hole
62
1
420
16711680
100
AcDbVertex
100
AcDb3dPolylineVertex
10
748851.6253228
20
8930409.16798035
30
202.638561272621
70
32
0
VERTEX
5
22A
100
AcDbEntity
8
Real Hole
62
1
420
16711680
100
AcDbVertex
100
AcDb3dPolylineVertex
10
748851.368625145
20
8930409.0747023
30
201.676580452919
70
32
0
VERTEX
5
22B
100
AcDbEntity
8
Real Hole
62
1
420
16711680
100
AcDbVertex
100
AcDb3dPolylineVertex
10
748851.098823051
20
8930408.97676883
30
200.718658471107
70
32
0
VERTEX
5
22C
100
AcDbEntity
8
Real Hole
62
1
420
16711680
100
AcDbVertex
100
AcDb3dPolylineVertex
10
748850.967821817
20
8930408.9259831
30
200.238804841042
70
32
0
SEQEND
5
22D
100
AcDbEntity
8
Real Hole
0
POINT
5
22F
330
1A
100
AcDbEntity
67
0
8
Hole
62
244
420
659967
6
ByLayer
370
-1
48
1.0
60
0
100
AcDbPoint
10
748854.189999084
20
8930411.18000046
30
211.439999961853
39
0.0
210
0.0
220
0.0
230
1.0
50
360.0
0
LINE
5
230
330
1A
100
AcDbEntity
67
0
8
Theoretical Hole
62
244
420
659967
6
ByLayer
370
-1
48
1.0
60
0
100
AcDbLine
10
748854.189999084
20
8930411.18000046
30
211.439999961853
11
748851.229118805
21
8930411.49381271
31
200.00115814209
39
0.0
210
0.0
220
0.0
230
1.0
0
TEXT
5
231
330
1A
100
AcDbEntity
67
0
8
Number
62
244
420
659967
6
ByLayer
370
-1
48
1.0
60
0
100
AcDbText
1
28
10
748854.189999084
20
8930411.56100047
30
211.439999961853
40
0.3
41
1.0
50
0.0
51
0.0
7
Standard
11
748854.189999084
21
8930411.56100047
31
211.439999961853
210
0.0
220
0.0
230
1.0
72
0
100
AcDbText
73
0
0
TEXT
5
232
330
1A
100
AcDbEntity
67
0
8
label
62
1
420
16711680
6
ByLayer
370
-1
48
1.0
60
0
100
AcDbText
1

10
748854.189999084
20
8930411.96100047
30
211.439999961853
40
0.3
41
1.0
50
0.0
51
0.0
7
Standard
11
748854.189999084
21
8930411.96100047
31
211.439999961853
210
0.0
220
0.0
230
1.0
72
0
100
AcDbText
73
0
0
TEXT
5
233
330
1A
100
AcDbEntity
67
0
8
Length
62
244
420
659967
6
ByLayer
370
-1
48
1.0
60
0
100
AcDbText
1
11.82
10
748854.189999084
20
8930410.42600045
30
211.439999961853
40
0.3
41
1.0
50
0.0
51
0.0
7
Standard
11
748854.189999084
21
8930410.42600045
31
211.439999961853
210
0.0
220
0.0
230
1.0
72
0
100
AcDbText
73
0
0
POLYLINE
5
241
330
1A
100
AcDbEntity
67
0
8
Real Hole
62
1
420
16711680
6
ByLayer
370
-1
48
1.0
60
0
100
AcDb3dPolyline
10
0.0
20
0.0
30
0.0
70
8
75
0
210
0.0
220
0.0
230
1.0
0
VERTEX
5
234
100
AcDbEntity
8
Real Hole
62
1
420
16711680
100
AcDbVertex
100
AcDb3dPolylineVertex
10
748854.189999084
20
8930411.18000046
30
211.439999961853
70
32
0
VERTEX
5
235
100
AcDbEntity
8
Real Hole
62
1
420
16711680
100
AcDbVertex
100
AcDb3dPolylineVertex
10
748853.926199268
20
8930411.21192371
30
210.475950920582
70
32
0
VERTEX
5
236
100
AcDbEntity
8
Real Hole
62
1
420
16711680
100
AcDbVertex
100
AcDb3dPolylineVertex
10
748853.671881895
20
8930411.25315965
30
209.509709620476
70
32
0
VERTEX
5
237
100
AcDbEntity
8
Real Hole
62
1
420
16711680
100
AcDbVertex
100
AcDb3dPolylineVertex
10
748853.390288632
20
8930411.32331649
30
208.552744054794
70
32
0
VERTEX
5
238
100
AcDbEntity
8
Real Hole
62
1
420
16711680
100
AcDbVertex
100
AcDb3dPolylineVertex
10
748853.097275834
20
8930411.39236586
30
207.599131965637
70
32
0
VERTEX
5
239
100
AcDbEntity
8
Real Hole
62
1
420
16711680
100
AcDbVertex
100
AcDb3dPolylineVertex
10
748852.805648665
20
8930411.4423194
30
206.643905067444
70
32
0
VERTEX
5
23A
100
AcDbEntity
8
Real Hole
62
1
420
16711680
100
AcDbVertex
100
AcDb3dPolylineVertex
10
748852.538348298
20
8930411.46040148
30
205.680461788177
70
32
0
VERTEX
5
23B
100
AcDbEntity
8
Real Hole
62
1
420
16711680
100
AcDbVertex
100
AcDb3dPolylineVertex
10
748852.23768733
20
8930411.50442389
30
204.727746868134
70
32
0
VERTEX
5
23C
100
AcDbEntity
8
Real Hole
62
1
420
16711680
100
AcDbVertex
100
AcDb3dPolylineVertex
10
748851.93911479
20
8930411.552194
30
203.774556541443
70
32
0
VERTEX
5
23D
100
AcDbEntity
8
Real Hole
62
1
420
16711680
100
AcDbVertex
100
AcDb3dPolylineVertex
10
748851.625595789
20
8930411.58880216
30
202.825680160522
70
32
0
VERTEX
5
23E
100
AcDbEntity
8
Real Hole
62
1
420
16711680
100
AcDbVertex
100
AcDb3dPolylineVertex
10
748851.312450628
20
8930411.62714082
30
201.876749420166
70
32
0
VERTEX
5
23F
100
AcDbEntity
8
Real Hole
62
1
420
16711680
100
AcDbVertex
100
AcDb3dPolylineVertex
10
748851.081401567
20
8930411.64297313
30
201.21616973877
70
32
0
SEQEND
5
240
100
AcDbEntity
8
Real Hole
0
POINT
5
242
330
1A
100
AcDbEntity
67
0
8
Hole
62
244
420
659967
6
ByLayer
370
-1
48
1.0
60
0
100
AcDbPoint
10
748854.350000839
20
8930412.68000046
30
211.319999957085
39
0.0
210
0.0
220
0.0
230
1.0
50
360.0
0
LINE
5
243
330
1A
100
AcDbEntity
67
0
8
Theoretical Hole
62
244
420
659967
6
ByLayer
370
-1
48
1.0
60
0
100
AcDbLine
10
748854.350000839
20
8930412.68000046
30
211.319999957085
11
748851.395605545
21
8930412.99312607
31
200.003486061096
39
0.0
210
0.0
220
0.0
230
1.0
0
TEXT
5
244
330
1A
100
AcDbEntity
67
0
8
Number
62
244
420
659967
6
ByLayer
370
-1
48
1.0
60
0
100
AcDbText
1
29
10
748854.350000839
20
8930413.06100047
30
211.319999957085
40
0.3
41
1.0
50
0.0
51
0.0
7
Standard
11
748854.350000839
21
8930413.06100047
31
211.319999957085
210
0.0
220
0.0
230
1.0
72
0
100
AcDbText
73
0
0
TEXT
5
245
330
1A
100
AcDbEntity
67
0
8
label
62
1
420
16711680
6
ByLayer
370
-1
48
1.0
60
0
100
AcDbText
1

10
748854.350000839
20
8930413.46100047
30
211.319999957085
40
0.3
41
1.0
50
0.0
51
0.0
7
Standard
11
748854.350000839
21
8930413.46100047
31
211.319999957085
210
0.0
220
0.0
230
1.0
72
0
100
AcDbText
73
0
0
TEXT
5
246
330
1A
100
AcDbEntity
67
0
8
Length
62
244
420
659967
6
ByLayer
370
-1
48
1.0
60
0
100
AcDbText
1
11.70
10
748854.350000839
20
8930411.92600045
30
211.319999957085
40
0.3
41
1.0
50
0.0
51
0.0
7
Standard
11
748854.350000839
21
8930411.92600045
31
211.319999957085
210
0.0
220
0.0
230
1.0
72
0
100
AcDbText
73
0
0
POLYLINE
5
255
330
1A
100
AcDbEntity
67
0
8
Real Hole
62
1
420
16711680
6
ByLayer
370
-1
48
1.0
60
0
100
AcDb3dPolyline
10
0.0
20
0.0
30
0.0
70
8
75
0
210
0.0
220
0.0
230
1.0
0
VERTEX
5
247
100
AcDbEntity
8
Real Hole
62
1
420
16711680
100
AcDbVertex
100
AcDb3dPolylineVertex
10
748854.350000839
20
8930412.68000046
30
211.319999957085
70
32
0
VERTEX
5
248
100
AcDbEntity
8
Real Hole
62
1
420
16711680
100
AcDbVertex
100
AcDb3dPolylineVertex
10
748854.044172596
20
8930412.69495789
30
210.368030750752
70
32
0
VERTEX
5
249
100
AcDbEntity
8
Real Hole
62
1
420
16711680
100
AcDbVertex
100
AcDb3dPolylineVertex
10
748853.742061894
20
8930412.70244691
30
209.414787316322
70
32
0
VERTEX
5
24A
100
AcDbEntity
8
Real Hole
62
1
420
16711680
100
AcDbVertex
100
AcDb3dPolylineVertex
10
748853.441154342
20
8930412.71916485
30
208.461280608177
70
32
0
VERTEX
5
24B
100
AcDbEntity
8
Real Hole
62
1
420
16711680
100
AcDbVertex
100
AcDb3dPolylineVertex
10
748853.115138273
20
8930412.6976824
30
207.516160511971
70
32
0
VERTEX
5
24C
100
AcDbEntity
8
Real Hole
62
1
420
16711680
100
AcDbVertex
100
AcDb3dPolylineVertex
10
748852.795987349
20
8930412.6484464
30
206.569736266136
70
32
0
VERTEX
5
24D
100
AcDbEntity
8
Real Hole
62
1
420
16711680
100
AcDbVertex
100
AcDb3dPolylineVertex
10
748852.499001842
20
8930412.60236441
30
205.615967059135
70
32
0
VERTEX
5
24E
100
AcDbEntity
8
Real Hole
62
1
420
16711680
100
AcDbVertex
100
AcDb3dPolylineVertex
10
748852.19015358
20
8930412.60107076
30
204.664856696129
70
32
0
VERTEX
5
24F
100
AcDbEntity
8
Real Hole
62
1
420
16711680
100
AcDbVertex
100
AcDb3dPolylineVertex
10
748851.870722036
20
8930412.5801341
30
203.71747853756
70
32
0
VERTEX
5
250
100
AcDbEntity
8
Real Hole
62
1
420
16711680
100
AcDbVertex
100
AcDb3dPolylineVertex
10
748851.547007303
20
8930412.56469817
30
202.771449351311
70
32
0
VERTEX
5
251
100
AcDbEntity
8
Real Hole
62
1
420
16711680
100
AcDbVertex
100
AcDb3dPolylineVertex
10
748851.226370792
20
8930412.54446932
30
201.824463152885
70
32
0
VERTEX
5
252
100
AcDbEntity
8
Real Hole
62
1
420
16711680
100
AcDbVertex
100
AcDb3dPolylineVertex
10
748850.912261229
20
8930412.53893163
30
200.875092768669
70
32
0
VERTEX
5
253
100
AcDbEntity
8
Real Hole
62
1
420
16711680
100
AcDbVertex
100
AcDb3dPolylineVertex
10
748850.725375156
20
8930412.53638728
30
200.304946208
70
32
0
SEQEND
5
254
100
AcDbEntity
8
Real Hole
0
POINT
5
256
330
1A
100
AcDbEntity
67
0
8
Hole
62
244
420
659967
6
ByLayer
370
-1
48
1.0
60
0
100
AcDbPoint
10
748854.510000687
20
8930414.16999832
30
211.20999994278
39
0.0
210
0.0
220
0.0
230
1.0
50
360.0
0
LINE
5
257
330
1A
100
AcDbEntity
67
0
8
Theoretical Hole
62
244
420
659967
6
ByLayer
370
-1
48
1.0
60
0
100
AcDbLine
10
748854.510000687
20
8930414.16999832
30
211.20999994278
11
748851.561386566
21
8930414.48250977
31
199.995365524292
39
0.0
210
0.0
220
0.0
230
1.0
0
TEXT
5
258
330
1A
100
AcDbEntity
67
0
8
Number
62
244
420
659967
6
ByLayer
370
-1
48
1.0
60
0
100
AcDbText
1
30
10
748854.510000687
20
8930414.55099833
30
211.20999994278
40
0.3
41
1.0
50
0.0
51
0.0
7
Standard
11
748854.510000687
21
8930414.55099833
31
211.20999994278
210
0.0
220
0.0
230
1.0
72
0
100
AcDbText
73
0
0
TEXT
5
259
330
1A
100
AcDbEntity
67
0
8
label
62
1
420
16711680
6
ByLayer
370
-1
48
1.0
60
0
100
AcDbText
1

10
748854.510000687
20
8930414.95099833
30
211.20999994278
40
0.3
41
1.0
50
0.0
51
0.0
7
Standard
11
748854.510000687
21
8930414.95099833
31
211.20999994278
210
0.0
220
0.0
230
1.0
72
0
100
AcDbText
73
0
0
TEXT
5
25A
330
1A
100
AcDbEntity
67
0
8
Length
62
244
420
659967
6
ByLayer
370
-1
48
1.0
60
0
100
AcDbText
1
11.60
10
748854.510000687
20
8930413.41599831
30
211.20999994278
40
0.3
41
1.0
50
0.0
51
0.0
7
Standard
11
748854.510000687
21
8930413.41599831
31
211.20999994278
210
0.0
220
0.0
230
1.0
72
0
100
AcDbText
73
0
0
POLYLINE
5
269
330
1A
100
AcDbEntity
67
0
8
Real Hole
62
1
420
16711680
6
ByLayer
370
-1
48
1.0
60
0
100
AcDb3dPolyline
10
0.0
20
0.0
30
0.0
70
8
75
0
210
0.0
220
0.0
230
1.0
0
VERTEX
5
25B
100
AcDbEntity
8
Real Hole
62
1
420
16711680
100
AcDbVertex
100
AcDb3dPolylineVertex
10
748854.510000687
20
8930414.16999832
30
211.20999994278
70
32
0
VERTEX
5
25C
100
AcDbEntity
8
Real Hole
62
1
420
16711680
100
AcDbVertex
100
AcDb3dPolylineVertex
10
748854.199488651
20
8930414.13335664
30
210.260136985779
70
32
0
VERTEX
5
25D
100
AcDbEntity
8
Real Hole
62
1
420
16711680
100
AcDbVertex
100
AcDb3dPolylineVertex
10
748853.89026783
20
8930414.09434778
30
209.309947156906
70
32
0
VERTEX
5
25E
100
AcDbEntity
8
Real Hole
62
1
420
16711680
100
AcDbVertex
100
AcDb3dPolylineVertex
10
748853.571786861
20
8930414.0716306
30
208.362290048599
70
32
0
VERTEX
5
25F
100
AcDbEntity
8
Real Hole
62
1
420
16711680
100
AcDbVertex
100
AcDb3dPolylineVertex
10
748853.234896522
20
8930414.06639703
30
207.420760774612
70
32
0
VERTEX
5
260
100
AcDbEntity
8
Real Hole
62
1
420
16711680
100
AcDbVertex
100
AcDb3dPolylineVertex
10
748852.910701494
20
8930414.02325544
30
206.475754642487
70
32
0
VERTEX
5
261
100
AcDbEntity
8
Real Hole
62
1
420
16711680
100
AcDbVertex
100
AcDb3dPolylineVertex
10
748852.616969566
20
8930413.92463197
30
205.52496805191
70
32
0
VERTEX
5
262
100
AcDbEntity
8
Real Hole
62
1
420
16711680
100
AcDbVertex
100
AcDb3dPolylineVertex
10
748852.29291604
20
8930413.87579698
30
204.580190563202
70
32
0
VERTEX
5
263
100
AcDbEntity
8
Real Hole
62
1
420
16711680
100
AcDbVertex
100
AcDb3dPolylineVertex
10
748851.960977297
20
8930413.79684043
30
203.640200042725
70
32
0
VERTEX
5
264
100
AcDbEntity
8
Real Hole
62
1
420
16711680
100
AcDbVertex
100
AcDb3dPolylineVertex
10
748851.634205561
20
8930413.71887178
30
202.698318386078
70
32
0
VERTEX
5
265
100
AcDbEntity
8
Real Hole
62
1
420
16711680
100
AcDbVertex
100
AcDb3dPolylineVertex
10
748851.329587202
20
8930413.61677048
30
201.751332187653
70
32
0
VERTEX
5
266
100
AcDbEntity
8
Real Hole
62
1
420
16711680
100
AcDbVertex
100
AcDb3dPolylineVertex
10
748851.002507191
20
8930413.51131568
30
200.812237644196
70
32
0
VERTEX
5
267
100
AcDbEntity
8
Real Hole
62
1
420
16711680
100
AcDbVertex
100
AcDb3dPolylineVertex
10
748850.936695795
20
8930413.48963979
30
200.624624156952
70
32
0
SEQEND
5
268
100
AcDbEntity
8
Real Hole
0
POINT
5
26A
330
1A
100
AcDbEntity
67
0
8
Hole
62
244
420
659967
6
ByLayer
370
-1
48
1.0
60
0
100
AcDbPoint
10
748854.670000534
20
8930415.66
30
211.189999961853
39
0.0
210
0.0
220
0.0
230
1.0
50
360.0
0
LINE
5
26B
330
1A
100
AcDbEntity
67
0
8
Theoretical Hole
62
244
420
659967
6
ByLayer
370
-1
48
1.0
60
0
100
AcDbLine
10
748854.670000534
20
8930415.66
30
211.189999961853
11
748851.72707222
21
8930415.97190872
31
200.004886054993
39
0.0
210
0.0
220
0.0
230
1.0
0
TEXT
5
26C
330
1A
100
AcDbEntity
67
0
8
Number
62
244
420
659967
6
ByLayer
370
-1
48
1.0
60
0
100
AcDbText
1
31
10
748854.670000534
20
8930416.04100001
30
211.189999961853
40
0.3
41
1.0
50
0.0
51
0.0
7
Standard
11
748854.670000534
21
8930416.04100001
31
211.189999961853
210
0.0
220
0.0
230
1.0
72
0
100
AcDbText
73
0
0
TEXT
5
26D
330
1A
100
AcDbEntity
67
0
8
label
62
1
420
16711680
6
ByLayer
370
-1
48
1.0
60
0
100
AcDbText
1

10
748854.670000534
20
8930416.44100001
30
211.189999961853
40
0.3
41
1.0
50
0.0
51
0.0
7
Standard
11
748854.670000534
21
8930416.44100001
31
211.189999961853
210
0.0
220
0.0
230
1.0
72
0
100
AcDbText
73
0
0
TEXT
5
26E
330
1A
100
AcDbEntity
67
0
8
Length
62
244
420
659967
6
ByLayer
370
-1
48
1.0
60
0
100
AcDbText
1
11.57
10
748854.670000534
20
8930414.90599999
30
211.189999961853
40
0.3
41
1.0
50
0.0
51
0.0
7
Standard
11
748854.670000534
21
8930414.90599999
31
211.189999961853
210
0.0
220
0.0
230
1.0
72
0
100
AcDbText
73
0
0
POLYLINE
5
27D
330
1A
100
AcDbEntity
67
0
8
Real Hole
62
1
420
16711680
6
ByLayer
370
-1
48
1.0
60
0
100
AcDb3dPolyline
10
0.0
20
0.0
30
0.0
70
8
75
0
210
0.0
220
0.0
230
1.0
0
VERTEX
5
26F
100
AcDbEntity
8
Real Hole
62
1
420
16711680
100
AcDbVertex
100
AcDb3dPolylineVertex
10
748854.670000534
20
8930415.66
30
211.189999961853
70
32
0
VERTEX
5
270
100
AcDbEntity
8
Real Hole
62
1
420
16711680
100
AcDbVertex
100
AcDb3dPolylineVertex
10
748854.370765011
20
8930415.73233739
30
210.238566601276
70
32
0
VERTEX
5
271
100
AcDbEntity
8
Real Hole
62
1
420
16711680
100
AcDbVertex
100
AcDb3dPolylineVertex
10
748854.073629241
20
8930415.7926824
30
209.285640144348
70
32
0
VERTEX
5
272
100
AcDbEntity
8
Real Hole
62
1
420
16711680
100
AcDbVertex
100
AcDb3dPolylineVertex
10
748853.753409307
20
8930415.83688867
30
208.33932890892
70
32
0
VERTEX
5
273
100
AcDbEntity
8
Real Hole
62
1
420
16711680
100
AcDbVertex
100
AcDb3dPolylineVertex
10
748853.437760334
20
8930415.83655814
30
207.390453004837
70
32
0
VERTEX
5
274
100
AcDbEntity
8
Real Hole
62
1
420
16711680
100
AcDbVertex
100
AcDb3dPolylineVertex
10
748853.114037733
20
8930415.81301262
30
206.444593811035
70
32
0
VERTEX
5
275
100
AcDbEntity
8
Real Hole
62
1
420
16711680
100
AcDbVertex
100
AcDb3dPolylineVertex
10
748852.807305555
20
8930415.79962041
30
205.492892169952
70
32
0
VERTEX
5
276
100
AcDbEntity
8
Real Hole
62
1
420
16711680
100
AcDbVertex
100
AcDb3dPolylineVertex
10
748852.500093679
20
8930415.81674245
30
204.541405105591
70
32
0
VERTEX
5
277
100
AcDbEntity
8
Real Hole
62
1
420
16711680
100
AcDbVertex
100
AcDb3dPolylineVertex
10
748852.194029074
20
8930415.84831722
30
203.589918041229
70
32
0
VERTEX
5
278
100
AcDbEntity
8
Real Hole
62
1
420
16711680
100
AcDbVertex
100
AcDb3dPolylineVertex
10
748851.870563965
20
8930415.87309297
30
202.644002342224
70
32
0
VERTEX
5
279
100
AcDbEntity
8
Real Hole
62
1
420
16711680
100
AcDbVertex
100
AcDb3dPolylineVertex
10
748851.54784606
20
8930415.86148505
30
201.697578811646
70
32
0
VERTEX
5
27A
100
AcDbEntity
8
Real Hole
62
1
420
16711680
100
AcDbVertex
100
AcDb3dPolylineVertex
10
748851.218919497
20
8930415.83085561
30
200.753719711304
70
32
0
VERTEX
5
27B
100
AcDbEntity
8
Real Hole
62
1
420
16711680
100
AcDbVertex
100
AcDb3dPolylineVertex
10
748851.119429808
20
8930415.82132842
30
200.470858001709
70
32
0
SEQEND
5
27C
100
AcDbEntity
8
Real Hole
0
POINT
5
27E
330
1A
100
AcDbEntity
67
0
8
Hole
62
244
420
659967
6
ByLayer
370
-1
48
1.0
60
0
100
AcDbPoint
10
748854.830000381
20
8930417.15000168
30
211.20999994278
39
0.0
210
0.0
220
0.0
230
1.0
50
360.0
0
LINE
5
27F
330
1A
100
AcDbEntity
67
0
8
Theoretical Hole
62
244
420
659967
6
ByLayer
370
-1
48
1.0
60
0
100
AcDbLine
10
748854.830000381
20
8930417.15000168
30
211.20999994278
11
748851.893654327
21
8930417.46121613
31
200.002453231812
39
0.0
210
0.0
220
0.0
230
1.0
0
TEXT
5
280
330
1A
100
AcDbEntity
67
0
8
Number
62
244
420
659967
6
ByLayer
370
-1
48
1.0
60
0
100
AcDbText
1
32
10
748854.830000381
20
8930417.53100169
30
211.20999994278
40
0.3
41
1.0
50
0.0
51
0.0
7
Standard
11
748854.830000381
21
8930417.53100169
31
211.20999994278
210
0.0
220
0.0
230
1.0
72
0
100
AcDbText
73
0
0
TEXT
5
281
330
1A
100
AcDbEntity
67
0
8
label
62
1
420
16711680
6
ByLayer
370
-1
48
1.0
60
0
100
AcDbText
1

10
748854.830000381
20
8930417.93100169
30
211.20999994278
40
0.3
41
1.0
50
0.0
51
0.0
7
Standard
11
748854.830000381
21
8930417.93100169
31
211.20999994278
210
0.0
220
0.0
230
1.0
72
0
100
AcDbText
73
0
0
TEXT
5
282
330
1A
100
AcDbEntity
67
0
8
Length
62
244
420
659967
6
ByLayer
370
-1
48
1.0
60
0
100
AcDbText
1
11.59
10
748854.830000381
20
8930416.39600167
30
211.20999994278
40
0.3
41
1.0
50
0.0
51
0.0
7
Standard
11
748854.830000381
21
8930416.39600167
31
211.20999994278
210
0.0
220
0.0
230
1.0
72
0
100
AcDbText
73
0
0
POLYLINE
5
291
330
1A
100
AcDbEntity
67
0
8
Real Hole
62
1
420
16711680
6
ByLayer
370
-1
48
1.0
60
0
100
AcDb3dPolyline
10
0.0
20
0.0
30
0.0
70
8
75
0
210
0.0
220
0.0
230
1.0
0
VERTEX
5
283
100
AcDbEntity
8
Real Hole
62
1
420
16711680
100
AcDbVertex
100
AcDb3dPolylineVertex
10
748854.830000381
20
8930417.15000168
30
211.20999994278
70
32
0
VERTEX
5
284
100
AcDbEntity
8
Real Hole
62
1
420
16711680
100
AcDbVertex
100
AcDb3dPolylineVertex
10
748854.528224837
20
8930417.17571378
30
210.256967747211
70
32
0
VERTEX
5
285
100
AcDbEntity
8
Real Hole
62
1
420
16711680
100
AcDbVertex
100
AcDb3dPolylineVertex
10
748854.226302068
20
8930417.18873763
30
209.303724312782
70
32
0
VERTEX
5
286
100
AcDbEntity
8
Real Hole
62
1
420
16711680
100
AcDbVertex
100
AcDb3dPolylineVertex
10
748853.905398052
20
8930417.21647452
30
208.357018852234
70
32
0
VERTEX
5
287
100
AcDbEntity
8
Real Hole
62
1
420
16711680
100
AcDbVertex
100
AcDb3dPolylineVertex
10
748853.576194148
20
8930417.20630147
30
207.412814760208
70
32
0
VERTEX
5
288
100
AcDbEntity
8
Real Hole
62
1
420
16711680
100
AcDbVertex
100
AcDb3dPolylineVertex
10
748853.264380794
20
8930417.16536113
30
206.46355381012
70
32
0
VERTEX
5
289
100
AcDbEntity
8
Real Hole
62
1
420
16711680
100
AcDbVertex
100
AcDb3dPolylineVertex
10
748852.956393223
20
8930417.10510378
30
205.514073753357
70
32
0
VERTEX
5
28A
100
AcDbEntity
8
Real Hole
62
1
420
16711680
100
AcDbVertex
100
AcDb3dPolylineVertex
10
748852.655943613
20
8930417.11244658
30
204.560304069519
70
32
0
VERTEX
5
28B
100
AcDbEntity
8
Real Hole
62
1
420
16711680
100
AcDbVertex
100
AcDb3dPolylineVertex
10
748852.334558468
20
8930417.08093444
30
203.613880062103
70
32
0
VERTEX
5
28C
100
AcDbEntity
8
Real Hole
62
1
420
16711680
100
AcDbVertex
100
AcDb3dPolylineVertex
10
748852.021226149
20
8930417.02782578
30
202.665722751617
70
32
0
VERTEX
5
28D
100
AcDbEntity
8
Real Hole
62
1
420
16711680
100
AcDbVertex
100
AcDb3dPolylineVertex
10
748851.710727434
20
8930416.97290883
30
201.716736698151
70
32
0
VERTEX
5
28E
100
AcDbEntity
8
Real Hole
62
1
420
16711680
100
AcDbVertex
100
AcDb3dPolylineVertex
10
748851.398800116
20
8930416.91846884
30
200.768191242218
70
32
0
VERTEX
5
28F
100
AcDbEntity
8
Real Hole
62
1
420
16711680
100
AcDbVertex
100
AcDb3dPolylineVertex
10
748851.163634996
20
8930416.88470665
30
200.10974111557
70
32
0
SEQEND
5
290
100
AcDbEntity
8
Real Hole
0
POINT
5
292
330
1A
100
AcDbEntity
67
0
8
Hole
62
244
420
659967
6
ByLayer
370
-1
48
1.0
60
0
100
AcDbPoint
10
748854.98
20
8930418.63999954
30
211.189999961853
39
0.0
210
0.0
220
0.0
230
1.0
50
360.0
0
LINE
5
293
330
1A
100
AcDbEntity
67
0
8
Theoretical Hole
62
244
420
659967
6
ByLayer
370
-1
48
1.0
60
0
100
AcDbLine
10
748854.98
20
8930418.63999954
30
211.189999961853
11
748852.046186905
21
8930418.95094315
31
199.992123031616
39
0.0
210
0.0
220
0.0
230
1.0
0
TEXT
5
294
330
1A
100
AcDbEntity
67
0
8
Number
62
244
420
659967
6
ByLayer
370
-1
48
1.0
60
0
100
AcDbText
1
33
10
748854.98
20
8930419.02099955
30
211.189999961853
40
0.3
41
1.0
50
0.0
51
0.0
7
Standard
11
748854.98
21
8930419.02099955
31
211.189999961853
210
0.0
220
0.0
230
1.0
72
0
100
AcDbText
73
0
0
TEXT
5
295
330
1A
100
AcDbEntity
67
0
8
label
62
1
420
16711680
6
ByLayer
370
-1
48
1.0
60
0
100
AcDbText
1

10
748854.98
20
8930419.42099955
30
211.189999961853
40
0.3
41
1.0
50
0.0
51
0.0
7
Standard
11
748854.98
21
8930419.42099955
31
211.189999961853
210
0.0
220
0.0
230
1.0
72
0
100
AcDbText
73
0
0
TEXT
5
296
330
1A
100
AcDbEntity
67
0
8
Length
62
244
420
659967
6
ByLayer
370
-1
48
1.0
60
0
100
AcDbText
1
11.58
10
748854.98
20
8930417.88599953
30
211.189999961853
40
0.3
41
1.0
50
0.0
51
0.0
7
Standard
11
748854.98
21
8930417.88599953
31
211.189999961853
210
0.0
220
0.0
230
1.0
72
0
100
AcDbText
73
0
0
POLYLINE
5
2A5
330
1A
100
AcDbEntity
67
0
8
Real Hole
62
1
420
16711680
6
ByLayer
370
-1
48
1.0
60
0
100
AcDb3dPolyline
10
0.0
20
0.0
30
0.0
70
8
75
0
210
0.0
220
0.0
230
1.0
0
VERTEX
5
297
100
AcDbEntity
8
Real Hole
62
1
420
16711680
100
AcDbVertex
100
AcDb3dPolylineVertex
10
748854.98
20
8930418.63999954
30
211.189999961853
70
32
0
VERTEX
5
298
100
AcDbEntity
8
Real Hole
62
1
420
16711680
100
AcDbVertex
100
AcDb3dPolylineVertex
10
748854.738706138
20
8930418.62511456
30
210.219662034512
70
32
0
VERTEX
5
299
100
AcDbEntity
8
Real Hole
62
1
420
16711680
100
AcDbVertex
100
AcDb3dPolylineVertex
10
748854.496480118
20
8930418.63505512
30
209.249493145943
70
32
0
VERTEX
5
29A
100
AcDbEntity
8
Real Hole
62
1
420
16711680
100
AcDbVertex
100
AcDb3dPolylineVertex
10
748854.220858138
20
8930418.67935067
30
208.289248132706
70
32
0
VERTEX
5
29B
100
AcDbEntity
8
Real Hole
62
1
420
16711680
100
AcDbVertex
100
AcDb3dPolylineVertex
10
748853.928847413
20
8930418.68332621
30
207.332841300964
70
32
0
VERTEX
5
29C
100
AcDbEntity
8
Real Hole
62
1
420
16711680
100
AcDbVertex
100
AcDb3dPolylineVertex
10
748853.655302267
20
8930418.64809018
30
206.37162771225
70
32
0
VERTEX
5
29D
100
AcDbEntity
8
Real Hole
62
1
420
16711680
100
AcDbVertex
100
AcDb3dPolylineVertex
10
748853.375637274
20
8930418.62249097
30
205.411871337891
70
32
0
VERTEX
5
29E
100
AcDbEntity
8
Real Hole
62
1
420
16711680
100
AcDbVertex
100
AcDb3dPolylineVertex
10
748853.097944717
20
8930418.6038032
30
204.451383495331
70
32
0
VERTEX
5
29F
100
AcDbEntity
8
Real Hole
62
1
420
16711680
100
AcDbVertex
100
AcDb3dPolylineVertex
10
748852.830504875
20
8930418.59530508
30
203.487846279144
70
32
0
VERTEX
5
2A0
100
AcDbEntity
8
Real Hole
62
1
420
16711680
100
AcDbVertex
100
AcDb3dPolylineVertex
10
748852.554414015
20
8930418.61747031
30
202.526970291138
70
32
0
VERTEX
5
2A1
100
AcDbEntity
8
Real Hole
62
1
420
16711680
100
AcDbVertex
100
AcDb3dPolylineVertex
10
748852.266832809
20
8930418.60476338
30
201.569298171997
70
32
0
VERTEX
5
2A2
100
AcDbEntity
8
Real Hole
62
1
420
16711680
100
AcDbVertex
100
AcDb3dPolylineVertex
10
748851.970418911
20
8930418.57888271
30
200.614589118958
70
32
0
VERTEX
5
2A3
100
AcDbEntity
8
Real Hole
62
1
420
16711680
100
AcDbVertex
100
AcDb3dPolylineVertex
10
748851.855603676
20
8930418.56855484
30
200.231561088562
70
32
0
SEQEND
5
2A4
100
AcDbEntity
8
Real Hole
0
POINT
5
2A6
330
1A
100
AcDbEntity
67
0
8
Hole
62
244
420
659967
6
ByLayer
370
-1
48
1.0
60
0
100
AcDbPoint
10
748855.139999847
20
8930420.13000122
30
211.159999990463
39
0.0
210
0.0
220
0.0
230
1.0
50
360.0
0
LINE
5
2A7
330
1A
100
AcDbEntity
67
0
8
Theoretical Hole
62
244
420
659967
6
ByLayer
370
-1
48
1.0
60
0
100
AcDbLine
10
748855.139999847
20
8930420.13000122
30
211.159999990463
11
748852.212448578
21
8930420.44028107
31
200.001830482483
39
0.0
210
0.0
220
0.0
230
1.0
0
TEXT
5
2A8
330
1A
100
AcDbEntity
67
0
8
Number
62
244
420
659967
6
ByLayer
370
-1
48
1.0
60
0
100
AcDbText
1
34
10
748855.139999847
20
8930420.51100123
30
211.159999990463
40
0.3
41
1.0
50
0.0
51
0.0
7
Standard
11
748855.139999847
21
8930420.51100123
31
211.159999990463
210
0.0
220
0.0
230
1.0
72
0
100
AcDbText
73
0
0
TEXT
5
2A9
330
1A
100
AcDbEntity
67
0
8
label
62
1
420
16711680
6
ByLayer
370
-1
48
1.0
60
0
100
AcDbText
1

10
748855.139999847
20
8930420.91100123
30
211.159999990463
40
0.3
41
1.0
50
0.0
51
0.0
7
Standard
11
748855.139999847
21
8930420.91100123
31
211.159999990463
210
0.0
220
0.0
230
1.0
72
0
100
AcDbText
73
0
0
TEXT
5
2AA
330
1A
100
AcDbEntity
67
0
8
Length
62
244
420
659967
6
ByLayer
370
-1
48
1.0
60
0
100
AcDbText
1
11.54
10
748855.139999847
20
8930419.37600121
30
211.159999990463
40
0.3
41
1.0
50
0.0
51
0.0
7
Standard
11
748855.139999847
21
8930419.37600121
31
211.159999990463
210
0.0
220
0.0
230
1.0
72
0
100
AcDbText
73
0
0
POLYLINE
5
2B8
330
1A
100
AcDbEntity
67
0
8
Real Hole
62
1
420
16711680
6
ByLayer
370
-1
48
1.0
60
0
100
AcDb3dPolyline
10
0.0
20
0.0
30
0.0
70
8
75
0
210
0.0
220
0.0
230
1.0
0
VERTEX
5
2AB
100
AcDbEntity
8
Real Hole
62
1
420
16711680
100
AcDbVertex
100
AcDb3dPolylineVertex
10
748855.139999847
20
8930420.13000122
30
211.159999990463
70
32
0
VERTEX
5
2AC
100
AcDbEntity
8
Real Hole
62
1
420
16711680
100
AcDbVertex
100
AcDb3dPolylineVertex
10
748854.847907763
20
8930420.11106132
30
210.203797364235
70
32
0
VERTEX
5
2AD
100
AcDbEntity
8
Real Hole
62
1
420
16711680
100
AcDbVertex
100
AcDb3dPolylineVertex
10
748854.556060176
20
8930420.0780674
30
209.247901701927
70
32
0
VERTEX
5
2AE
100
AcDbEntity
8
Real Hole
62
1
420
16711680
100
AcDbVertex
100
AcDb3dPolylineVertex
10
748854.244853239
20
8930420.06442534
30
208.297657394409
70
32
0
VERTEX
5
2AF
100
AcDbEntity
8
Real Hole
62
1
420
16711680
100
AcDbVertex
100
AcDb3dPolylineVertex
10
748853.950619917
20
8930420.03027732
30
207.342534208298
70
32
0
VERTEX
5
2B0
100
AcDbEntity
8
Real Hole
62
1
420
16711680
100
AcDbVertex
100
AcDb3dPolylineVertex
10
748853.64777432
20
8930419.96882779
30
206.39147772789
70
32
0
VERTEX
5
2B1
100
AcDbEntity
8
Real Hole
62
1
420
16711680
100
AcDbVertex
100
AcDb3dPolylineVertex
10
748853.363269906
20
8930419.89131637
30
205.435941362381
70
32
0
VERTEX
5
2B2
100
AcDbEntity
8
Real Hole
62
1
420
16711680
100
AcDbVertex
100
AcDb3dPolylineVertex
10
748853.083502035
20
8930419.81051273
30
204.479280138016
70
32
0
VERTEX
5
2B3
100
AcDbEntity
8
Real Hole
62
1
420
16711680
100
AcDbVertex
100
AcDb3dPolylineVertex
10
748852.8055229
20
8930419.73509169
30
203.521658563614
70
32
0
VERTEX
5
2B4
100
AcDbEntity
8
Real Hole
62
1
420
16711680
100
AcDbVertex
100
AcDb3dPolylineVertex
10
748852.523544769
20
8930419.67474383
30
202.564137601852
70
32
0
VERTEX
5
2B5
100
AcDbEntity
8
Real Hole
62
1
420
16711680
100
AcDbVertex
100
AcDb3dPolylineVertex
10
748852.231328945
20
8930419.64057139
30
201.608395719528
70
32
0
VERTEX
5
2B6
100
AcDbEntity
8
Real Hole
62
1
420
16711680
100
AcDbVertex
100
AcDb3dPolylineVertex
10
748851.998405914
20
8930419.61522678
30
200.843474531174
70
32
0
SEQEND
5
2B7
100
AcDbEntity
8
Real Hole
0
POINT
5
2B9
330
1A
100
AcDbEntity
67
0
8
Hole
62
244
420
659967
6
ByLayer
370
-1
48
1.0
60
0
100
AcDbPoint
10
748855.299999695
20
8930421.63000122
30
211.15
39
0.0
210
0.0
220
0.0
230
1.0
50
360.0
0
LINE
5
2BA
330
1A
100
AcDbEntity
67
0
8
Theoretical Hole
62
244
420
659967
6
ByLayer
370
-1
48
1.0
60
0
100
AcDbLine
10
748855.299999695
20
8930421.63000122
30
211.15
11
748852.37691925
21
8930421.93980804
31
200.000985527039
39
0.0
210
0.0
220
0.0
230
1.0
0
TEXT
5
2BB
330
1A
100
AcDbEntity
67
0
8
Number
62
244
420
659967
6
ByLayer
370
-1
48
1.0
60
0
100
AcDbText
1
35
10
748855.299999695
20
8930422.01100123
30
211.15
40
0.3
41
1.0
50
0.0
51
0.0
7
Standard
11
748855.299999695
21
8930422.01100123
31
211.15
210
0.0
220
0.0
230
1.0
72
0
100
AcDbText
73
0
0
TEXT
5
2BC
330
1A
100
AcDbEntity
67
0
8
label
62
1
420
16711680
6
ByLayer
370
-1
48
1.0
60
0
100
AcDbText
1

10
748855.299999695
20
8930422.41100123
30
211.15
40
0.3
41
1.0
50
0.0
51
0.0
7
Standard
11
748855.299999695
21
8930422.41100123
31
211.15
210
0.0
220
0.0
230
1.0
72
0
100
AcDbText
73
0
0
TEXT
5
2BD
330
1A
100
AcDbEntity
67
0
8
Length
62
244
420
659967
6
ByLayer
370
-1
48
1.0
60
0
100
AcDbText
1
11.53
10
748855.299999695
20
8930420.87600121
30
211.15
40
0.3
41
1.0
50
0.0
51
0.0
7
Standard
11
748855.299999695
21
8930420.87600121
31
211.15
210
0.0
220
0.0
230
1.0
72
0
100
AcDbText
73
0
0
POLYLINE
5
2CB
330
1A
100
AcDbEntity
67
0
8
Real Hole
62
1
420
16711680
6
ByLayer
370
-1
48
1.0
60
0
100
AcDb3dPolyline
10
0.0
20
0.0
30
0.0
70
8
75
0
210
0.0
220
0.0
230
1.0
0
VERTEX
5
2BE
100
AcDbEntity
8
Real Hole
62
1
420
16711680
100
AcDbVertex
100
AcDb3dPolylineVertex
10
748855.299999695
20
8930421.63000122
30
211.15
70
32
0
VERTEX
5
2BF
100
AcDbEntity
8
Real Hole
62
1
420
16711680
100
AcDbVertex
100
AcDb3dPolylineVertex
10
748855.021898191
20
8930421.61532925
30
210.189560377598
70
32
0
VERTEX
5
2C0
100
AcDbEntity
8
Real Hole
62
1
420
16711680
100
AcDbVertex
100
AcDb3dPolylineVertex
10
748854.746878784
20
8930421.64822073
30
209.228684449196
70
32
0
VERTEX
5
2C1
100
AcDbEntity
8
Real Hole
62
1
420
16711680
100
AcDbVertex
100
AcDb3dPolylineVertex
10
748854.472049694
20
8930421.69524746
30
208.268342161179
70
32
0
VERTEX
5
2C2
100
AcDbEntity
8
Real Hole
62
1
420
16711680
100
AcDbVertex
100
AcDb3dPolylineVertex
10
748854.185597043
20
8930421.73118088
30
207.310921812058
70
32
0
VERTEX
5
2C3
100
AcDbEntity
8
Real Hole
62
1
420
16711680
100
AcDbVertex
100
AcDb3dPolylineVertex
10
748853.907423
20
8930421.72214738
30
206.350433731079
70
32
0
VERTEX
5
2C4
100
AcDbEntity
8
Real Hole
62
1
420
16711680
100
AcDbVertex
100
AcDb3dPolylineVertex
10
748853.644905787
20
8930421.69899536
30
205.385784053802
70
32
0
VERTEX
5
2C5
100
AcDbEntity
8
Real Hole
62
1
420
16711680
100
AcDbVertex
100
AcDb3dPolylineVertex
10
748853.34991322
20
8930421.70435053
30
204.430299663544
70
32
0
VERTEX
5
2C6
100
AcDbEntity
8
Real Hole
62
1
420
16711680
100
AcDbVertex
100
AcDb3dPolylineVertex
10
748853.062074404
20
8930421.68002832
30
203.472929382324
70
32
0
VERTEX
5
2C7
100
AcDbEntity
8
Real Hole
62
1
420
16711680
100
AcDbVertex
100
AcDb3dPolylineVertex
10
748852.788644295
20
8930421.65263995
30
202.511427307129
70
32
0
VERTEX
5
2C8
100
AcDbEntity
8
Real Hole
62
1
420
16711680
100
AcDbVertex
100
AcDb3dPolylineVertex
10
748852.512100439
20
8930421.66481078
30
201.550503158569
70
32
0
VERTEX
5
2C9
100
AcDbEntity
8
Real Hole
62
1
420
16711680
100
AcDbVertex
100
AcDb3dPolylineVertex
10
748852.209965448
20
8930421.65837643
30
200.597259902954
70
32
0
SEQEND
5
2CA
100
AcDbEntity
8
Real Hole
0
POINT
5
2CC
330
1A
100
AcDbEntity
67
0
8
Hole
62
244
420
659967
6
ByLayer
370
-1
48
1.0
60
0
100
AcDbPoint
10
748855.459999542
20
8930423.11999908
30
211.140000009537
39
0.0
210
0.0
220
0.0
230
1.0
50
360.0
0
LINE
5
2CD
330
1A
100
AcDbEntity
67
0
8
Theoretical Hole
62
244
420
659967
6
ByLayer
370
-1
48
1.0
60
0
100
AcDbLine
10
748855.459999542
20
8930423.11999908
30
211.140000009537
11
748852.545254211
21
8930423.4289209
31
199.999119186401
39
0.0
210
0.0
220
0.0
230
1.0
0
TEXT
5
2CE
330
1A
100
AcDbEntity
67
0
8
Number
62
244
420
659967
6
ByLayer
370
-1
48
1.0
60
0
100
AcDbText
1
36
10
748855.459999542
20
8930423.5009991
30
211.140000009537
40
0.3
41
1.0
50
0.0
51
0.0
7
Standard
11
748855.459999542
21
8930423.5009991
31
211.140000009537
210
0.0
220
0.0
230
1.0
72
0
100
AcDbText
73
0
0
TEXT
5
2CF
330
1A
100
AcDbEntity
67
0
8
label
62
1
420
16711680
6
ByLayer
370
-1
48
1.0
60
0
100
AcDbText
1

10
748855.459999542
20
8930423.9009991
30
211.140000009537
40
0.3
41
1.0
50
0.0
51
0.0
7
Standard
11
748855.459999542
21
8930423.9009991
31
211.140000009537
210
0.0
220
0.0
230
1.0
72
0
100
AcDbText
73
0
0
TEXT
5
2D0
330
1A
100
AcDbEntity
67
0
8
Length
62
244
420
659967
6
ByLayer
370
-1
48
1.0
60
0
100
AcDbText
1
11.52
10
748855.459999542
20
8930422.36599908
30
211.140000009537
40
0.3
41
1.0
50
0.0
51
0.0
7
Standard
11
748855.459999542
21
8930422.36599908
31
211.140000009537
210
0.0
220
0.0
230
1.0
72
0
100
AcDbText
73
0
0
POLYLINE
5
2DE
330
1A
100
AcDbEntity
67
0
8
Real Hole
62
1
420
16711680
6
ByLayer
370
-1
48
1.0
60
0
100
AcDb3dPolyline
10
0.0
20
0.0
30
0.0
70
8
75
0
210
0.0
220
0.0
230
1.0
0
VERTEX
5
2D1
100
AcDbEntity
8
Real Hole
62
1
420
16711680
100
AcDbVertex
100
AcDb3dPolylineVertex
10
748855.459999542
20
8930423.11999908
30
211.140000009537
70
32
0
VERTEX
5
2D2
100
AcDbEntity
8
Real Hole
62
1
420
16711680
100
AcDbVertex
100
AcDb3dPolylineVertex
10
748855.174503337
20
8930423.05853339
30
210.1835932374
70
32
0
VERTEX
5
2D3
100
AcDbEntity
8
Real Hole
62
1
420
16711680
100
AcDbVertex
100
AcDb3dPolylineVertex
10
748854.896529417
20
8930423.0081172
30
209.224328541756
70
32
0
VERTEX
5
2D4
100
AcDbEntity
8
Real Hole
62
1
420
16711680
100
AcDbVertex
100
AcDb3dPolylineVertex
10
748854.60835294
20
8930423.00474713
30
208.266757154465
70
32
0
VERTEX
5
2D5
100
AcDbEntity
8
Real Hole
62
1
420
16711680
100
AcDbVertex
100
AcDb3dPolylineVertex
10
748854.316210012
20
8930422.99872967
30
207.310401344299
70
32
0
VERTEX
5
2D6
100
AcDbEntity
8
Real Hole
62
1
420
16711680
100
AcDbVertex
100
AcDb3dPolylineVertex
10
748854.017302732
20
8930422.95421765
30
206.357157850266
70
32
0
VERTEX
5
2D7
100
AcDbEntity
8
Real Hole
62
1
420
16711680
100
AcDbVertex
100
AcDb3dPolylineVertex
10
748853.733455758
20
8930422.8725041
30
205.401776456833
70
32
0
VERTEX
5
2D8
100
AcDbEntity
8
Real Hole
62
1
420
16711680
100
AcDbVertex
100
AcDb3dPolylineVertex
10
748853.453111868
20
8930422.81750277
30
204.443453931808
70
32
0
VERTEX
5
2D9
100
AcDbEntity
8
Real Hole
62
1
420
16711680
100
AcDbVertex
100
AcDb3dPolylineVertex
10
748853.152282934
20
8930422.79683611
30
203.489999914169
70
32
0
VERTEX
5
2DA
100
AcDbEntity
8
Real Hole
62
1
420
16711680
100
AcDbVertex
100
AcDb3dPolylineVertex
10
748852.83944438
20
8930422.74790272
30
202.541454935074
70
32
0
VERTEX
5
2DB
100
AcDbEntity
8
Real Hole
62
1
420
16711680
100
AcDbVertex
100
AcDb3dPolylineVertex
10
748852.518051844
20
8930422.69912452
30
201.595765733719
70
32
0
VERTEX
5
2DC
100
AcDbEntity
8
Real Hole
62
1
420
16711680
100
AcDbVertex
100
AcDb3dPolylineVertex
10
748852.264990311
20
8930422.64274404
30
200.838943147659
70
32
0
SEQEND
5
2DD
100
AcDbEntity
8
Real Hole
0
POINT
5
2DF
330
1A
100
AcDbEntity
67
0
8
Hole
62
244
420
659967
6
ByLayer
370
-1
48
1.0
60
0
100
AcDbPoint
10
748855.61999939
20
8930424.61000076
30
211.189999961853
39
0.0
210
0.0
220
0.0
230
1.0
50
360.0
0
LINE
5
2E0
330
1A
100
AcDbEntity
67
0
8
Theoretical Hole
62
244
420
659967
6
ByLayer
370
-1
48
1.0
60
0
100
AcDbLine
10
748855.61999939
20
8930424.61000076
30
211.189999961853
11
748852.710085373
21
8930424.91841141
31
199.996155166626
39
0.0
210
0.0
220
0.0
230
1.0
0
TEXT
5
2E1
330
1A
100
AcDbEntity
67
0
8
Number
62
244
420
659967
6
ByLayer
370
-1
48
1.0
60
0
100
AcDbText
1
37
10
748855.61999939
20
8930424.99100078
30
211.189999961853
40
0.3
41
1.0
50
0.0
51
0.0
7
Standard
11
748855.61999939
21
8930424.99100078
31
211.189999961853
210
0.0
220
0.0
230
1.0
72
0
100
AcDbText
73
0
0
TEXT
5
2E2
330
1A
100
AcDbEntity
67
0
8
label
62
1
420
16711680
6
ByLayer
370
-1
48
1.0
60
0
100
AcDbText
1

10
748855.61999939
20
8930425.39100078
30
211.189999961853
40
0.3
41
1.0
50
0.0
51
0.0
7
Standard
11
748855.61999939
21
8930425.39100078
31
211.189999961853
210
0.0
220
0.0
230
1.0
72
0
100
AcDbText
73
0
0
TEXT
5
2E3
330
1A
100
AcDbEntity
67
0
8
Length
62
244
420
659967
6
ByLayer
370
-1
48
1.0
60
0
100
AcDbText
1
11.57
10
748855.61999939
20
8930423.85600076
30
211.189999961853
40
0.3
41
1.0
50
0.0
51
0.0
7
Standard
11
748855.61999939
21
8930423.85600076
31
211.189999961853
210
0.0
220
0.0
230
1.0
72
0
100
AcDbText
73
0
0
POLYLINE
5
2F1
330
1A
100
AcDbEntity
67
0
8
Real Hole
62
1
420
16711680
6
ByLayer
370
-1
48
1.0
60
0
100
AcDb3dPolyline
10
0.0
20
0.0
30
0.0
70
8
75
0
210
0.0
220
0.0
230
1.0
0
VERTEX
5
2E4
100
AcDbEntity
8
Real Hole
62
1
420
16711680
100
AcDbVertex
100
AcDb3dPolylineVertex
10
748855.61999939
20
8930424.61000076
30
211.189999961853
70
32
0
VERTEX
5
2E5
100
AcDbEntity
8
Real Hole
62
1
420
16711680
100
AcDbVertex
100
AcDb3dPolylineVertex
10
748855.360071223
20
8930424.57564211
30
210.224983477592
70
32
0
VERTEX
5
2E6
100
AcDbEntity
8
Real Hole
62
1
420
16711680
100
AcDbVertex
100
AcDb3dPolylineVertex
10
748855.100780647
20
8930424.57143308
30
209.259193325043
70
32
0
VERTEX
5
2E7
100
AcDbEntity
8
Real Hole
62
1
420
16711680
100
AcDbVertex
100
AcDb3dPolylineVertex
10
748854.817608695
20
8930424.57336067
30
208.300125980377
70
32
0
VERTEX
5
2E8
100
AcDbEntity
8
Real Hole
62
1
420
16711680
100
AcDbVertex
100
AcDb3dPolylineVertex
10
748854.532797079
20
8930424.55324485
30
207.34175362587
70
32
0
VERTEX
5
2E9
100
AcDbEntity
8
Real Hole
62
1
420
16711680
100
AcDbVertex
100
AcDb3dPolylineVertex
10
748854.24734817
20
8930424.50895296
30
206.384383583069
70
32
0
VERTEX
5
2EA
100
AcDbEntity
8
Real Hole
62
1
420
16711680
100
AcDbVertex
100
AcDb3dPolylineVertex
10
748853.980319839
20
8930424.43860038
30
205.42326631546
70
32
0
VERTEX
5
2EB
100
AcDbEntity
8
Real Hole
62
1
420
16711680
100
AcDbVertex
100
AcDb3dPolylineVertex
10
748853.711287956
20
8930424.36409228
30
204.463021659851
70
32
0
VERTEX
5
2EC
100
AcDbEntity
8
Real Hole
62
1
420
16711680
100
AcDbVertex
100
AcDb3dPolylineVertex
10
748853.440517168
20
8930424.30821547
30
203.502000713348
70
32
0
VERTEX
5
2ED
100
AcDbEntity
8
Real Hole
62
1
420
16711680
100
AcDbVertex
100
AcDb3dPolylineVertex
10
748853.167881231
20
8930424.25225127
30
202.541512870789
70
32
0
VERTEX
5
2EE
100
AcDbEntity
8
Real Hole
62
1
420
16711680
100
AcDbVertex
100
AcDb3dPolylineVertex
10
748852.898395758
20
8930424.19678679
30
201.580106163025
70
32
0
VERTEX
5
2EF
100
AcDbEntity
8
Real Hole
62
1
420
16711680
100
AcDbVertex
100
AcDb3dPolylineVertex
10
748852.618903379
20
8930424.1502164
30
200.621088409424
70
32
0
SEQEND
5
2F0
100
AcDbEntity
8
Real Hole
0
POINT
5
2F2
330
1A
100
AcDbEntity
67
0
8
Hole
62
244
420
659967
6
ByLayer
370
-1
48
1.0
60
0
100
AcDbPoint
10
748855.770000916
20
8930426.09999863
30
211.17999997139
39
0.0
210
0.0
220
0.0
230
1.0
50
360.0
0
LINE
5
2F3
330
1A
100
AcDbEntity
67
0
8
Theoretical Hole
62
244
420
659967
6
ByLayer
370
-1
48
1.0
60
0
100
AcDbLine
10
748855.770000916
20
8930426.09999863
30
211.17999997139
11
748852.867056351
21
8930426.40767303
31
200.004994773865
39
0.0
210
0.0
220
0.0
230
1.0
0
TEXT
5
2F4
330
1A
100
AcDbEntity
67
0
8
Number
62
244
420
659967
6
ByLayer
370
-1
48
1.0
60
0
100
AcDbText
1
38
10
748855.770000916
20
8930426.48099864
30
211.17999997139
40
0.3
41
1.0
50
0.0
51
0.0
7
Standard
11
748855.770000916
21
8930426.48099864
31
211.17999997139
210
0.0
220
0.0
230
1.0
72
0
100
AcDbText
73
0
0
TEXT
5
2F5
330
1A
100
AcDbEntity
67
0
8
label
62
1
420
16711680
6
ByLayer
370
-1
48
1.0
60
0
100
AcDbText
1

10
748855.770000916
20
8930426.88099864
30
211.17999997139
40
0.3
41
1.0
50
0.0
51
0.0
7
Standard
11
748855.770000916
21
8930426.88099864
31
211.17999997139
210
0.0
220
0.0
230
1.0
72
0
100
AcDbText
73
0
0
TEXT
5
2F6
330
1A
100
AcDbEntity
67
0
8
Length
62
244
420
659967
6
ByLayer
370
-1
48
1.0
60
0
100
AcDbText
1
11.55
10
748855.770000916
20
8930425.34599862
30
211.17999997139
40
0.3
41
1.0
50
0.0
51
0.0
7
Standard
11
748855.770000916
21
8930425.34599862
31
211.17999997139
210
0.0
220
0.0
230
1.0
72
0
100
AcDbText
73
0
0
POLYLINE
5
304
330
1A
100
AcDbEntity
67
0
8
Real Hole
62
1
420
16711680
6
ByLayer
370
-1
48
1.0
60
0
100
AcDb3dPolyline
10
0.0
20
0.0
30
0.0
70
8
75
0
210
0.0
220
0.0
230
1.0
0
VERTEX
5
2F7
100
AcDbEntity
8
Real Hole
62
1
420
16711680
100
AcDbVertex
100
AcDb3dPolylineVertex
10
748855.770000916
20
8930426.09999863
30
211.17999997139
70
32
0
VERTEX
5
2F8
100
AcDbEntity
8
Real Hole
62
1
420
16711680
100
AcDbVertex
100
AcDb3dPolylineVertex
10
748855.470428448
20
8930426.05431804
30
210.227020645142
70
32
0
VERTEX
5
2F9
100
AcDbEntity
8
Real Hole
62
1
420
16711680
100
AcDbVertex
100
AcDb3dPolylineVertex
10
748855.180478852
20
8930426.02558163
30
209.270410203934
70
32
0
VERTEX
5
2FA
100
AcDbEntity
8
Real Hole
62
1
420
16711680
100
AcDbVertex
100
AcDb3dPolylineVertex
10
748854.876003366
20
8930426.01393807
30
208.317961120605
70
32
0
VERTEX
5
2FB
100
AcDbEntity
8
Real Hole
62
1
420
16711680
100
AcDbVertex
100
AcDb3dPolylineVertex
10
748854.570051889
20
8930426.00175677
30
207.365991973877
70
32
0
VERTEX
5
2FC
100
AcDbEntity
8
Real Hole
62
1
420
16711680
100
AcDbVertex
100
AcDb3dPolylineVertex
10
748854.257556658
20
8930425.93954084
30
206.418112421036
70
32
0
VERTEX
5
2FD
100
AcDbEntity
8
Real Hole
62
1
420
16711680
100
AcDbVertex
100
AcDb3dPolylineVertex
10
748853.952574353
20
8930425.85197342
30
205.469788694382
70
32
0
VERTEX
5
2FE
100
AcDbEntity
8
Real Hole
62
1
420
16711680
100
AcDbVertex
100
AcDb3dPolylineVertex
10
748853.659801941
20
8930425.74852729
30
204.519218587875
70
32
0
VERTEX
5
2FF
100
AcDbEntity
8
Real Hole
62
1
420
16711680
100
AcDbVertex
100
AcDb3dPolylineVertex
10
748853.372127752
20
8930425.65433407
30
203.566133642197
70
32
0
VERTEX
5
300
100
AcDbEntity
8
Real Hole
62
1
420
16711680
100
AcDbVertex
100
AcDb3dPolylineVertex
10
748853.064776163
20
8930425.60163176
30
202.615997934341
70
32
0
VERTEX
5
301
100
AcDbEntity
8
Real Hole
62
1
420
16711680
100
AcDbVertex
100
AcDb3dPolylineVertex
10
748852.759493332
20
8930425.56322793
30
201.664511346817
70
32
0
VERTEX
5
302
100
AcDbEntity
8
Real Hole
62
1
420
16711680
100
AcDbVertex
100
AcDb3dPolylineVertex
10
748852.475420933
20
8930425.52512262
30
200.811369562149
70
32
0
SEQEND
5
303
100
AcDbEntity
8
Real Hole
0
POINT
5
305
330
1A
100
AcDbEntity
67
0
8
Hole
62
244
420
659967
6
ByLayer
370
-1
48
1.0
60
0
100
AcDbPoint
10
748855.930000763
20
8930427.59000031
30
210.750000023842
39
0.0
210
0.0
220
0.0
230
1.0
50
360.0
0
LINE
5
306
330
1A
100
AcDbEntity
67
0
8
Theoretical Hole
62
244
420
659967
6
ByLayer
370
-1
48
1.0
60
0
100
AcDbLine
10
748855.930000763
20
8930427.59000031
30
210.750000023842
11
748853.029213409
21
8930427.89744583
31
199.998697662354
39
0.0
210
0.0
220
0.0
230
1.0
0
TEXT
5
307
330
1A
100
AcDbEntity
67
0
8
Number
62
244
420
659967
6
ByLayer
370
-1
48
1.0
60
0
100
AcDbText
1
39
10
748855.930000763
20
8930427.97100032
30
210.750000023842
40
0.3
41
1.0
50
0.0
51
0.0
7
Standard
11
748855.930000763
21
8930427.97100032
31
210.750000023842
210
0.0
220
0.0
230
1.0
72
0
100
AcDbText
73
0
0
TEXT
5
308
330
1A
100
AcDbEntity
67
0
8
label
62
1
420
16711680
6
ByLayer
370
-1
48
1.0
60
0
100
AcDbText
1

10
748855.930000763
20
8930428.37100032
30
210.750000023842
40
0.3
41
1.0
50
0.0
51
0.0
7
Standard
11
748855.930000763
21
8930428.37100032
31
210.750000023842
210
0.0
220
0.0
230
1.0
72
0
100
AcDbText
73
0
0
TEXT
5
309
330
1A
100
AcDbEntity
67
0
8
Length
62
244
420
659967
6
ByLayer
370
-1
48
1.0
60
0
100
AcDbText
1
11.14
10
748855.930000763
20
8930426.8360003
30
210.750000023842
40
0.3
41
1.0
50
0.0
51
0.0
7
Standard
11
748855.930000763
21
8930426.8360003
31
210.750000023842
210
0.0
220
0.0
230
1.0
72
0
100
AcDbText
73
0
0
POLYLINE
5
317
330
1A
100
AcDbEntity
67
0
8
Real Hole
62
1
420
16711680
6
ByLayer
370
-1
48
1.0
60
0
100
AcDb3dPolyline
10
0.0
20
0.0
30
0.0
70
8
75
0
210
0.0
220
0.0
230
1.0
0
VERTEX
5
30A
100
AcDbEntity
8
Real Hole
62
1
420
16711680
100
AcDbVertex
100
AcDb3dPolylineVertex
10
748855.930000763
20
8930427.59000031
30
210.750000023842
70
32
0
VERTEX
5
30B
100
AcDbEntity
8
Real Hole
62
1
420
16711680
100
AcDbVertex
100
AcDb3dPolylineVertex
10
748855.644610416
20
8930427.62060047
30
209.79207726717
70
32
0
VERTEX
5
30C
100
AcDbEntity
8
Real Hole
62
1
420
16711680
100
AcDbVertex
100
AcDb3dPolylineVertex
10
748855.357839982
20
8930427.63618153
30
208.834204697609
70
32
0
VERTEX
5
30D
100
AcDbEntity
8
Real Hole
62
1
420
16711680
100
AcDbVertex
100
AcDb3dPolylineVertex
10
748855.066774468
20
8930427.64950052
30
207.877594256401
70
32
0
VERTEX
5
30E
100
AcDbEntity
8
Real Hole
62
1
420
16711680
100
AcDbVertex
100
AcDb3dPolylineVertex
10
748854.770621877
20
8930427.64376247
30
206.922470831871
70
32
0
VERTEX
5
30F
100
AcDbEntity
8
Real Hole
62
1
420
16711680
100
AcDbVertex
100
AcDb3dPolylineVertex
10
748854.485913377
20
8930427.60870383
30
205.964498066902
70
32
0
VERTEX
5
310
100
AcDbEntity
8
Real Hole
62
1
420
16711680
100
AcDbVertex
100
AcDb3dPolylineVertex
10
748854.213126998
20
8930427.55696309
30
205.003815674782
70
32
0
VERTEX
5
311
100
AcDbEntity
8
Real Hole
62
1
420
16711680
100
AcDbVertex
100
AcDb3dPolylineVertex
10
748853.937843423
20
8930427.50961121
30
204.043619656563
70
32
0
VERTEX
5
312
100
AcDbEntity
8
Real Hole
62
1
420
16711680
100
AcDbVertex
100
AcDb3dPolylineVertex
10
748853.66593359
20
8930427.46761452
30
203.082213425636
70
32
0
VERTEX
5
313
100
AcDbEntity
8
Real Hole
62
1
420
16711680
100
AcDbVertex
100
AcDb3dPolylineVertex
10
748853.395483952
20
8930427.45448196
30
202.11956884861
70
32
0
VERTEX
5
314
100
AcDbEntity
8
Real Hole
62
1
420
16711680
100
AcDbVertex
100
AcDb3dPolylineVertex
10
748853.105622034
20
8930427.45271124
30
201.16250231266
70
32
0
VERTEX
5
315
100
AcDbEntity
8
Real Hole
62
1
420
16711680
100
AcDbVertex
100
AcDb3dPolylineVertex
10
748852.894577961
20
8930427.44902745
30
200.495083832741
70
32
0
SEQEND
5
316
100
AcDbEntity
8
Real Hole
0
POINT
5
318
330
1A
100
AcDbEntity
67
0
8
Hole
62
244
420
659967
6
ByLayer
370
-1
48
1.0
60
0
100
AcDbPoint
10
748856.09000061
20
8930429.07999817
30
210.520000004768
39
0.0
210
0.0
220
0.0
230
1.0
50
360.0
0
LINE
5
319
330
1A
100
AcDbEntity
67
0
8
Theoretical Hole
62
244
420
659967
6
ByLayer
370
-1
48
1.0
60
0
100
AcDbLine
10
748856.09000061
20
8930429.07999817
30
210.520000004768
11
748853.195316772
21
8930429.3867952
31
199.995121383667
39
0.0
210
0.0
220
0.0
230
1.0
0
TEXT
5
31A
330
1A
100
AcDbEntity
67
0
8
Number
62
244
420
659967
6
ByLayer
370
-1
48
1.0
60
0
100
AcDbText
1
40
10
748856.09000061
20
8930429.46099818
30
210.520000004768
40
0.3
41
1.0
50
0.0
51
0.0
7
Standard
11
748856.09000061
21
8930429.46099818
31
210.520000004768
210
0.0
220
0.0
230
1.0
72
0
100
AcDbText
73
0
0
TEXT
5
31B
330
1A
100
AcDbEntity
67
0
8
label
62
1
420
16711680
6
ByLayer
370
-1
48
1.0
60
0
100
AcDbText
1

10
748856.09000061
20
8930429.86099818
30
210.520000004768
40
0.3
41
1.0
50
0.0
51
0.0
7
Standard
11
748856.09000061
21
8930429.86099818
31
210.520000004768
210
0.0
220
0.0
230
1.0
72
0
100
AcDbText
73
0
0
TEXT
5
31C
330
1A
100
AcDbEntity
67
0
8
Length
62
244
420
659967
6
ByLayer
370
-1
48
1.0
60
0
100
AcDbText
1
10.92
10
748856.09000061
20
8930428.32599816
30
210.520000004768
40
0.3
41
1.0
50
0.0
51
0.0
7
Standard
11
748856.09000061
21
8930428.32599816
31
210.520000004768
210
0.0
220
0.0
230
1.0
72
0
100
AcDbText
73
0
0
POLYLINE
5
32A
330
1A
100
AcDbEntity
67
0
8
Real Hole
62
1
420
16711680
6
ByLayer
370
-1
48
1.0
60
0
100
AcDb3dPolyline
10
0.0
20
0.0
30
0.0
70
8
75
0
210
0.0
220
0.0
230
1.0
0
VERTEX
5
31D
100
AcDbEntity
8
Real Hole
62
1
420
16711680
100
AcDbVertex
100
AcDb3dPolylineVertex
10
748856.09000061
20
8930429.07999817
30
210.520000004768
70
32
0
VERTEX
5
31E
100
AcDbEntity
8
Real Hole
62
1
420
16711680
100
AcDbVertex
100
AcDb3dPolylineVertex
10
748855.848581235
20
8930429.08889275
30
209.549619877338
70
32
0
VERTEX
5
31F
100
AcDbEntity
8
Real Hole
62
1
420
16711680
100
AcDbVertex
100
AcDb3dPolylineVertex
10
748855.615357589
20
8930429.08396672
30
208.57720925808
70
32
0
VERTEX
5
320
100
AcDbEntity
8
Real Hole
62
1
420
16711680
100
AcDbVertex
100
AcDb3dPolylineVertex
10
748855.35567538
20
8930429.09984957
30
207.611645722389
70
32
0
VERTEX
5
321
100
AcDbEntity
8
Real Hole
62
1
420
16711680
100
AcDbVertex
100
AcDb3dPolylineVertex
10
748855.089094381
20
8930429.11293418
30
206.647922062874
70
32
0
VERTEX
5
322
100
AcDbEntity
8
Real Hole
62
1
420
16711680
100
AcDbVertex
100
AcDb3dPolylineVertex
10
748854.818996172
20
8930429.08130054
30
205.685608887672
70
32
0
VERTEX
5
323
100
AcDbEntity
8
Real Hole
62
1
420
16711680
100
AcDbVertex
100
AcDb3dPolylineVertex
10
748854.564410906
20
8930429.02003904
30
204.720500969887
70
32
0
VERTEX
5
324
100
AcDbEntity
8
Real Hole
62
1
420
16711680
100
AcDbVertex
100
AcDb3dPolylineVertex
10
748854.312638383
20
8930428.9821868
30
203.75345518589
70
32
0
VERTEX
5
325
100
AcDbEntity
8
Real Hole
62
1
420
16711680
100
AcDbVertex
100
AcDb3dPolylineVertex
10
748854.050857525
20
8930428.96029647
30
202.78857614994
70
32
0
VERTEX
5
326
100
AcDbEntity
8
Real Hole
62
1
420
16711680
100
AcDbVertex
100
AcDb3dPolylineVertex
10
748853.789954643
20
8930428.94507017
30
201.82333137989
70
32
0
VERTEX
5
327
100
AcDbEntity
8
Real Hole
62
1
420
16711680
100
AcDbVertex
100
AcDb3dPolylineVertex
10
748853.529688339
20
8930428.93393419
30
200.857858204842
70
32
0
VERTEX
5
328
100
AcDbEntity
8
Real Hole
62
1
420
16711680
100
AcDbVertex
100
AcDb3dPolylineVertex
10
748853.287681322
20
8930428.92480639
30
199.991054081917
70
32
0
SEQEND
5
329
100
AcDbEntity
8
Real Hole
0
POINT
5
32B
330
1A
100
AcDbEntity
67
0
8
Hole
62
244
420
659967
6
ByLayer
370
-1
48
1.0
60
0
100
AcDbPoint
10
748856.250000458
20
8930430.57999817
30
210.520000004768
39
0.0
210
0.0
220
0.0
230
1.0
50
360.0
0
LINE
5
32C
330
1A
100
AcDbEntity
67
0
8
Theoretical Hole
62
244
420
659967
6
ByLayer
370
-1
48
1.0
60
0
100
AcDbLine
10
748856.250000458
20
8930430.57999817
30
210.520000004768
11
748853.3616185
21
8930430.88612762
31
200.003744506836
39
0.0
210
0.0
220
0.0
230
1.0
0
TEXT
5
32D
330
1A
100
AcDbEntity
67
0
8
Number
62
244
420
659967
6
ByLayer
370
-1
48
1.0
60
0
100
AcDbText
1
41
10
748856.250000458
20
8930430.96099818
30
210.520000004768
40
0.3
41
1.0
50
0.0
51
0.0
7
Standard
11
748856.250000458
21
8930430.96099818
31
210.520000004768
210
0.0
220
0.0
230
1.0
72
0
100
AcDbText
73
0
0
TEXT
5
32E
330
1A
100
AcDbEntity
67
0
8
label
62
1
420
16711680
6
ByLayer
370
-1
48
1.0
60
0
100
AcDbText
1

10
748856.250000458
20
8930431.36099818
30
210.520000004768
40
0.3
41
1.0
50
0.0
51
0.0
7
Standard
11
748856.250000458
21
8930431.36099818
31
210.520000004768
210
0.0
220
0.0
230
1.0
72
0
100
AcDbText
73
0
0
TEXT
5
32F
330
1A
100
AcDbEntity
67
0
8
Length
62
244
420
659967
6
ByLayer
370
-1
48
1.0
60
0
100
AcDbText
1
10.91
10
748856.250000458
20
8930429.82599816
30
210.520000004768
40
0.3
41
1.0
50
0.0
51
0.0
7
Standard
11
748856.250000458
21
8930429.82599816
31
210.520000004768
210
0.0
220
0.0
230
1.0
72
0
100
AcDbText
73
0
0
POLYLINE
5
33D
330
1A
100
AcDbEntity
67
0
8
Real Hole
62
1
420
16711680
6
ByLayer
370
-1
48
1.0
60
0
100
AcDb3dPolyline
10
0.0
20
0.0
30
0.0
70
8
75
0
210
0.0
220
0.0
230
1.0
0
VERTEX
5
330
100
AcDbEntity
8
Real Hole
62
1
420
16711680
100
AcDbVertex
100
AcDb3dPolylineVertex
10
748856.250000458
20
8930430.57999817
30
210.520000004768
70
32
0
VERTEX
5
331
100
AcDbEntity
8
Real Hole
62
1
420
16711680
100
AcDbVertex
100
AcDb3dPolylineVertex
10
748855.985027294
20
8930430.59142815
30
209.555811965466
70
32
0
VERTEX
5
332
100
AcDbEntity
8
Real Hole
62
1
420
16711680
100
AcDbVertex
100
AcDb3dPolylineVertex
10
748855.723808329
20
8930430.61584463
30
208.590841197968
70
32
0
VERTEX
5
333
100
AcDbEntity
8
Real Hole
62
1
420
16711680
100
AcDbVertex
100
AcDb3dPolylineVertex
10
748855.454001944
20
8930430.64558392
30
207.628386044502
70
32
0
VERTEX
5
334
100
AcDbEntity
8
Real Hole
62
1
420
16711680
100
AcDbVertex
100
AcDb3dPolylineVertex
10
748855.153634648
20
8930430.64374902
30
206.674564146996
70
32
0
VERTEX
5
335
100
AcDbEntity
8
Real Hole
62
1
420
16711680
100
AcDbVertex
100
AcDb3dPolylineVertex
10
748854.855840068
20
8930430.59134691
30
205.721373581886
70
32
0
VERTEX
5
336
100
AcDbEntity
8
Real Hole
62
1
420
16711680
100
AcDbVertex
100
AcDb3dPolylineVertex
10
748854.574210029
20
8930430.53097062
30
204.763752007484
70
32
0
VERTEX
5
337
100
AcDbEntity
8
Real Hole
62
1
420
16711680
100
AcDbVertex
100
AcDb3dPolylineVertex
10
748854.283237438
20
8930430.5193857
30
203.807090783119
70
32
0
VERTEX
5
338
100
AcDbEntity
8
Real Hole
62
1
420
16711680
100
AcDbVertex
100
AcDb3dPolylineVertex
10
748853.971342306
20
8930430.48462159
30
202.857610249519
70
32
0
VERTEX
5
339
100
AcDbEntity
8
Real Hole
62
1
420
16711680
100
AcDbVertex
100
AcDb3dPolylineVertex
10
748853.662921886
20
8930430.42573145
30
201.908184552193
70
32
0
VERTEX
5
33A
100
AcDbEntity
8
Real Hole
62
1
420
16711680
100
AcDbVertex
100
AcDb3dPolylineVertex
10
748853.353480558
20
8930430.37344896
30
200.95870449543
70
32
0
VERTEX
5
33B
100
AcDbEntity
8
Real Hole
62
1
420
16711680
100
AcDbVertex
100
AcDb3dPolylineVertex
10
748853.066530924
20
8930430.3254816
30
200.107024693489
70
32
0
SEQEND
5
33C
100
AcDbEntity
8
Real Hole
0
POINT
5
33E
330
1A
100
AcDbEntity
67
0
8
Hole
62
244
420
659967
6
ByLayer
370
-1
48
1.0
60
0
100
AcDbPoint
10
748856.410000305
20
8930432.06999985
30
210.62000002861
39
0.0
210
0.0
220
0.0
230
1.0
50
360.0
0
LINE
5
33F
330
1A
100
AcDbEntity
67
0
8
Theoretical Hole
62
244
420
659967
6
ByLayer
370
-1
48
1.0
60
0
100
AcDbLine
10
748856.410000305
20
8930432.06999985
30
210.62000002861
11
748853.526468735
21
8930432.37561432
31
199.998703384399
39
0.0
210
0.0
220
0.0
230
1.0
0
TEXT
5
340
330
1A
100
AcDbEntity
67
0
8
Number
62
244
420
659967
6
ByLayer
370
-1
48
1.0
60
0
100
AcDbText
1
42
10
748856.410000305
20
8930432.45099986
30
210.62000002861
40
0.3
41
1.0
50
0.0
51
0.0
7
Standard
11
748856.410000305
21
8930432.45099986
31
210.62000002861
210
0.0
220
0.0
230
1.0
72
0
100
AcDbText
73
0
0
TEXT
5
341
330
1A
100
AcDbEntity
67
0
8
label
62
1
420
16711680
6
ByLayer
370
-1
48
1.0
60
0
100
AcDbText
1

10
748856.410000305
20
8930432.85099986
30
210.62000002861
40
0.3
41
1.0
50
0.0
51
0.0
7
Standard
11
748856.410000305
21
8930432.85099986
31
210.62000002861
210
0.0
220
0.0
230
1.0
72
0
100
AcDbText
73
0
0
TEXT
5
342
330
1A
100
AcDbEntity
67
0
8
Length
62
244
420
659967
6
ByLayer
370
-1
48
1.0
60
0
100
AcDbText
1
11.01
10
748856.410000305
20
8930431.31599984
30
210.62000002861
40
0.3
41
1.0
50
0.0
51
0.0
7
Standard
11
748856.410000305
21
8930431.31599984
31
210.62000002861
210
0.0
220
0.0
230
1.0
72
0
100
AcDbText
73
0
0
POLYLINE
5
350
330
1A
100
AcDbEntity
67
0
8
Real Hole
62
1
420
16711680
6
ByLayer
370
-1
48
1.0
60
0
100
AcDb3dPolyline
10
0.0
20
0.0
30
0.0
70
8
75
0
210
0.0
220
0.0
230
1.0
0
VERTEX
5
343
100
AcDbEntity
8
Real Hole
62
1
420
16711680
100
AcDbVertex
100
AcDb3dPolylineVertex
10
748856.410000305
20
8930432.06999985
30
210.62000002861
70
32
0
VERTEX
5
344
100
AcDbEntity
8
Real Hole
62
1
420
16711680
100
AcDbVertex
100
AcDb3dPolylineVertex
10
748856.158502649
20
8930432.10740691
30
209.652865254879
70
32
0
VERTEX
5
345
100
AcDbEntity
8
Real Hole
62
1
420
16711680
100
AcDbVertex
100
AcDb3dPolylineVertex
10
748855.915974985
20
8930432.13212753
30
208.683035755157
70
32
0
VERTEX
5
346
100
AcDbEntity
8
Real Hole
62
1
420
16711680
100
AcDbVertex
100
AcDb3dPolylineVertex
10
748855.620297592
20
8930432.18596788
30
207.729266309738
70
32
0
VERTEX
5
347
100
AcDbEntity
8
Real Hole
62
1
420
16711680
100
AcDbVertex
100
AcDb3dPolylineVertex
10
748855.322414379
20
8930432.21580561
30
206.775130414963
70
32
0
VERTEX
5
348
100
AcDbEntity
8
Real Hole
62
1
420
16711680
100
AcDbVertex
100
AcDb3dPolylineVertex
10
748855.024373751
20
8930432.2164298
30
205.820577287674
70
32
0
VERTEX
5
349
100
AcDbEntity
8
Real Hole
62
1
420
16711680
100
AcDbVertex
100
AcDb3dPolylineVertex
10
748854.734542589
20
8930432.19621371
30
204.863713407516
70
32
0
VERTEX
5
34A
100
AcDbEntity
8
Real Hole
62
1
420
16711680
100
AcDbVertex
100
AcDb3dPolylineVertex
10
748854.431863408
20
8930432.22109855
30
203.910945558548
70
32
0
VERTEX
5
34B
100
AcDbEntity
8
Real Hole
62
1
420
16711680
100
AcDbVertex
100
AcDb3dPolylineVertex
10
748854.132756691
20
8930432.20845759
30
202.956809663773
70
32
0
VERTEX
5
34C
100
AcDbEntity
8
Real Hole
62
1
420
16711680
100
AcDbVertex
100
AcDb3dPolylineVertex
10
748853.838119726
20
8930432.18759624
30
202.001427793503
70
32
0
VERTEX
5
34D
100
AcDbEntity
8
Real Hole
62
1
420
16711680
100
AcDbVertex
100
AcDb3dPolylineVertex
10
748853.555800419
20
8930432.18404832
30
201.042114400864
70
32
0
VERTEX
5
34E
100
AcDbEntity
8
Real Hole
62
1
420
16711680
100
AcDbVertex
100
AcDb3dPolylineVertex
10
748853.286245804
20
8930432.17990791
30
200.183439397812
70
32
0
SEQEND
5
34F
100
AcDbEntity
8
Real Hole
0
POINT
5
351
330
1A
100
AcDbEntity
67
0
8
Hole
62
244
420
659967
6
ByLayer
370
-1
48
1.0
60
0
100
AcDbPoint
10
748856.559999924
20
8930433.56000153
30
210.809999966621
39
0.0
210
0.0
220
0.0
230
1.0
50
360.0
0
LINE
5
352
330
1A
100
AcDbEntity
67
0
8
Theoretical Hole
62
244
420
659967
6
ByLayer
370
-1
48
1.0
60
0
100
AcDbLine
10
748856.559999924
20
8930433.56000153
30
210.809999966621
11
748853.681822281
21
8930433.86504761
31
200.000785255432
39
0.0
210
0.0
220
0.0
230
1.0
0
TEXT
5
353
330
1A
100
AcDbEntity
67
0
8
Number
62
244
420
659967
6
ByLayer
370
-1
48
1.0
60
0
100
AcDbText
1
43
10
748856.559999924
20
8930433.94100154
30
210.809999966621
40
0.3
41
1.0
50
0.0
51
0.0
7
Standard
11
748856.559999924
21
8930433.94100154
31
210.809999966621
210
0.0
220
0.0
230
1.0
72
0
100
AcDbText
73
0
0
TEXT
5
354
330
1A
100
AcDbEntity
67
0
8
label
62
1
420
16711680
6
ByLayer
370
-1
48
1.0
60
0
100
AcDbText
1

10
748856.559999924
20
8930434.34100154
30
210.809999966621
40
0.3
41
1.0
50
0.0
51
0.0
7
Standard
11
748856.559999924
21
8930434.34100154
31
210.809999966621
210
0.0
220
0.0
230
1.0
72
0
100
AcDbText
73
0
0
TEXT
5
355
330
1A
100
AcDbEntity
67
0
8
Length
62
244
420
659967
6
ByLayer
370
-1
48
1.0
60
0
100
AcDbText
1
11.19
10
748856.559999924
20
8930432.80600152
30
210.809999966621
40
0.3
41
1.0
50
0.0
51
0.0
7
Standard
11
748856.559999924
21
8930432.80600152
31
210.809999966621
210
0.0
220
0.0
230
1.0
72
0
100
AcDbText
73
0
0
POLYLINE
5
363
330
1A
100
AcDbEntity
67
0
8
Real Hole
62
1
420
16711680
6
ByLayer
370
-1
48
1.0
60
0
100
AcDb3dPolyline
10
0.0
20
0.0
30
0.0
70
8
75
0
210
0.0
220
0.0
230
1.0
0
VERTEX
5
356
100
AcDbEntity
8
Real Hole
62
1
420
16711680
100
AcDbVertex
100
AcDb3dPolylineVertex
10
748856.559999924
20
8930433.56000153
30
210.809999966621
70
32
0
VERTEX
5
357
100
AcDbEntity
8
Real Hole
62
1
420
16711680
100
AcDbVertex
100
AcDb3dPolylineVertex
10
748856.291879158
20
8930433.51767926
30
209.847544753551
70
32
0
VERTEX
5
358
100
AcDbEntity
8
Real Hole
62
1
420
16711680
100
AcDbVertex
100
AcDb3dPolylineVertex
10
748856.025145631
20
8930433.51730689
30
208.883774542809
70
32
0
VERTEX
5
359
100
AcDbEntity
8
Real Hole
62
1
420
16711680
100
AcDbVertex
100
AcDb3dPolylineVertex
10
748855.734634023
20
8930433.51360526
30
207.926910185814
70
32
0
VERTEX
5
35A
100
AcDbEntity
8
Real Hole
62
1
420
16711680
100
AcDbVertex
100
AcDb3dPolylineVertex
10
748855.44176672
20
8930433.51534317
30
206.970758700371
70
32
0
VERTEX
5
35B
100
AcDbEntity
8
Real Hole
62
1
420
16711680
100
AcDbVertex
100
AcDb3dPolylineVertex
10
748855.143161516
20
8930433.47714388
30
206.017146611214
70
32
0
VERTEX
5
35C
100
AcDbEntity
8
Real Hole
62
1
420
16711680
100
AcDbVertex
100
AcDb3dPolylineVertex
10
748854.852387409
20
8930433.41022723
30
205.062697911263
70
32
0
VERTEX
5
35D
100
AcDbEntity
8
Real Hole
62
1
420
16711680
100
AcDbVertex
100
AcDb3dPolylineVertex
10
748854.567994218
20
8930433.34608433
30
204.106138253212
70
32
0
VERTEX
5
35E
100
AcDbEntity
8
Real Hole
62
1
420
16711680
100
AcDbVertex
100
AcDb3dPolylineVertex
10
748854.287291746
20
8930433.28861747
30
203.148065590858
70
32
0
VERTEX
5
35F
100
AcDbEntity
8
Real Hole
62
1
420
16711680
100
AcDbVertex
100
AcDb3dPolylineVertex
10
748854.002042274
20
8930433.25989437
30
202.190042996407
70
32
0
VERTEX
5
360
100
AcDbEntity
8
Real Hole
62
1
420
16711680
100
AcDbVertex
100
AcDb3dPolylineVertex
10
748853.710880976
20
8930433.25496462
30
201.233381772041
70
32
0
VERTEX
5
361
100
AcDbEntity
8
Real Hole
62
1
420
16711680
100
AcDbVertex
100
AcDb3dPolylineVertex
10
748853.470614414
20
8930433.24056396
30
200.470449948311
70
32
0
SEQEND
5
362
100
AcDbEntity
8
Real Hole
0
POINT
5
364
330
1A
100
AcDbEntity
67
0
8
Hole
62
244
420
659967
6
ByLayer
370
-1
48
1.0
60
0
100
AcDbPoint
10
748856.719999771
20
8930435.04999939
30
210.890000009537
39
0.0
210
0.0
220
0.0
230
1.0
50
360.0
0
LINE
5
365
330
1A
100
AcDbEntity
67
0
8
Theoretical Hole
62
244
420
659967
6
ByLayer
370
-1
48
1.0
60
0
100
AcDbLine
10
748856.719999771
20
8930435.04999939
30
210.890000009537
11
748853.848366241
21
8930435.3543512
31
200.006586456299
39
0.0
210
0.0
220
0.0
230
1.0
0
TEXT
5
366
330
1A
100
AcDbEntity
67
0
8
Number
62
244
420
659967
6
ByLayer
370
-1
48
1.0
60
0
100
AcDbText
1
44
10
748856.719999771
20
8930435.4309994
30
210.890000009537
40
0.3
41
1.0
50
0.0
51
0.0
7
Standard
11
748856.719999771
21
8930435.4309994
31
210.890000009537
210
0.0
220
0.0
230
1.0
72
0
100
AcDbText
73
0
0
TEXT
5
367
330
1A
100
AcDbEntity
67
0
8
label
62
1
420
16711680
6
ByLayer
370
-1
48
1.0
60
0
100
AcDbText
1

10
748856.719999771
20
8930435.8309994
30
210.890000009537
40
0.3
41
1.0
50
0.0
51
0.0
7
Standard
11
748856.719999771
21
8930435.8309994
31
210.890000009537
210
0.0
220
0.0
230
1.0
72
0
100
AcDbText
73
0
0
TEXT
5
368
330
1A
100
AcDbEntity
67
0
8
Length
62
244
420
659967
6
ByLayer
370
-1
48
1.0
60
0
100
AcDbText
1
11.26
10
748856.719999771
20
8930434.29599938
30
210.890000009537
40
0.3
41
1.0
50
0.0
51
0.0
7
Standard
11
748856.719999771
21
8930434.29599938
31
210.890000009537
210
0.0
220
0.0
230
1.0
72
0
100
AcDbText
73
0
0
POLYLINE
5
376
330
1A
100
AcDbEntity
67
0
8
Real Hole
62
1
420
16711680
6
ByLayer
370
-1
48
1.0
60
0
100
AcDb3dPolyline
10
0.0
20
0.0
30
0.0
70
8
75
0
210
0.0
220
0.0
230
1.0
0
VERTEX
5
369
100
AcDbEntity
8
Real Hole
62
1
420
16711680
100
AcDbVertex
100
AcDb3dPolylineVertex
10
748856.719999771
20
8930435.04999939
30
210.890000009537
70
32
0
VERTEX
5
36A
100
AcDbEntity
8
Real Hole
62
1
420
16711680
100
AcDbVertex
100
AcDb3dPolylineVertex
10
748856.488746743
20
8930435.03033669
30
209.917305076122
70
32
0
VERTEX
5
36B
100
AcDbEntity
8
Real Hole
62
1
420
16711680
100
AcDbVertex
100
AcDb3dPolylineVertex
10
748856.263010453
20
8930434.99820964
30
208.94364657402
70
32
0
VERTEX
5
36C
100
AcDbEntity
8
Real Hole
62
1
420
16711680
100
AcDbVertex
100
AcDb3dPolylineVertex
10
748855.964864235
20
8930434.97736122
30
207.989354038239
70
32
0
VERTEX
5
36D
100
AcDbEntity
8
Real Hole
62
1
420
16711680
100
AcDbVertex
100
AcDb3dPolylineVertex
10
748855.705120425
20
8930434.98407217
30
207.02369966507
70
32
0
VERTEX
5
36E
100
AcDbEntity
8
Real Hole
62
1
420
16711680
100
AcDbVertex
100
AcDb3dPolylineVertex
10
748855.41836379
20
8930434.96824078
30
206.065827035904
70
32
0
VERTEX
5
36F
100
AcDbEntity
8
Real Hole
62
1
420
16711680
100
AcDbVertex
100
AcDb3dPolylineVertex
10
748855.14462028
20
8930434.89381506
30
205.106908464432
70
32
0
VERTEX
5
370
100
AcDbEntity
8
Real Hole
62
1
420
16711680
100
AcDbVertex
100
AcDb3dPolylineVertex
10
748854.878486257
20
8930434.82810143
30
204.145214700699
70
32
0
VERTEX
5
371
100
AcDbEntity
8
Real Hole
62
1
420
16711680
100
AcDbVertex
100
AcDb3dPolylineVertex
10
748854.633931379
20
8930434.80162068
30
203.175941133499
70
32
0
VERTEX
5
372
100
AcDbEntity
8
Real Hole
62
1
420
16711680
100
AcDbVertex
100
AcDb3dPolylineVertex
10
748854.350278835
20
8930434.75998739
30
202.21791806221
70
32
0
VERTEX
5
373
100
AcDbEntity
8
Real Hole
62
1
420
16711680
100
AcDbVertex
100
AcDb3dPolylineVertex
10
748854.060998898
20
8930434.70918775
30
201.262022638321
70
32
0
VERTEX
5
374
100
AcDbEntity
8
Real Hole
62
1
420
16711680
100
AcDbVertex
100
AcDb3dPolylineVertex
10
748853.852322321
20
8930434.67378036
30
200.594789171219
70
32
0
SEQEND
5
375
100
AcDbEntity
8
Real Hole
0
POINT
5
377
330
1A
100
AcDbEntity
67
0
8
Hole
62
244
420
659967
6
ByLayer
370
-1
48
1.0
60
0
100
AcDbPoint
10
748856.879999619
20
8930436.53999725
30
211.09000005722
39
0.0
210
0.0
220
0.0
230
1.0
50
360.0
0
LINE
5
378
330
1A
100
AcDbEntity
67
0
8
Theoretical Hole
62
244
420
659967
6
ByLayer
370
-1
48
1.0
60
0
100
AcDbLine
10
748856.879999619
20
8930436.53999725
30
211.09000005722
11
748854.013149719
21
8930436.84384552
31
199.99854221344
39
0.0
210
0.0
220
0.0
230
1.0
0
TEXT
5
379
330
1A
100
AcDbEntity
67
0
8
Number
62
244
420
659967
6
ByLayer
370
-1
48
1.0
60
0
100
AcDbText
1
45
10
748856.879999619
20
8930436.92099727
30
211.09000005722
40
0.3
41
1.0
50
0.0
51
0.0
7
Standard
11
748856.879999619
21
8930436.92099727
31
211.09000005722
210
0.0
220
0.0
230
1.0
72
0
100
AcDbText
73
0
0
TEXT
5
37A
330
1A
100
AcDbEntity
67
0
8
label
62
1
420
16711680
6
ByLayer
370
-1
48
1.0
60
0
100
AcDbText
1

10
748856.879999619
20
8930437.32099727
30
211.09000005722
40
0.3
41
1.0
50
0.0
51
0.0
7
Standard
11
748856.879999619
21
8930437.32099727
31
211.09000005722
210
0.0
220
0.0
230
1.0
72
0
100
AcDbText
73
0
0
TEXT
5
37B
330
1A
100
AcDbEntity
67
0
8
Length
62
244
420
659967
6
ByLayer
370
-1
48
1.0
60
0
100
AcDbText
1
11.46
10
748856.879999619
20
8930435.78599725
30
211.09000005722
40
0.3
41
1.0
50
0.0
51
0.0
7
Standard
11
748856.879999619
21
8930435.78599725
31
211.09000005722
210
0.0
220
0.0
230
1.0
72
0
100
AcDbText
73
0
0
POLYLINE
5
389
330
1A
100
AcDbEntity
67
0
8
Real Hole
62
1
420
16711680
6
ByLayer
370
-1
48
1.0
60
0
100
AcDb3dPolyline
10
0.0
20
0.0
30
0.0
70
8
75
0
210
0.0
220
0.0
230
1.0
0
VERTEX
5
37C
100
AcDbEntity
8
Real Hole
62
1
420
16711680
100
AcDbVertex
100
AcDb3dPolylineVertex
10
748856.879999619
20
8930436.53999725
30
211.09000005722
70
32
0
VERTEX
5
37D
100
AcDbEntity
8
Real Hole
62
1
420
16711680
100
AcDbVertex
100
AcDb3dPolylineVertex
10
748856.619083654
20
8930436.57824681
30
210.125396573544
70
32
0
VERTEX
5
37E
100
AcDbEntity
8
Real Hole
62
1
420
16711680
100
AcDbVertex
100
AcDb3dPolylineVertex
10
748856.36790822
20
8930436.61775952
30
209.158261799812
70
32
0
VERTEX
5
37F
100
AcDbEntity
8
Real Hole
62
1
420
16711680
100
AcDbVertex
100
AcDb3dPolylineVertex
10
748856.092019956
20
8930436.63299089
30
208.197192811966
70
32
0
VERTEX
5
380
100
AcDbEntity
8
Real Hole
62
1
420
16711680
100
AcDbVertex
100
AcDb3dPolylineVertex
10
748855.787409883
20
8930436.67006855
30
207.245437526703
70
32
0
VERTEX
5
381
100
AcDbEntity
8
Real Hole
62
1
420
16711680
100
AcDbVertex
100
AcDb3dPolylineVertex
10
748855.479750137
20
8930436.65910974
30
206.29400434494
70
32
0
VERTEX
5
382
100
AcDbEntity
8
Real Hole
62
1
420
16711680
100
AcDbVertex
100
AcDb3dPolylineVertex
10
748855.175558071
20
8930436.62272929
30
205.342088603973
70
32
0
VERTEX
5
383
100
AcDbEntity
8
Real Hole
62
1
420
16711680
100
AcDbVertex
100
AcDb3dPolylineVertex
10
748854.848332624
20
8930436.58115904
30
204.39805688858
70
32
0
VERTEX
5
384
100
AcDbEntity
8
Real Hole
62
1
420
16711680
100
AcDbVertex
100
AcDb3dPolylineVertex
10
748854.533836584
20
8930436.51968538
30
203.450790786743
70
32
0
VERTEX
5
385
100
AcDbEntity
8
Real Hole
62
1
420
16711680
100
AcDbVertex
100
AcDb3dPolylineVertex
10
748854.239327173
20
8930436.46147781
30
202.496916675568
70
32
0
VERTEX
5
386
100
AcDbEntity
8
Real Hole
62
1
420
16711680
100
AcDbVertex
100
AcDb3dPolylineVertex
10
748853.928755264
20
8930436.40509326
30
201.548040294647
70
32
0
VERTEX
5
387
100
AcDbEntity
8
Real Hole
62
1
420
16711680
100
AcDbVertex
100
AcDb3dPolylineVertex
10
748853.604156237
20
8930436.33698526
30
200.604643726349
70
32
0
SEQEND
5
388
100
AcDbEntity
8
Real Hole
0
POINT
5
38A
330
1A
100
AcDbEntity
67
0
8
Hole
62
244
420
659967
6
ByLayer
370
-1
48
1.0
60
0
100
AcDbPoint
10
748857.039999466
20
8930438.03000275
30
211.220000052452
39
0.0
210
0.0
220
0.0
230
1.0
50
360.0
0
LINE
5
38B
330
1A
100
AcDbEntity
67
0
8
Theoretical Hole
62
244
420
659967
6
ByLayer
370
-1
48
1.0
60
0
100
AcDbLine
10
748857.039999466
20
8930438.03000275
30
211.220000052452
11
748854.178156357
21
8930438.33331696
31
200.003303909302
39
0.0
210
0.0
220
0.0
230
1.0
0
TEXT
5
38C
330
1A
100
AcDbEntity
67
0
8
Number
62
244
420
659967
6
ByLayer
370
-1
48
1.0
60
0
100
AcDbText
1
46
10
748857.039999466
20
8930438.41100276
30
211.220000052452
40
0.3
41
1.0
50
0.0
51
0.0
7
Standard
11
748857.039999466
21
8930438.41100276
31
211.220000052452
210
0.0
220
0.0
230
1.0
72
0
100
AcDbText
73
0
0
TEXT
5
38D
330
1A
100
AcDbEntity
67
0
8
label
62
1
420
16711680
6
ByLayer
370
-1
48
1.0
60
0
100
AcDbText
1

10
748857.039999466
20
8930438.81100276
30
211.220000052452
40
0.3
41
1.0
50
0.0
51
0.0
7
Standard
11
748857.039999466
21
8930438.81100276
31
211.220000052452
210
0.0
220
0.0
230
1.0
72
0
100
AcDbText
73
0
0
TEXT
5
38E
330
1A
100
AcDbEntity
67
0
8
Length
62
244
420
659967
6
ByLayer
370
-1
48
1.0
60
0
100
AcDbText
1
11.58
10
748857.039999466
20
8930437.27600274
30
211.220000052452
40
0.3
41
1.0
50
0.0
51
0.0
7
Standard
11
748857.039999466
21
8930437.27600274
31
211.220000052452
210
0.0
220
0.0
230
1.0
72
0
100
AcDbText
73
0
0
POLYLINE
5
39C
330
1A
100
AcDbEntity
67
0
8
Real Hole
62
1
420
16711680
6
ByLayer
370
-1
48
1.0
60
0
100
AcDb3dPolyline
10
0.0
20
0.0
30
0.0
70
8
75
0
210
0.0
220
0.0
230
1.0
0
VERTEX
5
38F
100
AcDbEntity
8
Real Hole
62
1
420
16711680
100
AcDbVertex
100
AcDb3dPolylineVertex
10
748857.039999466
20
8930438.03000275
30
211.220000052452
70
32
0
VERTEX
5
390
100
AcDbEntity
8
Real Hole
62
1
420
16711680
100
AcDbVertex
100
AcDb3dPolylineVertex
10
748856.765877228
20
8930438.03162942
30
210.258306586742
70
32
0
VERTEX
5
391
100
AcDbEntity
8
Real Hole
62
1
420
16711680
100
AcDbVertex
100
AcDb3dPolylineVertex
10
748856.508651655
20
8930438.01431902
30
209.292110228539
70
32
0
VERTEX
5
392
100
AcDbEntity
8
Real Hole
62
1
420
16711680
100
AcDbVertex
100
AcDb3dPolylineVertex
10
748856.252060633
20
8930438.03100196
30
208.325734162331
70
32
0
VERTEX
5
393
100
AcDbEntity
8
Real Hole
62
1
420
16711680
100
AcDbVertex
100
AcDb3dPolylineVertex
10
748855.971240263
20
8930438.03379579
30
207.365977787972
70
32
0
VERTEX
5
394
100
AcDbEntity
8
Real Hole
62
1
420
16711680
100
AcDbVertex
100
AcDb3dPolylineVertex
10
748855.681573372
20
8930438.00559788
30
206.409265780449
70
32
0
VERTEX
5
395
100
AcDbEntity
8
Real Hole
62
1
420
16711680
100
AcDbVertex
100
AcDb3dPolylineVertex
10
748855.411889057
20
8930437.95551751
30
205.447620177269
70
32
0
VERTEX
5
396
100
AcDbEntity
8
Real Hole
62
1
420
16711680
100
AcDbVertex
100
AcDb3dPolylineVertex
10
748855.141582947
20
8930437.93072749
30
204.485164904594
70
32
0
VERTEX
5
397
100
AcDbEntity
8
Real Hole
62
1
420
16711680
100
AcDbVertex
100
AcDb3dPolylineVertex
10
748854.856175165
20
8930437.91806664
30
203.52684237957
70
32
0
VERTEX
5
398
100
AcDbEntity
8
Real Hole
62
1
420
16711680
100
AcDbVertex
100
AcDb3dPolylineVertex
10
748854.549793463
20
8930437.87908996
30
202.575732016563
70
32
0
VERTEX
5
399
100
AcDbEntity
8
Real Hole
62
1
420
16711680
100
AcDbVertex
100
AcDb3dPolylineVertex
10
748854.258798819
20
8930437.81782073
30
201.620971465111
70
32
0
VERTEX
5
39A
100
AcDbEntity
8
Real Hole
62
1
420
16711680
100
AcDbVertex
100
AcDb3dPolylineVertex
10
748853.966808777
20
8930437.77668029
30
200.665434622765
70
32
0
SEQEND
5
39B
100
AcDbEntity
8
Real Hole
0
POINT
5
39D
330
1A
100
AcDbEntity
67
0
8
Hole
62
244
420
659967
6
ByLayer
370
-1
48
1.0
60
0
100
AcDbPoint
10
748857.199999313
20
8930439.53000275
30
211.360000038147
39
0.0
210
0.0
220
0.0
230
1.0
50
360.0
0
LINE
5
39E
330
1A
100
AcDbEntity
67
0
8
Theoretical Hole
62
244
420
659967
6
ByLayer
370
-1
48
1.0
60
0
100
AcDbLine
10
748857.199999313
20
8930439.53000275
30
211.360000038147
11
748854.342981796
21
8930439.83280579
31
199.997599029541
39
0.0
210
0.0
220
0.0
230
1.0
0
TEXT
5
39F
330
1A
100
AcDbEntity
67
0
8
Number
62
244
420
659967
6
ByLayer
370
-1
48
1.0
60
0
100
AcDbText
1
47
10
748857.199999313
20
8930439.91100276
30
211.360000038147
40
0.3
41
1.0
50
0.0
51
0.0
7
Standard
11
748857.199999313
21
8930439.91100276
31
211.360000038147
210
0.0
220
0.0
230
1.0
72
0
100
AcDbText
73
0
0
TEXT
5
3A0
330
1A
100
AcDbEntity
67
0
8
label
62
1
420
16711680
6
ByLayer
370
-1
48
1.0
60
0
100
AcDbText
1

10
748857.199999313
20
8930440.31100276
30
211.360000038147
40
0.3
41
1.0
50
0.0
51
0.0
7
Standard
11
748857.199999313
21
8930440.31100276
31
211.360000038147
210
0.0
220
0.0
230
1.0
72
0
100
AcDbText
73
0
0
TEXT
5
3A1
330
1A
100
AcDbEntity
67
0
8
Length
62
244
420
659967
6
ByLayer
370
-1
48
1.0
60
0
100
AcDbText
1
11.72
10
748857.199999313
20
8930438.77600274
30
211.360000038147
40
0.3
41
1.0
50
0.0
51
0.0
7
Standard
11
748857.199999313
21
8930438.77600274
31
211.360000038147
210
0.0
220
0.0
230
1.0
72
0
100
AcDbText
73
0
0
POLYLINE
5
3B0
330
1A
100
AcDbEntity
67
0
8
Real Hole
62
1
420
16711680
6
ByLayer
370
-1
48
1.0
60
0
100
AcDb3dPolyline
10
0.0
20
0.0
30
0.0
70
8
75
0
210
0.0
220
0.0
230
1.0
0
VERTEX
5
3A2
100
AcDbEntity
8
Real Hole
62
1
420
16711680
100
AcDbVertex
100
AcDb3dPolylineVertex
10
748857.199999313
20
8930439.53000275
30
211.360000038147
70
32
0
VERTEX
5
3A3
100
AcDbEntity
8
Real Hole
62
1
420
16711680
100
AcDbVertex
100
AcDb3dPolylineVertex
10
748856.984523426
20
8930439.54397468
30
210.383590841293
70
32
0
VERTEX
5
3A4
100
AcDbEntity
8
Real Hole
62
1
420
16711680
100
AcDbVertex
100
AcDb3dPolylineVertex
10
748856.75420184
20
8930439.56964652
30
209.410814905167
70
32
0
VERTEX
5
3A5
100
AcDbEntity
8
Real Hole
62
1
420
16711680
100
AcDbVertex
100
AcDb3dPolylineVertex
10
748856.529194276
20
8930439.60653323
30
208.43715634346
70
32
0
VERTEX
5
3A6
100
AcDbEntity
8
Real Hole
62
1
420
16711680
100
AcDbVertex
100
AcDb3dPolylineVertex
10
748856.297673385
20
8930439.63898902
30
207.464867973328
70
32
0
VERTEX
5
3A7
100
AcDbEntity
8
Real Hole
62
1
420
16711680
100
AcDbVertex
100
AcDb3dPolylineVertex
10
748856.022585611
20
8930439.64984537
30
206.503510379791
70
32
0
VERTEX
5
3A8
100
AcDbEntity
8
Real Hole
62
1
420
16711680
100
AcDbVertex
100
AcDb3dPolylineVertex
10
748855.762629609
20
8930439.62132959
30
205.538310909271
70
32
0
VERTEX
5
3A9
100
AcDbEntity
8
Real Hole
62
1
420
16711680
100
AcDbVertex
100
AcDb3dPolylineVertex
10
748855.523837666
20
8930439.60454793
30
204.567385101318
70
32
0
VERTEX
5
3AA
100
AcDbEntity
8
Real Hole
62
1
420
16711680
100
AcDbVertex
100
AcDb3dPolylineVertex
10
748855.281676393
20
8930439.61148136
30
203.597174072266
70
32
0
VERTEX
5
3AB
100
AcDbEntity
8
Real Hole
62
1
420
16711680
100
AcDbVertex
100
AcDb3dPolylineVertex
10
748855.004260044
20
8930439.60542812
30
202.636443519592
70
32
0
VERTEX
5
3AC
100
AcDbEntity
8
Real Hole
62
1
420
16711680
100
AcDbVertex
100
AcDb3dPolylineVertex
10
748854.743195753
20
8930439.56477992
30
201.671978378296
70
32
0
VERTEX
5
3AD
100
AcDbEntity
8
Real Hole
62
1
420
16711680
100
AcDbVertex
100
AcDb3dPolylineVertex
10
748854.459625463
20
8930439.52037401
30
200.71405544281
70
32
0
VERTEX
5
3AE
100
AcDbEntity
8
Real Hole
62
1
420
16711680
100
AcDbVertex
100
AcDb3dPolylineVertex
10
748854.4319701
20
8930439.51669385
30
200.618026161194
70
32
0
SEQEND
5
3AF
100
AcDbEntity
8
Real Hole
0
POINT
5
3B1
330
1A
100
AcDbEntity
67
0
8
Hole
62
244
420
659967
6
ByLayer
370
-1
48
1.0
60
0
100
AcDbPoint
10
748857.350000839
20
8930441.02000061
30
211.549999976158
39
0.0
210
0.0
220
0.0
230
1.0
50
360.0
0
LINE
5
3B2
330
1A
100
AcDbEntity
67
0
8
Theoretical Hole
62
244
420
659967
6
ByLayer
370
-1
48
1.0
60
0
100
AcDbLine
10
748857.350000839
20
8930441.02000061
30
211.549999976158
11
748854.499189835
21
8930441.32214752
31
200.000472450256
39
0.0
210
0.0
220
0.0
230
1.0
0
TEXT
5
3B3
330
1A
100
AcDbEntity
67
0
8
Number
62
244
420
659967
6
ByLayer
370
-1
48
1.0
60
0
100
AcDbText
1
48
10
748857.350000839
20
8930441.40100062
30
211.549999976158
40
0.3
41
1.0
50
0.0
51
0.0
7
Standard
11
748857.350000839
21
8930441.40100062
31
211.549999976158
210
0.0
220
0.0
230
1.0
72
0
100
AcDbText
73
0
0
TEXT
5
3B4
330
1A
100
AcDbEntity
67
0
8
label
62
1
420
16711680
6
ByLayer
370
-1
48
1.0
60
0
100
AcDbText
1

10
748857.350000839
20
8930441.80100062
30
211.549999976158
40
0.3
41
1.0
50
0.0
51
0.0
7
Standard
11
748857.350000839
21
8930441.80100062
31
211.549999976158
210
0.0
220
0.0
230
1.0
72
0
100
AcDbText
73
0
0
TEXT
5
3B5
330
1A
100
AcDbEntity
67
0
8
Length
62
244
420
659967
6
ByLayer
370
-1
48
1.0
60
0
100
AcDbText
1
11.90
10
748857.350000839
20
8930440.2660006
30
211.549999976158
40
0.3
41
1.0
50
0.0
51
0.0
7
Standard
11
748857.350000839
21
8930440.2660006
31
211.549999976158
210
0.0
220
0.0
230
1.0
72
0
100
AcDbText
73
0
0
POLYLINE
5
3C4
330
1A
100
AcDbEntity
67
0
8
Real Hole
62
1
420
16711680
6
ByLayer
370
-1
48
1.0
60
0
100
AcDb3dPolyline
10
0.0
20
0.0
30
0.0
70
8
75
0
210
0.0
220
0.0
230
1.0
0
VERTEX
5
3B6
100
AcDbEntity
8
Real Hole
62
1
420
16711680
100
AcDbVertex
100
AcDb3dPolylineVertex
10
748857.350000839
20
8930441.02000061
30
211.549999976158
70
32
0
VERTEX
5
3B7
100
AcDbEntity
8
Real Hole
62
1
420
16711680
100
AcDbVertex
100
AcDb3dPolylineVertex
10
748857.136588018
20
8930441.04220528
30
210.573290252686
70
32
0
VERTEX
5
3B8
100
AcDbEntity
8
Real Hole
62
1
420
16711680
100
AcDbVertex
100
AcDb3dPolylineVertex
10
748856.928123872
20
8930441.07120629
30
209.595690274239
70
32
0
VERTEX
5
3B9
100
AcDbEntity
8
Real Hole
62
1
420
16711680
100
AcDbVertex
100
AcDb3dPolylineVertex
10
748856.677783232
20
8930441.1071917
30
208.628201508522
70
32
0
VERTEX
5
3BA
100
AcDbEntity
8
Real Hole
62
1
420
16711680
100
AcDbVertex
100
AcDb3dPolylineVertex
10
748856.427739422
20
8930441.14286724
30
207.660624527931
70
32
0
VERTEX
5
3BB
100
AcDbEntity
8
Real Hole
62
1
420
16711680
100
AcDbVertex
100
AcDb3dPolylineVertex
10
748856.194869857
20
8930441.1323742
30
206.688173079491
70
32
0
VERTEX
5
3BC
100
AcDbEntity
8
Real Hole
62
1
420
16711680
100
AcDbVertex
100
AcDb3dPolylineVertex
10
748855.958588819
20
8930441.10093158
30
205.71699693203
70
32
0
VERTEX
5
3BD
100
AcDbEntity
8
Real Hole
62
1
420
16711680
100
AcDbVertex
100
AcDb3dPolylineVertex
10
748855.722206812
20
8930441.11257533
30
204.745406889915
70
32
0
VERTEX
5
3BE
100
AcDbEntity
8
Real Hole
62
1
420
16711680
100
AcDbVertex
100
AcDb3dPolylineVertex
10
748855.487940412
20
8930441.10296142
30
203.77328183651
70
32
0
VERTEX
5
3BF
100
AcDbEntity
8
Real Hole
62
1
420
16711680
100
AcDbVertex
100
AcDb3dPolylineVertex
10
748855.249762278
20
8930441.0679603
30
202.802691245079
70
32
0
VERTEX
5
3C0
100
AcDbEntity
8
Real Hole
62
1
420
16711680
100
AcDbVertex
100
AcDb3dPolylineVertex
10
748855.024370174
20
8930441.02275883
30
201.829472327232
70
32
0
VERTEX
5
3C1
100
AcDbEntity
8
Real Hole
62
1
420
16711680
100
AcDbVertex
100
AcDb3dPolylineVertex
10
748854.769886713
20
8930440.98966202
30
200.862961554527
70
32
0
VERTEX
5
3C2
100
AcDbEntity
8
Real Hole
62
1
420
16711680
100
AcDbVertex
100
AcDb3dPolylineVertex
10
748854.745267372
20
8930440.98501011
30
200.766151213646
70
32
0
SEQEND
5
3C3
100
AcDbEntity
8
Real Hole
0
POINT
5
3C5
330
1A
100
AcDbEntity
67
0
8
Hole
62
244
420
659967
6
ByLayer
370
-1
48
1.0
60
0
100
AcDbPoint
10
748857.510000687
20
8930442.50999847
30
211.630000019073
39
0.0
210
0.0
220
0.0
230
1.0
50
360.0
0
LINE
5
3C6
330
1A
100
AcDbEntity
67
0
8
Theoretical Hole
62
244
420
659967
6
ByLayer
370
-1
48
1.0
60
0
100
AcDbLine
10
748857.510000687
20
8930442.50999847
30
211.630000019073
11
748854.664247971
21
8930442.81161133
31
199.996811294556
39
0.0
210
0.0
220
0.0
230
1.0
0
TEXT
5
3C7
330
1A
100
AcDbEntity
67
0
8
Number
62
244
420
659967
6
ByLayer
370
-1
48
1.0
60
0
100
AcDbText
1
49
10
748857.510000687
20
8930442.89099849
30
211.630000019073
40
0.3
41
1.0
50
0.0
51
0.0
7
Standard
11
748857.510000687
21
8930442.89099849
31
211.630000019073
210
0.0
220
0.0
230
1.0
72
0
100
AcDbText
73
0
0
TEXT
5
3C8
330
1A
100
AcDbEntity
67
0
8
label
62
1
420
16711680
6
ByLayer
370
-1
48
1.0
60
0
100
AcDbText
1

10
748857.510000687
20
8930443.29099849
30
211.630000019073
40
0.3
41
1.0
50
0.0
51
0.0
7
Standard
11
748857.510000687
21
8930443.29099849
31
211.630000019073
210
0.0
220
0.0
230
1.0
72
0
100
AcDbText
73
0
0
TEXT
5
3C9
330
1A
100
AcDbEntity
67
0
8
Length
62
244
420
659967
6
ByLayer
370
-1
48
1.0
60
0
100
AcDbText
1
11.98
10
748857.510000687
20
8930441.75599847
30
211.630000019073
40
0.3
41
1.0
50
0.0
51
0.0
7
Standard
11
748857.510000687
21
8930441.75599847
31
211.630000019073
210
0.0
220
0.0
230
1.0
72
0
100
AcDbText
73
0
0
POLYLINE
5
3D8
330
1A
100
AcDbEntity
67
0
8
Real Hole
62
1
420
16711680
6
ByLayer
370
-1
48
1.0
60
0
100
AcDb3dPolyline
10
0.0
20
0.0
30
0.0
70
8
75
0
210
0.0
220
0.0
230
1.0
0
VERTEX
5
3CA
100
AcDbEntity
8
Real Hole
62
1
420
16711680
100
AcDbVertex
100
AcDb3dPolylineVertex
10
748857.510000687
20
8930442.50999847
30
211.630000019073
70
32
0
VERTEX
5
3CB
100
AcDbEntity
8
Real Hole
62
1
420
16711680
100
AcDbVertex
100
AcDb3dPolylineVertex
10
748857.254250448
20
8930442.51410548
30
210.66326584816
70
32
0
VERTEX
5
3CC
100
AcDbEntity
8
Real Hole
62
1
420
16711680
100
AcDbVertex
100
AcDb3dPolylineVertex
10
748856.994768183
20
8930442.51170514
30
209.69752099514
70
32
0
VERTEX
5
3CD
100
AcDbEntity
8
Real Hole
62
1
420
16711680
100
AcDbVertex
100
AcDb3dPolylineVertex
10
748856.714216094
20
8930442.53679303
30
208.738010072708
70
32
0
VERTEX
5
3CE
100
AcDbEntity
8
Real Hole
62
1
420
16711680
100
AcDbVertex
100
AcDb3dPolylineVertex
10
748856.451781373
20
8930442.5835398
30
207.774193429947
70
32
0
VERTEX
5
3CF
100
AcDbEntity
8
Real Hole
62
1
420
16711680
100
AcDbVertex
100
AcDb3dPolylineVertex
10
748856.164336781
20
8930442.61040763
30
206.816772842407
70
32
0
VERTEX
5
3D0
100
AcDbEntity
8
Real Hole
62
1
420
16711680
100
AcDbVertex
100
AcDb3dPolylineVertex
10
748855.86748908
20
8930442.59967832
30
205.861908340454
70
32
0
VERTEX
5
3D1
100
AcDbEntity
8
Real Hole
62
1
420
16711680
100
AcDbVertex
100
AcDb3dPolylineVertex
10
748855.560499291
20
8930442.58466408
30
204.910313987732
70
32
0
VERTEX
5
3D2
100
AcDbEntity
8
Real Hole
62
1
420
16711680
100
AcDbVertex
100
AcDb3dPolylineVertex
10
748855.27355526
20
8930442.57780167
30
203.952391529083
70
32
0
VERTEX
5
3D3
100
AcDbEntity
8
Real Hole
62
1
420
16711680
100
AcDbVertex
100
AcDb3dPolylineVertex
10
748854.967103701
20
8930442.56200931
30
203.000636005402
70
32
0
VERTEX
5
3D4
100
AcDbEntity
8
Real Hole
62
1
420
16711680
100
AcDbVertex
100
AcDb3dPolylineVertex
10
748854.669106703
20
8930442.55685983
30
202.04608335495
70
32
0
VERTEX
5
3D5
100
AcDbEntity
8
Real Hole
62
1
420
16711680
100
AcDbVertex
100
AcDb3dPolylineVertex
10
748854.387492638
20
8930442.56256214
30
201.086572551727
70
32
0
VERTEX
5
3D6
100
AcDbEntity
8
Real Hole
62
1
420
16711680
100
AcDbVertex
100
AcDb3dPolylineVertex
10
748854.330254774
20
8930442.56262207
30
200.894937419891
70
32
0
SEQEND
5
3D7
100
AcDbEntity
8
Real Hole
0
POINT
5
3D9
330
1A
100
AcDbEntity
67
0
8
Hole
62
244
420
659967
6
ByLayer
370
-1
48
1.0
60
0
100
AcDbPoint
10
748857.670000534
20
8930443.99999634
30
211.59000005722
39
0.0
210
0.0
220
0.0
230
1.0
50
360.0
0
LINE
5
3DA
330
1A
100
AcDbEntity
67
0
8
Theoretical Hole
62
244
420
659967
6
ByLayer
370
-1
48
1.0
60
0
100
AcDbLine
10
748857.670000534
20
8930443.99999634
30
211.59000005722
11
748854.829723816
21
8930444.30102936
31
199.996647262573
39
0.0
210
0.0
220
0.0
230
1.0
0
TEXT
5
3DB
330
1A
100
AcDbEntity
67
0
8
Number
62
244
420
659967
6
ByLayer
370
-1
48
1.0
60
0
100
AcDbText
1
50
10
748857.670000534
20
8930444.38099635
30
211.59000005722
40
0.3
41
1.0
50
0.0
51
0.0
7
Standard
11
748857.670000534
21
8930444.38099635
31
211.59000005722
210
0.0
220
0.0
230
1.0
72
0
100
AcDbText
73
0
0
TEXT
5
3DC
330
1A
100
AcDbEntity
67
0
8
label
62
1
420
16711680
6
ByLayer
370
-1
48
1.0
60
0
100
AcDbText
1

10
748857.670000534
20
8930444.78099635
30
211.59000005722
40
0.3
41
1.0
50
0.0
51
0.0
7
Standard
11
748857.670000534
21
8930444.78099635
31
211.59000005722
210
0.0
220
0.0
230
1.0
72
0
100
AcDbText
73
0
0
TEXT
5
3DD
330
1A
100
AcDbEntity
67
0
8
Length
62
244
420
659967
6
ByLayer
370
-1
48
1.0
60
0
100
AcDbText
1
11.94
10
748857.670000534
20
8930443.24599633
30
211.59000005722
40
0.3
41
1.0
50
0.0
51
0.0
7
Standard
11
748857.670000534
21
8930443.24599633
31
211.59000005722
210
0.0
220
0.0
230
1.0
72
0
100
AcDbText
73
0
0
POLYLINE
5
3EB
330
1A
100
AcDbEntity
67
0
8
Real Hole
62
1
420
16711680
6
ByLayer
370
-1
48
1.0
60
0
100
AcDb3dPolyline
10
0.0
20
0.0
30
0.0
70
8
75
0
210
0.0
220
0.0
230
1.0
0
VERTEX
5
3DE
100
AcDbEntity
8
Real Hole
62
1
420
16711680
100
AcDbVertex
100
AcDb3dPolylineVertex
10
748857.670000534
20
8930443.99999634
30
211.59000005722
70
32
0
VERTEX
5
3DF
100
AcDbEntity
8
Real Hole
62
1
420
16711680
100
AcDbVertex
100
AcDb3dPolylineVertex
10
748857.47224095
20
8930444.05000049
30
210.611025714874
70
32
0
VERTEX
5
3E0
100
AcDbEntity
8
Real Hole
62
1
420
16711680
100
AcDbVertex
100
AcDb3dPolylineVertex
10
748857.262093376
20
8930444.10658466
30
209.634994888306
70
32
0
VERTEX
5
3E1
100
AcDbEntity
8
Real Hole
62
1
420
16711680
100
AcDbVertex
100
AcDb3dPolylineVertex
10
748856.995563846
20
8930444.17685546
30
208.673733139038
70
32
0
VERTEX
5
3E2
100
AcDbEntity
8
Real Hole
62
1
420
16711680
100
AcDbVertex
100
AcDb3dPolylineVertex
10
748856.734162192
20
8930444.23999855
30
207.710570716858
70
32
0
VERTEX
5
3E3
100
AcDbEntity
8
Real Hole
62
1
420
16711680
100
AcDbVertex
100
AcDb3dPolylineVertex
10
748856.476622443
20
8930444.27688119
30
206.745006942749
70
32
0
VERTEX
5
3E4
100
AcDbEntity
8
Real Hole
62
1
420
16711680
100
AcDbVertex
100
AcDb3dPolylineVertex
10
748856.195601325
20
8930444.28600714
30
205.785348796844
70
32
0
VERTEX
5
3E5
100
AcDbEntity
8
Real Hole
62
1
420
16711680
100
AcDbVertex
100
AcDb3dPolylineVertex
10
748855.916790586
20
8930444.30780316
30
204.825250053406
70
32
0
VERTEX
5
3E6
100
AcDbEntity
8
Real Hole
62
1
420
16711680
100
AcDbVertex
100
AcDb3dPolylineVertex
10
748855.649624329
20
8930444.31914083
30
203.861666584015
70
32
0
VERTEX
5
3E7
100
AcDbEntity
8
Real Hole
62
1
420
16711680
100
AcDbVertex
100
AcDb3dPolylineVertex
10
748855.371005754
20
8930444.31456936
30
202.901275539398
70
32
0
VERTEX
5
3E8
100
AcDbEntity
8
Real Hole
62
1
420
16711680
100
AcDbVertex
100
AcDb3dPolylineVertex
10
748855.086549978
20
8930444.30866051
30
201.942604923248
70
32
0
VERTEX
5
3E9
100
AcDbEntity
8
Real Hole
62
1
420
16711680
100
AcDbVertex
100
AcDb3dPolylineVertex
10
748854.805258732
20
8930444.34909496
30
200.983834171295
70
32
0
SEQEND
5
3EA
100
AcDbEntity
8
Real Hole
0
POINT
5
3EC
330
1A
100
AcDbEntity
67
0
8
Hole
62
244
420
659967
6
ByLayer
370
-1
48
1.0
60
0
100
AcDbPoint
10
748857.830000381
20
8930445.49000183
30
211.67999997139
39
0.0
210
0.0
220
0.0
230
1.0
50
360.0
0
LINE
5
3ED
330
1A
100
AcDbEntity
67
0
8
Theoretical Hole
62
244
420
659967
6
ByLayer
370
-1
48
1.0
60
0
100
AcDbLine
10
748857.830000381
20
8930445.49000183
30
211.67999997139
11
748854.995008926
21
8930445.79047028
31
200.002973937988
39
0.0
210
0.0
220
0.0
230
1.0
0
TEXT
5
3EE
330
1A
100
AcDbEntity
67
0
8
Number
62
244
420
659967
6
ByLayer
370
-1
48
1.0
60
0
100
AcDbText
1
51
10
748857.830000381
20
8930445.87100184
30
211.67999997139
40
0.3
41
1.0
50
0.0
51
0.0
7
Standard
11
748857.830000381
21
8930445.87100184
31
211.67999997139
210
0.0
220
0.0
230
1.0
72
0
100
AcDbText
73
0
0
TEXT
5
3EF
330
1A
100
AcDbEntity
67
0
8
label
62
1
420
16711680
6
ByLayer
370
-1
48
1.0
60
0
100
AcDbText
1

10
748857.830000381
20
8930446.27100184
30
211.67999997139
40
0.3
41
1.0
50
0.0
51
0.0
7
Standard
11
748857.830000381
21
8930446.27100184
31
211.67999997139
210
0.0
220
0.0
230
1.0
72
0
100
AcDbText
73
0
0
TEXT
5
3F0
330
1A
100
AcDbEntity
67
0
8
Length
62
244
420
659967
6
ByLayer
370
-1
48
1.0
60
0
100
AcDbText
1
12.02
10
748857.830000381
20
8930444.73600182
30
211.67999997139
40
0.3
41
1.0
50
0.0
51
0.0
7
Standard
11
748857.830000381
21
8930444.73600182
31
211.67999997139
210
0.0
220
0.0
230
1.0
72
0
100
AcDbText
73
0
0
POLYLINE
5
3FE
330
1A
100
AcDbEntity
67
0
8
Real Hole
62
1
420
16711680
6
ByLayer
370
-1
48
1.0
60
0
100
AcDb3dPolyline
10
0.0
20
0.0
30
0.0
70
8
75
0
210
0.0
220
0.0
230
1.0
0
VERTEX
5
3F1
100
AcDbEntity
8
Real Hole
62
1
420
16711680
100
AcDbVertex
100
AcDb3dPolylineVertex
10
748857.830000381
20
8930445.49000183
30
211.67999997139
70
32
0
VERTEX
5
3F2
100
AcDbEntity
8
Real Hole
62
1
420
16711680
100
AcDbVertex
100
AcDb3dPolylineVertex
10
748857.564155858
20
8930445.50430633
30
210.716090166569
70
32
0
VERTEX
5
3F3
100
AcDbEntity
8
Real Hole
62
1
420
16711680
100
AcDbVertex
100
AcDb3dPolylineVertex
10
748857.307684343
20
8930445.52273536
30
209.749714159966
70
32
0
VERTEX
5
3F4
100
AcDbEntity
8
Real Hole
62
1
420
16711680
100
AcDbVertex
100
AcDb3dPolylineVertex
10
748857.008038084
20
8930445.55931492
30
208.79636516571
70
32
0
VERTEX
5
3F5
100
AcDbEntity
8
Real Hole
62
1
420
16711680
100
AcDbVertex
100
AcDb3dPolylineVertex
10
748856.719031076
20
8930445.58739763
30
207.839450263977
70
32
0
VERTEX
5
3F6
100
AcDbEntity
8
Real Hole
62
1
420
16711680
100
AcDbVertex
100
AcDb3dPolylineVertex
10
748856.396355491
20
8930445.57996237
30
206.892969751358
70
32
0
VERTEX
5
3F7
100
AcDbEntity
8
Real Hole
62
1
420
16711680
100
AcDbVertex
100
AcDb3dPolylineVertex
10
748856.098328691
20
8930445.54827027
30
205.938938760757
70
32
0
VERTEX
5
3F8
100
AcDbEntity
8
Real Hole
62
1
420
16711680
100
AcDbVertex
100
AcDb3dPolylineVertex
10
748855.80062149
20
8930445.54889377
30
204.984281682968
70
32
0
VERTEX
5
3F9
100
AcDbEntity
8
Real Hole
62
1
420
16711680
100
AcDbVertex
100
AcDb3dPolylineVertex
10
748855.495331268
20
8930445.56462628
30
204.032152318954
70
32
0
VERTEX
5
3FA
100
AcDbEntity
8
Real Hole
62
1
420
16711680
100
AcDbVertex
100
AcDb3dPolylineVertex
10
748855.188561659
20
8930445.54086011
30
203.080665254593
70
32
0
VERTEX
5
3FB
100
AcDbEntity
8
Real Hole
62
1
420
16711680
100
AcDbVertex
100
AcDb3dPolylineVertex
10
748854.875936489
20
8930445.50236385
30
202.131568574905
70
32
0
VERTEX
5
3FC
100
AcDbEntity
8
Real Hole
62
1
420
16711680
100
AcDbVertex
100
AcDb3dPolylineVertex
10
748854.629207354
20
8930445.48147197
30
201.370853090286
70
32
0
SEQEND
5
3FD
100
AcDbEntity
8
Real Hole
0
POINT
5
3FF
330
1A
100
AcDbEntity
67
0
8
Hole
62
244
420
659967
6
ByLayer
370
-1
48
1.0
60
0
100
AcDbPoint
10
748857.990000229
20
8930446.9799997
30
211.84000005722
39
0.0
210
0.0
220
0.0
230
1.0
50
360.0
0
LINE
5
400
330
1A
100
AcDbEntity
67
0
8
Theoretical Hole
62
244
420
659967
6
ByLayer
370
-1
48
1.0
60
0
100
AcDbLine
10
748857.990000229
20
8930446.9799997
30
211.84000005722
11
748855.162472229
21
8930447.27968231
31
199.996532821655
39
0.0
210
0.0
220
0.0
230
1.0
0
TEXT
5
401
330
1A
100
AcDbEntity
67
0
8
Number
62
244
420
659967
6
ByLayer
370
-1
48
1.0
60
0
100
AcDbText
1
52
10
748857.990000229
20
8930447.36099971
30
211.84000005722
40
0.3
41
1.0
50
0.0
51
0.0
7
Standard
11
748857.990000229
21
8930447.36099971
31
211.84000005722
210
0.0
220
0.0
230
1.0
72
0
100
AcDbText
73
0
0
TEXT
5
402
330
1A
100
AcDbEntity
67
0
8
label
62
1
420
16711680
6
ByLayer
370
-1
48
1.0
60
0
100
AcDbText
1

10
748857.990000229
20
8930447.76099971
30
211.84000005722
40
0.3
41
1.0
50
0.0
51
0.0
7
Standard
11
748857.990000229
21
8930447.76099971
31
211.84000005722
210
0.0
220
0.0
230
1.0
72
0
100
AcDbText
73
0
0
TEXT
5
403
330
1A
100
AcDbEntity
67
0
8
Length
62
244
420
659967
6
ByLayer
370
-1
48
1.0
60
0
100
AcDbText
1
12.18
10
748857.990000229
20
8930446.22599969
30
211.84000005722
40
0.3
41
1.0
50
0.0
51
0.0
7
Standard
11
748857.990000229
21
8930446.22599969
31
211.84000005722
210
0.0
220
0.0
230
1.0
72
0
100
AcDbText
73
0
0
POLYLINE
5
412
330
1A
100
AcDbEntity
67
0
8
Real Hole
62
1
420
16711680
6
ByLayer
370
-1
48
1.0
60
0
100
AcDb3dPolyline
10
0.0
20
0.0
30
0.0
70
8
75
0
210
0.0
220
0.0
230
1.0
0
VERTEX
5
404
100
AcDbEntity
8
Real Hole
62
1
420
16711680
100
AcDbVertex
100
AcDb3dPolylineVertex
10
748857.990000229
20
8930446.9799997
30
211.84000005722
70
32
0
VERTEX
5
405
100
AcDbEntity
8
Real Hole
62
1
420
16711680
100
AcDbVertex
100
AcDb3dPolylineVertex
10
748857.669250737
20
8930446.92615198
30
210.894367897511
70
32
0
VERTEX
5
406
100
AcDbEntity
8
Real Hole
62
1
420
16711680
100
AcDbVertex
100
AcDb3dPolylineVertex
10
748857.35094909
20
8930446.88255015
30
209.947381639481
70
32
0
VERTEX
5
407
100
AcDbEntity
8
Real Hole
62
1
420
16711680
100
AcDbVertex
100
AcDb3dPolylineVertex
10
748857.022111695
20
8930446.81301342
30
209.005558633804
70
32
0
VERTEX
5
408
100
AcDbEntity
8
Real Hole
62
1
420
16711680
100
AcDbVertex
100
AcDb3dPolylineVertex
10
748856.701067309
20
8930446.74324911
30
208.061067485809
70
32
0
VERTEX
5
409
100
AcDbEntity
8
Real Hole
62
1
420
16711680
100
AcDbVertex
100
AcDb3dPolylineVertex
10
748856.396498899
20
8930446.63443768
30
207.114812755585
70
32
0
VERTEX
5
40A
100
AcDbEntity
8
Real Hole
62
1
420
16711680
100
AcDbVertex
100
AcDb3dPolylineVertex
10
748856.080499749
20
8930446.55077014
30
206.169749641418
70
32
0
VERTEX
5
40B
100
AcDbEntity
8
Real Hole
62
1
420
16711680
100
AcDbVertex
100
AcDb3dPolylineVertex
10
748855.763201933
20
8930446.46557233
30
205.225258731842
70
32
0
VERTEX
5
40C
100
AcDbEntity
8
Real Hole
62
1
420
16711680
100
AcDbVertex
100
AcDb3dPolylineVertex
10
748855.427376251
20
8930446.39657626
30
204.28586473465
70
32
0
VERTEX
5
40D
100
AcDbEntity
8
Real Hole
62
1
420
16711680
100
AcDbVertex
100
AcDb3dPolylineVertex
10
748855.075340729
20
8930446.31601391
30
203.35335149765
70
32
0
VERTEX
5
40E
100
AcDbEntity
8
Real Hole
62
1
420
16711680
100
AcDbVertex
100
AcDb3dPolylineVertex
10
748854.741268616
20
8930446.22549895
30
202.415160083771
70
32
0
VERTEX
5
40F
100
AcDbEntity
8
Real Hole
62
1
420
16711680
100
AcDbVertex
100
AcDb3dPolylineVertex
10
748854.409884911
20
8930446.13825289
30
201.475706958771
70
32
0
VERTEX
5
410
100
AcDbEntity
8
Real Hole
62
1
420
16711680
100
AcDbVertex
100
AcDb3dPolylineVertex
10
748854.192509155
20
8930446.08336935
30
200.812580966949
70
32
0
SEQEND
5
411
100
AcDbEntity
8
Real Hole
0
POINT
5
413
330
1A
100
AcDbEntity
67
0
8
Hole
62
244
420
659967
6
ByLayer
370
-1
48
1.0
60
0
100
AcDbPoint
10
748858.139999847
20
8930448.4799997
30
211.659999990463
39
0.0
210
0.0
220
0.0
230
1.0
50
360.0
0
LINE
5
414
330
1A
100
AcDbEntity
67
0
8
Theoretical Hole
62
244
420
659967
6
ByLayer
370
-1
48
1.0
60
0
100
AcDbLine
10
748858.139999847
20
8930448.4799997
30
211.659999990463
11
748855.315794449
21
8930448.77932373
31
200.000914955139
39
0.0
210
0.0
220
0.0
230
1.0
0
TEXT
5
415
330
1A
100
AcDbEntity
67
0
8
Number
62
244
420
659967
6
ByLayer
370
-1
48
1.0
60
0
100
AcDbText
1
53
10
748858.139999847
20
8930448.86099971
30
211.659999990463
40
0.3
41
1.0
50
0.0
51
0.0
7
Standard
11
748858.139999847
21
8930448.86099971
31
211.659999990463
210
0.0
220
0.0
230
1.0
72
0
100
AcDbText
73
0
0
TEXT
5
416
330
1A
100
AcDbEntity
67
0
8
label
62
1
420
16711680
6
ByLayer
370
-1
48
1.0
60
0
100
AcDbText
1

10
748858.139999847
20
8930449.26099971
30
211.659999990463
40
0.3
41
1.0
50
0.0
51
0.0
7
Standard
11
748858.139999847
21
8930449.26099971
31
211.659999990463
210
0.0
220
0.0
230
1.0
72
0
100
AcDbText
73
0
0
TEXT
5
417
330
1A
100
AcDbEntity
67
0
8
Length
62
244
420
659967
6
ByLayer
370
-1
48
1.0
60
0
100
AcDbText
1
12.00
10
748858.139999847
20
8930447.72599969
30
211.659999990463
40
0.3
41
1.0
50
0.0
51
0.0
7
Standard
11
748858.139999847
21
8930447.72599969
31
211.659999990463
210
0.0
220
0.0
230
1.0
72
0
100
AcDbText
73
0
0
POLYLINE
5
426
330
1A
100
AcDbEntity
67
0
8
Real Hole
62
1
420
16711680
6
ByLayer
370
-1
48
1.0
60
0
100
AcDb3dPolyline
10
0.0
20
0.0
30
0.0
70
8
75
0
210
0.0
220
0.0
230
1.0
0
VERTEX
5
418
100
AcDbEntity
8
Real Hole
62
1
420
16711680
100
AcDbVertex
100
AcDb3dPolylineVertex
10
748858.139999847
20
8930448.4799997
30
211.659999990463
70
32
0
VERTEX
5
419
100
AcDbEntity
8
Real Hole
62
1
420
16711680
100
AcDbVertex
100
AcDb3dPolylineVertex
10
748857.902391444
20
8930448.51174557
30
210.689157867432
70
32
0
VERTEX
5
41A
100
AcDbEntity
8
Real Hole
62
1
420
16711680
100
AcDbVertex
100
AcDb3dPolylineVertex
10
748857.673946898
20
8930448.54161813
30
209.716059350967
70
32
0
VERTEX
5
41B
100
AcDbEntity
8
Real Hole
62
1
420
16711680
100
AcDbVertex
100
AcDb3dPolylineVertex
10
748857.428681533
20
8930448.56441387
30
208.746871376038
70
32
0
VERTEX
5
41C
100
AcDbEntity
8
Real Hole
62
1
420
16711680
100
AcDbVertex
100
AcDb3dPolylineVertex
10
748857.159445028
20
8930448.56117135
30
207.783802890778
70
32
0
VERTEX
5
41D
100
AcDbEntity
8
Real Hole
62
1
420
16711680
100
AcDbVertex
100
AcDb3dPolylineVertex
10
748856.906107883
20
8930448.4956067
30
206.818648958206
70
32
0
VERTEX
5
41E
100
AcDbEntity
8
Real Hole
62
1
420
16711680
100
AcDbVertex
100
AcDb3dPolylineVertex
10
748856.663155537
20
8930448.41891089
30
205.851647520065
70
32
0
VERTEX
5
41F
100
AcDbEntity
8
Real Hole
62
1
420
16711680
100
AcDbVertex
100
AcDb3dPolylineVertex
10
748856.395808678
20
8930448.38290666
30
204.888720178604
70
32
0
VERTEX
5
420
100
AcDbEntity
8
Real Hole
62
1
420
16711680
100
AcDbVertex
100
AcDb3dPolylineVertex
10
748856.131793003
20
8930448.36907018
30
203.924300813675
70
32
0
VERTEX
5
421
100
AcDbEntity
8
Real Hole
62
1
420
16711680
100
AcDbVertex
100
AcDb3dPolylineVertex
10
748855.862824182
20
8930448.34842131
30
202.961373472214
70
32
0
VERTEX
5
422
100
AcDbEntity
8
Real Hole
62
1
420
16711680
100
AcDbVertex
100
AcDb3dPolylineVertex
10
748855.60523818
20
8930448.34320555
30
201.99513258934
70
32
0
VERTEX
5
423
100
AcDbEntity
8
Real Hole
62
1
420
16711680
100
AcDbVertex
100
AcDb3dPolylineVertex
10
748855.346254807
20
8930448.34171395
30
201.029251241684
70
32
0
VERTEX
5
424
100
AcDbEntity
8
Real Hole
62
1
420
16711680
100
AcDbVertex
100
AcDb3dPolylineVertex
10
748855.269639473
20
8930448.34004219
30
200.739204549789
70
32
0
SEQEND
5
425
100
AcDbEntity
8
Real Hole
0
POINT
5
427
330
1A
100
AcDbEntity
67
0
8
Hole
62
244
420
659967
6
ByLayer
370
-1
48
1.0
60
0
100
AcDbPoint
10
748858.299999695
20
8930449.96999756
30
211.569999957085
39
0.0
210
0.0
220
0.0
230
1.0
50
360.0
0
LINE
5
428
330
1A
100
AcDbEntity
67
0
8
Theoretical Hole
62
244
420
659967
6
ByLayer
370
-1
48
1.0
60
0
100
AcDbLine
10
748858.299999695
20
8930449.96999756
30
211.569999957085
11
748855.480911713
21
8930450.26877991
31
200.002305412292
39
0.0
210
0.0
220
0.0
230
1.0
0
TEXT
5
429
330
1A
100
AcDbEntity
67
0
8
Number
62
244
420
659967
6
ByLayer
370
-1
48
1.0
60
0
100
AcDbText
1
54
10
748858.299999695
20
8930450.35099757
30
211.569999957085
40
0.3
41
1.0
50
0.0
51
0.0
7
Standard
11
748858.299999695
21
8930450.35099757
31
211.569999957085
210
0.0
220
0.0
230
1.0
72
0
100
AcDbText
73
0
0
TEXT
5
42A
330
1A
100
AcDbEntity
67
0
8
label
62
1
420
16711680
6
ByLayer
370
-1
48
1.0
60
0
100
AcDbText
1

10
748858.299999695
20
8930450.75099757
30
211.569999957085
40
0.3
41
1.0
50
0.0
51
0.0
7
Standard
11
748858.299999695
21
8930450.75099757
31
211.569999957085
210
0.0
220
0.0
230
1.0
72
0
100
AcDbText
73
0
0
TEXT
5
42B
330
1A
100
AcDbEntity
67
0
8
Length
62
244
420
659967
6
ByLayer
370
-1
48
1.0
60
0
100
AcDbText
1
11.91
10
748858.299999695
20
8930449.21599755
30
211.569999957085
40
0.3
41
1.0
50
0.0
51
0.0
7
Standard
11
748858.299999695
21
8930449.21599755
31
211.569999957085
210
0.0
220
0.0
230
1.0
72
0
100
AcDbText
73
0
0
POLYLINE
5
43A
330
1A
100
AcDbEntity
67
0
8
Real Hole
62
1
420
16711680
6
ByLayer
370
-1
48
1.0
60
0
100
AcDb3dPolyline
10
0.0
20
0.0
30
0.0
70
8
75
0
210
0.0
220
0.0
230
1.0
0
VERTEX
5
42C
100
AcDbEntity
8
Real Hole
62
1
420
16711680
100
AcDbVertex
100
AcDb3dPolylineVertex
10
748858.299999695
20
8930449.96999756
30
211.569999957085
70
32
0
VERTEX
5
42D
100
AcDbEntity
8
Real Hole
62
1
420
16711680
100
AcDbVertex
100
AcDb3dPolylineVertex
10
748857.999174069
20
8930449.92953815
30
210.61717941761
70
32
0
VERTEX
5
42E
100
AcDbEntity
8
Real Hole
62
1
420
16711680
100
AcDbVertex
100
AcDb3dPolylineVertex
10
748857.725507419
20
8930449.90116084
30
209.655773544312
70
32
0
VERTEX
5
42F
100
AcDbEntity
8
Real Hole
62
1
420
16711680
100
AcDbVertex
100
AcDb3dPolylineVertex
10
748857.438702803
20
8930449.86964936
30
208.698302769661
70
32
0
VERTEX
5
430
100
AcDbEntity
8
Real Hole
62
1
420
16711680
100
AcDbVertex
100
AcDb3dPolylineVertex
10
748857.154632072
20
8930449.82206121
30
207.740681195259
70
32
0
VERTEX
5
431
100
AcDbEntity
8
Real Hole
62
1
420
16711680
100
AcDbVertex
100
AcDb3dPolylineVertex
10
748856.89072917
20
8930449.76147397
30
206.778036856651
70
32
0
VERTEX
5
432
100
AcDbEntity
8
Real Hole
62
1
420
16711680
100
AcDbVertex
100
AcDb3dPolylineVertex
10
748856.610314589
20
8930449.73871524
30
205.818427348137
70
32
0
VERTEX
5
433
100
AcDbEntity
8
Real Hole
62
1
420
16711680
100
AcDbVertex
100
AcDb3dPolylineVertex
10
748856.325254302
20
8930449.71978161
30
204.860104823112
70
32
0
VERTEX
5
434
100
AcDbEntity
8
Real Hole
62
1
420
16711680
100
AcDbVertex
100
AcDb3dPolylineVertex
10
748856.020047169
20
8930449.68349591
30
203.90851047039
70
32
0
VERTEX
5
435
100
AcDbEntity
8
Real Hole
62
1
420
16711680
100
AcDbVertex
100
AcDb3dPolylineVertex
10
748855.700682144
20
8930449.63348472
30
202.962199473381
70
32
0
VERTEX
5
436
100
AcDbEntity
8
Real Hole
62
1
420
16711680
100
AcDbVertex
100
AcDb3dPolylineVertex
10
748855.420315247
20
8930449.57440219
30
202.004126811028
70
32
0
VERTEX
5
437
100
AcDbEntity
8
Real Hole
62
1
420
16711680
100
AcDbVertex
100
AcDb3dPolylineVertex
10
748855.12062047
20
8930449.49004889
30
201.053827548027
70
32
0
VERTEX
5
438
100
AcDbEntity
8
Real Hole
62
1
420
16711680
100
AcDbVertex
100
AcDb3dPolylineVertex
10
748855.006235104
20
8930449.45993373
30
200.671716952324
70
32
0
SEQEND
5
439
100
AcDbEntity
8
Real Hole
0
POINT
5
43B
330
1A
100
AcDbEntity
67
0
8
Hole
62
244
420
659967
6
ByLayer
370
-1
48
1.0
60
0
100
AcDbPoint
10
748858.459999542
20
8930451.46000305
30
211.810000085831
39
0.0
210
0.0
220
0.0
230
1.0
50
360.0
0
LINE
5
43C
330
1A
100
AcDbEntity
67
0
8
Theoretical Hole
62
244
420
659967
6
ByLayer
370
-1
48
1.0
60
0
100
AcDbLine
10
748858.459999542
20
8930451.46000305
30
211.810000085831
11
748855.6479039
21
8930451.75804535
31
200.003946685791
39
0.0
210
0.0
220
0.0
230
1.0
0
TEXT
5
43D
330
1A
100
AcDbEntity
67
0
8
Number
62
244
420
659967
6
ByLayer
370
-1
48
1.0
60
0
100
AcDbText
1
55
10
748858.459999542
20
8930451.84100306
30
211.810000085831
40
0.3
41
1.0
50
0.0
51
0.0
7
Standard
11
748858.459999542
21
8930451.84100306
31
211.810000085831
210
0.0
220
0.0
230
1.0
72
0
100
AcDbText
73
0
0
TEXT
5
43E
330
1A
100
AcDbEntity
67
0
8
label
62
1
420
16711680
6
ByLayer
370
-1
48
1.0
60
0
100
AcDbText
1

10
748858.459999542
20
8930452.24100306
30
211.810000085831
40
0.3
41
1.0
50
0.0
51
0.0
7
Standard
11
748858.459999542
21
8930452.24100306
31
211.810000085831
210
0.0
220
0.0
230
1.0
72
0
100
AcDbText
73
0
0
TEXT
5
43F
330
1A
100
AcDbEntity
67
0
8
Length
62
244
420
659967
6
ByLayer
370
-1
48
1.0
60
0
100
AcDbText
1
12.14
10
748858.459999542
20
8930450.70600304
30
211.810000085831
40
0.3
41
1.0
50
0.0
51
0.0
7
Standard
11
748858.459999542
21
8930450.70600304
31
211.810000085831
210
0.0
220
0.0
230
1.0
72
0
100
AcDbText
73
0
0
POLYLINE
5
44E
330
1A
100
AcDbEntity
67
0
8
Real Hole
62
1
420
16711680
6
ByLayer
370
-1
48
1.0
60
0
100
AcDb3dPolyline
10
0.0
20
0.0
30
0.0
70
8
75
0
210
0.0
220
0.0
230
1.0
0
VERTEX
5
440
100
AcDbEntity
8
Real Hole
62
1
420
16711680
100
AcDbVertex
100
AcDb3dPolylineVertex
10
748858.459999542
20
8930451.46000305
30
211.810000085831
70
32
0
VERTEX
5
441
100
AcDbEntity
8
Real Hole
62
1
420
16711680
100
AcDbVertex
100
AcDb3dPolylineVertex
10
748858.173587869
20
8930451.42650937
30
210.852479064465
70
32
0
VERTEX
5
442
100
AcDbEntity
8
Real Hole
62
1
420
16711680
100
AcDbVertex
100
AcDb3dPolylineVertex
10
748857.90843312
20
8930451.40456985
30
209.888522768021
70
32
0
VERTEX
5
443
100
AcDbEntity
8
Real Hole
62
1
420
16711680
100
AcDbVertex
100
AcDb3dPolylineVertex
10
748857.632941048
20
8930451.3793526
30
208.92755022049
70
32
0
VERTEX
5
444
100
AcDbEntity
8
Real Hole
62
1
420
16711680
100
AcDbVertex
100
AcDb3dPolylineVertex
10
748857.355659823
20
8930451.37504506
30
207.966771030426
70
32
0
VERTEX
5
445
100
AcDbEntity
8
Real Hole
62
1
420
16711680
100
AcDbVertex
100
AcDb3dPolylineVertex
10
748857.069872241
20
8930451.36880915
30
207.008498334885
70
32
0
VERTEX
5
446
100
AcDbEntity
8
Real Hole
62
1
420
16711680
100
AcDbVertex
100
AcDb3dPolylineVertex
10
748856.79317687
20
8930451.32176125
30
206.048693323135
70
32
0
VERTEX
5
447
100
AcDbEntity
8
Real Hole
62
1
420
16711680
100
AcDbVertex
100
AcDb3dPolylineVertex
10
748856.526927333
20
8930451.28163734
30
205.085624361038
70
32
0
VERTEX
5
448
100
AcDbEntity
8
Real Hole
62
1
420
16711680
100
AcDbVertex
100
AcDb3dPolylineVertex
10
748856.260956507
20
8930451.24676328
30
204.122274541855
70
32
0
VERTEX
5
449
100
AcDbEntity
8
Real Hole
62
1
420
16711680
100
AcDbVertex
100
AcDb3dPolylineVertex
10
748855.983509521
20
8930451.20549658
30
203.162419939041
70
32
0
VERTEX
5
44A
100
AcDbEntity
8
Real Hole
62
1
420
16711680
100
AcDbVertex
100
AcDb3dPolylineVertex
10
748855.709817629
20
8930451.16405577
30
202.201495790482
70
32
0
VERTEX
5
44B
100
AcDbEntity
8
Real Hole
62
1
420
16711680
100
AcDbVertex
100
AcDb3dPolylineVertex
10
748855.431900482
20
8930451.15260205
30
201.240958833694
70
32
0
VERTEX
5
44C
100
AcDbEntity
8
Real Hole
62
1
420
16711680
100
AcDbVertex
100
AcDb3dPolylineVertex
10
748855.210182886
20
8930451.15236986
30
200.472297334671
70
32
0
SEQEND
5
44D
100
AcDbEntity
8
Real Hole
0
POINT
5
44F
330
1A
100
AcDbEntity
67
0
8
Hole
62
244
420
659967
6
ByLayer
370
-1
48
1.0
60
0
100
AcDbPoint
10
748858.61999939
20
8930452.95000092
30
211.95999994278
39
0.0
210
0.0
220
0.0
230
1.0
50
360.0
0
LINE
5
450
330
1A
100
AcDbEntity
67
0
8
Theoretical Hole
62
244
420
659967
6
ByLayer
370
-1
48
1.0
60
0
100
AcDbLine
10
748858.61999939
20
8930452.95000092
30
211.95999994278
11
748855.812588196
21
8930453.2475473
31
199.998647117615
39
0.0
210
0.0
220
0.0
230
1.0
0
TEXT
5
451
330
1A
100
AcDbEntity
67
0
8
Number
62
244
420
659967
6
ByLayer
370
-1
48
1.0
60
0
100
AcDbText
1
56
10
748858.61999939
20
8930453.33100093
30
211.95999994278
40
0.3
41
1.0
50
0.0
51
0.0
7
Standard
11
748858.61999939
21
8930453.33100093
31
211.95999994278
210
0.0
220
0.0
230
1.0
72
0
100
AcDbText
73
0
0
TEXT
5
452
330
1A
100
AcDbEntity
67
0
8
label
62
1
420
16711680
6
ByLayer
370
-1
48
1.0
60
0
100
AcDbText
1

10
748858.61999939
20
8930453.73100093
30
211.95999994278
40
0.3
41
1.0
50
0.0
51
0.0
7
Standard
11
748858.61999939
21
8930453.73100093
31
211.95999994278
210
0.0
220
0.0
230
1.0
72
0
100
AcDbText
73
0
0
TEXT
5
453
330
1A
100
AcDbEntity
67
0
8
Length
62
244
420
659967
6
ByLayer
370
-1
48
1.0
60
0
100
AcDbText
1
12.29
10
748858.61999939
20
8930452.19600091
30
211.95999994278
40
0.3
41
1.0
50
0.0
51
0.0
7
Standard
11
748858.61999939
21
8930452.19600091
31
211.95999994278
210
0.0
220
0.0
230
1.0
72
0
100
AcDbText
73
0
0
POLYLINE
5
463
330
1A
100
AcDbEntity
67
0
8
Real Hole
62
1
420
16711680
6
ByLayer
370
-1
48
1.0
60
0
100
AcDb3dPolyline
10
0.0
20
0.0
30
0.0
70
8
75
0
210
0.0
220
0.0
230
1.0
0
VERTEX
5
454
100
AcDbEntity
8
Real Hole
62
1
420
16711680
100
AcDbVertex
100
AcDb3dPolylineVertex
10
748858.61999939
20
8930452.95000092
30
211.95999994278
70
32
0
VERTEX
5
455
100
AcDbEntity
8
Real Hole
62
1
420
16711680
100
AcDbVertex
100
AcDb3dPolylineVertex
10
748858.372054573
20
8930453.01003082
30
210.993087434769
70
32
0
VERTEX
5
456
100
AcDbEntity
8
Real Hole
62
1
420
16711680
100
AcDbVertex
100
AcDb3dPolylineVertex
10
748858.120514851
20
8930453.06879736
30
210.027026200295
70
32
0
VERTEX
5
457
100
AcDbEntity
8
Real Hole
62
1
420
16711680
100
AcDbVertex
100
AcDb3dPolylineVertex
10
748857.867144566
20
8930453.08798173
30
209.059847021103
70
32
0
VERTEX
5
458
100
AcDbEntity
8
Real Hole
62
1
420
16711680
100
AcDbVertex
100
AcDb3dPolylineVertex
10
748857.614574294
20
8930453.09737552
30
208.092314147949
70
32
0
VERTEX
5
459
100
AcDbEntity
8
Real Hole
62
1
420
16711680
100
AcDbVertex
100
AcDb3dPolylineVertex
10
748857.366998892
20
8930453.06899272
30
207.123861217499
70
32
0
VERTEX
5
45A
100
AcDbEntity
8
Real Hole
62
1
420
16711680
100
AcDbVertex
100
AcDb3dPolylineVertex
10
748857.123923163
20
8930453.03474418
30
206.154458904266
70
32
0
VERTEX
5
45B
100
AcDbEntity
8
Real Hole
62
1
420
16711680
100
AcDbVertex
100
AcDb3dPolylineVertex
10
748856.861700873
20
8930453.04316809
30
205.189488315582
70
32
0
VERTEX
5
45C
100
AcDbEntity
8
Real Hole
62
1
420
16711680
100
AcDbVertex
100
AcDb3dPolylineVertex
10
748856.633956056
20
8930453.00411617
30
204.216550731659
70
32
0
VERTEX
5
45D
100
AcDbEntity
8
Real Hole
62
1
420
16711680
100
AcDbVertex
100
AcDb3dPolylineVertex
10
748856.398384075
20
8930452.9765678
30
203.245084667206
70
32
0
VERTEX
5
45E
100
AcDbEntity
8
Real Hole
62
1
420
16711680
100
AcDbVertex
100
AcDb3dPolylineVertex
10
748856.152848463
20
8930452.95132411
30
202.276025676727
70
32
0
VERTEX
5
45F
100
AcDbEntity
8
Real Hole
62
1
420
16711680
100
AcDbVertex
100
AcDb3dPolylineVertex
10
748855.869147043
20
8930452.93213254
30
201.317304515839
70
32
0
VERTEX
5
460
100
AcDbEntity
8
Real Hole
62
1
420
16711680
100
AcDbVertex
100
AcDb3dPolylineVertex
10
748855.631988745
20
8930452.93515436
30
200.345838451386
70
32
0
VERTEX
5
461
100
AcDbEntity
8
Real Hole
62
1
420
16711680
100
AcDbVertex
100
AcDb3dPolylineVertex
10
748855.607407551
20
8930452.93526166
30
200.248906993866
70
32
0
SEQEND
5
462
100
AcDbEntity
8
Real Hole
0
POINT
5
464
330
1A
100
AcDbEntity
67
0
8
Hole
62
244
420
659967
6
ByLayer
370
-1
48
1.0
60
0
100
AcDbPoint
10
748858.779999237
20
8930454.43999878
30
211.969999933243
39
0.0
210
0.0
220
0.0
230
1.0
50
360.0
0
LINE
5
465
330
1A
100
AcDbEntity
67
0
8
Theoretical Hole
62
244
420
659967
6
ByLayer
370
-1
48
1.0
60
0
100
AcDbLine
10
748858.779999237
20
8930454.43999878
30
211.969999933243
11
748855.978615265
21
8930454.7369043
31
199.996943855286
39
0.0
210
0.0
220
0.0
230
1.0
0
TEXT
5
466
330
1A
100
AcDbEntity
67
0
8
Number
62
244
420
659967
6
ByLayer
370
-1
48
1.0
60
0
100
AcDbText
1
57
10
748858.779999237
20
8930454.82099879
30
211.969999933243
40
0.3
41
1.0
50
0.0
51
0.0
7
Standard
11
748858.779999237
21
8930454.82099879
31
211.969999933243
210
0.0
220
0.0
230
1.0
72
0
100
AcDbText
73
0
0
TEXT
5
467
330
1A
100
AcDbEntity
67
0
8
label
62
1
420
16711680
6
ByLayer
370
-1
48
1.0
60
0
100
AcDbText
1

10
748858.779999237
20
8930455.22099879
30
211.969999933243
40
0.3
41
1.0
50
0.0
51
0.0
7
Standard
11
748858.779999237
21
8930455.22099879
31
211.969999933243
210
0.0
220
0.0
230
1.0
72
0
100
AcDbText
73
0
0
TEXT
5
468
330
1A
100
AcDbEntity
67
0
8
Length
62
244
420
659967
6
ByLayer
370
-1
48
1.0
60
0
100
AcDbText
1
12.30
10
748858.779999237
20
8930453.68599877
30
211.969999933243
40
0.3
41
1.0
50
0.0
51
0.0
7
Standard
11
748858.779999237
21
8930453.68599877
31
211.969999933243
210
0.0
220
0.0
230
1.0
72
0
100
AcDbText
73
0
0
POLYLINE
5
478
330
1A
100
AcDbEntity
67
0
8
Real Hole
62
1
420
16711680
6
ByLayer
370
-1
48
1.0
60
0
100
AcDb3dPolyline
10
0.0
20
0.0
30
0.0
70
8
75
0
210
0.0
220
0.0
230
1.0
0
VERTEX
5
469
100
AcDbEntity
8
Real Hole
62
1
420
16711680
100
AcDbVertex
100
AcDb3dPolylineVertex
10
748858.779999237
20
8930454.43999878
30
211.969999933243
70
32
0
VERTEX
5
46A
100
AcDbEntity
8
Real Hole
62
1
420
16711680
100
AcDbVertex
100
AcDb3dPolylineVertex
10
748858.583284582
20
8930454.5217624
30
210.992954337597
70
32
0
VERTEX
5
46B
100
AcDbEntity
8
Real Hole
62
1
420
16711680
100
AcDbVertex
100
AcDb3dPolylineVertex
10
748858.370274107
20
8930454.60165808
30
210.019176506996
70
32
0
VERTEX
5
46C
100
AcDbEntity
8
Real Hole
62
1
420
16711680
100
AcDbVertex
100
AcDb3dPolylineVertex
10
748858.148371618
20
8930454.67893276
30
209.047174596787
70
32
0
VERTEX
5
46D
100
AcDbEntity
8
Real Hole
62
1
420
16711680
100
AcDbVertex
100
AcDb3dPolylineVertex
10
748857.913943868
20
8930454.71711174
30
208.075791025162
70
32
0
VERTEX
5
46E
100
AcDbEntity
8
Real Hole
62
1
420
16711680
100
AcDbVertex
100
AcDb3dPolylineVertex
10
748857.684394102
20
8930454.72568947
30
207.102532052994
70
32
0
VERTEX
5
46F
100
AcDbEntity
8
Real Hole
62
1
420
16711680
100
AcDbVertex
100
AcDb3dPolylineVertex
10
748857.46984766
20
8930454.7228809
30
206.125822210312
70
32
0
VERTEX
5
470
100
AcDbEntity
8
Real Hole
62
1
420
16711680
100
AcDbVertex
100
AcDb3dPolylineVertex
10
748857.251054387
20
8930454.72658536
30
205.150057935715
70
32
0
VERTEX
5
471
100
AcDbEntity
8
Real Hole
62
1
420
16711680
100
AcDbVertex
100
AcDb3dPolylineVertex
10
748857.038758855
20
8930454.74426312
30
204.173012399673
70
32
0
VERTEX
5
472
100
AcDbEntity
8
Real Hole
62
1
420
16711680
100
AcDbVertex
100
AcDb3dPolylineVertex
10
748856.824416022
20
8930454.79465524
30
203.197554254532
70
32
0
VERTEX
5
473
100
AcDbEntity
8
Real Hole
62
1
420
16711680
100
AcDbVertex
100
AcDb3dPolylineVertex
10
748856.602093439
20
8930454.85107667
30
202.224215173721
70
32
0
VERTEX
5
474
100
AcDbEntity
8
Real Hole
62
1
420
16711680
100
AcDbVertex
100
AcDb3dPolylineVertex
10
748856.39479373
20
8930454.90015665
30
201.247170114517
70
32
0
VERTEX
5
475
100
AcDbEntity
8
Real Hole
62
1
420
16711680
100
AcDbVertex
100
AcDb3dPolylineVertex
10
748856.184290628
20
8930454.94976238
30
200.270835542679
70
32
0
VERTEX
5
476
100
AcDbEntity
8
Real Hole
62
1
420
16711680
100
AcDbVertex
100
AcDb3dPolylineVertex
10
748856.141454439
20
8930454.9606891
30
200.075783395767
70
32
0
SEQEND
5
477
100
AcDbEntity
8
Real Hole
0
POINT
5
479
330
1A
100
AcDbEntity
67
0
8
Hole
62
244
420
659967
6
ByLayer
370
-1
48
1.0
60
0
100
AcDbPoint
10
748858.930000763
20
8930455.92999664
30
212.030000114441
39
0.0
210
0.0
220
0.0
230
1.0
50
360.0
0
LINE
5
47A
330
1A
100
AcDbEntity
67
0
8
Theoretical Hole
62
244
420
659967
6
ByLayer
370
-1
48
1.0
60
0
100
AcDbLine
10
748858.930000763
20
8930455.92999664
30
212.030000114441
11
748856.133923035
21
8930456.22634522
31
200.004334831238
39
0.0
210
0.0
220
0.0
230
1.0
0
TEXT
5
47B
330
1A
100
AcDbEntity
67
0
8
Number
62
244
420
659967
6
ByLayer
370
-1
48
1.0
60
0
100
AcDbText
1
58
10
748858.930000763
20
8930456.31099666
30
212.030000114441
40
0.3
41
1.0
50
0.0
51
0.0
7
Standard
11
748858.930000763
21
8930456.31099666
31
212.030000114441
210
0.0
220
0.0
230
1.0
72
0
100
AcDbText
73
0
0
TEXT
5
47C
330
1A
100
AcDbEntity
67
0
8
label
62
1
420
16711680
6
ByLayer
370
-1
48
1.0
60
0
100
AcDbText
1

10
748858.930000763
20
8930456.71099666
30
212.030000114441
40
0.3
41
1.0
50
0.0
51
0.0
7
Standard
11
748858.930000763
21
8930456.71099666
31
212.030000114441
210
0.0
220
0.0
230
1.0
72
0
100
AcDbText
73
0
0
TEXT
5
47D
330
1A
100
AcDbEntity
67
0
8
Length
62
244
420
659967
6
ByLayer
370
-1
48
1.0
60
0
100
AcDbText
1
12.35
10
748858.930000763
20
8930455.17599664
30
212.030000114441
40
0.3
41
1.0
50
0.0
51
0.0
7
Standard
11
748858.930000763
21
8930455.17599664
31
212.030000114441
210
0.0
220
0.0
230
1.0
72
0
100
AcDbText
73
0
0
POLYLINE
5
48D
330
1A
100
AcDbEntity
67
0
8
Real Hole
62
1
420
16711680
6
ByLayer
370
-1
48
1.0
60
0
100
AcDb3dPolyline
10
0.0
20
0.0
30
0.0
70
8
75
0
210
0.0
220
0.0
230
1.0
0
VERTEX
5
47E
100
AcDbEntity
8
Real Hole
62
1
420
16711680
100
AcDbVertex
100
AcDb3dPolylineVertex
10
748858.930000763
20
8930455.92999664
30
212.030000114441
70
32
0
VERTEX
5
47F
100
AcDbEntity
8
Real Hole
62
1
420
16711680
100
AcDbVertex
100
AcDb3dPolylineVertex
10
748858.69530965
20
8930455.90694368
30
211.058203482628
70
32
0
VERTEX
5
480
100
AcDbEntity
8
Real Hole
62
1
420
16711680
100
AcDbVertex
100
AcDb3dPolylineVertex
10
748858.458795946
20
8930455.89164898
30
210.086695694923
70
32
0
VERTEX
5
481
100
AcDbEntity
8
Real Hole
62
1
420
16711680
100
AcDbVertex
100
AcDb3dPolylineVertex
10
748858.20774893
20
8930455.88954571
30
209.118723058701
70
32
0
VERTEX
5
482
100
AcDbEntity
8
Real Hole
62
1
420
16711680
100
AcDbVertex
100
AcDb3dPolylineVertex
10
748857.959790807
20
8930455.93581548
30
208.151057863235
70
32
0
VERTEX
5
483
100
AcDbEntity
8
Real Hole
62
1
420
16711680
100
AcDbVertex
100
AcDb3dPolylineVertex
10
748857.706225138
20
8930455.94568951
30
207.183790111542
70
32
0
VERTEX
5
484
100
AcDbEntity
8
Real Hole
62
1
420
16711680
100
AcDbVertex
100
AcDb3dPolylineVertex
10
748857.456222873
20
8930455.91623251
30
206.215993309021
70
32
0
VERTEX
5
485
100
AcDbEntity
8
Real Hole
62
1
420
16711680
100
AcDbVertex
100
AcDb3dPolylineVertex
10
748857.196035247
20
8930455.88828866
30
205.250839614868
70
32
0
VERTEX
5
486
100
AcDbEntity
8
Real Hole
62
1
420
16711680
100
AcDbVertex
100
AcDb3dPolylineVertex
10
748856.931586843
20
8930455.90015848
30
204.286512756348
70
32
0
VERTEX
5
487
100
AcDbEntity
8
Real Hole
62
1
420
16711680
100
AcDbVertex
100
AcDb3dPolylineVertex
10
748856.66275404
20
8930455.93645833
30
203.324010276794
70
32
0
VERTEX
5
488
100
AcDbEntity
8
Real Hole
62
1
420
16711680
100
AcDbVertex
100
AcDb3dPolylineVertex
10
748856.398203831
20
8930455.96314381
30
202.360007667542
70
32
0
VERTEX
5
489
100
AcDbEntity
8
Real Hole
62
1
420
16711680
100
AcDbVertex
100
AcDb3dPolylineVertex
10
748856.124679785
20
8930455.9895775
30
201.398505592346
70
32
0
VERTEX
5
48A
100
AcDbEntity
8
Real Hole
62
1
420
16711680
100
AcDbVertex
100
AcDb3dPolylineVertex
10
748855.869308691
20
8930456.00072724
30
200.431726837158
70
32
0
VERTEX
5
48B
100
AcDbEntity
8
Real Hole
62
1
420
16711680
100
AcDbVertex
100
AcDb3dPolylineVertex
10
748855.815659266
20
8930456.00076468
30
200.239056968689
70
32
0
SEQEND
5
48C
100
AcDbEntity
8
Real Hole
0
POINT
5
48E
330
1A
100
AcDbEntity
67
0
8
Hole
62
244
420
659967
6
ByLayer
370
-1
48
1.0
60
0
100
AcDbPoint
10
748859.09000061
20
8930457.42999664
30
211.939999961853
39
0.0
210
0.0
220
0.0
230
1.0
50
360.0
0
LINE
5
48F
330
1A
100
AcDbEntity
67
0
8
Theoretical Hole
62
244
420
659967
6
ByLayer
370
-1
48
1.0
60
0
100
AcDbLine
10
748859.09000061
20
8930457.42999664
30
211.939999961853
11
748856.297522049
21
8930457.72596375
31
199.99565448761
39
0.0
210
0.0
220
0.0
230
1.0
0
TEXT
5
490
330
1A
100
AcDbEntity
67
0
8
Number
62
244
420
659967
6
ByLayer
370
-1
48
1.0
60
0
100
AcDbText
1
59
10
748859.09000061
20
8930457.81099666
30
211.939999961853
40
0.3
41
1.0
50
0.0
51
0.0
7
Standard
11
748859.09000061
21
8930457.81099666
31
211.939999961853
210
0.0
220
0.0
230
1.0
72
0
100
AcDbText
73
0
0
TEXT
5
491
330
1A
100
AcDbEntity
67
0
8
label
62
1
420
16711680
6
ByLayer
370
-1
48
1.0
60
0
100
AcDbText
1

10
748859.09000061
20
8930458.21099666
30
211.939999961853
40
0.3
41
1.0
50
0.0
51
0.0
7
Standard
11
748859.09000061
21
8930458.21099666
31
211.939999961853
210
0.0
220
0.0
230
1.0
72
0
100
AcDbText
73
0
0
TEXT
5
492
330
1A
100
AcDbEntity
67
0
8
Length
62
244
420
659967
6
ByLayer
370
-1
48
1.0
60
0
100
AcDbText
1
12.27
10
748859.09000061
20
8930456.67599664
30
211.939999961853
40
0.3
41
1.0
50
0.0
51
0.0
7
Standard
11
748859.09000061
21
8930456.67599664
31
211.939999961853
210
0.0
220
0.0
230
1.0
72
0
100
AcDbText
73
0
0
POLYLINE
5
4A1
330
1A
100
AcDbEntity
67
0
8
Real Hole
62
1
420
16711680
6
ByLayer
370
-1
48
1.0
60
0
100
AcDb3dPolyline
10
0.0
20
0.0
30
0.0
70
8
75
0
210
0.0
220
0.0
230
1.0
0
VERTEX
5
493
100
AcDbEntity
8
Real Hole
62
1
420
16711680
100
AcDbVertex
100
AcDb3dPolylineVertex
10
748859.09000061
20
8930457.42999664
30
211.939999961853
70
32
0
VERTEX
5
494
100
AcDbEntity
8
Real Hole
62
1
420
16711680
100
AcDbVertex
100
AcDb3dPolylineVertex
10
748858.865101497
20
8930457.48229092
30
210.967022204399
70
32
0
VERTEX
5
495
100
AcDbEntity
8
Real Hole
62
1
420
16711680
100
AcDbVertex
100
AcDb3dPolylineVertex
10
748858.625740449
20
8930457.5452647
30
209.998135948181
70
32
0
VERTEX
5
496
100
AcDbEntity
8
Real Hole
62
1
420
16711680
100
AcDbVertex
100
AcDb3dPolylineVertex
10
748858.397701364
20
8930457.62081385
30
209.027419471741
70
32
0
VERTEX
5
497
100
AcDbEntity
8
Real Hole
62
1
420
16711680
100
AcDbVertex
100
AcDb3dPolylineVertex
10
748858.147930245
20
8930457.66656533
30
208.060196065903
70
32
0
VERTEX
5
498
100
AcDbEntity
8
Real Hole
62
1
420
16711680
100
AcDbVertex
100
AcDb3dPolylineVertex
10
748857.893159966
20
8930457.66701001
30
207.093194389343
70
32
0
VERTEX
5
499
100
AcDbEntity
8
Real Hole
62
1
420
16711680
100
AcDbVertex
100
AcDb3dPolylineVertex
10
748857.657183628
20
8930457.65129513
30
206.121562862396
70
32
0
VERTEX
5
49A
100
AcDbEntity
8
Real Hole
62
1
420
16711680
100
AcDbVertex
100
AcDb3dPolylineVertex
10
748857.430233698
20
8930457.67655115
30
205.147983932495
70
32
0
VERTEX
5
49B
100
AcDbEntity
8
Real Hole
62
1
420
16711680
100
AcDbVertex
100
AcDb3dPolylineVertex
10
748857.190446358
20
8930457.72498793
30
204.178367519379
70
32
0
VERTEX
5
49C
100
AcDbEntity
8
Real Hole
62
1
420
16711680
100
AcDbVertex
100
AcDb3dPolylineVertex
10
748856.941350918
20
8930457.76359445
30
203.210658454895
70
32
0
VERTEX
5
49D
100
AcDbEntity
8
Real Hole
62
1
420
16711680
100
AcDbVertex
100
AcDb3dPolylineVertex
10
748856.690248947
20
8930457.79651893
30
202.243257904053
70
32
0
VERTEX
5
49E
100
AcDbEntity
8
Real Hole
62
1
420
16711680
100
AcDbVertex
100
AcDb3dPolylineVertex
10
748856.459117155
20
8930457.83163956
30
201.270969772339
70
32
0
VERTEX
5
49F
100
AcDbEntity
8
Real Hole
62
1
420
16711680
100
AcDbVertex
100
AcDb3dPolylineVertex
10
748856.214054804
20
8930457.88538549
30
200.302953147888
70
32
0
SEQEND
5
4A0
100
AcDbEntity
8
Real Hole
0
POINT
5
4A2
330
1A
100
AcDbEntity
67
0
8
Hole
62
244
420
659967
6
ByLayer
370
-1
48
1.0
60
0
100
AcDbPoint
10
748859.250000458
20
8930458.92000214
30
211.62000002861
39
0.0
210
0.0
220
0.0
230
1.0
50
360.0
0
LINE
5
4A3
330
1A
100
AcDbEntity
67
0
8
Theoretical Hole
62
244
420
659967
6
ByLayer
370
-1
48
1.0
60
0
100
AcDbLine
10
748859.250000458
20
8930458.92000214
30
211.62000002861
11
748856.465782623
21
8930459.21509186
31
200.002617263794
39
0.0
210
0.0
220
0.0
230
1.0
0
TEXT
5
4A4
330
1A
100
AcDbEntity
67
0
8
Number
62
244
420
659967
6
ByLayer
370
-1
48
1.0
60
0
100
AcDbText
1
60
10
748859.250000458
20
8930459.30100215
30
211.62000002861
40
0.3
41
1.0
50
0.0
51
0.0
7
Standard
11
748859.250000458
21
8930459.30100215
31
211.62000002861
210
0.0
220
0.0
230
1.0
72
0
100
AcDbText
73
0
0
TEXT
5
4A5
330
1A
100
AcDbEntity
67
0
8
label
62
1
420
16711680
6
ByLayer
370
-1
48
1.0
60
0
100
AcDbText
1

10
748859.250000458
20
8930459.70100215
30
211.62000002861
40
0.3
41
1.0
50
0.0
51
0.0
7
Standard
11
748859.250000458
21
8930459.70100215
31
211.62000002861
210
0.0
220
0.0
230
1.0
72
0
100
AcDbText
73
0
0
TEXT
5
4A6
330
1A
100
AcDbEntity
67
0
8
Length
62
244
420
659967
6
ByLayer
370
-1
48
1.0
60
0
100
AcDbText
1
11.95
10
748859.250000458
20
8930458.16600213
30
211.62000002861
40
0.3
41
1.0
50
0.0
51
0.0
7
Standard
11
748859.250000458
21
8930458.16600213
31
211.62000002861
210
0.0
220
0.0
230
1.0
72
0
100
AcDbText
73
0
0
POLYLINE
5
4B5
330
1A
100
AcDbEntity
67
0
8
Real Hole
62
1
420
16711680
6
ByLayer
370
-1
48
1.0
60
0
100
AcDb3dPolyline
10
0.0
20
0.0
30
0.0
70
8
75
0
210
0.0
220
0.0
230
1.0
0
VERTEX
5
4A7
100
AcDbEntity
8
Real Hole
62
1
420
16711680
100
AcDbVertex
100
AcDb3dPolylineVertex
10
748859.250000458
20
8930458.92000214
30
211.62000002861
70
32
0
VERTEX
5
4A8
100
AcDbEntity
8
Real Hole
62
1
420
16711680
100
AcDbVertex
100
AcDb3dPolylineVertex
10
748858.972103994
20
8930458.86300875
30
210.661081218719
70
32
0
VERTEX
5
4A9
100
AcDbEntity
8
Real Hole
62
1
420
16711680
100
AcDbVertex
100
AcDb3dPolylineVertex
10
748858.674597661
20
8930458.77584276
30
209.71034886837
70
32
0
VERTEX
5
4AA
100
AcDbEntity
8
Real Hole
62
1
420
16711680
100
AcDbVertex
100
AcDb3dPolylineVertex
10
748858.422131639
20
8930458.72199518
30
208.744242572784
70
32
0
VERTEX
5
4AB
100
AcDbEntity
8
Real Hole
62
1
420
16711680
100
AcDbVertex
100
AcDb3dPolylineVertex
10
748858.156292181
20
8930458.70233314
30
207.780425691605
70
32
0
VERTEX
5
4AC
100
AcDbEntity
8
Real Hole
62
1
420
16711680
100
AcDbVertex
100
AcDb3dPolylineVertex
10
748857.876890759
20
8930458.6740018
30
206.820669317245
70
32
0
VERTEX
5
4AD
100
AcDbEntity
8
Real Hole
62
1
420
16711680
100
AcDbVertex
100
AcDb3dPolylineVertex
10
748857.593599658
20
8930458.59276942
30
205.865081930161
70
32
0
VERTEX
5
4AE
100
AcDbEntity
8
Real Hole
62
1
420
16711680
100
AcDbVertex
100
AcDb3dPolylineVertex
10
748857.329386215
20
8930458.49858329
30
204.905227804184
70
32
0
VERTEX
5
4AF
100
AcDbEntity
8
Real Hole
62
1
420
16711680
100
AcDbVertex
100
AcDb3dPolylineVertex
10
748857.063414793
20
8930458.43290985
30
203.943486356735
70
32
0
VERTEX
5
4B0
100
AcDbEntity
8
Real Hole
62
1
420
16711680
100
AcDbVertex
100
AcDb3dPolylineVertex
10
748856.789814692
20
8930458.39946136
30
202.982224607468
70
32
0
VERTEX
5
4B1
100
AcDbEntity
8
Real Hole
62
1
420
16711680
100
AcDbVertex
100
AcDb3dPolylineVertex
10
748856.499692659
20
8930458.36912188
30
202.025715970993
70
32
0
VERTEX
5
4B2
100
AcDbEntity
8
Real Hole
62
1
420
16711680
100
AcDbVertex
100
AcDb3dPolylineVertex
10
748856.204261045
20
8930458.33237633
30
201.071059370041
70
32
0
VERTEX
5
4B3
100
AcDbEntity
8
Real Hole
62
1
420
16711680
100
AcDbVertex
100
AcDb3dPolylineVertex
10
748855.968380909
20
8930458.29167512
30
200.307708883286
70
32
0
SEQEND
5
4B4
100
AcDbEntity
8
Real Hole
0
POINT
5
4B6
330
1A
100
AcDbEntity
67
0
8
Hole
62
244
420
659967
6
ByLayer
370
-1
48
1.0
60
0
100
AcDbPoint
10
748859.410000305
20
8930460.41
30
211.610000038147
39
0.0
210
0.0
220
0.0
230
1.0
50
360.0
0
LINE
5
4B7
330
1A
100
AcDbEntity
67
0
8
Theoretical Hole
62
244
420
659967
6
ByLayer
370
-1
48
1.0
60
0
100
AcDbLine
10
748859.410000305
20
8930460.41
30
211.610000038147
11
748856.630127411
21
8930460.70463196
31
200.001853370667
39
0.0
210
0.0
220
0.0
230
1.0
0
TEXT
5
4B8
330
1A
100
AcDbEntity
67
0
8
Number
62
244
420
659967
6
ByLayer
370
-1
48
1.0
60
0
100
AcDbText
1
61
10
748859.410000305
20
8930460.79100001
30
211.610000038147
40
0.3
41
1.0
50
0.0
51
0.0
7
Standard
11
748859.410000305
21
8930460.79100001
31
211.610000038147
210
0.0
220
0.0
230
1.0
72
0
100
AcDbText
73
0
0
TEXT
5
4B9
330
1A
100
AcDbEntity
67
0
8
label
62
1
420
16711680
6
ByLayer
370
-1
48
1.0
60
0
100
AcDbText
1

10
748859.410000305
20
8930461.19100001
30
211.610000038147
40
0.3
41
1.0
50
0.0
51
0.0
7
Standard
11
748859.410000305
21
8930461.19100001
31
211.610000038147
210
0.0
220
0.0
230
1.0
72
0
100
AcDbText
73
0
0
TEXT
5
4BA
330
1A
100
AcDbEntity
67
0
8
Length
62
244
420
659967
6
ByLayer
370
-1
48
1.0
60
0
100
AcDbText
1
11.94
10
748859.410000305
20
8930459.65599999
30
211.610000038147
40
0.3
41
1.0
50
0.0
51
0.0
7
Standard
11
748859.410000305
21
8930459.65599999
31
211.610000038147
210
0.0
220
0.0
230
1.0
72
0
100
AcDbText
73
0
0
POLYLINE
5
4C9
330
1A
100
AcDbEntity
67
0
8
Real Hole
62
1
420
16711680
6
ByLayer
370
-1
48
1.0
60
0
100
AcDb3dPolyline
10
0.0
20
0.0
30
0.0
70
8
75
0
210
0.0
220
0.0
230
1.0
0
VERTEX
5
4BB
100
AcDbEntity
8
Real Hole
62
1
420
16711680
100
AcDbVertex
100
AcDb3dPolylineVertex
10
748859.410000305
20
8930460.41
30
211.610000038147
70
32
0
VERTEX
5
4BC
100
AcDbEntity
8
Real Hole
62
1
420
16711680
100
AcDbVertex
100
AcDb3dPolylineVertex
10
748859.156580012
20
8930460.40995573
30
210.642643773556
70
32
0
VERTEX
5
4BD
100
AcDbEntity
8
Real Hole
62
1
420
16711680
100
AcDbVertex
100
AcDb3dPolylineVertex
10
748858.90858088
20
8930460.40727204
30
209.673887276649
70
32
0
VERTEX
5
4BE
100
AcDbEntity
8
Real Hole
62
1
420
16711680
100
AcDbVertex
100
AcDb3dPolylineVertex
10
748858.642040651
20
8930460.40359668
30
208.710070514679
70
32
0
VERTEX
5
4BF
100
AcDbEntity
8
Real Hole
62
1
420
16711680
100
AcDbVertex
100
AcDb3dPolylineVertex
10
748858.378197293
20
8930460.3996362
30
207.745513105392
70
32
0
VERTEX
5
4C0
100
AcDbEntity
8
Real Hole
62
1
420
16711680
100
AcDbVertex
100
AcDb3dPolylineVertex
10
748858.103099565
20
8930460.39517058
30
206.784107112885
70
32
0
VERTEX
5
4C1
100
AcDbEntity
8
Real Hole
62
1
420
16711680
100
AcDbVertex
100
AcDb3dPolylineVertex
10
748857.829185467
20
8930460.39019806
30
205.822365665436
70
32
0
VERTEX
5
4C2
100
AcDbEntity
8
Real Hole
62
1
420
16711680
100
AcDbVertex
100
AcDb3dPolylineVertex
10
748857.557411652
20
8930460.38901222
30
204.860005283356
70
32
0
VERTEX
5
4C3
100
AcDbEntity
8
Real Hole
62
1
420
16711680
100
AcDbVertex
100
AcDb3dPolylineVertex
10
748857.282618027
20
8930460.38738156
30
203.898503684998
70
32
0
VERTEX
5
4C4
100
AcDbEntity
8
Real Hole
62
1
420
16711680
100
AcDbVertex
100
AcDb3dPolylineVertex
10
748856.995593052
20
8930460.38658001
30
202.940580749512
70
32
0
VERTEX
5
4C5
100
AcDbEntity
8
Real Hole
62
1
420
16711680
100
AcDbVertex
100
AcDb3dPolylineVertex
10
748856.706454258
20
8930460.38067481
30
201.983312034607
70
32
0
VERTEX
5
4C6
100
AcDbEntity
8
Real Hole
62
1
420
16711680
100
AcDbVertex
100
AcDb3dPolylineVertex
10
748856.432431679
20
8930460.37311646
30
201.021618270874
70
32
0
VERTEX
5
4C7
100
AcDbEntity
8
Real Hole
62
1
420
16711680
100
AcDbVertex
100
AcDb3dPolylineVertex
10
748856.3751509
20
8930460.3705454
30
200.830013656616
70
32
0
SEQEND
5
4C8
100
AcDbEntity
8
Real Hole
0
POINT
5
4CA
330
1A
100
AcDbEntity
67
0
8
Hole
62
244
420
659967
6
ByLayer
370
-1
48
1.0
60
0
100
AcDbPoint
10
748859.570000153
20
8930461.89999786
30
211.759999895096
39
0.0
210
0.0
220
0.0
230
1.0
50
360.0
0
LINE
5
4CB
330
1A
100
AcDbEntity
67
0
8
Theoretical Hole
62
244
420
659967
6
ByLayer
370
-1
48
1.0
60
0
100
AcDbLine
10
748859.570000153
20
8930461.89999786
30
211.759999895096
11
748856.79627655
21
8930462.19397369
31
200.006428146362
39
0.0
210
0.0
220
0.0
230
1.0
0
TEXT
5
4CC
330
1A
100
AcDbEntity
67
0
8
Number
62
244
420
659967
6
ByLayer
370
-1
48
1.0
60
0
100
AcDbText
1
62
10
748859.570000153
20
8930462.28099788
30
211.759999895096
40
0.3
41
1.0
50
0.0
51
0.0
7
Standard
11
748859.570000153
21
8930462.28099788
31
211.759999895096
210
0.0
220
0.0
230
1.0
72
0
100
AcDbText
73
0
0
TEXT
5
4CD
330
1A
100
AcDbEntity
67
0
8
label
62
1
420
16711680
6
ByLayer
370
-1
48
1.0
60
0
100
AcDbText
1

10
748859.570000153
20
8930462.68099788
30
211.759999895096
40
0.3
41
1.0
50
0.0
51
0.0
7
Standard
11
748859.570000153
21
8930462.68099788
31
211.759999895096
210
0.0
220
0.0
230
1.0
72
0
100
AcDbText
73
0
0
TEXT
5
4CE
330
1A
100
AcDbEntity
67
0
8
Length
62
244
420
659967
6
ByLayer
370
-1
48
1.0
60
0
100
AcDbText
1
12.08
10
748859.570000153
20
8930461.14599786
30
211.759999895096
40
0.3
41
1.0
50
0.0
51
0.0
7
Standard
11
748859.570000153
21
8930461.14599786
31
211.759999895096
210
0.0
220
0.0
230
1.0
72
0
100
AcDbText
73
0
0
POLYLINE
5
4DD
330
1A
100
AcDbEntity
67
0
8
Real Hole
62
1
420
16711680
6
ByLayer
370
-1
48
1.0
60
0
100
AcDb3dPolyline
10
0.0
20
0.0
30
0.0
70
8
75
0
210
0.0
220
0.0
230
1.0
0
VERTEX
5
4CF
100
AcDbEntity
8
Real Hole
62
1
420
16711680
100
AcDbVertex
100
AcDb3dPolylineVertex
10
748859.570000153
20
8930461.89999786
30
211.759999895096
70
32
0
VERTEX
5
4D0
100
AcDbEntity
8
Real Hole
62
1
420
16711680
100
AcDbVertex
100
AcDb3dPolylineVertex
10
748859.312220972
20
8930461.97235921
30
210.79650952816
70
32
0
VERTEX
5
4D1
100
AcDbEntity
8
Real Hole
62
1
420
16711680
100
AcDbVertex
100
AcDb3dPolylineVertex
10
748859.061840873
20
8930462.04785806
30
209.831310176849
70
32
0
VERTEX
5
4D2
100
AcDbEntity
8
Real Hole
62
1
420
16711680
100
AcDbVertex
100
AcDb3dPolylineVertex
10
748858.794561009
20
8930462.12784252
30
208.871016407013
70
32
0
VERTEX
5
4D3
100
AcDbEntity
8
Real Hole
62
1
420
16711680
100
AcDbVertex
100
AcDb3dPolylineVertex
10
748858.515578132
20
8930462.18780411
30
207.912594223022
70
32
0
VERTEX
5
4D4
100
AcDbEntity
8
Real Hole
62
1
420
16711680
100
AcDbVertex
100
AcDb3dPolylineVertex
10
748858.232270937
20
8930462.22948769
30
206.954471254349
70
32
0
VERTEX
5
4D5
100
AcDbEntity
8
Real Hole
62
1
420
16711680
100
AcDbVertex
100
AcDb3dPolylineVertex
10
748857.962483983
20
8930462.25252173
30
205.991826677322
70
32
0
VERTEX
5
4D6
100
AcDbEntity
8
Real Hole
62
1
420
16711680
100
AcDbVertex
100
AcDb3dPolylineVertex
10
748857.68477128
20
8930462.30957842
30
205.032858514786
70
32
0
VERTEX
5
4D7
100
AcDbEntity
8
Real Hole
62
1
420
16711680
100
AcDbVertex
100
AcDb3dPolylineVertex
10
748857.397841673
20
8930462.37308416
30
204.077014112473
70
32
0
VERTEX
5
4D8
100
AcDbEntity
8
Real Hole
62
1
420
16711680
100
AcDbVertex
100
AcDb3dPolylineVertex
10
748857.112891655
20
8930462.43391207
30
203.120403909683
70
32
0
VERTEX
5
4D9
100
AcDbEntity
8
Real Hole
62
1
420
16711680
100
AcDbVertex
100
AcDb3dPolylineVertex
10
748856.834414701
20
8930462.48436919
30
202.161286973953
70
32
0
VERTEX
5
4DA
100
AcDbEntity
8
Real Hole
62
1
420
16711680
100
AcDbVertex
100
AcDb3dPolylineVertex
10
748856.544977169
20
8930462.53327176
30
201.205340051651
70
32
0
VERTEX
5
4DB
100
AcDbEntity
8
Real Hole
62
1
420
16711680
100
AcDbVertex
100
AcDb3dPolylineVertex
10
748856.284605007
20
8930462.57618943
30
200.344895982742
70
32
0
SEQEND
5
4DC
100
AcDbEntity
8
Real Hole
0
POINT
5
4DE
330
1A
100
AcDbEntity
67
0
8
Hole
62
244
420
659967
6
ByLayer
370
-1
48
1.0
60
0
100
AcDbPoint
10
748859.719999771
20
8930463.39000336
30
211.689999961853
39
0.0
210
0.0
220
0.0
230
1.0
50
360.0
0
LINE
5
4DF
330
1A
100
AcDbEntity
67
0
8
Theoretical Hole
62
244
420
659967
6
ByLayer
370
-1
48
1.0
60
0
100
AcDbLine
10
748859.719999771
20
8930463.39000336
30
211.689999961853
11
748856.95220993
21
8930463.68335358
31
200.006961250305
39
0.0
210
0.0
220
0.0
230
1.0
0
TEXT
5
4E0
330
1A
100
AcDbEntity
67
0
8
Number
62
244
420
659967
6
ByLayer
370
-1
48
1.0
60
0
100
AcDbText
1
63
10
748859.719999771
20
8930463.77100337
30
211.689999961853
40
0.3
41
1.0
50
0.0
51
0.0
7
Standard
11
748859.719999771
21
8930463.77100337
31
211.689999961853
210
0.0
220
0.0
230
1.0
72
0
100
AcDbText
73
0
0
TEXT
5
4E1
330
1A
100
AcDbEntity
67
0
8
label
62
1
420
16711680
6
ByLayer
370
-1
48
1.0
60
0
100
AcDbText
1

10
748859.719999771
20
8930464.17100337
30
211.689999961853
40
0.3
41
1.0
50
0.0
51
0.0
7
Standard
11
748859.719999771
21
8930464.17100337
31
211.689999961853
210
0.0
220
0.0
230
1.0
72
0
100
AcDbText
73
0
0
TEXT
5
4E2
330
1A
100
AcDbEntity
67
0
8
Length
62
244
420
659967
6
ByLayer
370
-1
48
1.0
60
0
100
AcDbText
1
12.01
10
748859.719999771
20
8930462.63600335
30
211.689999961853
40
0.3
41
1.0
50
0.0
51
0.0
7
Standard
11
748859.719999771
21
8930462.63600335
31
211.689999961853
210
0.0
220
0.0
230
1.0
72
0
100
AcDbText
73
0
0
POLYLINE
5
4F0
330
1A
100
AcDbEntity
67
0
8
Real Hole
62
1
420
16711680
6
ByLayer
370
-1
48
1.0
60
0
100
AcDb3dPolyline
10
0.0
20
0.0
30
0.0
70
8
75
0
210
0.0
220
0.0
230
1.0
0
VERTEX
5
4E3
100
AcDbEntity
8
Real Hole
62
1
420
16711680
100
AcDbVertex
100
AcDb3dPolylineVertex
10
748859.719999771
20
8930463.39000336
30
211.689999961853
70
32
0
VERTEX
5
4E4
100
AcDbEntity
8
Real Hole
62
1
420
16711680
100
AcDbVertex
100
AcDb3dPolylineVertex
10
748859.489150982
20
8930463.40008243
30
210.717062556744
70
32
0
VERTEX
5
4E5
100
AcDbEntity
8
Real Hole
62
1
420
16711680
100
AcDbVertex
100
AcDb3dPolylineVertex
10
748859.268341135
20
8930463.41815868
30
209.741913223267
70
32
0
VERTEX
5
4E6
100
AcDbEntity
8
Real Hole
62
1
420
16711680
100
AcDbVertex
100
AcDb3dPolylineVertex
10
748859.04707871
20
8930463.44520871
30
208.767074012756
70
32
0
VERTEX
5
4E7
100
AcDbEntity
8
Real Hole
62
1
420
16711680
100
AcDbVertex
100
AcDb3dPolylineVertex
10
748858.79768924
20
8930463.47689078
30
207.79918923378
70
32
0
VERTEX
5
4E8
100
AcDbEntity
8
Real Hole
62
1
420
16711680
100
AcDbVertex
100
AcDb3dPolylineVertex
10
748858.538079243
20
8930463.48759004
30
206.83353509903
70
32
0
VERTEX
5
4E9
100
AcDbEntity
8
Real Hole
62
1
420
16711680
100
AcDbVertex
100
AcDb3dPolylineVertex
10
748858.300803285
20
8930463.48179116
30
205.862110042572
70
32
0
VERTEX
5
4EA
100
AcDbEntity
8
Real Hole
62
1
420
16711680
100
AcDbVertex
100
AcDb3dPolylineVertex
10
748858.063870411
20
8930463.47583513
30
204.890602016449
70
32
0
VERTEX
5
4EB
100
AcDbEntity
8
Real Hole
62
1
420
16711680
100
AcDbVertex
100
AcDb3dPolylineVertex
10
748857.824766974
20
8930463.46121094
30
203.919718170166
70
32
0
VERTEX
5
4EC
100
AcDbEntity
8
Real Hole
62
1
420
16711680
100
AcDbVertex
100
AcDb3dPolylineVertex
10
748857.597103815
20
8930463.4631183
30
202.945980453491
70
32
0
VERTEX
5
4ED
100
AcDbEntity
8
Real Hole
62
1
420
16711680
100
AcDbVertex
100
AcDb3dPolylineVertex
10
748857.352305632
20
8930463.48135294
30
201.976577186584
70
32
0
VERTEX
5
4EE
100
AcDbEntity
8
Real Hole
62
1
420
16711680
100
AcDbVertex
100
AcDb3dPolylineVertex
10
748857.156300764
20
8930463.49729527
30
201.201124572754
70
32
0
SEQEND
5
4EF
100
AcDbEntity
8
Real Hole
0
POINT
5
4F1
330
1A
100
AcDbEntity
67
0
8
Hole
62
244
420
659967
6
ByLayer
370
-1
48
1.0
60
0
100
AcDbPoint
10
748859.879999619
20
8930464.88000122
30
211.59000005722
39
0.0
210
0.0
220
0.0
230
1.0
50
360.0
0
LINE
5
4F2
330
1A
100
AcDbEntity
67
0
8
Theoretical Hole
62
244
420
659967
6
ByLayer
370
-1
48
1.0
60
0
100
AcDbLine
10
748859.879999619
20
8930464.88000122
30
211.59000005722
11
748857.116852264
21
8930465.17285553
31
199.998379135132
39
0.0
210
0.0
220
0.0
230
1.0
0
TEXT
5
4F3
330
1A
100
AcDbEntity
67
0
8
Number
62
244
420
659967
6
ByLayer
370
-1
48
1.0
60
0
100
AcDbText
1
64
10
748859.879999619
20
8930465.26100123
30
211.59000005722
40
0.3
41
1.0
50
0.0
51
0.0
7
Standard
11
748859.879999619
21
8930465.26100123
31
211.59000005722
210
0.0
220
0.0
230
1.0
72
0
100
AcDbText
73
0
0
TEXT
5
4F4
330
1A
100
AcDbEntity
67
0
8
label
62
1
420
16711680
6
ByLayer
370
-1
48
1.0
60
0
100
AcDbText
1

10
748859.879999619
20
8930465.66100123
30
211.59000005722
40
0.3
41
1.0
50
0.0
51
0.0
7
Standard
11
748859.879999619
21
8930465.66100123
31
211.59000005722
210
0.0
220
0.0
230
1.0
72
0
100
AcDbText
73
0
0
TEXT
5
4F5
330
1A
100
AcDbEntity
67
0
8
Length
62
244
420
659967
6
ByLayer
370
-1
48
1.0
60
0
100
AcDbText
1
11.92
10
748859.879999619
20
8930464.12600121
30
211.59000005722
40
0.3
41
1.0
50
0.0
51
0.0
7
Standard
11
748859.879999619
21
8930464.12600121
31
211.59000005722
210
0.0
220
0.0
230
1.0
72
0
100
AcDbText
73
0
0
POLYLINE
5
503
330
1A
100
AcDbEntity
67
0
8
Real Hole
62
1
420
16711680
6
ByLayer
370
-1
48
1.0
60
0
100
AcDb3dPolyline
10
0.0
20
0.0
30
0.0
70
8
75
0
210
0.0
220
0.0
230
1.0
0
VERTEX
5
4F6
100
AcDbEntity
8
Real Hole
62
1
420
16711680
100
AcDbVertex
100
AcDb3dPolylineVertex
10
748859.879999619
20
8930464.88000122
30
211.59000005722
70
32
0
VERTEX
5
4F7
100
AcDbEntity
8
Real Hole
62
1
420
16711680
100
AcDbVertex
100
AcDb3dPolylineVertex
10
748859.618699502
20
8930464.8317136
30
210.625951015949
70
32
0
VERTEX
5
4F8
100
AcDbEntity
8
Real Hole
62
1
420
16711680
100
AcDbVertex
100
AcDb3dPolylineVertex
10
748859.367157738
20
8930464.77838438
30
209.659574890137
70
32
0
VERTEX
5
4F9
100
AcDbEntity
8
Real Hole
62
1
420
16711680
100
AcDbVertex
100
AcDb3dPolylineVertex
10
748859.083155971
20
8930464.74306046
30
208.70140209198
70
32
0
VERTEX
5
4FA
100
AcDbEntity
8
Real Hole
62
1
420
16711680
100
AcDbVertex
100
AcDb3dPolylineVertex
10
748858.781864862
20
8930464.71564074
30
207.748264217377
70
32
0
VERTEX
5
4FB
100
AcDbEntity
8
Real Hole
62
1
420
16711680
100
AcDbVertex
100
AcDb3dPolylineVertex
10
748858.468059282
20
8930464.63943328
30
206.801840209961
70
32
0
VERTEX
5
4FC
100
AcDbEntity
8
Real Hole
62
1
420
16711680
100
AcDbVertex
100
AcDb3dPolylineVertex
10
748858.154705029
20
8930464.54869196
30
205.856549167633
70
32
0
VERTEX
5
4FD
100
AcDbEntity
8
Real Hole
62
1
420
16711680
100
AcDbVertex
100
AcDb3dPolylineVertex
10
748857.848564129
20
8930464.44387654
30
204.910350704193
70
32
0
VERTEX
5
4FE
100
AcDbEntity
8
Real Hole
62
1
420
16711680
100
AcDbVertex
100
AcDb3dPolylineVertex
10
748857.562140684
20
8930464.34441355
30
203.957424068451
70
32
0
VERTEX
5
4FF
100
AcDbEntity
8
Real Hole
62
1
420
16711680
100
AcDbVertex
100
AcDb3dPolylineVertex
10
748857.280178289
20
8930464.27505258
30
203.000509166718
70
32
0
VERTEX
5
500
100
AcDbEntity
8
Real Hole
62
1
420
16711680
100
AcDbVertex
100
AcDb3dPolylineVertex
10
748856.971897106
20
8930464.23523274
30
202.050047779083
70
32
0
VERTEX
5
501
100
AcDbEntity
8
Real Hole
62
1
420
16711680
100
AcDbVertex
100
AcDb3dPolylineVertex
10
748856.759878378
20
8930464.21545241
30
201.383221530914
70
32
0
SEQEND
5
502
100
AcDbEntity
8
Real Hole
0
POINT
5
504
330
1A
100
AcDbEntity
67
0
8
Hole
62
244
420
659967
6
ByLayer
370
-1
48
1.0
60
0
100
AcDbPoint
10
748860.039999466
20
8930466.38000122
30
211.360000038147
39
0.0
210
0.0
220
0.0
230
1.0
50
360.0
0
LINE
5
505
330
1A
100
AcDbEntity
67
0
8
Theoretical Hole
62
244
420
659967
6
ByLayer
370
-1
48
1.0
60
0
100
AcDbLine
10
748860.039999466
20
8930466.38000122
30
211.360000038147
11
748857.280868988
21
8930466.67242828
31
200.004043006897
39
0.0
210
0.0
220
0.0
230
1.0
0
TEXT
5
506
330
1A
100
AcDbEntity
67
0
8
Number
62
244
420
659967
6
ByLayer
370
-1
48
1.0
60
0
100
AcDbText
1
65
10
748860.039999466
20
8930466.76100123
30
211.360000038147
40
0.3
41
1.0
50
0.0
51
0.0
7
Standard
11
748860.039999466
21
8930466.76100123
31
211.360000038147
210
0.0
220
0.0
230
1.0
72
0
100
AcDbText
73
0
0
TEXT
5
507
330
1A
100
AcDbEntity
67
0
8
label
62
1
420
16711680
6
ByLayer
370
-1
48
1.0
60
0
100
AcDbText
1

10
748860.039999466
20
8930467.16100123
30
211.360000038147
40
0.3
41
1.0
50
0.0
51
0.0
7
Standard
11
748860.039999466
21
8930467.16100123
31
211.360000038147
210
0.0
220
0.0
230
1.0
72
0
100
AcDbText
73
0
0
TEXT
5
508
330
1A
100
AcDbEntity
67
0
8
Length
62
244
420
659967
6
ByLayer
370
-1
48
1.0
60
0
100
AcDbText
1
11.69
10
748860.039999466
20
8930465.62600121
30
211.360000038147
40
0.3
41
1.0
50
0.0
51
0.0
7
Standard
11
748860.039999466
21
8930465.62600121
31
211.360000038147
210
0.0
220
0.0
230
1.0
72
0
100
AcDbText
73
0
0
POLYLINE
5
516
330
1A
100
AcDbEntity
67
0
8
Real Hole
62
1
420
16711680
6
ByLayer
370
-1
48
1.0
60
0
100
AcDb3dPolyline
10
0.0
20
0.0
30
0.0
70
8
75
0
210
0.0
220
0.0
230
1.0
0
VERTEX
5
509
100
AcDbEntity
8
Real Hole
62
1
420
16711680
100
AcDbVertex
100
AcDb3dPolylineVertex
10
748860.039999466
20
8930466.38000122
30
211.360000038147
70
32
0
VERTEX
5
50A
100
AcDbEntity
8
Real Hole
62
1
420
16711680
100
AcDbVertex
100
AcDb3dPolylineVertex
10
748859.797992657
20
8930466.39921761
30
210.389915788174
70
32
0
VERTEX
5
50B
100
AcDbEntity
8
Real Hole
62
1
420
16711680
100
AcDbVertex
100
AcDb3dPolylineVertex
10
748859.563598286
20
8930466.41569024
30
209.417913818359
70
32
0
VERTEX
5
50C
100
AcDbEntity
8
Real Hole
62
1
420
16711680
100
AcDbVertex
100
AcDb3dPolylineVertex
10
748859.309635084
20
8930466.42389323
30
208.450734758377
70
32
0
VERTEX
5
50D
100
AcDbEntity
8
Real Hole
62
1
420
16711680
100
AcDbVertex
100
AcDb3dPolylineVertex
10
748859.044750195
20
8930466.43328208
30
207.486500406265
70
32
0
VERTEX
5
50E
100
AcDbEntity
8
Real Hole
62
1
420
16711680
100
AcDbVertex
100
AcDb3dPolylineVertex
10
748858.788580279
20
8930466.41105035
30
206.520124340057
70
32
0
VERTEX
5
50F
100
AcDbEntity
8
Real Hole
62
1
420
16711680
100
AcDbVertex
100
AcDb3dPolylineVertex
10
748858.557991724
20
8930466.36005674
30
205.548409843445
70
32
0
VERTEX
5
510
100
AcDbEntity
8
Real Hole
62
1
420
16711680
100
AcDbVertex
100
AcDb3dPolylineVertex
10
748858.301875572
20
8930466.36157656
30
204.581765079498
70
32
0
VERTEX
5
511
100
AcDbEntity
8
Real Hole
62
1
420
16711680
100
AcDbVertex
100
AcDb3dPolylineVertex
10
748858.054913502
20
8930466.37166826
30
203.612792396545
70
32
0
VERTEX
5
512
100
AcDbEntity
8
Real Hole
62
1
420
16711680
100
AcDbVertex
100
AcDb3dPolylineVertex
10
748857.807783823
20
8930466.36731141
30
202.64382019043
70
32
0
VERTEX
5
513
100
AcDbEntity
8
Real Hole
62
1
420
16711680
100
AcDbVertex
100
AcDb3dPolylineVertex
10
748857.547848682
20
8930466.35286983
30
201.678302192688
70
32
0
VERTEX
5
514
100
AcDbEntity
8
Real Hole
62
1
420
16711680
100
AcDbVertex
100
AcDb3dPolylineVertex
10
748857.274569254
20
8930466.35501626
30
200.716370010376
70
32
0
SEQEND
5
515
100
AcDbEntity
8
Real Hole
0
POINT
5
517
330
1A
100
AcDbEntity
67
0
8
Hole
62
244
420
659967
6
ByLayer
370
-1
48
1.0
60
0
100
AcDbPoint
10
748860.199999313
20
8930467.86999908
30
211.09000005722
39
0.0
210
0.0
220
0.0
230
1.0
50
360.0
0
LINE
5
518
330
1A
100
AcDbEntity
67
0
8
Theoretical Hole
62
244
420
659967
6
ByLayer
370
-1
48
1.0
60
0
100
AcDbLine
10
748860.199999313
20
8930467.86999908
30
211.09000005722
11
748857.448307495
21
8930468.16164032
31
200.000003242493
39
0.0
210
0.0
220
0.0
230
1.0
0
TEXT
5
519
330
1A
100
AcDbEntity
67
0
8
Number
62
244
420
659967
6
ByLayer
370
-1
48
1.0
60
0
100
AcDbText
1
66
10
748860.199999313
20
8930468.2509991
30
211.09000005722
40
0.3
41
1.0
50
0.0
51
0.0
7
Standard
11
748860.199999313
21
8930468.2509991
31
211.09000005722
210
0.0
220
0.0
230
1.0
72
0
100
AcDbText
73
0
0
TEXT
5
51A
330
1A
100
AcDbEntity
67
0
8
label
62
1
420
16711680
6
ByLayer
370
-1
48
1.0
60
0
100
AcDbText
1

10
748860.199999313
20
8930468.6509991
30
211.09000005722
40
0.3
41
1.0
50
0.0
51
0.0
7
Standard
11
748860.199999313
21
8930468.6509991
31
211.09000005722
210
0.0
220
0.0
230
1.0
72
0
100
AcDbText
73
0
0
TEXT
5
51B
330
1A
100
AcDbEntity
67
0
8
Length
62
244
420
659967
6
ByLayer
370
-1
48
1.0
60
0
100
AcDbText
1
11.43
10
748860.199999313
20
8930467.11599908
30
211.09000005722
40
0.3
41
1.0
50
0.0
51
0.0
7
Standard
11
748860.199999313
21
8930467.11599908
31
211.09000005722
210
0.0
220
0.0
230
1.0
72
0
100
AcDbText
73
0
0
POLYLINE
5
529
330
1A
100
AcDbEntity
67
0
8
Real Hole
62
1
420
16711680
6
ByLayer
370
-1
48
1.0
60
0
100
AcDb3dPolyline
10
0.0
20
0.0
30
0.0
70
8
75
0
210
0.0
220
0.0
230
1.0
0
VERTEX
5
51C
100
AcDbEntity
8
Real Hole
62
1
420
16711680
100
AcDbVertex
100
AcDb3dPolylineVertex
10
748860.199999313
20
8930467.86999908
30
211.09000005722
70
32
0
VERTEX
5
51D
100
AcDbEntity
8
Real Hole
62
1
420
16711680
100
AcDbVertex
100
AcDb3dPolylineVertex
10
748859.97143292
20
8930467.89608139
30
210.116821193695
70
32
0
VERTEX
5
51E
100
AcDbEntity
8
Real Hole
62
1
420
16711680
100
AcDbVertex
100
AcDb3dPolylineVertex
10
748859.748350393
20
8930467.92989909
30
209.142608428001
70
32
0
VERTEX
5
51F
100
AcDbEntity
8
Real Hole
62
1
420
16711680
100
AcDbVertex
100
AcDb3dPolylineVertex
10
748859.495706122
20
8930467.98452276
30
208.176592254639
70
32
0
VERTEX
5
520
100
AcDbEntity
8
Real Hole
62
1
420
16711680
100
AcDbVertex
100
AcDb3dPolylineVertex
10
748859.240463536
20
8930468.02939113
30
207.210756921768
70
32
0
VERTEX
5
521
100
AcDbEntity
8
Real Hole
62
1
420
16711680
100
AcDbVertex
100
AcDb3dPolylineVertex
10
748858.996931295
20
8930468.04864303
30
206.241055393219
70
32
0
VERTEX
5
522
100
AcDbEntity
8
Real Hole
62
1
420
16711680
100
AcDbVertex
100
AcDb3dPolylineVertex
10
748858.731399159
20
8930468.05221169
30
205.27695980072
70
32
0
VERTEX
5
523
100
AcDbEntity
8
Real Hole
62
1
420
16711680
100
AcDbVertex
100
AcDb3dPolylineVertex
10
748858.488937955
20
8930468.10827735
30
204.308420085907
70
32
0
VERTEX
5
524
100
AcDbEntity
8
Real Hole
62
1
420
16711680
100
AcDbVertex
100
AcDb3dPolylineVertex
10
748858.227196794
20
8930468.17826385
30
203.345822715759
70
32
0
VERTEX
5
525
100
AcDbEntity
8
Real Hole
62
1
420
16711680
100
AcDbVertex
100
AcDb3dPolylineVertex
10
748857.960407476
20
8930468.23672599
30
202.383842372894
70
32
0
VERTEX
5
526
100
AcDbEntity
8
Real Hole
62
1
420
16711680
100
AcDbVertex
100
AcDb3dPolylineVertex
10
748857.667293529
20
8930468.28383267
30
201.428926372528
70
32
0
VERTEX
5
527
100
AcDbEntity
8
Real Hole
62
1
420
16711680
100
AcDbVertex
100
AcDb3dPolylineVertex
10
748857.472970943
20
8930468.31114293
30
200.756994152069
70
32
0
SEQEND
5
528
100
AcDbEntity
8
Real Hole
0
POINT
5
52A
330
1A
100
AcDbEntity
67
0
8
Hole
62
244
420
659967
6
ByLayer
370
-1
48
1.0
60
0
100
AcDbPoint
10
748860.359999161
20
8930469.35999695
30
210.9
39
0.0
210
0.0
220
0.0
230
1.0
50
360.0
0
LINE
5
52B
330
1A
100
AcDbEntity
67
0
8
Theoretical Hole
62
244
420
659967
6
ByLayer
370
-1
48
1.0
60
0
100
AcDbLine
10
748860.359999161
20
8930469.35999695
30
210.9
11
748857.612427216
21
8930469.65120331
31
200.004879379272
39
0.0
210
0.0
220
0.0
230
1.0
0
TEXT
5
52C
330
1A
100
AcDbEntity
67
0
8
Number
62
244
420
659967
6
ByLayer
370
-1
48
1.0
60
0
100
AcDbText
1
67
10
748860.359999161
20
8930469.74099696
30
210.9
40
0.3
41
1.0
50
0.0
51
0.0
7
Standard
11
748860.359999161
21
8930469.74099696
31
210.9
210
0.0
220
0.0
230
1.0
72
0
100
AcDbText
73
0
0
TEXT
5
52D
330
1A
100
AcDbEntity
67
0
8
label
62
1
420
16711680
6
ByLayer
370
-1
48
1.0
60
0
100
AcDbText
1

10
748860.359999161
20
8930470.14099696
30
210.9
40
0.3
41
1.0
50
0.0
51
0.0
7
Standard
11
748860.359999161
21
8930470.14099696
31
210.9
210
0.0
220
0.0
230
1.0
72
0
100
AcDbText
73
0
0
TEXT
5
52E
330
1A
100
AcDbEntity
67
0
8
Length
62
244
420
659967
6
ByLayer
370
-1
48
1.0
60
0
100
AcDbText
1
11.24
10
748860.359999161
20
8930468.60599694
30
210.9
40
0.3
41
1.0
50
0.0
51
0.0
7
Standard
11
748860.359999161
21
8930468.60599694
31
210.9
210
0.0
220
0.0
230
1.0
72
0
100
AcDbText
73
0
0
POLYLINE
5
53C
330
1A
100
AcDbEntity
67
0
8
Real Hole
62
1
420
16711680
6
ByLayer
370
-1
48
1.0
60
0
100
AcDb3dPolyline
10
0.0
20
0.0
30
0.0
70
8
75
0
210
0.0
220
0.0
230
1.0
0
VERTEX
5
52F
100
AcDbEntity
8
Real Hole
62
1
420
16711680
100
AcDbVertex
100
AcDb3dPolylineVertex
10
748860.359999161
20
8930469.35999695
30
210.9
70
32
0
VERTEX
5
530
100
AcDbEntity
8
Real Hole
62
1
420
16711680
100
AcDbVertex
100
AcDb3dPolylineVertex
10
748860.067618291
20
8930469.37695796
30
209.943848454952
70
32
0
VERTEX
5
531
100
AcDbEntity
8
Real Hole
62
1
420
16711680
100
AcDbVertex
100
AcDb3dPolylineVertex
10
748859.784699063
20
8930469.38416877
30
208.984731817245
70
32
0
VERTEX
5
532
100
AcDbEntity
8
Real Hole
62
1
420
16711680
100
AcDbVertex
100
AcDb3dPolylineVertex
10
748859.489088039
20
8930469.40012673
30
208.029556655884
70
32
0
VERTEX
5
533
100
AcDbEntity
8
Real Hole
62
1
420
16711680
100
AcDbVertex
100
AcDb3dPolylineVertex
10
748859.213960628
20
8930469.42376186
30
207.068439626694
70
32
0
VERTEX
5
534
100
AcDbEntity
8
Real Hole
62
1
420
16711680
100
AcDbVertex
100
AcDb3dPolylineVertex
10
748858.912615757
20
8930469.41297542
30
206.114985370636
70
32
0
VERTEX
5
535
100
AcDbEntity
8
Real Hole
62
1
420
16711680
100
AcDbVertex
100
AcDb3dPolylineVertex
10
748858.632070761
20
8930469.37444572
30
205.15591802597
70
32
0
VERTEX
5
536
100
AcDbEntity
8
Real Hole
62
1
420
16711680
100
AcDbVertex
100
AcDb3dPolylineVertex
10
748858.345044594
20
8930469.37469614
30
204.197995567322
70
32
0
VERTEX
5
537
100
AcDbEntity
8
Real Hole
62
1
420
16711680
100
AcDbVertex
100
AcDb3dPolylineVertex
10
748858.0531318
20
8930469.39106766
30
203.241690540314
70
32
0
VERTEX
5
538
100
AcDbEntity
8
Real Hole
62
1
420
16711680
100
AcDbVertex
100
AcDb3dPolylineVertex
10
748857.734849195
20
8930469.38795673
30
202.293699645996
70
32
0
VERTEX
5
539
100
AcDbEntity
8
Real Hole
62
1
420
16711680
100
AcDbVertex
100
AcDb3dPolylineVertex
10
748857.418376427
20
8930469.38629974
30
201.345099830627
70
32
0
VERTEX
5
53A
100
AcDbEntity
8
Real Hole
62
1
420
16711680
100
AcDbVertex
100
AcDb3dPolylineVertex
10
748857.32390378
20
8930469.38420536
30
201.060370826721
70
32
0
SEQEND
5
53B
100
AcDbEntity
8
Real Hole
0
POINT
5
53D
330
1A
100
AcDbEntity
67
0
8
Hole
62
244
420
659967
6
ByLayer
370
-1
48
1.0
60
0
100
AcDbPoint
10
748860.510000687
20
8930470.85000244
30
211.049999976158
39
0.0
210
0.0
220
0.0
230
1.0
50
360.0
0
LINE
5
53E
330
1A
100
AcDbEntity
67
0
8
Theoretical Hole
62
244
420
659967
6
ByLayer
370
-1
48
1.0
60
0
100
AcDbLine
10
748860.510000687
20
8930470.85000244
30
211.049999976158
11
748857.767939072
21
8930471.14062134
31
199.998813056946
39
0.0
210
0.0
220
0.0
230
1.0
0
TEXT
5
53F
330
1A
100
AcDbEntity
67
0
8
Number
62
244
420
659967
6
ByLayer
370
-1
48
1.0
60
0
100
AcDbText
1
68
10
748860.510000687
20
8930471.23100245
30
211.049999976158
40
0.3
41
1.0
50
0.0
51
0.0
7
Standard
11
748860.510000687
21
8930471.23100245
31
211.049999976158
210
0.0
220
0.0
230
1.0
72
0
100
AcDbText
73
0
0
TEXT
5
540
330
1A
100
AcDbEntity
67
0
8
label
62
1
420
16711680
6
ByLayer
370
-1
48
1.0
60
0
100
AcDbText
1

10
748860.510000687
20
8930471.63100245
30
211.049999976158
40
0.3
41
1.0
50
0.0
51
0.0
7
Standard
11
748860.510000687
21
8930471.63100245
31
211.049999976158
210
0.0
220
0.0
230
1.0
72
0
100
AcDbText
73
0
0
TEXT
5
541
330
1A
100
AcDbEntity
67
0
8
Length
62
244
420
659967
6
ByLayer
370
-1
48
1.0
60
0
100
AcDbText
1
11.39
10
748860.510000687
20
8930470.09600243
30
211.049999976158
40
0.3
41
1.0
50
0.0
51
0.0
7
Standard
11
748860.510000687
21
8930470.09600243
31
211.049999976158
210
0.0
220
0.0
230
1.0
72
0
100
AcDbText
73
0
0
POLYLINE
5
54F
330
1A
100
AcDbEntity
67
0
8
Real Hole
62
1
420
16711680
6
ByLayer
370
-1
48
1.0
60
0
100
AcDb3dPolyline
10
0.0
20
0.0
30
0.0
70
8
75
0
210
0.0
220
0.0
230
1.0
0
VERTEX
5
542
100
AcDbEntity
8
Real Hole
62
1
420
16711680
100
AcDbVertex
100
AcDb3dPolylineVertex
10
748860.510000687
20
8930470.85000244
30
211.049999976158
70
32
0
VERTEX
5
543
100
AcDbEntity
8
Real Hole
62
1
420
16711680
100
AcDbVertex
100
AcDb3dPolylineVertex
10
748860.291915338
20
8930470.85998191
30
210.074121320248
70
32
0
VERTEX
5
544
100
AcDbEntity
8
Real Hole
62
1
420
16711680
100
AcDbVertex
100
AcDb3dPolylineVertex
10
748860.078168641
20
8930470.90440232
30
209.098242664337
70
32
0
VERTEX
5
545
100
AcDbEntity
8
Real Hole
62
1
420
16711680
100
AcDbVertex
100
AcDb3dPolylineVertex
10
748859.844008367
20
8930470.94805504
30
208.127025151253
70
32
0
VERTEX
5
546
100
AcDbEntity
8
Real Hole
62
1
420
16711680
100
AcDbVertex
100
AcDb3dPolylineVertex
10
748859.61677758
20
8930470.98808103
30
207.154007220268
70
32
0
VERTEX
5
547
100
AcDbEntity
8
Real Hole
62
1
420
16711680
100
AcDbVertex
100
AcDb3dPolylineVertex
10
748859.363638859
20
8930470.9956382
30
206.186606669426
70
32
0
VERTEX
5
548
100
AcDbEntity
8
Real Hole
62
1
420
16711680
100
AcDbVertex
100
AcDb3dPolylineVertex
10
748859.119928937
20
8930470.98474189
30
205.216819548607
70
32
0
VERTEX
5
549
100
AcDbEntity
8
Real Hole
62
1
420
16711680
100
AcDbVertex
100
AcDb3dPolylineVertex
10
748858.887720804
20
8930470.97995894
30
204.244165205956
70
32
0
VERTEX
5
54A
100
AcDbEntity
8
Real Hole
62
1
420
16711680
100
AcDbVertex
100
AcDb3dPolylineVertex
10
748858.661765556
20
8930470.97727715
30
203.270031237602
70
32
0
VERTEX
5
54B
100
AcDbEntity
8
Real Hole
62
1
420
16711680
100
AcDbVertex
100
AcDb3dPolylineVertex
10
748858.432590227
20
8930470.99294095
30
202.296771788597
70
32
0
VERTEX
5
54C
100
AcDbEntity
8
Real Hole
62
1
420
16711680
100
AcDbVertex
100
AcDb3dPolylineVertex
10
748858.180157642
20
8930471.01529234
30
201.329416060448
70
32
0
VERTEX
5
54D
100
AcDbEntity
8
Real Hole
62
1
420
16711680
100
AcDbVertex
100
AcDb3dPolylineVertex
10
748858.127532701
20
8930471.01655092
30
201.136467719078
70
32
0
SEQEND
5
54E
100
AcDbEntity
8
Real Hole
0
POINT
5
550
330
1A
100
AcDbEntity
67
0
8
Hole
62
244
420
659967
6
ByLayer
370
-1
48
1.0
60
0
100
AcDbPoint
10
748860.670000534
20
8930472.34000031
30
210.939999961853
39
0.0
210
0.0
220
0.0
230
1.0
50
360.0
0
LINE
5
551
330
1A
100
AcDbEntity
67
0
8
Theoretical Hole
62
244
420
659967
6
ByLayer
370
-1
48
1.0
60
0
100
AcDbLine
10
748860.670000534
20
8930472.34000031
30
210.939999961853
11
748857.933531265
21
8930472.63003174
31
200.000803375244
39
0.0
210
0.0
220
0.0
230
1.0
0
TEXT
5
552
330
1A
100
AcDbEntity
67
0
8
Number
62
244
420
659967
6
ByLayer
370
-1
48
1.0
60
0
100
AcDbText
1
69
10
748860.670000534
20
8930472.72100032
30
210.939999961853
40
0.3
41
1.0
50
0.0
51
0.0
7
Standard
11
748860.670000534
21
8930472.72100032
31
210.939999961853
210
0.0
220
0.0
230
1.0
72
0
100
AcDbText
73
0
0
TEXT
5
553
330
1A
100
AcDbEntity
67
0
8
label
62
1
420
16711680
6
ByLayer
370
-1
48
1.0
60
0
100
AcDbText
1

10
748860.670000534
20
8930473.12100032
30
210.939999961853
40
0.3
41
1.0
50
0.0
51
0.0
7
Standard
11
748860.670000534
21
8930473.12100032
31
210.939999961853
210
0.0
220
0.0
230
1.0
72
0
100
AcDbText
73
0
0
TEXT
5
554
330
1A
100
AcDbEntity
67
0
8
Length
62
244
420
659967
6
ByLayer
370
-1
48
1.0
60
0
100
AcDbText
1
11.28
10
748860.670000534
20
8930471.5860003
30
210.939999961853
40
0.3
41
1.0
50
0.0
51
0.0
7
Standard
11
748860.670000534
21
8930471.5860003
31
210.939999961853
210
0.0
220
0.0
230
1.0
72
0
100
AcDbText
73
0
0
POLYLINE
5
562
330
1A
100
AcDbEntity
67
0
8
Real Hole
62
1
420
16711680
6
ByLayer
370
-1
48
1.0
60
0
100
AcDb3dPolyline
10
0.0
20
0.0
30
0.0
70
8
75
0
210
0.0
220
0.0
230
1.0
0
VERTEX
5
555
100
AcDbEntity
8
Real Hole
62
1
420
16711680
100
AcDbVertex
100
AcDb3dPolylineVertex
10
748860.670000534
20
8930472.34000031
30
210.939999961853
70
32
0
VERTEX
5
556
100
AcDbEntity
8
Real Hole
62
1
420
16711680
100
AcDbVertex
100
AcDb3dPolylineVertex
10
748860.406467568
20
8930472.34133422
30
209.97535046339
70
32
0
VERTEX
5
557
100
AcDbEntity
8
Real Hole
62
1
420
16711680
100
AcDbVertex
100
AcDb3dPolylineVertex
10
748860.145107727
20
8930472.36940397
30
209.010517263412
70
32
0
VERTEX
5
558
100
AcDbEntity
8
Real Hole
62
1
420
16711680
100
AcDbVertex
100
AcDb3dPolylineVertex
10
748859.908847194
20
8930472.41734291
30
208.04001083374
70
32
0
VERTEX
5
559
100
AcDbEntity
8
Real Hole
62
1
420
16711680
100
AcDbVertex
100
AcDb3dPolylineVertex
10
748859.624477487
20
8930472.44102223
30
207.08158864975
70
32
0
VERTEX
5
55A
100
AcDbEntity
8
Real Hole
62
1
420
16711680
100
AcDbVertex
100
AcDb3dPolylineVertex
10
748859.358388762
20
8930472.43238119
30
206.117678546906
70
32
0
VERTEX
5
55B
100
AcDbEntity
8
Real Hole
62
1
420
16711680
100
AcDbVertex
100
AcDb3dPolylineVertex
10
748859.110206227
20
8930472.43203472
30
205.148965740204
70
32
0
VERTEX
5
55C
100
AcDbEntity
8
Real Hole
62
1
420
16711680
100
AcDbVertex
100
AcDb3dPolylineVertex
10
748858.829232316
20
8930472.44631742
30
204.189356231689
70
32
0
VERTEX
5
55D
100
AcDbEntity
8
Real Hole
62
1
420
16711680
100
AcDbVertex
100
AcDb3dPolylineVertex
10
748858.538806181
20
8930472.43835723
30
203.232491874695
70
32
0
VERTEX
5
55E
100
AcDbEntity
8
Real Hole
62
1
420
16711680
100
AcDbVertex
100
AcDb3dPolylineVertex
10
748858.270365219
20
8930472.4223148
30
202.269329452515
70
32
0
VERTEX
5
55F
100
AcDbEntity
8
Real Hole
62
1
420
16711680
100
AcDbVertex
100
AcDb3dPolylineVertex
10
748857.970919828
20
8930472.44367418
30
201.315454864502
70
32
0
VERTEX
5
560
100
AcDbEntity
8
Real Hole
62
1
420
16711680
100
AcDbVertex
100
AcDb3dPolylineVertex
10
748857.786484699
20
8930472.4602968
30
200.640394592285
70
32
0
SEQEND
5
561
100
AcDbEntity
8
Real Hole
0
POINT
5
563
330
1A
100
AcDbEntity
67
0
8
Hole
62
244
420
659967
6
ByLayer
370
-1
48
1.0
60
0
100
AcDbPoint
10
748860.829998474
20
8930473.82999817
30
210.640000009537
39
0.0
210
0.0
220
0.0
230
1.0
50
360.0
0
LINE
5
564
330
1A
100
AcDbEntity
67
0
8
Theoretical Hole
62
244
420
659967
6
ByLayer
370
-1
48
1.0
60
0
100
AcDbLine
10
748860.829998474
20
8930473.82999817
30
210.640000009537
11
748858.099188309
21
8930474.11942688
31
199.998618507385
39
0.0
210
0.0
220
0.0
230
1.0
0
TEXT
5
565
330
1A
100
AcDbEntity
67
0
8
Number
62
244
420
659967
6
ByLayer
370
-1
48
1.0
60
0
100
AcDbText
1
70
10
748860.829998474
20
8930474.21099818
30
210.640000009537
40
0.3
41
1.0
50
0.0
51
0.0
7
Standard
11
748860.829998474
21
8930474.21099818
31
210.640000009537
210
0.0
220
0.0
230
1.0
72
0
100
AcDbText
73
0
0
TEXT
5
566
330
1A
100
AcDbEntity
67
0
8
label
62
1
420
16711680
6
ByLayer
370
-1
48
1.0
60
0
100
AcDbText
1

10
748860.829998474
20
8930474.61099818
30
210.640000009537
40
0.3
41
1.0
50
0.0
51
0.0
7
Standard
11
748860.829998474
21
8930474.61099818
31
210.640000009537
210
0.0
220
0.0
230
1.0
72
0
100
AcDbText
73
0
0
TEXT
5
567
330
1A
100
AcDbEntity
67
0
8
Length
62
244
420
659967
6
ByLayer
370
-1
48
1.0
60
0
100
AcDbText
1
10.99
10
748860.829998474
20
8930473.07599816
30
210.640000009537
40
0.3
41
1.0
50
0.0
51
0.0
7
Standard
11
748860.829998474
21
8930473.07599816
31
210.640000009537
210
0.0
220
0.0
230
1.0
72
0
100
AcDbText
73
0
0
POLYLINE
5
575
330
1A
100
AcDbEntity
67
0
8
Real Hole
62
1
420
16711680
6
ByLayer
370
-1
48
1.0
60
0
100
AcDb3dPolyline
10
0.0
20
0.0
30
0.0
70
8
75
0
210
0.0
220
0.0
230
1.0
0
VERTEX
5
568
100
AcDbEntity
8
Real Hole
62
1
420
16711680
100
AcDbVertex
100
AcDb3dPolylineVertex
10
748860.829998474
20
8930473.82999817
30
210.640000009537
70
32
0
VERTEX
5
569
100
AcDbEntity
8
Real Hole
62
1
420
16711680
100
AcDbVertex
100
AcDb3dPolylineVertex
10
748860.574774693
20
8930473.82478563
30
209.673132026196
70
32
0
VERTEX
5
56A
100
AcDbEntity
8
Real Hole
62
1
420
16711680
100
AcDbVertex
100
AcDb3dPolylineVertex
10
748860.324420612
20
8930473.83466587
30
208.70502808094
70
32
0
VERTEX
5
56B
100
AcDbEntity
8
Real Hole
62
1
420
16711680
100
AcDbVertex
100
AcDb3dPolylineVertex
10
748860.068693857
20
8930473.85613979
30
207.738517427444
70
32
0
VERTEX
5
56C
100
AcDbEntity
8
Real Hole
62
1
420
16711680
100
AcDbVertex
100
AcDb3dPolylineVertex
10
748859.804672699
20
8930473.85941162
30
206.774006271362
70
32
0
VERTEX
5
56D
100
AcDbEntity
8
Real Hole
62
1
420
16711680
100
AcDbVertex
100
AcDb3dPolylineVertex
10
748859.541304688
20
8930473.83632354
30
205.809587144852
70
32
0
VERTEX
5
56E
100
AcDbEntity
8
Real Hole
62
1
420
16711680
100
AcDbVertex
100
AcDb3dPolylineVertex
10
748859.282845955
20
8930473.79126169
30
204.844616556168
70
32
0
VERTEX
5
56F
100
AcDbEntity
8
Real Hole
62
1
420
16711680
100
AcDbVertex
100
AcDb3dPolylineVertex
10
748859.01678894
20
8930473.7927012
30
203.880660200119
70
32
0
VERTEX
5
570
100
AcDbEntity
8
Real Hole
62
1
420
16711680
100
AcDbVertex
100
AcDb3dPolylineVertex
10
748858.730858784
20
8930473.80833681
30
202.922537469864
70
32
0
VERTEX
5
571
100
AcDbEntity
8
Real Hole
62
1
420
16711680
100
AcDbVertex
100
AcDb3dPolylineVertex
10
748858.465491991
20
8930473.81167169
30
201.958395624161
70
32
0
VERTEX
5
572
100
AcDbEntity
8
Real Hole
62
1
420
16711680
100
AcDbVertex
100
AcDb3dPolylineVertex
10
748858.207706432
20
8930473.80829709
30
200.99219956398
70
32
0
VERTEX
5
573
100
AcDbEntity
8
Real Hole
62
1
420
16711680
100
AcDbVertex
100
AcDb3dPolylineVertex
10
748858.050707083
20
8930473.80237553
30
200.413134241104
70
32
0
SEQEND
5
574
100
AcDbEntity
8
Real Hole
0
POINT
5
576
330
1A
100
AcDbEntity
67
0
8
Hole
62
244
420
659967
6
ByLayer
370
-1
48
1.0
60
0
100
AcDbPoint
10
748860.989998322
20
8930475.32999817
30
210.609999978542
39
0.0
210
0.0
220
0.0
230
1.0
50
360.0
0
LINE
5
577
330
1A
100
AcDbEntity
67
0
8
Theoretical Hole
62
244
420
659967
6
ByLayer
370
-1
48
1.0
60
0
100
AcDbLine
10
748860.989998322
20
8930475.32999817
30
210.609999978542
11
748858.264801483
21
8930475.61883179
31
199.998145484924
39
0.0
210
0.0
220
0.0
230
1.0
0
TEXT
5
578
330
1A
100
AcDbEntity
67
0
8
Number
62
244
420
659967
6
ByLayer
370
-1
48
1.0
60
0
100
AcDbText
1
71
10
748860.989998322
20
8930475.71099818
30
210.609999978542
40
0.3
41
1.0
50
0.0
51
0.0
7
Standard
11
748860.989998322
21
8930475.71099818
31
210.609999978542
210
0.0
220
0.0
230
1.0
72
0
100
AcDbText
73
0
0
TEXT
5
579
330
1A
100
AcDbEntity
67
0
8
label
62
1
420
16711680
6
ByLayer
370
-1
48
1.0
60
0
100
AcDbText
1

10
748860.989998322
20
8930476.11099818
30
210.609999978542
40
0.3
41
1.0
50
0.0
51
0.0
7
Standard
11
748860.989998322
21
8930476.11099818
31
210.609999978542
210
0.0
220
0.0
230
1.0
72
0
100
AcDbText
73
0
0
TEXT
5
57A
330
1A
100
AcDbEntity
67
0
8
Length
62
244
420
659967
6
ByLayer
370
-1
48
1.0
60
0
100
AcDbText
1
10.96
10
748860.989998322
20
8930474.57599816
30
210.609999978542
40
0.3
41
1.0
50
0.0
51
0.0
7
Standard
11
748860.989998322
21
8930474.57599816
31
210.609999978542
210
0.0
220
0.0
230
1.0
72
0
100
AcDbText
73
0
0
POLYLINE
5
588
330
1A
100
AcDbEntity
67
0
8
Real Hole
62
1
420
16711680
6
ByLayer
370
-1
48
1.0
60
0
100
AcDb3dPolyline
10
0.0
20
0.0
30
0.0
70
8
75
0
210
0.0
220
0.0
230
1.0
0
VERTEX
5
57B
100
AcDbEntity
8
Real Hole
62
1
420
16711680
100
AcDbVertex
100
AcDb3dPolylineVertex
10
748860.989998322
20
8930475.32999817
30
210.609999978542
70
32
0
VERTEX
5
57C
100
AcDbEntity
8
Real Hole
62
1
420
16711680
100
AcDbVertex
100
AcDb3dPolylineVertex
10
748860.74897794
20
8930475.35448007
30
209.639788770676
70
32
0
VERTEX
5
57D
100
AcDbEntity
8
Real Hole
62
1
420
16711680
100
AcDbVertex
100
AcDb3dPolylineVertex
10
748860.5134993
20
8930475.40114878
30
208.66903039217
70
32
0
VERTEX
5
57E
100
AcDbEntity
8
Real Hole
62
1
420
16711680
100
AcDbVertex
100
AcDb3dPolylineVertex
10
748860.26930366
20
8930475.39428518
30
207.699328744411
70
32
0
VERTEX
5
57F
100
AcDbEntity
8
Real Hole
62
1
420
16711680
100
AcDbVertex
100
AcDb3dPolylineVertex
10
748860.001798909
20
8930475.38816795
30
206.735791528225
70
32
0
VERTEX
5
580
100
AcDbEntity
8
Real Hole
62
1
420
16711680
100
AcDbVertex
100
AcDb3dPolylineVertex
10
748859.716724854
20
8930475.38015539
30
205.77731975317
70
32
0
VERTEX
5
581
100
AcDbEntity
8
Real Hole
62
1
420
16711680
100
AcDbVertex
100
AcDb3dPolylineVertex
10
748859.431344132
20
8930475.36100032
30
204.819096887112
70
32
0
VERTEX
5
582
100
AcDbEntity
8
Real Hole
62
1
420
16711680
100
AcDbVertex
100
AcDb3dPolylineVertex
10
748859.165954094
20
8930475.33109137
30
203.855419480801
70
32
0
VERTEX
5
583
100
AcDbEntity
8
Real Hole
62
1
420
16711680
100
AcDbVertex
100
AcDb3dPolylineVertex
10
748858.895370941
20
8930475.30751353
30
202.893011891842
70
32
0
VERTEX
5
584
100
AcDbEntity
8
Real Hole
62
1
420
16711680
100
AcDbVertex
100
AcDb3dPolylineVertex
10
748858.61955164
20
8930475.29107853
30
201.931942307949
70
32
0
VERTEX
5
585
100
AcDbEntity
8
Real Hole
62
1
420
16711680
100
AcDbVertex
100
AcDb3dPolylineVertex
10
748858.322164755
20
8930475.27403546
30
200.977338159084
70
32
0
VERTEX
5
586
100
AcDbEntity
8
Real Hole
62
1
420
16711680
100
AcDbVertex
100
AcDb3dPolylineVertex
10
748858.159256916
20
8930475.26178638
30
200.400006616116
70
32
0
SEQEND
5
587
100
AcDbEntity
8
Real Hole
0
POINT
5
589
330
1A
100
AcDbEntity
67
0
8
Hole
62
244
420
659967
6
ByLayer
370
-1
48
1.0
60
0
100
AcDbPoint
10
748861.149998169
20
8930476.82000366
30
210.609999978542
39
0.0
210
0.0
220
0.0
230
1.0
50
360.0
0
LINE
5
58A
330
1A
100
AcDbEntity
67
0
8
Theoretical Hole
62
244
420
659967
6
ByLayer
370
-1
48
1.0
60
0
100
AcDbLine
10
748861.149998169
20
8930476.82000366
30
210.609999978542
11
748858.43032692
21
8930477.10824982
31
199.996711158752
39
0.0
210
0.0
220
0.0
230
1.0
0
TEXT
5
58B
330
1A
100
AcDbEntity
67
0
8
Number
62
244
420
659967
6
ByLayer
370
-1
48
1.0
60
0
100
AcDbText
1
72
10
748861.149998169
20
8930477.20100367
30
210.609999978542
40
0.3
41
1.0
50
0.0
51
0.0
7
Standard
11
748861.149998169
21
8930477.20100367
31
210.609999978542
210
0.0
220
0.0
230
1.0
72
0
100
AcDbText
73
0
0
TEXT
5
58C
330
1A
100
AcDbEntity
67
0
8
label
62
1
420
16711680
6
ByLayer
370
-1
48
1.0
60
0
100
AcDbText
1

10
748861.149998169
20
8930477.60100367
30
210.609999978542
40
0.3
41
1.0
50
0.0
51
0.0
7
Standard
11
748861.149998169
21
8930477.60100367
31
210.609999978542
210
0.0
220
0.0
230
1.0
72
0
100
AcDbText
73
0
0
TEXT
5
58D
330
1A
100
AcDbEntity
67
0
8
Length
62
244
420
659967
6
ByLayer
370
-1
48
1.0
60
0
100
AcDbText
1
10.96
10
748861.149998169
20
8930476.06600365
30
210.609999978542
40
0.3
41
1.0
50
0.0
51
0.0
7
Standard
11
748861.149998169
21
8930476.06600365
31
210.609999978542
210
0.0
220
0.0
230
1.0
72
0
100
AcDbText
73
0
0
POLYLINE
5
59B
330
1A
100
AcDbEntity
67
0
8
Real Hole
62
1
420
16711680
6
ByLayer
370
-1
48
1.0
60
0
100
AcDb3dPolyline
10
0.0
20
0.0
30
0.0
70
8
75
0
210
0.0
220
0.0
230
1.0
0
VERTEX
5
58E
100
AcDbEntity
8
Real Hole
62
1
420
16711680
100
AcDbVertex
100
AcDb3dPolylineVertex
10
748861.149998169
20
8930476.82000366
30
210.609999978542
70
32
0
VERTEX
5
58F
100
AcDbEntity
8
Real Hole
62
1
420
16711680
100
AcDbVertex
100
AcDb3dPolylineVertex
10
748860.86435334
20
8930476.86412172
30
209.65268048048
70
32
0
VERTEX
5
590
100
AcDbEntity
8
Real Hole
62
1
420
16711680
100
AcDbVertex
100
AcDb3dPolylineVertex
10
748860.583412867
20
8930476.90345534
30
208.693761670589
70
32
0
VERTEX
5
591
100
AcDbEntity
8
Real Hole
62
1
420
16711680
100
AcDbVertex
100
AcDb3dPolylineVertex
10
748860.288468819
20
8930476.93419507
30
207.738741719723
70
32
0
VERTEX
5
592
100
AcDbEntity
8
Real Hole
62
1
420
16711680
100
AcDbVertex
100
AcDb3dPolylineVertex
10
748859.970833282
20
8930476.93447218
30
206.790528857708
70
32
0
VERTEX
5
593
100
AcDbEntity
8
Real Hole
62
1
420
16711680
100
AcDbVertex
100
AcDb3dPolylineVertex
10
748859.67792521
20
8930476.91522259
30
205.834582173824
70
32
0
VERTEX
5
594
100
AcDbEntity
8
Real Hole
62
1
420
16711680
100
AcDbVertex
100
AcDb3dPolylineVertex
10
748859.370408635
20
8930476.94007279
30
204.88336404562
70
32
0
VERTEX
5
595
100
AcDbEntity
8
Real Hole
62
1
420
16711680
100
AcDbVertex
100
AcDb3dPolylineVertex
10
748859.032083731
20
8930476.9476323
30
203.942365014553
70
32
0
VERTEX
5
596
100
AcDbEntity
8
Real Hole
62
1
420
16711680
100
AcDbVertex
100
AcDb3dPolylineVertex
10
748858.728513699
20
8930476.93872864
30
202.989597165585
70
32
0
VERTEX
5
597
100
AcDbEntity
8
Real Hole
62
1
420
16711680
100
AcDbVertex
100
AcDb3dPolylineVertex
10
748858.380185347
20
8930476.93124967
30
202.052254998684
70
32
0
VERTEX
5
598
100
AcDbEntity
8
Real Hole
62
1
420
16711680
100
AcDbVertex
100
AcDb3dPolylineVertex
10
748858.056224804
20
8930476.94012899
30
201.106225335598
70
32
0
VERTEX
5
599
100
AcDbEntity
8
Real Hole
62
1
420
16711680
100
AcDbVertex
100
AcDb3dPolylineVertex
10
748857.988733511
20
8930476.94365424
30
200.9179900527
70
32
0
SEQEND
5
59A
100
AcDbEntity
8
Real Hole
0
POINT
5
59C
330
1A
100
AcDbEntity
67
0
8
Hole
62
244
420
659967
6
ByLayer
370
-1
48
1.0
60
0
100
AcDbPoint
10
748861.299999695
20
8930478.31000153
30
210.70999994278
39
0.0
210
0.0
220
0.0
230
1.0
50
360.0
0
LINE
5
59D
330
1A
100
AcDbEntity
67
0
8
Theoretical Hole
62
244
420
659967
6
ByLayer
370
-1
48
1.0
60
0
100
AcDbLine
10
748861.299999695
20
8930478.31000153
30
210.70999994278
11
748858.585861664
21
8930478.59766022
31
200.002375030518
39
0.0
210
0.0
220
0.0
230
1.0
0
TEXT
5
59E
330
1A
100
AcDbEntity
67
0
8
Number
62
244
420
659967
6
ByLayer
370
-1
48
1.0
60
0
100
AcDbText
1
73
10
748861.299999695
20
8930478.69100154
30
210.70999994278
40
0.3
41
1.0
50
0.0
51
0.0
7
Standard
11
748861.299999695
21
8930478.69100154
31
210.70999994278
210
0.0
220
0.0
230
1.0
72
0
100
AcDbText
73
0
0
TEXT
5
59F
330
1A
100
AcDbEntity
67
0
8
label
62
1
420
16711680
6
ByLayer
370
-1
48
1.0
60
0
100
AcDbText
1

10
748861.299999695
20
8930479.09100154
30
210.70999994278
40
0.3
41
1.0
50
0.0
51
0.0
7
Standard
11
748861.299999695
21
8930479.09100154
31
210.70999994278
210
0.0
220
0.0
230
1.0
72
0
100
AcDbText
73
0
0
TEXT
5
5A0
330
1A
100
AcDbEntity
67
0
8
Length
62
244
420
659967
6
ByLayer
370
-1
48
1.0
60
0
100
AcDbText
1
11.05
10
748861.299999695
20
8930477.55600152
30
210.70999994278
40
0.3
41
1.0
50
0.0
51
0.0
7
Standard
11
748861.299999695
21
8930477.55600152
31
210.70999994278
210
0.0
220
0.0
230
1.0
72
0
100
AcDbText
73
0
0
POLYLINE
5
5AD
330
1A
100
AcDbEntity
67
0
8
Real Hole
62
1
420
16711680
6
ByLayer
370
-1
48
1.0
60
0
100
AcDb3dPolyline
10
0.0
20
0.0
30
0.0
70
8
75
0
210
0.0
220
0.0
230
1.0
0
VERTEX
5
5A1
100
AcDbEntity
8
Real Hole
62
1
420
16711680
100
AcDbVertex
100
AcDb3dPolylineVertex
10
748861.299999695
20
8930478.31000153
30
210.70999994278
70
32
0
VERTEX
5
5A2
100
AcDbEntity
8
Real Hole
62
1
420
16711680
100
AcDbVertex
100
AcDb3dPolylineVertex
10
748861.07357132
20
8930478.33957021
30
209.736421012878
70
32
0
VERTEX
5
5A3
100
AcDbEntity
8
Real Hole
62
1
420
16711680
100
AcDbVertex
100
AcDb3dPolylineVertex
10
748860.846522849
20
8930478.38928239
30
208.763807201386
70
32
0
VERTEX
5
5A4
100
AcDbEntity
8
Real Hole
62
1
420
16711680
100
AcDbVertex
100
AcDb3dPolylineVertex
10
748860.565209429
20
8930478.43908811
30
207.805484676361
70
32
0
VERTEX
5
5A5
100
AcDbEntity
8
Real Hole
62
1
420
16711680
100
AcDbVertex
100
AcDb3dPolylineVertex
10
748860.26800559
20
8930478.44069614
30
206.85067191124
70
32
0
VERTEX
5
5A6
100
AcDbEntity
8
Real Hole
62
1
420
16711680
100
AcDbVertex
100
AcDb3dPolylineVertex
10
748859.985786657
20
8930478.42462113
30
205.891456508636
70
32
0
VERTEX
5
5A7
100
AcDbEntity
8
Real Hole
62
1
420
16711680
100
AcDbVertex
100
AcDb3dPolylineVertex
10
748859.712825279
20
8930478.41127115
30
204.929524326324
70
32
0
VERTEX
5
5A8
100
AcDbEntity
8
Real Hole
62
1
420
16711680
100
AcDbVertex
100
AcDb3dPolylineVertex
10
748859.443398695
20
8930478.39785827
30
203.966596508026
70
32
0
VERTEX
5
5A9
100
AcDbEntity
8
Real Hole
62
1
420
16711680
100
AcDbVertex
100
AcDb3dPolylineVertex
10
748859.178869944
20
8930478.39481097
30
203.002223873138
70
32
0
VERTEX
5
5AA
100
AcDbEntity
8
Real Hole
62
1
420
16711680
100
AcDbVertex
100
AcDb3dPolylineVertex
10
748858.92344902
20
8930478.39124445
30
202.035400295258
70
32
0
VERTEX
5
5AB
100
AcDbEntity
8
Real Hole
62
1
420
16711680
100
AcDbVertex
100
AcDb3dPolylineVertex
10
748858.6577246
20
8930478.39138357
30
201.071350955963
70
32
0
SEQEND
5
5AC
100
AcDbEntity
8
Real Hole
0
POINT
5
5AE
330
1A
100
AcDbEntity
67
0
8
Hole
62
244
420
659967
6
ByLayer
370
-1
48
1.0
60
0
100
AcDbPoint
10
748861.459999542
20
8930479.79999939
30
211.049999976158
39
0.0
210
0.0
220
0.0
230
1.0
50
360.0
0
LINE
5
5AF
330
1A
100
AcDbEntity
67
0
8
Theoretical Hole
62
244
420
659967
6
ByLayer
370
-1
48
1.0
60
0
100
AcDbLine
10
748861.459999542
20
8930479.79999939
30
211.049999976158
11
748858.751018982
21
8930480.08711639
31
200.000865364075
39
0.0
210
0.0
220
0.0
230
1.0
0
TEXT
5
5B0
330
1A
100
AcDbEntity
67
0
8
Number
62
244
420
659967
6
ByLayer
370
-1
48
1.0
60
0
100
AcDbText
1
74
10
748861.459999542
20
8930480.1809994
30
211.049999976158
40
0.3
41
1.0
50
0.0
51
0.0
7
Standard
11
748861.459999542
21
8930480.1809994
31
211.049999976158
210
0.0
220
0.0
230
1.0
72
0
100
AcDbText
73
0
0
TEXT
5
5B1
330
1A
100
AcDbEntity
67
0
8
label
62
1
420
16711680
6
ByLayer
370
-1
48
1.0
60
0
100
AcDbText
1

10
748861.459999542
20
8930480.5809994
30
211.049999976158
40
0.3
41
1.0
50
0.0
51
0.0
7
Standard
11
748861.459999542
21
8930480.5809994
31
211.049999976158
210
0.0
220
0.0
230
1.0
72
0
100
AcDbText
73
0
0
TEXT
5
5B2
330
1A
100
AcDbEntity
67
0
8
Length
62
244
420
659967
6
ByLayer
370
-1
48
1.0
60
0
100
AcDbText
1
11.38
10
748861.459999542
20
8930479.04599938
30
211.049999976158
40
0.3
41
1.0
50
0.0
51
0.0
7
Standard
11
748861.459999542
21
8930479.04599938
31
211.049999976158
210
0.0
220
0.0
230
1.0
72
0
100
AcDbText
73
0
0
POLYLINE
5
5C0
330
1A
100
AcDbEntity
67
0
8
Real Hole
62
1
420
16711680
6
ByLayer
370
-1
48
1.0
60
0
100
AcDb3dPolyline
10
0.0
20
0.0
30
0.0
70
8
75
0
210
0.0
220
0.0
230
1.0
0
VERTEX
5
5B3
100
AcDbEntity
8
Real Hole
62
1
420
16711680
100
AcDbVertex
100
AcDb3dPolylineVertex
10
748861.459999542
20
8930479.79999939
30
211.049999976158
70
32
0
VERTEX
5
5B4
100
AcDbEntity
8
Real Hole
62
1
420
16711680
100
AcDbVertex
100
AcDb3dPolylineVertex
10
748861.235036518
20
8930479.87566409
30
210.078574979305
70
32
0
VERTEX
5
5B5
100
AcDbEntity
8
Real Hole
62
1
420
16711680
100
AcDbVertex
100
AcDb3dPolylineVertex
10
748861.014536958
20
8930479.94969905
30
209.106001758575
70
32
0
VERTEX
5
5B6
100
AcDbEntity
8
Real Hole
62
1
420
16711680
100
AcDbVertex
100
AcDb3dPolylineVertex
10
748860.801316123
20
8930479.99657867
30
208.13012316227
70
32
0
VERTEX
5
5B7
100
AcDbEntity
8
Real Hole
62
1
420
16711680
100
AcDbVertex
100
AcDb3dPolylineVertex
10
748860.546076815
20
8930480.04609976
30
207.164514088631
70
32
0
VERTEX
5
5B8
100
AcDbEntity
8
Real Hole
62
1
420
16711680
100
AcDbVertex
100
AcDb3dPolylineVertex
10
748860.275406103
20
8930480.05337665
30
206.201869750023
70
32
0
VERTEX
5
5B9
100
AcDbEntity
8
Real Hole
62
1
420
16711680
100
AcDbVertex
100
AcDb3dPolylineVertex
10
748860.017228465
20
8930480.04084
30
205.235853457451
70
32
0
VERTEX
5
5BA
100
AcDbEntity
8
Real Hole
62
1
420
16711680
100
AcDbVertex
100
AcDb3dPolylineVertex
10
748859.758646588
20
8930480.07990066
30
204.270654463768
70
32
0
VERTEX
5
5BB
100
AcDbEntity
8
Real Hole
62
1
420
16711680
100
AcDbVertex
100
AcDb3dPolylineVertex
10
748859.499259095
20
8930480.12647835
30
203.306004786491
70
32
0
VERTEX
5
5BC
100
AcDbEntity
8
Real Hole
62
1
420
16711680
100
AcDbVertex
100
AcDb3dPolylineVertex
10
748859.234460812
20
8930480.14415911
30
202.341863417625
70
32
0
VERTEX
5
5BD
100
AcDbEntity
8
Real Hole
62
1
420
16711680
100
AcDbVertex
100
AcDb3dPolylineVertex
10
748858.960601788
20
8930480.15156946
30
201.380121970177
70
32
0
VERTEX
5
5BE
100
AcDbEntity
8
Real Hole
62
1
420
16711680
100
AcDbVertex
100
AcDb3dPolylineVertex
10
748858.669639568
20
8930480.16340822
30
200.423460745811
70
32
0
SEQEND
5
5BF
100
AcDbEntity
8
Real Hole
0
POINT
5
5C1
330
1A
100
AcDbEntity
67
0
8
Hole
62
244
420
659967
6
ByLayer
370
-1
48
1.0
60
0
100
AcDbPoint
10
748861.61999939
20
8930481.28999725
30
211.319999957085
39
0.0
210
0.0
220
0.0
230
1.0
50
360.0
0
LINE
5
5C2
330
1A
100
AcDbEntity
67
0
8
Theoretical Hole
62
244
420
659967
6
ByLayer
370
-1
48
1.0
60
0
100
AcDbLine
10
748861.61999939
20
8930481.28999725
30
211.319999957085
11
748858.915865402
21
8930481.57659546
31
200.002089881897
39
0.0
210
0.0
220
0.0
230
1.0
0
TEXT
5
5C3
330
1A
100
AcDbEntity
67
0
8
Number
62
244
420
659967
6
ByLayer
370
-1
48
1.0
60
0
100
AcDbText
1
75
10
748861.61999939
20
8930481.67099727
30
211.319999957085
40
0.3
41
1.0
50
0.0
51
0.0
7
Standard
11
748861.61999939
21
8930481.67099727
31
211.319999957085
210
0.0
220
0.0
230
1.0
72
0
100
AcDbText
73
0
0
TEXT
5
5C4
330
1A
100
AcDbEntity
67
0
8
label
62
1
420
16711680
6
ByLayer
370
-1
48
1.0
60
0
100
AcDbText
1

10
748861.61999939
20
8930482.07099727
30
211.319999957085
40
0.3
41
1.0
50
0.0
51
0.0
7
Standard
11
748861.61999939
21
8930482.07099727
31
211.319999957085
210
0.0
220
0.0
230
1.0
72
0
100
AcDbText
73
0
0
TEXT
5
5C5
330
1A
100
AcDbEntity
67
0
8
Length
62
244
420
659967
6
ByLayer
370
-1
48
1.0
60
0
100
AcDbText
1
11.64
10
748861.61999939
20
8930480.53599725
30
211.319999957085
40
0.3
41
1.0
50
0.0
51
0.0
7
Standard
11
748861.61999939
21
8930480.53599725
31
211.319999957085
210
0.0
220
0.0
230
1.0
72
0
100
AcDbText
73
0
0
POLYLINE
5
5D3
330
1A
100
AcDbEntity
67
0
8
Real Hole
62
1
420
16711680
6
ByLayer
370
-1
48
1.0
60
0
100
AcDb3dPolyline
10
0.0
20
0.0
30
0.0
70
8
75
0
210
0.0
220
0.0
230
1.0
0
VERTEX
5
5C6
100
AcDbEntity
8
Real Hole
62
1
420
16711680
100
AcDbVertex
100
AcDb3dPolylineVertex
10
748861.61999939
20
8930481.28999725
30
211.319999957085
70
32
0
VERTEX
5
5C7
100
AcDbEntity
8
Real Hole
62
1
420
16711680
100
AcDbVertex
100
AcDb3dPolylineVertex
10
748861.35215203
20
8930481.32849918
30
210.357308232784
70
32
0
VERTEX
5
5C8
100
AcDbEntity
8
Real Hole
62
1
420
16711680
100
AcDbVertex
100
AcDb3dPolylineVertex
10
748861.087847512
20
8930481.36564476
30
209.393584513664
70
32
0
VERTEX
5
5C9
100
AcDbEntity
8
Real Hole
62
1
420
16711680
100
AcDbVertex
100
AcDb3dPolylineVertex
10
748860.805079918
20
8930481.40639225
30
208.43526198864
70
32
0
VERTEX
5
5CA
100
AcDbEntity
8
Real Hole
62
1
420
16711680
100
AcDbVertex
100
AcDb3dPolylineVertex
10
748860.524779181
20
8930481.4323949
30
207.47570207119
70
32
0
VERTEX
5
5CB
100
AcDbEntity
8
Real Hole
62
1
420
16711680
100
AcDbVertex
100
AcDb3dPolylineVertex
10
748860.230992537
20
8930481.4446055
30
206.51990916729
70
32
0
VERTEX
5
5CC
100
AcDbEntity
8
Real Hole
62
1
420
16711680
100
AcDbVertex
100
AcDb3dPolylineVertex
10
748859.960749488
20
8930481.44800167
30
205.557122969627
70
32
0
VERTEX
5
5CD
100
AcDbEntity
8
Real Hole
62
1
420
16711680
100
AcDbVertex
100
AcDb3dPolylineVertex
10
748859.669498425
20
8930481.48717334
30
204.601278567314
70
32
0
VERTEX
5
5CE
100
AcDbEntity
8
Real Hole
62
1
420
16711680
100
AcDbVertex
100
AcDb3dPolylineVertex
10
748859.381346445
20
8930481.51365078
30
203.644059920311
70
32
0
VERTEX
5
5CF
100
AcDbEntity
8
Real Hole
62
1
420
16711680
100
AcDbVertex
100
AcDb3dPolylineVertex
10
748859.094895344
20
8930481.54037527
30
202.686337733269
70
32
0
VERTEX
5
5D0
100
AcDbEntity
8
Real Hole
62
1
420
16711680
100
AcDbVertex
100
AcDb3dPolylineVertex
10
748858.810220222
20
8930481.58939368
30
201.728967928886
70
32
0
VERTEX
5
5D1
100
AcDbEntity
8
Real Hole
62
1
420
16711680
100
AcDbVertex
100
AcDb3dPolylineVertex
10
748858.576756697
20
8930481.60363198
30
200.963923716545
70
32
0
SEQEND
5
5D2
100
AcDbEntity
8
Real Hole
0
POINT
5
5D4
330
1A
100
AcDbEntity
67
0
8
Hole
62
244
420
659967
6
ByLayer
370
-1
48
1.0
60
0
100
AcDbPoint
10
748861.779999237
20
8930482.78000275
30
211.329999947548
39
0.0
210
0.0
220
0.0
230
1.0
50
360.0
0
LINE
5
5D5
330
1A
100
AcDbEntity
67
0
8
Theoretical Hole
62
244
420
659967
6
ByLayer
370
-1
48
1.0
60
0
100
AcDbLine
10
748861.779999237
20
8930482.78000275
30
211.329999947548
11
748859.081408005
21
8930483.06601349
31
200.000470542908
39
0.0
210
0.0
220
0.0
230
1.0
0
TEXT
5
5D6
330
1A
100
AcDbEntity
67
0
8
Number
62
244
420
659967
6
ByLayer
370
-1
48
1.0
60
0
100
AcDbText
1
76
10
748861.779999237
20
8930483.16100276
30
211.329999947548
40
0.3
41
1.0
50
0.0
51
0.0
7
Standard
11
748861.779999237
21
8930483.16100276
31
211.329999947548
210
0.0
220
0.0
230
1.0
72
0
100
AcDbText
73
0
0
TEXT
5
5D7
330
1A
100
AcDbEntity
67
0
8
label
62
1
420
16711680
6
ByLayer
370
-1
48
1.0
60
0
100
AcDbText
1

10
748861.779999237
20
8930483.56100276
30
211.329999947548
40
0.3
41
1.0
50
0.0
51
0.0
7
Standard
11
748861.779999237
21
8930483.56100276
31
211.329999947548
210
0.0
220
0.0
230
1.0
72
0
100
AcDbText
73
0
0
TEXT
5
5D8
330
1A
100
AcDbEntity
67
0
8
Length
62
244
420
659967
6
ByLayer
370
-1
48
1.0
60
0
100
AcDbText
1
11.65
10
748861.779999237
20
8930482.02600274
30
211.329999947548
40
0.3
41
1.0
50
0.0
51
0.0
7
Standard
11
748861.779999237
21
8930482.02600274
31
211.329999947548
210
0.0
220
0.0
230
1.0
72
0
100
AcDbText
73
0
0
POLYLINE
5
5E6
330
1A
100
AcDbEntity
67
0
8
Real Hole
62
1
420
16711680
6
ByLayer
370
-1
48
1.0
60
0
100
AcDb3dPolyline
10
0.0
20
0.0
30
0.0
70
8
75
0
210
0.0
220
0.0
230
1.0
0
VERTEX
5
5D9
100
AcDbEntity
8
Real Hole
62
1
420
16711680
100
AcDbVertex
100
AcDb3dPolylineVertex
10
748861.779999237
20
8930482.78000275
30
211.329999947548
70
32
0
VERTEX
5
5DA
100
AcDbEntity
8
Real Hole
62
1
420
16711680
100
AcDbVertex
100
AcDb3dPolylineVertex
10
748861.534814354
20
8930482.79981598
30
210.360726082325
70
32
0
VERTEX
5
5DB
100
AcDbEntity
8
Real Hole
62
1
420
16711680
100
AcDbVertex
100
AcDb3dPolylineVertex
10
748861.301909487
20
8930482.82367898
30
209.388519430161
70
32
0
VERTEX
5
5DC
100
AcDbEntity
8
Real Hole
62
1
420
16711680
100
AcDbVertex
100
AcDb3dPolylineVertex
10
748861.034600358
20
8930482.88367459
30
208.426778101921
70
32
0
VERTEX
5
5DD
100
AcDbEntity
8
Real Hole
62
1
420
16711680
100
AcDbVertex
100
AcDb3dPolylineVertex
10
748860.759986382
20
8930482.96060655
30
207.468306088448
70
32
0
VERTEX
5
5DE
100
AcDbEntity
8
Real Hole
62
1
420
16711680
100
AcDbVertex
100
AcDb3dPolylineVertex
10
748860.499025445
20
8930483.02960411
30
206.505425477028
70
32
0
VERTEX
5
5DF
100
AcDbEntity
8
Real Hole
62
1
420
16711680
100
AcDbVertex
100
AcDb3dPolylineVertex
10
748860.252871017
20
8930483.06126818
30
205.536712193489
70
32
0
VERTEX
5
5E0
100
AcDbEntity
8
Real Hole
62
1
420
16711680
100
AcDbVertex
100
AcDb3dPolylineVertex
10
748859.992260318
20
8930483.12760014
30
204.573549771309
70
32
0
VERTEX
5
5E1
100
AcDbEntity
8
Real Hole
62
1
420
16711680
100
AcDbVertex
100
AcDb3dPolylineVertex
10
748859.724089603
20
8930483.1941644
30
203.612480664253
70
32
0
VERTEX
5
5E2
100
AcDbEntity
8
Real Hole
62
1
420
16711680
100
AcDbVertex
100
AcDb3dPolylineVertex
10
748859.440750341
20
8930483.24499211
30
202.65480902195
70
32
0
VERTEX
5
5E3
100
AcDbEntity
8
Real Hole
62
1
420
16711680
100
AcDbVertex
100
AcDb3dPolylineVertex
10
748859.185502987
20
8930483.29266808
30
201.689108872414
70
32
0
VERTEX
5
5E4
100
AcDbEntity
8
Real Hole
62
1
420
16711680
100
AcDbVertex
100
AcDb3dPolylineVertex
10
748858.907698135
20
8930483.34757409
30
200.730042481422
70
32
0
SEQEND
5
5E5
100
AcDbEntity
8
Real Hole
0
POINT
5
5E7
330
1A
100
AcDbEntity
67
0
8
Hole
62
244
420
659967
6
ByLayer
370
-1
48
1.0
60
0
100
AcDbPoint
10
748861.939999084
20
8930484.28000275
30
210.990000033379
39
0.0
210
0.0
220
0.0
230
1.0
50
360.0
0
LINE
5
5E8
330
1A
100
AcDbEntity
67
0
8
Theoretical Hole
62
244
420
659967
6
ByLayer
370
-1
48
1.0
60
0
100
AcDbLine
10
748861.939999084
20
8930484.28000275
30
210.990000033379
11
748859.247681122
21
8930484.56534973
31
200.008829498291
39
0.0
210
0.0
220
0.0
230
1.0
0
TEXT
5
5E9
330
1A
100
AcDbEntity
67
0
8
Number
62
244
420
659967
6
ByLayer
370
-1
48
1.0
60
0
100
AcDbText
1
77
10
748861.939999084
20
8930484.66100276
30
210.990000033379
40
0.3
41
1.0
50
0.0
51
0.0
7
Standard
11
748861.939999084
21
8930484.66100276
31
210.990000033379
210
0.0
220
0.0
230
1.0
72
0
100
AcDbText
73
0
0
TEXT
5
5EA
330
1A
100
AcDbEntity
67
0
8
label
62
1
420
16711680
6
ByLayer
370
-1
48
1.0
60
0
100
AcDbText
1

10
748861.939999084
20
8930485.06100276
30
210.990000033379
40
0.3
41
1.0
50
0.0
51
0.0
7
Standard
11
748861.939999084
21
8930485.06100276
31
210.990000033379
210
0.0
220
0.0
230
1.0
72
0
100
AcDbText
73
0
0
TEXT
5
5EB
330
1A
100
AcDbEntity
67
0
8
Length
62
244
420
659967
6
ByLayer
370
-1
48
1.0
60
0
100
AcDbText
1
11.31
10
748861.939999084
20
8930483.52600274
30
210.990000033379
40
0.3
41
1.0
50
0.0
51
0.0
7
Standard
11
748861.939999084
21
8930483.52600274
31
210.990000033379
210
0.0
220
0.0
230
1.0
72
0
100
AcDbText
73
0
0
POLYLINE
5
5F9
330
1A
100
AcDbEntity
67
0
8
Real Hole
62
1
420
16711680
6
ByLayer
370
-1
48
1.0
60
0
100
AcDb3dPolyline
10
0.0
20
0.0
30
0.0
70
8
75
0
210
0.0
220
0.0
230
1.0
0
VERTEX
5
5EC
100
AcDbEntity
8
Real Hole
62
1
420
16711680
100
AcDbVertex
100
AcDb3dPolylineVertex
10
748861.939999084
20
8930484.28000275
30
210.990000033379
70
32
0
VERTEX
5
5ED
100
AcDbEntity
8
Real Hole
62
1
420
16711680
100
AcDbVertex
100
AcDb3dPolylineVertex
10
748861.68295155
20
8930484.26022404
30
210.023803675175
70
32
0
VERTEX
5
5EE
100
AcDbEntity
8
Real Hole
62
1
420
16711680
100
AcDbVertex
100
AcDb3dPolylineVertex
10
748861.432510297
20
8930484.24266752
30
209.055831098557
70
32
0
VERTEX
5
5EF
100
AcDbEntity
8
Real Hole
62
1
420
16711680
100
AcDbVertex
100
AcDb3dPolylineVertex
10
748861.151528399
20
8930484.23933264
30
208.096123719215
70
32
0
VERTEX
5
5F0
100
AcDbEntity
8
Real Hole
62
1
420
16711680
100
AcDbVertex
100
AcDb3dPolylineVertex
10
748860.880759935
20
8930484.23933264
30
207.133479380608
70
32
0
VERTEX
5
5F1
100
AcDbEntity
8
Real Hole
62
1
420
16711680
100
AcDbVertex
100
AcDb3dPolylineVertex
10
748860.587026458
20
8930484.21538978
30
206.177891993523
70
32
0
VERTEX
5
5F2
100
AcDbEntity
8
Real Hole
62
1
420
16711680
100
AcDbVertex
100
AcDb3dPolylineVertex
10
748860.324483614
20
8930484.1682927
30
205.214121603966
70
32
0
VERTEX
5
5F3
100
AcDbEntity
8
Real Hole
62
1
420
16711680
100
AcDbVertex
100
AcDb3dPolylineVertex
10
748860.056621175
20
8930484.14264202
30
204.251005911827
70
32
0
VERTEX
5
5F4
100
AcDbEntity
8
Real Hole
62
1
420
16711680
100
AcDbVertex
100
AcDb3dPolylineVertex
10
748859.773577909
20
8930484.1263219
30
203.29203774929
70
32
0
VERTEX
5
5F5
100
AcDbEntity
8
Real Hole
62
1
420
16711680
100
AcDbVertex
100
AcDb3dPolylineVertex
10
748859.494347792
20
8930484.10562057
30
202.332036280632
70
32
0
VERTEX
5
5F6
100
AcDbEntity
8
Real Hole
62
1
420
16711680
100
AcDbVertex
100
AcDb3dPolylineVertex
10
748859.210573893
20
8930484.0698219
30
201.373813891411
70
32
0
VERTEX
5
5F7
100
AcDbEntity
8
Real Hole
62
1
420
16711680
100
AcDbVertex
100
AcDb3dPolylineVertex
10
748858.96779583
20
8930484.05505798
30
200.611685061455
70
32
0
SEQEND
5
5F8
100
AcDbEntity
8
Real Hole
0
POINT
5
5FA
330
1A
100
AcDbEntity
67
0
8
Hole
62
244
420
659967
6
ByLayer
370
-1
48
1.0
60
0
100
AcDbPoint
10
748862.09000061
20
8930485.77000061
30
210.799999976158
39
0.0
210
0.0
220
0.0
230
1.0
50
360.0
0
LINE
5
5FB
330
1A
100
AcDbEntity
67
0
8
Theoretical Hole
62
244
420
659967
6
ByLayer
370
-1
48
1.0
60
0
100
AcDbLine
10
748862.09000061
20
8930485.77000061
30
210.799999976158
11
748859.403036575
21
8930486.05478302
31
200.002961540222
39
0.0
210
0.0
220
0.0
230
1.0
0
TEXT
5
5FC
330
1A
100
AcDbEntity
67
0
8
Number
62
244
420
659967
6
ByLayer
370
-1
48
1.0
60
0
100
AcDbText
1
78
10
748862.09000061
20
8930486.15100062
30
210.799999976158
40
0.3
41
1.0
50
0.0
51
0.0
7
Standard
11
748862.09000061
21
8930486.15100062
31
210.799999976158
210
0.0
220
0.0
230
1.0
72
0
100
AcDbText
73
0
0
TEXT
5
5FD
330
1A
100
AcDbEntity
67
0
8
label
62
1
420
16711680
6
ByLayer
370
-1
48
1.0
60
0
100
AcDbText
1

10
748862.09000061
20
8930486.55100062
30
210.799999976158
40
0.3
41
1.0
50
0.0
51
0.0
7
Standard
11
748862.09000061
21
8930486.55100062
31
210.799999976158
210
0.0
220
0.0
230
1.0
72
0
100
AcDbText
73
0
0
TEXT
5
5FE
330
1A
100
AcDbEntity
67
0
8
Length
62
244
420
659967
6
ByLayer
370
-1
48
1.0
60
0
100
AcDbText
1
11.13
10
748862.09000061
20
8930485.0160006
30
210.799999976158
40
0.3
41
1.0
50
0.0
51
0.0
7
Standard
11
748862.09000061
21
8930485.0160006
31
210.799999976158
210
0.0
220
0.0
230
1.0
72
0
100
AcDbText
73
0
0
POLYLINE
5
60C
330
1A
100
AcDbEntity
67
0
8
Real Hole
62
1
420
16711680
6
ByLayer
370
-1
48
1.0
60
0
100
AcDb3dPolyline
10
0.0
20
0.0
30
0.0
70
8
75
0
210
0.0
220
0.0
230
1.0
0
VERTEX
5
5FF
100
AcDbEntity
8
Real Hole
62
1
420
16711680
100
AcDbVertex
100
AcDb3dPolylineVertex
10
748862.09000061
20
8930485.77000061
30
210.799999976158
70
32
0
VERTEX
5
600
100
AcDbEntity
8
Real Hole
62
1
420
16711680
100
AcDbVertex
100
AcDb3dPolylineVertex
10
748861.869057204
20
8930485.83469274
30
209.826861286163
70
32
0
VERTEX
5
601
100
AcDbEntity
8
Real Hole
62
1
420
16711680
100
AcDbVertex
100
AcDb3dPolylineVertex
10
748861.64665414
20
8930485.90103618
30
208.854166293144
70
32
0
VERTEX
5
602
100
AcDbEntity
8
Real Hole
62
1
420
16711680
100
AcDbVertex
100
AcDb3dPolylineVertex
10
748861.404654543
20
8930485.97850086
30
207.886987233162
70
32
0
VERTEX
5
603
100
AcDbEntity
8
Real Hole
62
1
420
16711680
100
AcDbVertex
100
AcDb3dPolylineVertex
10
748861.182507138
20
8930486.05295971
30
206.914821410179
70
32
0
VERTEX
5
604
100
AcDbEntity
8
Real Hole
62
1
420
16711680
100
AcDbVertex
100
AcDb3dPolylineVertex
10
748860.940646272
20
8930486.08214245
30
205.944949412346
70
32
0
VERTEX
5
605
100
AcDbEntity
8
Real Hole
62
1
420
16711680
100
AcDbVertex
100
AcDb3dPolylineVertex
10
748860.683570366
20
8930486.11987496
30
204.979295039177
70
32
0
VERTEX
5
606
100
AcDbEntity
8
Real Hole
62
1
420
16711680
100
AcDbVertex
100
AcDb3dPolylineVertex
10
748860.43534122
20
8930486.18296329
30
204.01265027523
70
32
0
VERTEX
5
607
100
AcDbEntity
8
Real Hole
62
1
420
16711680
100
AcDbVertex
100
AcDb3dPolylineVertex
10
748860.181460123
20
8930486.23240468
30
203.046679282188
70
32
0
VERTEX
5
608
100
AcDbEntity
8
Real Hole
62
1
420
16711680
100
AcDbVertex
100
AcDb3dPolylineVertex
10
748859.939755898
20
8930486.27899334
30
202.077448630333
70
32
0
VERTEX
5
609
100
AcDbEntity
8
Real Hole
62
1
420
16711680
100
AcDbVertex
100
AcDb3dPolylineVertex
10
748859.710718851
20
8930486.31543324
30
201.104713225365
70
32
0
VERTEX
5
60A
100
AcDbEntity
8
Real Hole
62
1
420
16711680
100
AcDbVertex
100
AcDb3dPolylineVertex
10
748859.537623148
20
8930486.34713975
30
200.427193427086
70
32
0
SEQEND
5
60B
100
AcDbEntity
8
Real Hole
0
POINT
5
60D
330
1A
100
AcDbEntity
67
0
8
Hole
62
244
420
659967
6
ByLayer
370
-1
48
1.0
60
0
100
AcDbPoint
10
748862.250000458
20
8930487.25999847
30
210.850000047684
39
0.0
210
0.0
220
0.0
230
1.0
50
360.0
0
LINE
5
60E
330
1A
100
AcDbEntity
67
0
8
Theoretical Hole
62
244
420
659967
6
ByLayer
370
-1
48
1.0
60
0
100
AcDbLine
10
748862.250000458
20
8930487.25999847
30
210.850000047684
11
748859.569792252
21
8930487.54406372
31
199.999737167358
39
0.0
210
0.0
220
0.0
230
1.0
0
TEXT
5
60F
330
1A
100
AcDbEntity
67
0
8
Number
62
244
420
659967
6
ByLayer
370
-1
48
1.0
60
0
100
AcDbText
1
79
10
748862.250000458
20
8930487.64099849
30
210.850000047684
40
0.3
41
1.0
50
0.0
51
0.0
7
Standard
11
748862.250000458
21
8930487.64099849
31
210.850000047684
210
0.0
220
0.0
230
1.0
72
0
100
AcDbText
73
0
0
TEXT
5
610
330
1A
100
AcDbEntity
67
0
8
label
62
1
420
16711680
6
ByLayer
370
-1
48
1.0
60
0
100
AcDbText
1

10
748862.250000458
20
8930488.04099849
30
210.850000047684
40
0.3
41
1.0
50
0.0
51
0.0
7
Standard
11
748862.250000458
21
8930488.04099849
31
210.850000047684
210
0.0
220
0.0
230
1.0
72
0
100
AcDbText
73
0
0
TEXT
5
611
330
1A
100
AcDbEntity
67
0
8
Length
62
244
420
659967
6
ByLayer
370
-1
48
1.0
60
0
100
AcDbText
1
11.18
10
748862.250000458
20
8930486.50599847
30
210.850000047684
40
0.3
41
1.0
50
0.0
51
0.0
7
Standard
11
748862.250000458
21
8930486.50599847
31
210.850000047684
210
0.0
220
0.0
230
1.0
72
0
100
AcDbText
73
0
0
POLYLINE
5
61E
330
1A
100
AcDbEntity
67
0
8
Real Hole
62
1
420
16711680
6
ByLayer
370
-1
48
1.0
60
0
100
AcDb3dPolyline
10
0.0
20
0.0
30
0.0
70
8
75
0
210
0.0
220
0.0
230
1.0
0
VERTEX
5
612
100
AcDbEntity
8
Real Hole
62
1
420
16711680
100
AcDbVertex
100
AcDb3dPolylineVertex
10
748862.250000458
20
8930487.25999847
30
210.850000047684
70
32
0
VERTEX
5
613
100
AcDbEntity
8
Real Hole
62
1
420
16711680
100
AcDbVertex
100
AcDb3dPolylineVertex
10
748861.967089187
20
8930487.33442995
30
209.893746340275
70
32
0
VERTEX
5
614
100
AcDbEntity
8
Real Hole
62
1
420
16711680
100
AcDbVertex
100
AcDb3dPolylineVertex
10
748861.685821276
20
8930487.43199268
30
208.939089441299
70
32
0
VERTEX
5
615
100
AcDbEntity
8
Real Hole
62
1
420
16711680
100
AcDbVertex
100
AcDb3dPolylineVertex
10
748861.399573247
20
8930487.54752824
30
207.987924957275
70
32
0
VERTEX
5
616
100
AcDbEntity
8
Real Hole
62
1
420
16711680
100
AcDbVertex
100
AcDb3dPolylineVertex
10
748861.115234833
20
8930487.66553775
30
207.036491775513
70
32
0
VERTEX
5
617
100
AcDbEntity
8
Real Hole
62
1
420
16711680
100
AcDbVertex
100
AcDb3dPolylineVertex
10
748860.80101047
20
8930487.77422479
30
206.093384885788
70
32
0
VERTEX
5
618
100
AcDbEntity
8
Real Hole
62
1
420
16711680
100
AcDbVertex
100
AcDb3dPolylineVertex
10
748860.508206468
20
8930487.84047959
30
205.139510774612
70
32
0
VERTEX
5
619
100
AcDbEntity
8
Real Hole
62
1
420
16711680
100
AcDbVertex
100
AcDb3dPolylineVertex
10
748860.211718063
20
8930487.91286531
30
204.187221670151
70
32
0
VERTEX
5
61A
100
AcDbEntity
8
Real Hole
62
1
420
16711680
100
AcDbVertex
100
AcDb3dPolylineVertex
10
748859.922266703
20
8930487.9912363
30
203.2332426548
70
32
0
VERTEX
5
61B
100
AcDbEntity
8
Real Hole
62
1
420
16711680
100
AcDbVertex
100
AcDb3dPolylineVertex
10
748859.62245677
20
8930488.08674494
30
202.284036302567
70
32
0
VERTEX
5
61C
100
AcDbEntity
8
Real Hole
62
1
420
16711680
100
AcDbVertex
100
AcDb3dPolylineVertex
10
748859.327415924
20
8930488.19024018
30
201.334173822403
70
32
0
SEQEND
5
61D
100
AcDbEntity
8
Real Hole
0
POINT
5
61F
330
1A
100
AcDbEntity
67
0
8
Hole
62
244
420
659967
6
ByLayer
370
-1
48
1.0
60
0
100
AcDbPoint
10
748862.410000305
20
8930488.74999634
30
210.799999976158
39
0.0
210
0.0
220
0.0
230
1.0
50
360.0
0
LINE
5
620
330
1A
100
AcDbEntity
67
0
8
Theoretical Hole
62
244
420
659967
6
ByLayer
370
-1
48
1.0
60
0
100
AcDbLine
10
748862.410000305
20
8930488.74999634
30
210.799999976158
11
748859.73428009
21
8930489.03358856
31
200.000138664246
39
0.0
210
0.0
220
0.0
230
1.0
0
TEXT
5
621
330
1A
100
AcDbEntity
67
0
8
Number
62
244
420
659967
6
ByLayer
370
-1
48
1.0
60
0
100
AcDbText
1
80
10
748862.410000305
20
8930489.13099635
30
210.799999976158
40
0.3
41
1.0
50
0.0
51
0.0
7
Standard
11
748862.410000305
21
8930489.13099635
31
210.799999976158
210
0.0
220
0.0
230
1.0
72
0
100
AcDbText
73
0
0
TEXT
5
622
330
1A
100
AcDbEntity
67
0
8
label
62
1
420
16711680
6
ByLayer
370
-1
48
1.0
60
0
100
AcDbText
1

10
748862.410000305
20
8930489.53099635
30
210.799999976158
40
0.3
41
1.0
50
0.0
51
0.0
7
Standard
11
748862.410000305
21
8930489.53099635
31
210.799999976158
210
0.0
220
0.0
230
1.0
72
0
100
AcDbText
73
0
0
TEXT
5
623
330
1A
100
AcDbEntity
67
0
8
Length
62
244
420
659967
6
ByLayer
370
-1
48
1.0
60
0
100
AcDbText
1
11.13
10
748862.410000305
20
8930487.99599633
30
210.799999976158
40
0.3
41
1.0
50
0.0
51
0.0
7
Standard
11
748862.410000305
21
8930487.99599633
31
210.799999976158
210
0.0
220
0.0
230
1.0
72
0
100
AcDbText
73
0
0
POLYLINE
5
631
330
1A
100
AcDbEntity
67
0
8
Real Hole
62
1
420
16711680
6
ByLayer
370
-1
48
1.0
60
0
100
AcDb3dPolyline
10
0.0
20
0.0
30
0.0
70
8
75
0
210
0.0
220
0.0
230
1.0
0
VERTEX
5
624
100
AcDbEntity
8
Real Hole
62
1
420
16711680
100
AcDbVertex
100
AcDb3dPolylineVertex
10
748862.410000305
20
8930488.74999634
30
210.799999976158
70
32
0
VERTEX
5
625
100
AcDbEntity
8
Real Hole
62
1
420
16711680
100
AcDbVertex
100
AcDb3dPolylineVertex
10
748862.094757329
20
8930488.78307403
30
209.851565623283
70
32
0
VERTEX
5
626
100
AcDbEntity
8
Real Hole
62
1
420
16711680
100
AcDbVertex
100
AcDb3dPolylineVertex
10
748861.759595435
20
8930488.81039382
30
208.909801268578
70
32
0
VERTEX
5
627
100
AcDbEntity
8
Real Hole
62
1
420
16711680
100
AcDbVertex
100
AcDb3dPolylineVertex
10
748861.430178504
20
8930488.85786359
30
207.966810727119
70
32
0
VERTEX
5
628
100
AcDbEntity
8
Real Hole
62
1
420
16711680
100
AcDbVertex
100
AcDb3dPolylineVertex
10
748861.107780795
20
8930488.896821
30
207.021008515358
70
32
0
VERTEX
5
629
100
AcDbEntity
8
Real Hole
62
1
420
16711680
100
AcDbVertex
100
AcDb3dPolylineVertex
10
748860.776391487
20
8930488.92937231
30
206.078076148033
70
32
0
VERTEX
5
62A
100
AcDbEntity
8
Real Hole
62
1
420
16711680
100
AcDbVertex
100
AcDb3dPolylineVertex
10
748860.440676074
20
8930488.9537901
30
205.136429095268
70
32
0
VERTEX
5
62B
100
AcDbEntity
8
Real Hole
62
1
420
16711680
100
AcDbVertex
100
AcDb3dPolylineVertex
10
748860.126624804
20
8930488.98010658
30
204.187387728691
70
32
0
VERTEX
5
62C
100
AcDbEntity
8
Real Hole
62
1
420
16711680
100
AcDbVertex
100
AcDb3dPolylineVertex
10
748859.795032959
20
8930488.9927291
30
203.244049334526
70
32
0
VERTEX
5
62D
100
AcDbEntity
8
Real Hole
62
1
420
16711680
100
AcDbVertex
100
AcDb3dPolylineVertex
10
748859.477544765
20
8930489.02660272
30
202.296392226219
70
32
0
VERTEX
5
62E
100
AcDbEntity
8
Real Hole
62
1
420
16711680
100
AcDbVertex
100
AcDb3dPolylineVertex
10
748859.139253359
20
8930489.04042647
30
201.35545232296
70
32
0
VERTEX
5
62F
100
AcDbEntity
8
Real Hole
62
1
420
16711680
100
AcDbVertex
100
AcDb3dPolylineVertex
10
748858.85555933
20
8930489.04007984
30
200.607443594933
70
32
0
SEQEND
5
630
100
AcDbEntity
8
Real Hole
0
POINT
5
632
330
1A
100
AcDbEntity
67
0
8
Hole
62
244
420
659967
6
ByLayer
370
-1
48
1.0
60
0
100
AcDbPoint
10
748862.570000153
20
8930490.24000183
30
210.770000004768
39
0.0
210
0.0
220
0.0
230
1.0
50
360.0
0
LINE
5
633
330
1A
100
AcDbEntity
67
0
8
Theoretical Hole
62
244
420
659967
6
ByLayer
370
-1
48
1.0
60
0
100
AcDbLine
10
748862.570000153
20
8930490.24000183
30
210.770000004768
11
748859.897755127
21
8930490.52322022
31
200.000187301636
39
0.0
210
0.0
220
0.0
230
1.0
0
TEXT
5
634
330
1A
100
AcDbEntity
67
0
8
Number
62
244
420
659967
6
ByLayer
370
-1
48
1.0
60
0
100
AcDbText
1
81
10
748862.570000153
20
8930490.62100184
30
210.770000004768
40
0.3
41
1.0
50
0.0
51
0.0
7
Standard
11
748862.570000153
21
8930490.62100184
31
210.770000004768
210
0.0
220
0.0
230
1.0
72
0
100
AcDbText
73
0
0
TEXT
5
635
330
1A
100
AcDbEntity
67
0
8
label
62
1
420
16711680
6
ByLayer
370
-1
48
1.0
60
0
100
AcDbText
1

10
748862.570000153
20
8930491.02100184
30
210.770000004768
40
0.3
41
1.0
50
0.0
51
0.0
7
Standard
11
748862.570000153
21
8930491.02100184
31
210.770000004768
210
0.0
220
0.0
230
1.0
72
0
100
AcDbText
73
0
0
TEXT
5
636
330
1A
100
AcDbEntity
67
0
8
Length
62
244
420
659967
6
ByLayer
370
-1
48
1.0
60
0
100
AcDbText
1
11.10
10
748862.570000153
20
8930489.48600182
30
210.770000004768
40
0.3
41
1.0
50
0.0
51
0.0
7
Standard
11
748862.570000153
21
8930489.48600182
31
210.770000004768
210
0.0
220
0.0
230
1.0
72
0
100
AcDbText
73
0
0
POLYLINE
5
644
330
1A
100
AcDbEntity
67
0
8
Real Hole
62
1
420
16711680
6
ByLayer
370
-1
48
1.0
60
0
100
AcDb3dPolyline
10
0.0
20
0.0
30
0.0
70
8
75
0
210
0.0
220
0.0
230
1.0
0
VERTEX
5
637
100
AcDbEntity
8
Real Hole
62
1
420
16711680
100
AcDbVertex
100
AcDb3dPolylineVertex
10
748862.570000153
20
8930490.24000183
30
210.770000004768
70
32
0
VERTEX
5
638
100
AcDbEntity
8
Real Hole
62
1
420
16711680
100
AcDbVertex
100
AcDb3dPolylineVertex
10
748862.278134983
20
8930490.24183562
30
209.81354227066
70
32
0
VERTEX
5
639
100
AcDbEntity
8
Real Hole
62
1
420
16711680
100
AcDbVertex
100
AcDb3dPolylineVertex
10
748861.991761367
20
8930490.2511354
30
208.855469369888
70
32
0
VERTEX
5
63A
100
AcDbEntity
8
Real Hole
62
1
420
16711680
100
AcDbVertex
100
AcDb3dPolylineVertex
10
748861.697757523
20
8930490.26207021
30
207.899727606773
70
32
0
VERTEX
5
63B
100
AcDbEntity
8
Real Hole
62
1
420
16711680
100
AcDbVertex
100
AcDb3dPolylineVertex
10
748861.389283638
20
8930490.26734699
30
206.948509478569
70
32
0
VERTEX
5
63C
100
AcDbEntity
8
Real Hole
62
1
420
16711680
100
AcDbVertex
100
AcDb3dPolylineVertex
10
748861.06950758
20
8930490.246612
30
206.001243138313
70
32
0
VERTEX
5
63D
100
AcDbEntity
8
Real Hole
62
1
420
16711680
100
AcDbVertex
100
AcDb3dPolylineVertex
10
748860.757070761
20
8930490.21073816
30
205.051982426643
70
32
0
VERTEX
5
63E
100
AcDbEntity
8
Real Hole
62
1
420
16711680
100
AcDbVertex
100
AcDb3dPolylineVertex
10
748860.482476454
20
8930490.21519562
30
204.090432667732
70
32
0
VERTEX
5
63F
100
AcDbEntity
8
Real Hole
62
1
420
16711680
100
AcDbVertex
100
AcDb3dPolylineVertex
10
748860.168563585
20
8930490.2312625
30
203.141116642952
70
32
0
VERTEX
5
640
100
AcDbEntity
8
Real Hole
62
1
420
16711680
100
AcDbVertex
100
AcDb3dPolylineVertex
10
748859.899328928
20
8930490.24137013
30
202.178095364571
70
32
0
VERTEX
5
641
100
AcDbEntity
8
Real Hole
62
1
420
16711680
100
AcDbVertex
100
AcDb3dPolylineVertex
10
748859.608056288
20
8930490.2537818
30
201.221535229683
70
32
0
VERTEX
5
642
100
AcDbEntity
8
Real Hole
62
1
420
16711680
100
AcDbVertex
100
AcDb3dPolylineVertex
10
748859.361238222
20
8930490.26179704
30
200.460604214668
70
32
0
SEQEND
5
643
100
AcDbEntity
8
Real Hole
0
POINT
5
645
330
1A
100
AcDbEntity
67
0
8
Hole
62
244
420
659967
6
ByLayer
370
-1
48
1.0
60
0
100
AcDbPoint
10
748862.73
20
8930491.7299997
30
210.699999952316
39
0.0
210
0.0
220
0.0
230
1.0
50
360.0
0
LINE
5
646
330
1A
100
AcDbEntity
67
0
8
Theoretical Hole
62
244
420
659967
6
ByLayer
370
-1
48
1.0
60
0
100
AcDbLine
10
748862.73
20
8930491.7299997
30
210.699999952316
11
748860.063463669
21
8930492.01261536
31
200.00090637207
39
0.0
210
0.0
220
0.0
230
1.0
0
TEXT
5
647
330
1A
100
AcDbEntity
67
0
8
Number
62
244
420
659967
6
ByLayer
370
-1
48
1.0
60
0
100
AcDbText
1
82
10
748862.73
20
8930492.11099971
30
210.699999952316
40
0.3
41
1.0
50
0.0
51
0.0
7
Standard
11
748862.73
21
8930492.11099971
31
210.699999952316
210
0.0
220
0.0
230
1.0
72
0
100
AcDbText
73
0
0
TEXT
5
648
330
1A
100
AcDbEntity
67
0
8
label
62
1
420
16711680
6
ByLayer
370
-1
48
1.0
60
0
100
AcDbText
1

10
748862.73
20
8930492.51099971
30
210.699999952316
40
0.3
41
1.0
50
0.0
51
0.0
7
Standard
11
748862.73
21
8930492.51099971
31
210.699999952316
210
0.0
220
0.0
230
1.0
72
0
100
AcDbText
73
0
0
TEXT
5
649
330
1A
100
AcDbEntity
67
0
8
Length
62
244
420
659967
6
ByLayer
370
-1
48
1.0
60
0
100
AcDbText
1
11.03
10
748862.73
20
8930490.97599969
30
210.699999952316
40
0.3
41
1.0
50
0.0
51
0.0
7
Standard
11
748862.73
21
8930490.97599969
31
210.699999952316
210
0.0
220
0.0
230
1.0
72
0
100
AcDbText
73
0
0
POLYLINE
5
656
330
1A
100
AcDbEntity
67
0
8
Real Hole
62
1
420
16711680
6
ByLayer
370
-1
48
1.0
60
0
100
AcDb3dPolyline
10
0.0
20
0.0
30
0.0
70
8
75
0
210
0.0
220
0.0
230
1.0
0
VERTEX
5
64A
100
AcDbEntity
8
Real Hole
62
1
420
16711680
100
AcDbVertex
100
AcDb3dPolylineVertex
10
748862.73
20
8930491.7299997
30
210.699999952316
70
32
0
VERTEX
5
64B
100
AcDbEntity
8
Real Hole
62
1
420
16711680
100
AcDbVertex
100
AcDb3dPolylineVertex
10
748862.437588941
20
8930491.67775534
30
209.745135390759
70
32
0
VERTEX
5
64C
100
AcDbEntity
8
Real Hole
62
1
420
16711680
100
AcDbVertex
100
AcDb3dPolylineVertex
10
748862.15213285
20
8930491.64472692
30
208.787312889099
70
32
0
VERTEX
5
64D
100
AcDbEntity
8
Real Hole
62
1
420
16711680
100
AcDbVertex
100
AcDb3dPolylineVertex
10
748861.854518573
20
8930491.57563413
30
207.835130119324
70
32
0
VERTEX
5
64E
100
AcDbEntity
8
Real Hole
62
1
420
16711680
100
AcDbVertex
100
AcDb3dPolylineVertex
10
748861.553452115
20
8930491.48530978
30
206.885814332962
70
32
0
VERTEX
5
64F
100
AcDbEntity
8
Real Hole
62
1
420
16711680
100
AcDbVertex
100
AcDb3dPolylineVertex
10
748861.268463473
20
8930491.3649844
30
205.934865617752
70
32
0
VERTEX
5
650
100
AcDbEntity
8
Real Hole
62
1
420
16711680
100
AcDbVertex
100
AcDb3dPolylineVertex
10
748861.007014375
20
8930491.24373463
30
204.977294588089
70
32
0
VERTEX
5
651
100
AcDbEntity
8
Real Hole
62
1
420
16711680
100
AcDbVertex
100
AcDb3dPolylineVertex
10
748860.709061365
20
8930491.15457115
30
204.026887083054
70
32
0
VERTEX
5
652
100
AcDbEntity
8
Real Hole
62
1
420
16711680
100
AcDbVertex
100
AcDb3dPolylineVertex
10
748860.414537649
20
8930491.05995325
30
203.075938367844
70
32
0
VERTEX
5
653
100
AcDbEntity
8
Real Hole
62
1
420
16711680
100
AcDbVertex
100
AcDb3dPolylineVertex
10
748860.112629156
20
8930490.93080447
30
202.131389760971
70
32
0
VERTEX
5
654
100
AcDbEntity
8
Real Hole
62
1
420
16711680
100
AcDbVertex
100
AcDb3dPolylineVertex
10
748859.839549761
20
8930490.7809259
30
201.181145811081
70
32
0
SEQEND
5
655
100
AcDbEntity
8
Real Hole
0
POINT
5
657
330
1A
100
AcDbEntity
67
0
8
Hole
62
244
420
659967
6
ByLayer
370
-1
48
1.0
60
0
100
AcDbPoint
10
748862.899998169
20
8930493.21999756
30
210.880000019073
39
0.0
210
0.0
220
0.0
230
1.0
50
360.0
0
LINE
5
658
330
1A
100
AcDbEntity
67
0
8
Theoretical Hole
62
244
420
659967
6
ByLayer
370
-1
48
1.0
60
0
100
AcDbLine
10
748862.899998169
20
8930493.21999756
30
210.880000019073
11
748860.239567261
21
8930493.53628937
31
200.005164527893
39
0.0
210
0.0
220
0.0
230
1.0
0
TEXT
5
659
330
1A
100
AcDbEntity
67
0
8
Number
62
244
420
659967
6
ByLayer
370
-1
48
1.0
60
0
100
AcDbText
1
83
10
748862.899998169
20
8930493.60099757
30
210.880000019073
40
0.3
41
1.0
50
0.0
51
0.0
7
Standard
11
748862.899998169
21
8930493.60099757
31
210.880000019073
210
0.0
220
0.0
230
1.0
72
0
100
AcDbText
73
0
0
TEXT
5
65A
330
1A
100
AcDbEntity
67
0
8
label
62
1
420
16711680
6
ByLayer
370
-1
48
1.0
60
0
100
AcDbText
1

10
748862.899998169
20
8930494.00099757
30
210.880000019073
40
0.3
41
1.0
50
0.0
51
0.0
7
Standard
11
748862.899998169
21
8930494.00099757
31
210.880000019073
210
0.0
220
0.0
230
1.0
72
0
100
AcDbText
73
0
0
TEXT
5
65B
330
1A
100
AcDbEntity
67
0
8
Length
62
244
420
659967
6
ByLayer
370
-1
48
1.0
60
0
100
AcDbText
1
11.20
10
748862.899998169
20
8930492.46599755
30
210.880000019073
40
0.3
41
1.0
50
0.0
51
0.0
7
Standard
11
748862.899998169
21
8930492.46599755
31
210.880000019073
210
0.0
220
0.0
230
1.0
72
0
100
AcDbText
73
0
0
POLYLINE
5
669
330
1A
100
AcDbEntity
67
0
8
Real Hole
62
1
420
16711680
6
ByLayer
370
-1
48
1.0
60
0
100
AcDb3dPolyline
10
0.0
20
0.0
30
0.0
70
8
75
0
210
0.0
220
0.0
230
1.0
0
VERTEX
5
65C
100
AcDbEntity
8
Real Hole
62
1
420
16711680
100
AcDbVertex
100
AcDb3dPolylineVertex
10
748862.899998169
20
8930493.21999756
30
210.880000019073
70
32
0
VERTEX
5
65D
100
AcDbEntity
8
Real Hole
62
1
420
16711680
100
AcDbVertex
100
AcDb3dPolylineVertex
10
748862.637757819
20
8930493.18388858
30
209.915673220158
70
32
0
VERTEX
5
65E
100
AcDbEntity
8
Real Hole
62
1
420
16711680
100
AcDbVertex
100
AcDb3dPolylineVertex
10
748862.38008539
20
8930493.17137647
30
208.949521923065
70
32
0
VERTEX
5
65F
100
AcDbEntity
8
Real Hole
62
1
420
16711680
100
AcDbVertex
100
AcDb3dPolylineVertex
10
748862.108876746
20
8930493.13639322
30
207.98763718605
70
32
0
VERTEX
5
660
100
AcDbEntity
8
Real Hole
62
1
420
16711680
100
AcDbVertex
100
AcDb3dPolylineVertex
10
748861.808119159
20
8930493.05338137
30
207.037556314468
70
32
0
VERTEX
5
661
100
AcDbEntity
8
Real Hole
62
1
420
16711680
100
AcDbVertex
100
AcDb3dPolylineVertex
10
748861.541058879
20
8930492.95770744
30
206.078637504578
70
32
0
VERTEX
5
662
100
AcDbEntity
8
Real Hole
62
1
420
16711680
100
AcDbVertex
100
AcDb3dPolylineVertex
10
748861.269552569
20
8930492.84223602
30
205.123153114319
70
32
0
VERTEX
5
663
100
AcDbEntity
8
Real Hole
62
1
420
16711680
100
AcDbVertex
100
AcDb3dPolylineVertex
10
748861.00204144
20
8930492.76603347
30
204.162616157532
70
32
0
VERTEX
5
664
100
AcDbEntity
8
Real Hole
62
1
420
16711680
100
AcDbVertex
100
AcDb3dPolylineVertex
10
748860.715037327
20
8930492.68145463
30
203.208427810669
70
32
0
VERTEX
5
665
100
AcDbEntity
8
Real Hole
62
1
420
16711680
100
AcDbVertex
100
AcDb3dPolylineVertex
10
748860.450191956
20
8930492.59268436
30
202.24823179245
70
32
0
VERTEX
5
666
100
AcDbEntity
8
Real Hole
62
1
420
16711680
100
AcDbVertex
100
AcDb3dPolylineVertex
10
748860.162040691
20
8930492.46505341
30
201.299190425873
70
32
0
VERTEX
5
667
100
AcDbEntity
8
Real Hole
62
1
420
16711680
100
AcDbVertex
100
AcDb3dPolylineVertex
10
748859.955203753
20
8930492.36991898
30
200.637247943878
70
32
0
SEQEND
5
668
100
AcDbEntity
8
Real Hole
0
POINT
5
66A
330
1A
100
AcDbEntity
67
0
8
Hole
62
244
420
659967
6
ByLayer
370
-1
48
1.0
60
0
100
AcDbPoint
10
748863.009998779
20
8930494.71999756
30
211.100000047684
39
0.0
210
0.0
220
0.0
230
1.0
50
360.0
0
LINE
5
66B
330
1A
100
AcDbEntity
67
0
8
Theoretical Hole
62
244
420
659967
6
ByLayer
370
-1
48
1.0
60
0
100
AcDbLine
10
748863.009998779
20
8930494.71999756
30
211.100000047684
11
748860.339226227
21
8930494.90488068
31
200.008522415161
39
0.0
210
0.0
220
0.0
230
1.0
0
TEXT
5
66C
330
1A
100
AcDbEntity
67
0
8
Number
62
244
420
659967
6
ByLayer
370
-1
48
1.0
60
0
100
AcDbText
1
84
10
748863.009998779
20
8930495.10099757
30
211.100000047684
40
0.3
41
1.0
50
0.0
51
0.0
7
Standard
11
748863.009998779
21
8930495.10099757
31
211.100000047684
210
0.0
220
0.0
230
1.0
72
0
100
AcDbText
73
0
0
TEXT
5
66D
330
1A
100
AcDbEntity
67
0
8
label
62
1
420
16711680
6
ByLayer
370
-1
48
1.0
60
0
100
AcDbText
1

10
748863.009998779
20
8930495.50099757
30
211.100000047684
40
0.3
41
1.0
50
0.0
51
0.0
7
Standard
11
748863.009998779
21
8930495.50099757
31
211.100000047684
210
0.0
220
0.0
230
1.0
72
0
100
AcDbText
73
0
0
TEXT
5
66E
330
1A
100
AcDbEntity
67
0
8
Length
62
244
420
659967
6
ByLayer
370
-1
48
1.0
60
0
100
AcDbText
1
11.41
10
748863.009998779
20
8930493.96599755
30
211.100000047684
40
0.3
41
1.0
50
0.0
51
0.0
7
Standard
11
748863.009998779
21
8930493.96599755
31
211.100000047684
210
0.0
220
0.0
230
1.0
72
0
100
AcDbText
73
0
0
POLYLINE
5
67D
330
1A
100
AcDbEntity
67
0
8
Real Hole
62
1
420
16711680
6
ByLayer
370
-1
48
1.0
60
0
100
AcDb3dPolyline
10
0.0
20
0.0
30
0.0
70
8
75
0
210
0.0
220
0.0
230
1.0
0
VERTEX
5
66F
100
AcDbEntity
8
Real Hole
62
1
420
16711680
100
AcDbVertex
100
AcDb3dPolylineVertex
10
748863.009998779
20
8930494.71999756
30
211.100000047684
70
32
0
VERTEX
5
670
100
AcDbEntity
8
Real Hole
62
1
420
16711680
100
AcDbVertex
100
AcDb3dPolylineVertex
10
748862.791283439
20
8930494.72690917
30
210.124235832691
70
32
0
VERTEX
5
671
100
AcDbEntity
8
Real Hole
62
1
420
16711680
100
AcDbVertex
100
AcDb3dPolylineVertex
10
748862.585414599
20
8930494.71867658
30
209.145690822601
70
32
0
VERTEX
5
672
100
AcDbEntity
8
Real Hole
62
1
420
16711680
100
AcDbVertex
100
AcDb3dPolylineVertex
10
748862.35763828
20
8930494.70833329
30
208.172032260895
70
32
0
VERTEX
5
673
100
AcDbEntity
8
Real Hole
62
1
420
16711680
100
AcDbVertex
100
AcDb3dPolylineVertex
10
748862.138247888
20
8930494.68597102
30
207.196651363373
70
32
0
VERTEX
5
674
100
AcDbEntity
8
Real Hole
62
1
420
16711680
100
AcDbVertex
100
AcDb3dPolylineVertex
10
748861.91013382
20
8930494.69636946
30
206.22307267189
70
32
0
VERTEX
5
675
100
AcDbEntity
8
Real Hole
62
1
420
16711680
100
AcDbVertex
100
AcDb3dPolylineVertex
10
748861.655558686
20
8930494.70005749
30
205.256026411057
70
32
0
VERTEX
5
676
100
AcDbEntity
8
Real Hole
62
1
420
16711680
100
AcDbVertex
100
AcDb3dPolylineVertex
10
748861.418189507
20
8930494.67485766
30
204.284934186935
70
32
0
VERTEX
5
677
100
AcDbEntity
8
Real Hole
62
1
420
16711680
100
AcDbVertex
100
AcDb3dPolylineVertex
10
748861.196172576
20
8930494.63658847
30
203.310642385483
70
32
0
VERTEX
5
678
100
AcDbEntity
8
Real Hole
62
1
420
16711680
100
AcDbVertex
100
AcDb3dPolylineVertex
10
748860.958253126
20
8930494.61527104
30
202.339591646194
70
32
0
VERTEX
5
679
100
AcDbEntity
8
Real Hole
62
1
420
16711680
100
AcDbVertex
100
AcDb3dPolylineVertex
10
748860.737896185
20
8930494.61542491
30
201.3641726017
70
32
0
VERTEX
5
67A
100
AcDbEntity
8
Real Hole
62
1
420
16711680
100
AcDbVertex
100
AcDb3dPolylineVertex
10
748860.535858135
20
8930494.62520015
30
200.384843492508
70
32
0
VERTEX
5
67B
100
AcDbEntity
8
Real Hole
62
1
420
16711680
100
AcDbVertex
100
AcDb3dPolylineVertex
10
748860.514957409
20
8930494.62384123
30
200.287061357498
70
32
0
SEQEND
5
67C
100
AcDbEntity
8
Real Hole
0
POINT
5
67E
330
1A
100
AcDbEntity
67
0
8
Hole
62
244
420
659967
6
ByLayer
370
-1
48
1.0
60
0
100
AcDbPoint
10
748862.959999542
20
8930496.21999756
30
211.230000042915
39
0.0
210
0.0
220
0.0
230
1.0
50
360.0
0
LINE
5
67F
330
1A
100
AcDbEntity
67
0
8
Theoretical Hole
62
244
420
659967
6
ByLayer
370
-1
48
1.0
60
0
100
AcDbLine
10
748862.959999542
20
8930496.21999756
30
211.230000042915
11
748860.282330017
21
8930496.14332977
31
200.046342277527
39
0.0
210
0.0
220
0.0
230
1.0
0
TEXT
5
680
330
1A
100
AcDbEntity
67
0
8
Number
62
244
420
659967
6
ByLayer
370
-1
48
1.0
60
0
100
AcDbText
1
85
10
748862.959999542
20
8930496.60099757
30
211.230000042915
40
0.3
41
1.0
50
0.0
51
0.0
7
Standard
11
748862.959999542
21
8930496.60099757
31
211.230000042915
210
0.0
220
0.0
230
1.0
72
0
100
AcDbText
73
0
0
TEXT
5
681
330
1A
100
AcDbEntity
67
0
8
label
62
1
420
16711680
6
ByLayer
370
-1
48
1.0
60
0
100
AcDbText
1

10
748862.959999542
20
8930497.00099757
30
211.230000042915
40
0.3
41
1.0
50
0.0
51
0.0
7
Standard
11
748862.959999542
21
8930497.00099757
31
211.230000042915
210
0.0
220
0.0
230
1.0
72
0
100
AcDbText
73
0
0
TEXT
5
682
330
1A
100
AcDbEntity
67
0
8
Length
62
244
420
659967
6
ByLayer
370
-1
48
1.0
60
0
100
AcDbText
1
11.50
10
748862.959999542
20
8930495.46599755
30
211.230000042915
40
0.3
41
1.0
50
0.0
51
0.0
7
Standard
11
748862.959999542
21
8930495.46599755
31
211.230000042915
210
0.0
220
0.0
230
1.0
72
0
100
AcDbText
73
0
0
POLYLINE
5
691
330
1A
100
AcDbEntity
67
0
8
Real Hole
62
1
420
16711680
6
ByLayer
370
-1
48
1.0
60
0
100
AcDb3dPolyline
10
0.0
20
0.0
30
0.0
70
8
75
0
210
0.0
220
0.0
230
1.0
0
VERTEX
5
683
100
AcDbEntity
8
Real Hole
62
1
420
16711680
100
AcDbVertex
100
AcDb3dPolylineVertex
10
748862.959999542
20
8930496.21999756
30
211.230000042915
70
32
0
VERTEX
5
684
100
AcDbEntity
8
Real Hole
62
1
420
16711680
100
AcDbVertex
100
AcDb3dPolylineVertex
10
748862.729303117
20
8930496.24204852
30
210.257224166393
70
32
0
VERTEX
5
685
100
AcDbEntity
8
Real Hole
62
1
420
16711680
100
AcDbVertex
100
AcDb3dPolylineVertex
10
748862.512497436
20
8930496.28596119
30
209.281997585297
70
32
0
VERTEX
5
686
100
AcDbEntity
8
Real Hole
62
1
420
16711680
100
AcDbVertex
100
AcDb3dPolylineVertex
10
748862.277033131
20
8930496.29891955
30
208.310200953484
70
32
0
VERTEX
5
687
100
AcDbEntity
8
Real Hole
62
1
420
16711680
100
AcDbVertex
100
AcDb3dPolylineVertex
10
748862.044988971
20
8930496.274981
30
207.33779027462
70
32
0
VERTEX
5
688
100
AcDbEntity
8
Real Hole
62
1
420
16711680
100
AcDbVertex
100
AcDb3dPolylineVertex
10
748861.816272359
20
8930496.23267339
30
206.365217232704
70
32
0
VERTEX
5
689
100
AcDbEntity
8
Real Hole
62
1
420
16711680
100
AcDbVertex
100
AcDb3dPolylineVertex
10
748861.59814642
20
8930496.20139638
30
205.389797711372
70
32
0
VERTEX
5
68A
100
AcDbEntity
8
Real Hole
62
1
420
16711680
100
AcDbVertex
100
AcDb3dPolylineVertex
10
748861.376630883
20
8930496.17807503
30
204.414919877052
70
32
0
VERTEX
5
68B
100
AcDbEntity
8
Real Hole
62
1
420
16711680
100
AcDbVertex
100
AcDb3dPolylineVertex
10
748861.16580389
20
8930496.16632488
30
203.437467122078
70
32
0
VERTEX
5
68C
100
AcDbEntity
8
Real Hole
62
1
420
16711680
100
AcDbVertex
100
AcDb3dPolylineVertex
10
748860.969208937
20
8930496.19126523
30
202.457299733162
70
32
0
VERTEX
5
68D
100
AcDbEntity
8
Real Hole
62
1
420
16711680
100
AcDbVertex
100
AcDb3dPolylineVertex
10
748860.765198212
20
8930496.21750815
30
201.478683018684
70
32
0
VERTEX
5
68E
100
AcDbEntity
8
Real Hole
62
1
420
16711680
100
AcDbVertex
100
AcDb3dPolylineVertex
10
748860.587401848
20
8930496.2281646
30
200.494673275948
70
32
0
VERTEX
5
68F
100
AcDbEntity
8
Real Hole
62
1
420
16711680
100
AcDbVertex
100
AcDb3dPolylineVertex
10
748860.473406534
20
8930496.2165251
30
199.905716443062
70
32
0
SEQEND
5
690
100
AcDbEntity
8
Real Hole
0
POINT
5
692
330
1A
100
AcDbEntity
67
0
8
Hole
62
244
420
659967
6
ByLayer
370
-1
48
1.0
60
0
100
AcDbPoint
10
748862.700001221
20
8930497.70000092
30
211.110000038147
39
0.0
210
0.0
220
0.0
230
1.0
50
360.0
0
LINE
5
693
330
1A
100
AcDbEntity
67
0
8
Theoretical Hole
62
244
420
659967
6
ByLayer
370
-1
48
1.0
60
0
100
AcDbLine
10
748862.700001221
20
8930497.70000092
30
211.110000038147
11
748860.06095932
21
8930497.23371521
31
199.998612785339
39
0.0
210
0.0
220
0.0
230
1.0
0
TEXT
5
694
330
1A
100
AcDbEntity
67
0
8
Number
62
244
420
659967
6
ByLayer
370
-1
48
1.0
60
0
100
AcDbText
1
86
10
748862.700001221
20
8930498.08100093
30
211.110000038147
40
0.3
41
1.0
50
0.0
51
0.0
7
Standard
11
748862.700001221
21
8930498.08100093
31
211.110000038147
210
0.0
220
0.0
230
1.0
72
0
100
AcDbText
73
0
0
TEXT
5
695
330
1A
100
AcDbEntity
67
0
8
label
62
1
420
16711680
6
ByLayer
370
-1
48
1.0
60
0
100
AcDbText
1

10
748862.700001221
20
8930498.48100093
30
211.110000038147
40
0.3
41
1.0
50
0.0
51
0.0
7
Standard
11
748862.700001221
21
8930498.48100093
31
211.110000038147
210
0.0
220
0.0
230
1.0
72
0
100
AcDbText
73
0
0
TEXT
5
696
330
1A
100
AcDbEntity
67
0
8
Length
62
244
420
659967
6
ByLayer
370
-1
48
1.0
60
0
100
AcDbText
1
11.43
10
748862.700001221
20
8930496.94600091
30
211.110000038147
40
0.3
41
1.0
50
0.0
51
0.0
7
Standard
11
748862.700001221
21
8930496.94600091
31
211.110000038147
210
0.0
220
0.0
230
1.0
72
0
100
AcDbText
73
0
0
POLYLINE
5
6A5
330
1A
100
AcDbEntity
67
0
8
Real Hole
62
1
420
16711680
6
ByLayer
370
-1
48
1.0
60
0
100
AcDb3dPolyline
10
0.0
20
0.0
30
0.0
70
8
75
0
210
0.0
220
0.0
230
1.0
0
VERTEX
5
697
100
AcDbEntity
8
Real Hole
62
1
420
16711680
100
AcDbVertex
100
AcDb3dPolylineVertex
10
748862.700001221
20
8930497.70000092
30
211.110000038147
70
32
0
VERTEX
5
698
100
AcDbEntity
8
Real Hole
62
1
420
16711680
100
AcDbVertex
100
AcDb3dPolylineVertex
10
748862.455721315
20
8930497.65428514
30
210.141373479366
70
32
0
VERTEX
5
699
100
AcDbEntity
8
Real Hole
62
1
420
16711680
100
AcDbVertex
100
AcDb3dPolylineVertex
10
748862.212874542
20
8930497.63721851
30
209.171458983421
70
32
0
VERTEX
5
69A
100
AcDbEntity
8
Real Hole
62
1
420
16711680
100
AcDbVertex
100
AcDb3dPolylineVertex
10
748861.936521094
20
8930497.6122142
30
208.210728311539
70
32
0
VERTEX
5
69B
100
AcDbEntity
8
Real Hole
62
1
420
16711680
100
AcDbVertex
100
AcDb3dPolylineVertex
10
748861.665090065
20
8930497.57508099
30
207.24898686409
70
32
0
VERTEX
5
69C
100
AcDbEntity
8
Real Hole
62
1
420
16711680
100
AcDbVertex
100
AcDb3dPolylineVertex
10
748861.410523992
20
8930497.51231793
30
206.28397026062
70
32
0
VERTEX
5
69D
100
AcDbEntity
8
Real Hole
62
1
420
16711680
100
AcDbVertex
100
AcDb3dPolylineVertex
10
748861.156797867
20
8930497.45037231
30
205.318679714203
70
32
0
VERTEX
5
69E
100
AcDbEntity
8
Real Hole
62
1
420
16711680
100
AcDbVertex
100
AcDb3dPolylineVertex
10
748860.903028469
20
8930497.39457754
30
204.353025817871
70
32
0
VERTEX
5
69F
100
AcDbEntity
8
Real Hole
62
1
420
16711680
100
AcDbVertex
100
AcDb3dPolylineVertex
10
748860.666701298
20
8930497.34696848
30
203.38251914978
70
32
0
VERTEX
5
6A0
100
AcDbEntity
8
Real Hole
62
1
420
16711680
100
AcDbVertex
100
AcDb3dPolylineVertex
10
748860.418146114
20
8930497.31044239
30
202.414590263367
70
32
0
VERTEX
5
6A1
100
AcDbEntity
8
Real Hole
62
1
420
16711680
100
AcDbVertex
100
AcDb3dPolylineVertex
10
748860.187433224
20
8930497.29762435
30
201.441652679443
70
32
0
VERTEX
5
6A2
100
AcDbEntity
8
Real Hole
62
1
420
16711680
100
AcDbVertex
100
AcDb3dPolylineVertex
10
748859.957703333
20
8930497.28932095
30
200.468433761597
70
32
0
VERTEX
5
6A3
100
AcDbEntity
8
Real Hole
62
1
420
16711680
100
AcDbVertex
100
AcDb3dPolylineVertex
10
748859.934157591
20
8930497.28836295
30
200.371250534058
70
32
0
SEQEND
5
6A4
100
AcDbEntity
8
Real Hole
0
POINT
5
6A6
330
1A
100
AcDbEntity
67
0
8
Hole
62
244
420
659967
6
ByLayer
370
-1
48
1.0
60
0
100
AcDbPoint
10
748862.270000916
20
8930499.13000122
30
210.92999997139
39
0.0
210
0.0
220
0.0
230
1.0
50
360.0
0
LINE
5
6A7
330
1A
100
AcDbEntity
67
0
8
Theoretical Hole
62
244
420
659967
6
ByLayer
370
-1
48
1.0
60
0
100
AcDbLine
10
748862.270000916
20
8930499.13000122
30
210.92999997139
11
748859.699900131
21
8930498.35648743
31
199.994559669495
39
0.0
210
0.0
220
0.0
230
1.0
0
TEXT
5
6A8
330
1A
100
AcDbEntity
67
0
8
Number
62
244
420
659967
6
ByLayer
370
-1
48
1.0
60
0
100
AcDbText
1
87
10
748862.270000916
20
8930499.51100123
30
210.92999997139
40
0.3
41
1.0
50
0.0
51
0.0
7
Standard
11
748862.270000916
21
8930499.51100123
31
210.92999997139
210
0.0
220
0.0
230
1.0
72
0
100
AcDbText
73
0
0
TEXT
5
6A9
330
1A
100
AcDbEntity
67
0
8
label
62
1
420
16711680
6
ByLayer
370
-1
48
1.0
60
0
100
AcDbText
1

10
748862.270000916
20
8930499.91100123
30
210.92999997139
40
0.3
41
1.0
50
0.0
51
0.0
7
Standard
11
748862.270000916
21
8930499.91100123
31
210.92999997139
210
0.0
220
0.0
230
1.0
72
0
100
AcDbText
73
0
0
TEXT
5
6AA
330
1A
100
AcDbEntity
67
0
8
Length
62
244
420
659967
6
ByLayer
370
-1
48
1.0
60
0
100
AcDbText
1
11.26
10
748862.270000916
20
8930498.37600121
30
210.92999997139
40
0.3
41
1.0
50
0.0
51
0.0
7
Standard
11
748862.270000916
21
8930498.37600121
31
210.92999997139
210
0.0
220
0.0
230
1.0
72
0
100
AcDbText
73
0
0
POLYLINE
5
6B8
330
1A
100
AcDbEntity
67
0
8
Real Hole
62
1
420
16711680
6
ByLayer
370
-1
48
1.0
60
0
100
AcDb3dPolyline
10
0.0
20
0.0
30
0.0
70
8
75
0
210
0.0
220
0.0
230
1.0
0
VERTEX
5
6AB
100
AcDbEntity
8
Real Hole
62
1
420
16711680
100
AcDbVertex
100
AcDb3dPolylineVertex
10
748862.270000916
20
8930499.13000122
30
210.92999997139
70
32
0
VERTEX
5
6AC
100
AcDbEntity
8
Real Hole
62
1
420
16711680
100
AcDbVertex
100
AcDb3dPolylineVertex
10
748861.98224188
20
8930499.08019311
30
209.973593199253
70
32
0
VERTEX
5
6AD
100
AcDbEntity
8
Real Hole
62
1
420
16711680
100
AcDbVertex
100
AcDb3dPolylineVertex
10
748861.699601214
20
8930499.03633697
30
209.015370392799
70
32
0
VERTEX
5
6AE
100
AcDbEntity
8
Real Hole
62
1
420
16711680
100
AcDbVertex
100
AcDb3dPolylineVertex
10
748861.405084174
20
8930498.96153917
30
208.062655830383
70
32
0
VERTEX
5
6AF
100
AcDbEntity
8
Real Hole
62
1
420
16711680
100
AcDbVertex
100
AcDb3dPolylineVertex
10
748861.092505555
20
8930498.85985563
30
207.118222141266
70
32
0
VERTEX
5
6B0
100
AcDbEntity
8
Real Hole
62
1
420
16711680
100
AcDbVertex
100
AcDb3dPolylineVertex
10
748860.807817798
20
8930498.73381824
30
206.167923593521
70
32
0
VERTEX
5
6B1
100
AcDbEntity
8
Real Hole
62
1
420
16711680
100
AcDbVertex
100
AcDb3dPolylineVertex
10
748860.528979759
20
8930498.60373465
30
205.21643652916
70
32
0
VERTEX
5
6B2
100
AcDbEntity
8
Real Hole
62
1
420
16711680
100
AcDbVertex
100
AcDb3dPolylineVertex
10
748860.259224873
20
8930498.48672161
30
204.260643625259
70
32
0
VERTEX
5
6B3
100
AcDbEntity
8
Real Hole
62
1
420
16711680
100
AcDbVertex
100
AcDb3dPolylineVertex
10
748859.995949011
20
8930498.37885169
30
203.301972532272
70
32
0
VERTEX
5
6B4
100
AcDbEntity
8
Real Hole
62
1
420
16711680
100
AcDbVertex
100
AcDb3dPolylineVertex
10
748859.716888885
20
8930498.26114419
30
202.348940515518
70
32
0
VERTEX
5
6B5
100
AcDbEntity
8
Real Hole
62
1
420
16711680
100
AcDbVertex
100
AcDb3dPolylineVertex
10
748859.439670544
20
8930498.14506749
30
201.39517083168
70
32
0
VERTEX
5
6B6
100
AcDbEntity
8
Real Hole
62
1
420
16711680
100
AcDbVertex
100
AcDb3dPolylineVertex
10
748859.15131567
20
8930498.01225618
30
200.446902894974
70
32
0
SEQEND
5
6B7
100
AcDbEntity
8
Real Hole
0
POINT
5
6B9
330
1A
100
AcDbEntity
67
0
8
Hole
62
244
420
659967
6
ByLayer
370
-1
48
1.0
60
0
100
AcDbPoint
10
748861.720001678
20
8930500.52999512
30
210.609999978542
39
0.0
210
0.0
220
0.0
230
1.0
50
360.0
0
LINE
5
6BA
330
1A
100
AcDbEntity
67
0
8
Theoretical Hole
62
244
420
659967
6
ByLayer
370
-1
48
1.0
60
0
100
AcDbLine
10
748861.720001678
20
8930500.52999512
30
210.609999978542
11
748859.226135712
21
8930499.54713074
31
199.993168258667
39
0.0
210
0.0
220
0.0
230
1.0
0
TEXT
5
6BB
330
1A
100
AcDbEntity
67
0
8
Number
62
244
420
659967
6
ByLayer
370
-1
48
1.0
60
0
100
AcDbText
1
88
10
748861.720001678
20
8930500.91099513
30
210.609999978542
40
0.3
41
1.0
50
0.0
51
0.0
7
Standard
11
748861.720001678
21
8930500.91099513
31
210.609999978542
210
0.0
220
0.0
230
1.0
72
0
100
AcDbText
73
0
0
TEXT
5
6BC
330
1A
100
AcDbEntity
67
0
8
label
62
1
420
16711680
6
ByLayer
370
-1
48
1.0
60
0
100
AcDbText
1

10
748861.720001678
20
8930501.31099513
30
210.609999978542
40
0.3
41
1.0
50
0.0
51
0.0
7
Standard
11
748861.720001678
21
8930501.31099513
31
210.609999978542
210
0.0
220
0.0
230
1.0
72
0
100
AcDbText
73
0
0
TEXT
5
6BD
330
1A
100
AcDbEntity
67
0
8
Length
62
244
420
659967
6
ByLayer
370
-1
48
1.0
60
0
100
AcDbText
1
10.95
10
748861.720001678
20
8930499.77599511
30
210.609999978542
40
0.3
41
1.0
50
0.0
51
0.0
7
Standard
11
748861.720001678
21
8930499.77599511
31
210.609999978542
210
0.0
220
0.0
230
1.0
72
0
100
AcDbText
73
0
0
POLYLINE
5
6CB
330
1A
100
AcDbEntity
67
0
8
Real Hole
62
1
420
16711680
6
ByLayer
370
-1
48
1.0
60
0
100
AcDb3dPolyline
10
0.0
20
0.0
30
0.0
70
8
75
0
210
0.0
220
0.0
230
1.0
0
VERTEX
5
6BE
100
AcDbEntity
8
Real Hole
62
1
420
16711680
100
AcDbVertex
100
AcDb3dPolylineVertex
10
748861.720001678
20
8930500.52999512
30
210.609999978542
70
32
0
VERTEX
5
6BF
100
AcDbEntity
8
Real Hole
62
1
420
16711680
100
AcDbVertex
100
AcDb3dPolylineVertex
10
748861.444128971
20
8930500.36891729
30
209.662398719788
70
32
0
VERTEX
5
6C0
100
AcDbEntity
8
Real Hole
62
1
420
16711680
100
AcDbVertex
100
AcDb3dPolylineVertex
10
748861.166829865
20
8930500.22993517
30
208.711720430851
70
32
0
VERTEX
5
6C1
100
AcDbEntity
8
Real Hole
62
1
420
16711680
100
AcDbVertex
100
AcDb3dPolylineVertex
10
748860.868703883
20
8930500.0547458
30
207.773408257961
70
32
0
VERTEX
5
6C2
100
AcDbEntity
8
Real Hole
62
1
420
16711680
100
AcDbVertex
100
AcDb3dPolylineVertex
10
748860.565426807
20
8930499.87929568
30
206.836797320843
70
32
0
VERTEX
5
6C3
100
AcDbEntity
8
Real Hole
62
1
420
16711680
100
AcDbVertex
100
AcDb3dPolylineVertex
10
748860.289822679
20
8930499.70229307
30
205.891962850094
70
32
0
VERTEX
5
6C4
100
AcDbEntity
8
Real Hole
62
1
420
16711680
100
AcDbVertex
100
AcDb3dPolylineVertex
10
748859.972179036
20
8930499.56857232
30
204.953228795528
70
32
0
VERTEX
5
6C5
100
AcDbEntity
8
Real Hole
62
1
420
16711680
100
AcDbVertex
100
AcDb3dPolylineVertex
10
748859.644211273
20
8930499.39161054
30
204.025262200832
70
32
0
VERTEX
5
6C6
100
AcDbEntity
8
Real Hole
62
1
420
16711680
100
AcDbVertex
100
AcDb3dPolylineVertex
10
748859.357799988
20
8930499.2034736
30
203.085808598995
70
32
0
VERTEX
5
6C7
100
AcDbEntity
8
Real Hole
62
1
420
16711680
100
AcDbVertex
100
AcDb3dPolylineVertex
10
748859.052225332
20
8930499.0156298
30
202.152353608608
70
32
0
VERTEX
5
6C8
100
AcDbEntity
8
Real Hole
62
1
420
16711680
100
AcDbVertex
100
AcDb3dPolylineVertex
10
748858.741229038
20
8930498.87133602
30
201.212959611416
70
32
0
VERTEX
5
6C9
100
AcDbEntity
8
Real Hole
62
1
420
16711680
100
AcDbVertex
100
AcDb3dPolylineVertex
10
748858.447503309
20
8930498.72712329
30
200.374552094936
70
32
0
SEQEND
5
6CA
100
AcDbEntity
8
Real Hole
0
POINT
5
6CC
330
1A
100
AcDbEntity
67
0
8
Hole
62
244
420
659967
6
ByLayer
370
-1
48
1.0
60
0
100
AcDbPoint
10
748861.149998169
20
8930501.91999451
30
210.320000016689
39
0.0
210
0.0
220
0.0
230
1.0
50
360.0
0
LINE
5
6CD
330
1A
100
AcDbEntity
67
0
8
Theoretical Hole
62
244
420
659967
6
ByLayer
370
-1
48
1.0
60
0
100
AcDbLine
10
748861.149998169
20
8930501.91999451
30
210.320000016689
11
748858.670288544
21
8930500.90855042
31
200.001880073547
39
0.0
210
0.0
220
0.0
230
1.0
0
TEXT
5
6CE
330
1A
100
AcDbEntity
67
0
8
Number
62
244
420
659967
6
ByLayer
370
-1
48
1.0
60
0
100
AcDbText
1
89
10
748861.149998169
20
8930502.30099452
30
210.320000016689
40
0.3
41
1.0
50
0.0
51
0.0
7
Standard
11
748861.149998169
21
8930502.30099452
31
210.320000016689
210
0.0
220
0.0
230
1.0
72
0
100
AcDbText
73
0
0
TEXT
5
6CF
330
1A
100
AcDbEntity
67
0
8
label
62
1
420
16711680
6
ByLayer
370
-1
48
1.0
60
0
100
AcDbText
1

10
748861.149998169
20
8930502.70099452
30
210.320000016689
40
0.3
41
1.0
50
0.0
51
0.0
7
Standard
11
748861.149998169
21
8930502.70099452
31
210.320000016689
210
0.0
220
0.0
230
1.0
72
0
100
AcDbText
73
0
0
TEXT
5
6D0
330
1A
100
AcDbEntity
67
0
8
Length
62
244
420
659967
6
ByLayer
370
-1
48
1.0
60
0
100
AcDbText
1
10.66
10
748861.149998169
20
8930501.1659945
30
210.320000016689
40
0.3
41
1.0
50
0.0
51
0.0
7
Standard
11
748861.149998169
21
8930501.1659945
31
210.320000016689
210
0.0
220
0.0
230
1.0
72
0
100
AcDbText
73
0
0
POLYLINE
5
6DE
330
1A
100
AcDbEntity
67
0
8
Real Hole
62
1
420
16711680
6
ByLayer
370
-1
48
1.0
60
0
100
AcDb3dPolyline
10
0.0
20
0.0
30
0.0
70
8
75
0
210
0.0
220
0.0
230
1.0
0
VERTEX
5
6D1
100
AcDbEntity
8
Real Hole
62
1
420
16711680
100
AcDbVertex
100
AcDb3dPolylineVertex
10
748861.149998169
20
8930501.91999451
30
210.320000016689
70
32
0
VERTEX
5
6D2
100
AcDbEntity
8
Real Hole
62
1
420
16711680
100
AcDbVertex
100
AcDb3dPolylineVertex
10
748860.83437125
20
8930501.89919664
30
209.371344590187
70
32
0
VERTEX
5
6D3
100
AcDbEntity
8
Real Hole
62
1
420
16711680
100
AcDbVertex
100
AcDb3dPolylineVertex
10
748860.525015931
20
8930501.88925858
30
208.420450055599
70
32
0
VERTEX
5
6D4
100
AcDbEntity
8
Real Hole
62
1
420
16711680
100
AcDbVertex
100
AcDb3dPolylineVertex
10
748860.220189254
20
8930501.89404715
30
207.468054139614
70
32
0
VERTEX
5
6D5
100
AcDbEntity
8
Real Hole
62
1
420
16711680
100
AcDbVertex
100
AcDb3dPolylineVertex
10
748859.903937678
20
8930501.85801484
30
206.520063483715
70
32
0
VERTEX
5
6D6
100
AcDbEntity
8
Real Hole
62
1
420
16711680
100
AcDbVertex
100
AcDb3dPolylineVertex
10
748859.595180612
20
8930501.81429211
30
205.569928014278
70
32
0
VERTEX
5
6D7
100
AcDbEntity
8
Real Hole
62
1
420
16711680
100
AcDbVertex
100
AcDb3dPolylineVertex
10
748859.286938887
20
8930501.76287602
30
204.620010221004
70
32
0
VERTEX
5
6D8
100
AcDbEntity
8
Real Hole
62
1
420
16711680
100
AcDbVertex
100
AcDb3dPolylineVertex
10
748858.987413864
20
8930501.69931923
30
203.668041074276
70
32
0
VERTEX
5
6D9
100
AcDbEntity
8
Real Hole
62
1
420
16711680
100
AcDbVertex
100
AcDb3dPolylineVertex
10
748858.696464996
20
8930501.63864285
30
202.713228547573
70
32
0
VERTEX
5
6DA
100
AcDbEntity
8
Real Hole
62
1
420
16711680
100
AcDbVertex
100
AcDb3dPolylineVertex
10
748858.415040236
20
8930501.56381402
30
201.756567323208
70
32
0
VERTEX
5
6DB
100
AcDbEntity
8
Real Hole
62
1
420
16711680
100
AcDbVertex
100
AcDb3dPolylineVertex
10
748858.125287037
20
8930501.49473161
30
200.801962220669
70
32
0
VERTEX
5
6DC
100
AcDbEntity
8
Real Hole
62
1
420
16711680
100
AcDbVertex
100
AcDb3dPolylineVertex
10
748857.825914125
20
8930501.42440403
30
199.850421273708
70
32
0
SEQEND
5
6DD
100
AcDbEntity
8
Real Hole
0
POINT
5
6DF
330
1A
100
AcDbEntity
67
0
8
Hole
62
244
420
659967
6
ByLayer
370
-1
48
1.0
60
0
100
AcDbPoint
10
748860.59000061
20
8930503.3099939
30
210.260000014305
39
0.0
210
0.0
220
0.0
230
1.0
50
360.0
0
LINE
5
6E0
330
1A
100
AcDbEntity
67
0
8
Theoretical Hole
62
244
420
659967
6
ByLayer
370
-1
48
1.0
60
0
100
AcDbLine
10
748860.59000061
20
8930503.3099939
30
210.260000014305
11
748858.108646851
21
8930502.29787842
31
199.99400844574
39
0.0
210
0.0
220
0.0
230
1.0
0
TEXT
5
6E1
330
1A
100
AcDbEntity
67
0
8
Number
62
244
420
659967
6
ByLayer
370
-1
48
1.0
60
0
100
AcDbText
1
90
10
748860.59000061
20
8930503.69099391
30
210.260000014305
40
0.3
41
1.0
50
0.0
51
0.0
7
Standard
11
748860.59000061
21
8930503.69099391
31
210.260000014305
210
0.0
220
0.0
230
1.0
72
0
100
AcDbText
73
0
0
TEXT
5
6E2
330
1A
100
AcDbEntity
67
0
8
label
62
1
420
16711680
6
ByLayer
370
-1
48
1.0
60
0
100
AcDbText
1

10
748860.59000061
20
8930504.09099391
30
210.260000014305
40
0.3
41
1.0
50
0.0
51
0.0
7
Standard
11
748860.59000061
21
8930504.09099391
31
210.260000014305
210
0.0
220
0.0
230
1.0
72
0
100
AcDbText
73
0
0
TEXT
5
6E3
330
1A
100
AcDbEntity
67
0
8
Length
62
244
420
659967
6
ByLayer
370
-1
48
1.0
60
0
100
AcDbText
1
10.61
10
748860.59000061
20
8930502.55599389
30
210.260000014305
40
0.3
41
1.0
50
0.0
51
0.0
7
Standard
11
748860.59000061
21
8930502.55599389
31
210.260000014305
210
0.0
220
0.0
230
1.0
72
0
100
AcDbText
73
0
0
POLYLINE
5
6F1
330
1A
100
AcDbEntity
67
0
8
Real Hole
62
1
420
16711680
6
ByLayer
370
-1
48
1.0
60
0
100
AcDb3dPolyline
10
0.0
20
0.0
30
0.0
70
8
75
0
210
0.0
220
0.0
230
1.0
0
VERTEX
5
6E4
100
AcDbEntity
8
Real Hole
62
1
420
16711680
100
AcDbVertex
100
AcDb3dPolylineVertex
10
748860.59000061
20
8930503.3099939
30
210.260000014305
70
32
0
VERTEX
5
6E5
100
AcDbEntity
8
Real Hole
62
1
420
16711680
100
AcDbVertex
100
AcDb3dPolylineVertex
10
748860.345511283
20
8930503.20807255
30
209.295719468594
70
32
0
VERTEX
5
6E6
100
AcDbEntity
8
Real Hole
62
1
420
16711680
100
AcDbVertex
100
AcDb3dPolylineVertex
10
748860.109509151
20
8930503.09817335
30
208.330201411247
70
32
0
VERTEX
5
6E7
100
AcDbEntity
8
Real Hole
62
1
420
16711680
100
AcDbVertex
100
AcDb3dPolylineVertex
10
748859.884782414
20
8930502.9795881
30
207.363022351265
70
32
0
VERTEX
5
6E8
100
AcDbEntity
8
Real Hole
62
1
420
16711680
100
AcDbVertex
100
AcDb3dPolylineVertex
10
748859.657561343
20
8930502.89458836
30
206.392895722389
70
32
0
VERTEX
5
6E9
100
AcDbEntity
8
Real Hole
62
1
420
16711680
100
AcDbVertex
100
AcDb3dPolylineVertex
10
748859.417192321
20
8930502.78091512
30
205.428892874718
70
32
0
VERTEX
5
6EA
100
AcDbEntity
8
Real Hole
62
1
420
16711680
100
AcDbVertex
100
AcDb3dPolylineVertex
10
748859.217156153
20
8930502.6649116
30
204.455995821953
70
32
0
VERTEX
5
6EB
100
AcDbEntity
8
Real Hole
62
1
420
16711680
100
AcDbVertex
100
AcDb3dPolylineVertex
10
748858.982263427
20
8930502.5675678
30
203.488861346245
70
32
0
VERTEX
5
6EC
100
AcDbEntity
8
Real Hole
62
1
420
16711680
100
AcDbVertex
100
AcDb3dPolylineVertex
10
748858.753980856
20
8930502.46554777
30
202.520626330376
70
32
0
VERTEX
5
6ED
100
AcDbEntity
8
Real Hole
62
1
420
16711680
100
AcDbVertex
100
AcDb3dPolylineVertex
10
748858.537046652
20
8930502.35102621
30
201.551180624962
70
32
0
VERTEX
5
6EE
100
AcDbEntity
8
Real Hole
62
1
420
16711680
100
AcDbVertex
100
AcDb3dPolylineVertex
10
748858.308255653
20
8930502.22716442
30
200.585616850853
70
32
0
VERTEX
5
6EF
100
AcDbEntity
8
Real Hole
62
1
420
16711680
100
AcDbVertex
100
AcDb3dPolylineVertex
10
748858.265092831
20
8930502.20204309
30
200.391953253746
70
32
0
SEQEND
5
6F0
100
AcDbEntity
8
Real Hole
0
POINT
5
6F2
330
1A
100
AcDbEntity
67
0
8
Hole
62
244
420
659967
6
ByLayer
370
-1
48
1.0
60
0
100
AcDbPoint
10
748860.020000916
20
8930504.68999878
30
210.409999990463
39
0.0
210
0.0
220
0.0
230
1.0
50
360.0
0
LINE
5
6F3
330
1A
100
AcDbEntity
67
0
8
Theoretical Hole
62
244
420
659967
6
ByLayer
370
-1
48
1.0
60
0
100
AcDbLine
10
748860.020000916
20
8930504.68999878
30
210.409999990463
11
748857.537857513
21
8930503.67756287
31
199.999600791931
39
0.0
210
0.0
220
0.0
230
1.0
0
TEXT
5
6F4
330
1A
100
AcDbEntity
67
0
8
Number
62
244
420
659967
6
ByLayer
370
-1
48
1.0
60
0
100
AcDbText
1
91
10
748860.020000916
20
8930505.07099879
30
210.409999990463
40
0.3
41
1.0
50
0.0
51
0.0
7
Standard
11
748860.020000916
21
8930505.07099879
31
210.409999990463
210
0.0
220
0.0
230
1.0
72
0
100
AcDbText
73
0
0
TEXT
5
6F5
330
1A
100
AcDbEntity
67
0
8
label
62
1
420
16711680
6
ByLayer
370
-1
48
1.0
60
0
100
AcDbText
1

10
748860.020000916
20
8930505.47099879
30
210.409999990463
40
0.3
41
1.0
50
0.0
51
0.0
7
Standard
11
748860.020000916
21
8930505.47099879
31
210.409999990463
210
0.0
220
0.0
230
1.0
72
0
100
AcDbText
73
0
0
TEXT
5
6F6
330
1A
100
AcDbEntity
67
0
8
Length
62
244
420
659967
6
ByLayer
370
-1
48
1.0
60
0
100
AcDbText
1
10.75
10
748860.020000916
20
8930503.93599877
30
210.409999990463
40
0.3
41
1.0
50
0.0
51
0.0
7
Standard
11
748860.020000916
21
8930503.93599877
31
210.409999990463
210
0.0
220
0.0
230
1.0
72
0
100
AcDbText
73
0
0
POLYLINE
5
704
330
1A
100
AcDbEntity
67
0
8
Real Hole
62
1
420
16711680
6
ByLayer
370
-1
48
1.0
60
0
100
AcDb3dPolyline
10
0.0
20
0.0
30
0.0
70
8
75
0
210
0.0
220
0.0
230
1.0
0
VERTEX
5
6F7
100
AcDbEntity
8
Real Hole
62
1
420
16711680
100
AcDbVertex
100
AcDb3dPolylineVertex
10
748860.020000916
20
8930504.68999878
30
210.409999990463
70
32
0
VERTEX
5
6F8
100
AcDbEntity
8
Real Hole
62
1
420
16711680
100
AcDbVertex
100
AcDb3dPolylineVertex
10
748859.690882068
20
8930504.55535271
30
209.475360357761
70
32
0
VERTEX
5
6F9
100
AcDbEntity
8
Real Hole
62
1
420
16711680
100
AcDbVertex
100
AcDb3dPolylineVertex
10
748859.350324969
20
8930504.44430459
30
208.541717433929
70
32
0
VERTEX
5
6FA
100
AcDbEntity
8
Real Hole
62
1
420
16711680
100
AcDbVertex
100
AcDb3dPolylineVertex
10
748859.026589732
20
8930504.30320454
30
207.606150054932
70
32
0
VERTEX
5
6FB
100
AcDbEntity
8
Real Hole
62
1
420
16711680
100
AcDbVertex
100
AcDb3dPolylineVertex
10
748858.712276916
20
8930504.14436487
30
206.670213365555
70
32
0
VERTEX
5
6FC
100
AcDbEntity
8
Real Hole
62
1
420
16711680
100
AcDbVertex
100
AcDb3dPolylineVertex
10
748858.409065704
20
8930503.98226104
30
205.731179380417
70
32
0
VERTEX
5
6FD
100
AcDbEntity
8
Real Hole
62
1
420
16711680
100
AcDbVertex
100
AcDb3dPolylineVertex
10
748858.109029155
20
8930503.82573906
30
204.79018034935
70
32
0
VERTEX
5
6FE
100
AcDbEntity
8
Real Hole
62
1
420
16711680
100
AcDbVertex
100
AcDb3dPolylineVertex
10
748857.77370904
20
8930503.72302941
30
203.853691720963
70
32
0
VERTEX
5
6FF
100
AcDbEntity
8
Real Hole
62
1
420
16711680
100
AcDbVertex
100
AcDb3dPolylineVertex
10
748857.450833063
20
8930503.58994964
30
202.916653299332
70
32
0
VERTEX
5
700
100
AcDbEntity
8
Real Hole
62
1
420
16711680
100
AcDbVertex
100
AcDb3dPolylineVertex
10
748857.131829004
20
8930503.45650724
30
201.978341245651
70
32
0
VERTEX
5
701
100
AcDbEntity
8
Real Hole
62
1
420
16711680
100
AcDbVertex
100
AcDb3dPolylineVertex
10
748856.822475414
20
8930503.29765764
30
201.040755414963
70
32
0
VERTEX
5
702
100
AcDbEntity
8
Real Hole
62
1
420
16711680
100
AcDbVertex
100
AcDb3dPolylineVertex
10
748856.758626442
20
8930503.27248112
30
200.852900648117
70
32
0
SEQEND
5
703
100
AcDbEntity
8
Real Hole
0
POINT
5
705
330
1A
100
AcDbEntity
67
0
8
Hole
62
244
420
659967
6
ByLayer
370
-1
48
1.0
60
0
100
AcDbPoint
10
748859.449999313
20
8930506.07999817
30
210.409999990463
39
0.0
210
0.0
220
0.0
230
1.0
50
360.0
0
LINE
5
706
330
1A
100
AcDbEntity
67
0
8
Theoretical Hole
62
244
420
659967
6
ByLayer
370
-1
48
1.0
60
0
100
AcDbLine
10
748859.449999313
20
8930506.07999817
30
210.409999990463
11
748856.969538193
21
8930505.0682489
31
199.999133491516
39
0.0
210
0.0
220
0.0
230
1.0
0
TEXT
5
707
330
1A
100
AcDbEntity
67
0
8
Number
62
244
420
659967
6
ByLayer
370
-1
48
1.0
60
0
100
AcDbText
1
92
10
748859.449999313
20
8930506.46099818
30
210.409999990463
40
0.3
41
1.0
50
0.0
51
0.0
7
Standard
11
748859.449999313
21
8930506.46099818
31
210.409999990463
210
0.0
220
0.0
230
1.0
72
0
100
AcDbText
73
0
0
TEXT
5
708
330
1A
100
AcDbEntity
67
0
8
label
62
1
420
16711680
6
ByLayer
370
-1
48
1.0
60
0
100
AcDbText
1

10
748859.449999313
20
8930506.86099818
30
210.409999990463
40
0.3
41
1.0
50
0.0
51
0.0
7
Standard
11
748859.449999313
21
8930506.86099818
31
210.409999990463
210
0.0
220
0.0
230
1.0
72
0
100
AcDbText
73
0
0
TEXT
5
709
330
1A
100
AcDbEntity
67
0
8
Length
62
244
420
659967
6
ByLayer
370
-1
48
1.0
60
0
100
AcDbText
1
10.75
10
748859.449999313
20
8930505.32599816
30
210.409999990463
40
0.3
41
1.0
50
0.0
51
0.0
7
Standard
11
748859.449999313
21
8930505.32599816
31
210.409999990463
210
0.0
220
0.0
230
1.0
72
0
100
AcDbText
73
0
0
POLYLINE
5
716
330
1A
100
AcDbEntity
67
0
8
Real Hole
62
1
420
16711680
6
ByLayer
370
-1
48
1.0
60
0
100
AcDb3dPolyline
10
0.0
20
0.0
30
0.0
70
8
75
0
210
0.0
220
0.0
230
1.0
0
VERTEX
5
70A
100
AcDbEntity
8
Real Hole
62
1
420
16711680
100
AcDbVertex
100
AcDb3dPolylineVertex
10
748859.449999313
20
8930506.07999817
30
210.409999990463
70
32
0
VERTEX
5
70B
100
AcDbEntity
8
Real Hole
62
1
420
16711680
100
AcDbVertex
100
AcDb3dPolylineVertex
10
748859.176450859
20
8930506.0087441
30
209.450784647465
70
32
0
VERTEX
5
70C
100
AcDbEntity
8
Real Hole
62
1
420
16711680
100
AcDbVertex
100
AcDb3dPolylineVertex
10
748858.899094622
20
8930505.91313444
30
208.494786524773
70
32
0
VERTEX
5
70D
100
AcDbEntity
8
Real Hole
62
1
420
16711680
100
AcDbVertex
100
AcDb3dPolylineVertex
10
748858.608065765
20
8930505.81958318
30
207.542657279968
70
32
0
VERTEX
5
70E
100
AcDbEntity
8
Real Hole
62
1
420
16711680
100
AcDbVertex
100
AcDb3dPolylineVertex
10
748858.324315171
20
8930505.70407552
30
206.590741539001
70
32
0
VERTEX
5
70F
100
AcDbEntity
8
Real Hole
62
1
420
16711680
100
AcDbVertex
100
AcDb3dPolylineVertex
10
748858.04099093
20
8930505.62731034
30
205.634794378281
70
32
0
VERTEX
5
710
100
AcDbEntity
8
Real Hole
62
1
420
16711680
100
AcDbVertex
100
AcDb3dPolylineVertex
10
748857.757077913
20
8930505.51398304
30
204.682665014267
70
32
0
VERTEX
5
711
100
AcDbEntity
8
Real Hole
62
1
420
16711680
100
AcDbVertex
100
AcDb3dPolylineVertex
10
748857.46957479
20
8930505.45475784
30
203.726718568802
70
32
0
VERTEX
5
712
100
AcDbEntity
8
Real Hole
62
1
420
16711680
100
AcDbVertex
100
AcDb3dPolylineVertex
10
748857.174879055
20
8930505.36628887
30
202.77523150444
70
32
0
VERTEX
5
713
100
AcDbEntity
8
Real Hole
62
1
420
16711680
100
AcDbVertex
100
AcDb3dPolylineVertex
10
748856.876007299
20
8930505.26894877
30
201.82591547966
70
32
0
VERTEX
5
714
100
AcDbEntity
8
Real Hole
62
1
420
16711680
100
AcDbVertex
100
AcDb3dPolylineVertex
10
748856.574951391
20
8930505.17298547
30
200.87714972496
70
32
0
SEQEND
5
715
100
AcDbEntity
8
Real Hole
0
POINT
5
717
330
1A
100
AcDbEntity
67
0
8
Hole
62
244
420
659967
6
ByLayer
370
-1
48
1.0
60
0
100
AcDbPoint
10
748858.889999847
20
8930507.46999756
30
210.339999997616
39
0.0
210
0.0
220
0.0
230
1.0
50
360.0
0
LINE
5
718
330
1A
100
AcDbEntity
67
0
8
Theoretical Hole
62
244
420
659967
6
ByLayer
370
-1
48
1.0
60
0
100
AcDbLine
10
748858.889999847
20
8930507.46999756
30
210.339999997616
11
748856.408977966
21
8930506.45801941
31
200.001585388184
39
0.0
210
0.0
220
0.0
230
1.0
0
TEXT
5
719
330
1A
100
AcDbEntity
67
0
8
Number
62
244
420
659967
6
ByLayer
370
-1
48
1.0
60
0
100
AcDbText
1
93
10
748858.889999847
20
8930507.85099757
30
210.339999997616
40
0.3
41
1.0
50
0.0
51
0.0
7
Standard
11
748858.889999847
21
8930507.85099757
31
210.339999997616
210
0.0
220
0.0
230
1.0
72
0
100
AcDbText
73
0
0
TEXT
5
71A
330
1A
100
AcDbEntity
67
0
8
label
62
1
420
16711680
6
ByLayer
370
-1
48
1.0
60
0
100
AcDbText
1

10
748858.889999847
20
8930508.25099757
30
210.339999997616
40
0.3
41
1.0
50
0.0
51
0.0
7
Standard
11
748858.889999847
21
8930508.25099757
31
210.339999997616
210
0.0
220
0.0
230
1.0
72
0
100
AcDbText
73
0
0
TEXT
5
71B
330
1A
100
AcDbEntity
67
0
8
Length
62
244
420
659967
6
ByLayer
370
-1
48
1.0
60
0
100
AcDbText
1
10.68
10
748858.889999847
20
8930506.71599755
30
210.339999997616
40
0.3
41
1.0
50
0.0
51
0.0
7
Standard
11
748858.889999847
21
8930506.71599755
31
210.339999997616
210
0.0
220
0.0
230
1.0
72
0
100
AcDbText
73
0
0
POLYLINE
5
729
330
1A
100
AcDbEntity
67
0
8
Real Hole
62
1
420
16711680
6
ByLayer
370
-1
48
1.0
60
0
100
AcDb3dPolyline
10
0.0
20
0.0
30
0.0
70
8
75
0
210
0.0
220
0.0
230
1.0
0
VERTEX
5
71C
100
AcDbEntity
8
Real Hole
62
1
420
16711680
100
AcDbVertex
100
AcDb3dPolylineVertex
10
748858.889999847
20
8930507.46999756
30
210.339999997616
70
32
0
VERTEX
5
71D
100
AcDbEntity
8
Real Hole
62
1
420
16711680
100
AcDbVertex
100
AcDb3dPolylineVertex
10
748858.673975106
20
8930507.34441947
30
209.371721410751
70
32
0
VERTEX
5
71E
100
AcDbEntity
8
Real Hole
62
1
420
16711680
100
AcDbVertex
100
AcDb3dPolylineVertex
10
748858.451373796
20
8930507.21040264
30
208.406067097187
70
32
0
VERTEX
5
71F
100
AcDbEntity
8
Real Hole
62
1
420
16711680
100
AcDbVertex
100
AcDb3dPolylineVertex
10
748858.214781146
20
8930507.06930915
30
207.444757306576
70
32
0
VERTEX
5
720
100
AcDbEntity
8
Real Hole
62
1
420
16711680
100
AcDbVertex
100
AcDb3dPolylineVertex
10
748857.994242351
20
8930506.92077783
30
206.480754697323
70
32
0
VERTEX
5
721
100
AcDbEntity
8
Real Hole
62
1
420
16711680
100
AcDbVertex
100
AcDb3dPolylineVertex
10
748857.776884179
20
8930506.79279521
30
205.513089501858
70
32
0
VERTEX
5
722
100
AcDbEntity
8
Real Hole
62
1
420
16711680
100
AcDbVertex
100
AcDb3dPolylineVertex
10
748857.526151519
20
8930506.71556399
30
204.548118913174
70
32
0
VERTEX
5
723
100
AcDbEntity
8
Real Hole
62
1
420
16711680
100
AcDbVertex
100
AcDb3dPolylineVertex
10
748857.302477698
20
8930506.60080853
30
203.580233895779
70
32
0
VERTEX
5
724
100
AcDbEntity
8
Real Hole
62
1
420
16711680
100
AcDbVertex
100
AcDb3dPolylineVertex
10
748857.077226143
20
8930506.47820136
30
202.613678777218
70
32
0
VERTEX
5
725
100
AcDbEntity
8
Real Hole
62
1
420
16711680
100
AcDbVertex
100
AcDb3dPolylineVertex
10
748856.862245064
20
8930506.37446049
30
201.642585599422
70
32
0
VERTEX
5
726
100
AcDbEntity
8
Real Hole
62
1
420
16711680
100
AcDbVertex
100
AcDb3dPolylineVertex
10
748856.642847996
20
8930506.29981438
30
200.669810140133
70
32
0
VERTEX
5
727
100
AcDbEntity
8
Real Hole
62
1
420
16711680
100
AcDbVertex
100
AcDb3dPolylineVertex
10
748856.593060713
20
8930506.28589479
30
200.476607167721
70
32
0
SEQEND
5
728
100
AcDbEntity
8
Real Hole
0
POINT
5
72A
330
1A
100
AcDbEntity
67
0
8
Hole
62
244
420
659967
6
ByLayer
370
-1
48
1.0
60
0
100
AcDbPoint
10
748858.279999237
20
8930508.83999268
30
210.380000019073
39
0.0
210
0.0
220
0.0
230
1.0
50
360.0
0
LINE
5
72B
330
1A
100
AcDbEntity
67
0
8
Theoretical Hole
62
244
420
659967
6
ByLayer
370
-1
48
1.0
60
0
100
AcDbLine
10
748858.279999237
20
8930508.83999268
30
210.380000019073
11
748855.831989746
21
8930507.75262085
31
200.000053787231
39
0.0
210
0.0
220
0.0
230
1.0
0
TEXT
5
72C
330
1A
100
AcDbEntity
67
0
8
Number
62
244
420
659967
6
ByLayer
370
-1
48
1.0
60
0
100
AcDbText
1
94
10
748858.279999237
20
8930509.22099269
30
210.380000019073
40
0.3
41
1.0
50
0.0
51
0.0
7
Standard
11
748858.279999237
21
8930509.22099269
31
210.380000019073
210
0.0
220
0.0
230
1.0
72
0
100
AcDbText
73
0
0
TEXT
5
72D
330
1A
100
AcDbEntity
67
0
8
label
62
1
420
16711680
6
ByLayer
370
-1
48
1.0
60
0
100
AcDbText
1

10
748858.279999237
20
8930509.62099269
30
210.380000019073
40
0.3
41
1.0
50
0.0
51
0.0
7
Standard
11
748858.279999237
21
8930509.62099269
31
210.380000019073
210
0.0
220
0.0
230
1.0
72
0
100
AcDbText
73
0
0
TEXT
5
72E
330
1A
100
AcDbEntity
67
0
8
Length
62
244
420
659967
6
ByLayer
370
-1
48
1.0
60
0
100
AcDbText
1
10.72
10
748858.279999237
20
8930508.08599267
30
210.380000019073
40
0.3
41
1.0
50
0.0
51
0.0
7
Standard
11
748858.279999237
21
8930508.08599267
31
210.380000019073
210
0.0
220
0.0
230
1.0
72
0
100
AcDbText
73
0
0
POLYLINE
5
73C
330
1A
100
AcDbEntity
67
0
8
Real Hole
62
1
420
16711680
6
ByLayer
370
-1
48
1.0
60
0
100
AcDb3dPolyline
10
0.0
20
0.0
30
0.0
70
8
75
0
210
0.0
220
0.0
230
1.0
0
VERTEX
5
72F
100
AcDbEntity
8
Real Hole
62
1
420
16711680
100
AcDbVertex
100
AcDb3dPolylineVertex
10
748858.279999237
20
8930508.83999268
30
210.380000019073
70
32
0
VERTEX
5
730
100
AcDbEntity
8
Real Hole
62
1
420
16711680
100
AcDbVertex
100
AcDb3dPolylineVertex
10
748858.106801819
20
8930508.69091416
30
209.40646096468
70
32
0
VERTEX
5
731
100
AcDbEntity
8
Real Hole
62
1
420
16711680
100
AcDbVertex
100
AcDb3dPolylineVertex
10
748857.924594681
20
8930508.53435722
30
208.435744547844
70
32
0
VERTEX
5
732
100
AcDbEntity
8
Real Hole
62
1
420
16711680
100
AcDbVertex
100
AcDb3dPolylineVertex
10
748857.73694716
20
8930508.36604986
30
207.468035364151
70
32
0
VERTEX
5
733
100
AcDbEntity
8
Real Hole
62
1
420
16711680
100
AcDbVertex
100
AcDb3dPolylineVertex
10
748857.564639311
20
8930508.18415764
30
206.4999314785
70
32
0
VERTEX
5
734
100
AcDbEntity
8
Real Hole
62
1
420
16711680
100
AcDbVertex
100
AcDb3dPolylineVertex
10
748857.393221002
20
8930508.02845213
30
205.527115249634
70
32
0
VERTEX
5
735
100
AcDbEntity
8
Real Hole
62
1
420
16711680
100
AcDbVertex
100
AcDb3dPolylineVertex
10
748857.177257042
20
8930507.88007978
30
204.562052631378
70
32
0
VERTEX
5
736
100
AcDbEntity
8
Real Hole
62
1
420
16711680
100
AcDbVertex
100
AcDb3dPolylineVertex
10
748856.980883102
20
8930507.70865122
30
203.596625709534
70
32
0
VERTEX
5
737
100
AcDbEntity
8
Real Hole
62
1
420
16711680
100
AcDbVertex
100
AcDb3dPolylineVertex
10
748856.795040231
20
8930507.53413323
30
202.629668617249
70
32
0
VERTEX
5
738
100
AcDbEntity
8
Real Hole
62
1
420
16711680
100
AcDbVertex
100
AcDb3dPolylineVertex
10
748856.603567939
20
8930507.34339467
30
201.666882419586
70
32
0
VERTEX
5
739
100
AcDbEntity
8
Real Hole
62
1
420
16711680
100
AcDbVertex
100
AcDb3dPolylineVertex
10
748856.417685251
20
8930507.15777138
30
200.702003383636
70
32
0
VERTEX
5
73A
100
AcDbEntity
8
Real Hole
62
1
420
16711680
100
AcDbVertex
100
AcDb3dPolylineVertex
10
748856.307532768
20
8930507.04560104
30
200.122965717316
70
32
0
SEQEND
5
73B
100
AcDbEntity
8
Real Hole
0
POINT
5
73D
330
1A
100
AcDbEntity
67
0
8
Hole
62
244
420
659967
6
ByLayer
370
-1
48
1.0
60
0
100
AcDbPoint
10
748857.650000076
20
8930510.19999329
30
210.520000004768
39
0.0
210
0.0
220
0.0
230
1.0
50
360.0
0
LINE
5
73E
330
1A
100
AcDbEntity
67
0
8
Theoretical Hole
62
244
420
659967
6
ByLayer
370
-1
48
1.0
60
0
100
AcDbLine
10
748857.650000076
20
8930510.19999329
30
210.520000004768
11
748855.219587784
21
8930509.06925598
31
199.996020698547
39
0.0
210
0.0
220
0.0
230
1.0
0
TEXT
5
73F
330
1A
100
AcDbEntity
67
0
8
Number
62
244
420
659967
6
ByLayer
370
-1
48
1.0
60
0
100
AcDbText
1
95
10
748857.650000076
20
8930510.5809933
30
210.520000004768
40
0.3
41
1.0
50
0.0
51
0.0
7
Standard
11
748857.650000076
21
8930510.5809933
31
210.520000004768
210
0.0
220
0.0
230
1.0
72
0
100
AcDbText
73
0
0
TEXT
5
740
330
1A
100
AcDbEntity
67
0
8
label
62
1
420
16711680
6
ByLayer
370
-1
48
1.0
60
0
100
AcDbText
1

10
748857.650000076
20
8930510.9809933
30
210.520000004768
40
0.3
41
1.0
50
0.0
51
0.0
7
Standard
11
748857.650000076
21
8930510.9809933
31
210.520000004768
210
0.0
220
0.0
230
1.0
72
0
100
AcDbText
73
0
0
TEXT
5
741
330
1A
100
AcDbEntity
67
0
8
Length
62
244
420
659967
6
ByLayer
370
-1
48
1.0
60
0
100
AcDbText
1
10.86
10
748857.650000076
20
8930509.44599328
30
210.520000004768
40
0.3
41
1.0
50
0.0
51
0.0
7
Standard
11
748857.650000076
21
8930509.44599328
31
210.520000004768
210
0.0
220
0.0
230
1.0
72
0
100
AcDbText
73
0
0
POLYLINE
5
74F
330
1A
100
AcDbEntity
67
0
8
Real Hole
62
1
420
16711680
6
ByLayer
370
-1
48
1.0
60
0
100
AcDb3dPolyline
10
0.0
20
0.0
30
0.0
70
8
75
0
210
0.0
220
0.0
230
1.0
0
VERTEX
5
742
100
AcDbEntity
8
Real Hole
62
1
420
16711680
100
AcDbVertex
100
AcDb3dPolylineVertex
10
748857.650000076
20
8930510.19999329
30
210.520000004768
70
32
0
VERTEX
5
743
100
AcDbEntity
8
Real Hole
62
1
420
16711680
100
AcDbVertex
100
AcDb3dPolylineVertex
10
748857.455216016
20
8930510.09842219
30
209.544427120686
70
32
0
VERTEX
5
744
100
AcDbEntity
8
Real Hole
62
1
420
16711680
100
AcDbVertex
100
AcDb3dPolylineVertex
10
748857.258901428
20
8930509.9720999
30
208.572057151794
70
32
0
VERTEX
5
745
100
AcDbEntity
8
Real Hole
62
1
420
16711680
100
AcDbVertex
100
AcDb3dPolylineVertex
10
748857.043952446
20
8930509.8493957
30
207.603170895576
70
32
0
VERTEX
5
746
100
AcDbEntity
8
Real Hole
62
1
420
16711680
100
AcDbVertex
100
AcDb3dPolylineVertex
10
748856.857547681
20
8930509.75351441
30
206.625387692451
70
32
0
VERTEX
5
747
100
AcDbEntity
8
Real Hole
62
1
420
16711680
100
AcDbVertex
100
AcDb3dPolylineVertex
10
748856.644552927
20
8930509.70044837
30
205.649776482582
70
32
0
VERTEX
5
748
100
AcDbEntity
8
Real Hole
62
1
420
16711680
100
AcDbVertex
100
AcDb3dPolylineVertex
10
748856.439542513
20
8930509.60419622
30
204.675760769844
70
32
0
VERTEX
5
749
100
AcDbEntity
8
Real Hole
62
1
420
16711680
100
AcDbVertex
100
AcDb3dPolylineVertex
10
748856.273207526
20
8930509.49397621
30
203.695870900154
70
32
0
VERTEX
5
74A
100
AcDbEntity
8
Real Hole
62
1
420
16711680
100
AcDbVertex
100
AcDb3dPolylineVertex
10
748856.081525664
20
8930509.44504586
30
202.71563436985
70
32
0
VERTEX
5
74B
100
AcDbEntity
8
Real Hole
62
1
420
16711680
100
AcDbVertex
100
AcDb3dPolylineVertex
10
748855.873374324
20
8930509.3557891
30
201.741618657112
70
32
0
VERTEX
5
74C
100
AcDbEntity
8
Real Hole
62
1
420
16711680
100
AcDbVertex
100
AcDb3dPolylineVertex
10
748855.65565465
20
8930509.25917259
30
200.770401501656
70
32
0
VERTEX
5
74D
100
AcDbEntity
8
Real Hole
62
1
420
16711680
100
AcDbVertex
100
AcDb3dPolylineVertex
10
748855.570021372
20
8930509.21572838
30
200.382097744942
70
32
0
SEQEND
5
74E
100
AcDbEntity
8
Real Hole
0
POINT
5
750
330
1A
100
AcDbEntity
67
0
8
Hole
62
244
420
659967
6
ByLayer
370
-1
48
1.0
60
0
100
AcDbPoint
10
748857.010000687
20
8930511.5599939
30
210.990000033379
39
0.0
210
0.0
220
0.0
230
1.0
50
360.0
0
LINE
5
751
330
1A
100
AcDbEntity
67
0
8
Theoretical Hole
62
244
420
659967
6
ByLayer
370
-1
48
1.0
60
0
100
AcDbLine
10
748857.010000687
20
8930511.5599939
30
210.990000033379
11
748854.581341248
21
8930510.43006531
31
200.00177898407
39
0.0
210
0.0
220
0.0
230
1.0
0
TEXT
5
752
330
1A
100
AcDbEntity
67
0
8
Number
62
244
420
659967
6
ByLayer
370
-1
48
1.0
60
0
100
AcDbText
1
96
10
748857.010000687
20
8930511.94099391
30
210.990000033379
40
0.3
41
1.0
50
0.0
51
0.0
7
Standard
11
748857.010000687
21
8930511.94099391
31
210.990000033379
210
0.0
220
0.0
230
1.0
72
0
100
AcDbText
73
0
0
TEXT
5
753
330
1A
100
AcDbEntity
67
0
8
label
62
1
420
16711680
6
ByLayer
370
-1
48
1.0
60
0
100
AcDbText
1

10
748857.010000687
20
8930512.34099391
30
210.990000033379
40
0.3
41
1.0
50
0.0
51
0.0
7
Standard
11
748857.010000687
21
8930512.34099391
31
210.990000033379
210
0.0
220
0.0
230
1.0
72
0
100
AcDbText
73
0
0
TEXT
5
754
330
1A
100
AcDbEntity
67
0
8
Length
62
244
420
659967
6
ByLayer
370
-1
48
1.0
60
0
100
AcDbText
1
11.31
10
748857.010000687
20
8930510.80599389
30
210.990000033379
40
0.3
41
1.0
50
0.0
51
0.0
7
Standard
11
748857.010000687
21
8930510.80599389
31
210.990000033379
210
0.0
220
0.0
230
1.0
72
0
100
AcDbText
73
0
0
POLYLINE
5
762
330
1A
100
AcDbEntity
67
0
8
Real Hole
62
1
420
16711680
6
ByLayer
370
-1
48
1.0
60
0
100
AcDb3dPolyline
10
0.0
20
0.0
30
0.0
70
8
75
0
210
0.0
220
0.0
230
1.0
0
VERTEX
5
755
100
AcDbEntity
8
Real Hole
62
1
420
16711680
100
AcDbVertex
100
AcDb3dPolylineVertex
10
748857.010000687
20
8930511.5599939
30
210.990000033379
70
32
0
VERTEX
5
756
100
AcDbEntity
8
Real Hole
62
1
420
16711680
100
AcDbVertex
100
AcDb3dPolylineVertex
10
748856.789891149
20
8930511.44315666
30
210.021547222137
70
32
0
VERTEX
5
757
100
AcDbEntity
8
Real Hole
62
1
420
16711680
100
AcDbVertex
100
AcDb3dPolylineVertex
10
748856.575005572
20
8930511.31763794
30
209.053007507324
70
32
0
VERTEX
5
758
100
AcDbEntity
8
Real Hole
62
1
420
16711680
100
AcDbVertex
100
AcDb3dPolylineVertex
10
748856.343477349
20
8930511.19140461
30
208.088403964043
70
32
0
VERTEX
5
759
100
AcDbEntity
8
Real Hole
62
1
420
16711680
100
AcDbVertex
100
AcDb3dPolylineVertex
10
748856.11345468
20
8930511.0356091
30
207.127770209312
70
32
0
VERTEX
5
75A
100
AcDbEntity
8
Real Hole
62
1
420
16711680
100
AcDbVertex
100
AcDb3dPolylineVertex
10
748855.874792795
20
8930510.93119142
30
206.162297511101
70
32
0
VERTEX
5
75B
100
AcDbEntity
8
Real Hole
62
1
420
16711680
100
AcDbVertex
100
AcDb3dPolylineVertex
10
748855.650045972
20
8930510.78260389
30
205.199275755882
70
32
0
VERTEX
5
75C
100
AcDbEntity
8
Real Hole
62
1
420
16711680
100
AcDbVertex
100
AcDb3dPolylineVertex
10
748855.443667512
20
8930510.62894205
30
204.232944750786
70
32
0
VERTEX
5
75D
100
AcDbEntity
8
Real Hole
62
1
420
16711680
100
AcDbVertex
100
AcDb3dPolylineVertex
10
748855.218089085
20
8930510.51420251
30
203.265499854088
70
32
0
VERTEX
5
75E
100
AcDbEntity
8
Real Hole
62
1
420
16711680
100
AcDbVertex
100
AcDb3dPolylineVertex
10
748854.974728804
20
8930510.4241325
30
202.299755358696
70
32
0
VERTEX
5
75F
100
AcDbEntity
8
Real Hole
62
1
420
16711680
100
AcDbVertex
100
AcDb3dPolylineVertex
10
748854.747216444
20
8930510.25608912
30
201.340588831902
70
32
0
VERTEX
5
760
100
AcDbEntity
8
Real Hole
62
1
420
16711680
100
AcDbVertex
100
AcDb3dPolylineVertex
10
748854.5420749
20
8930510.11499396
30
200.475713992119
70
32
0
SEQEND
5
761
100
AcDbEntity
8
Real Hole
0
POINT
5
763
330
1A
100
AcDbEntity
67
0
8
Hole
62
244
420
659967
6
ByLayer
370
-1
48
1.0
60
0
100
AcDbPoint
10
748856.379999619
20
8930512.91999451
30
211.34000005722
39
0.0
210
0.0
220
0.0
230
1.0
50
360.0
0
LINE
5
764
330
1A
100
AcDbEntity
67
0
8
Theoretical Hole
62
244
420
659967
6
ByLayer
370
-1
48
1.0
60
0
100
AcDbLine
10
748856.379999619
20
8930512.91999451
30
211.34000005722
11
748853.950035553
21
8930511.78947083
31
200.002467536926
39
0.0
210
0.0
220
0.0
230
1.0
0
TEXT
5
765
330
1A
100
AcDbEntity
67
0
8
Number
62
244
420
659967
6
ByLayer
370
-1
48
1.0
60
0
100
AcDbText
1
97
10
748856.379999619
20
8930513.30099452
30
211.34000005722
40
0.3
41
1.0
50
0.0
51
0.0
7
Standard
11
748856.379999619
21
8930513.30099452
31
211.34000005722
210
0.0
220
0.0
230
1.0
72
0
100
AcDbText
73
0
0
TEXT
5
766
330
1A
100
AcDbEntity
67
0
8
label
62
1
420
16711680
6
ByLayer
370
-1
48
1.0
60
0
100
AcDbText
1

10
748856.379999619
20
8930513.70099452
30
211.34000005722
40
0.3
41
1.0
50
0.0
51
0.0
7
Standard
11
748856.379999619
21
8930513.70099452
31
211.34000005722
210
0.0
220
0.0
230
1.0
72
0
100
AcDbText
73
0
0
TEXT
5
767
330
1A
100
AcDbEntity
67
0
8
Length
62
244
420
659967
6
ByLayer
370
-1
48
1.0
60
0
100
AcDbText
1
11.65
10
748856.379999619
20
8930512.1659945
30
211.34000005722
40
0.3
41
1.0
50
0.0
51
0.0
7
Standard
11
748856.379999619
21
8930512.1659945
31
211.34000005722
210
0.0
220
0.0
230
1.0
72
0
100
AcDbText
73
0
0
POLYLINE
5
775
330
1A
100
AcDbEntity
67
0
8
Real Hole
62
1
420
16711680
6
ByLayer
370
-1
48
1.0
60
0
100
AcDb3dPolyline
10
0.0
20
0.0
30
0.0
70
8
75
0
210
0.0
220
0.0
230
1.0
0
VERTEX
5
768
100
AcDbEntity
8
Real Hole
62
1
420
16711680
100
AcDbVertex
100
AcDb3dPolylineVertex
10
748856.379999619
20
8930512.91999451
30
211.34000005722
70
32
0
VERTEX
5
769
100
AcDbEntity
8
Real Hole
62
1
420
16711680
100
AcDbVertex
100
AcDb3dPolylineVertex
10
748856.159747999
20
8930512.80020842
30
210.371939861774
70
32
0
VERTEX
5
76A
100
AcDbEntity
8
Real Hole
62
1
420
16711680
100
AcDbVertex
100
AcDb3dPolylineVertex
10
748855.93629096
20
8930512.66273672
30
209.406969213486
70
32
0
VERTEX
5
76B
100
AcDbEntity
8
Real Hole
62
1
420
16711680
100
AcDbVertex
100
AcDb3dPolylineVertex
10
748855.71989135
20
8930512.50167224
30
208.444041633606
70
32
0
VERTEX
5
76C
100
AcDbEntity
8
Real Hole
62
1
420
16711680
100
AcDbVertex
100
AcDb3dPolylineVertex
10
748855.512505333
20
8930512.3437436
30
207.478614473343
70
32
0
VERTEX
5
76D
100
AcDbEntity
8
Real Hole
62
1
420
16711680
100
AcDbVertex
100
AcDb3dPolylineVertex
10
748855.30262826
20
8930512.22582165
30
206.508024120331
70
32
0
VERTEX
5
76E
100
AcDbEntity
8
Real Hole
62
1
420
16711680
100
AcDbVertex
100
AcDb3dPolylineVertex
10
748855.045158844
20
8930512.10318044
30
205.549551868439
70
32
0
VERTEX
5
76F
100
AcDbEntity
8
Real Hole
62
1
420
16711680
100
AcDbVertex
100
AcDb3dPolylineVertex
10
748854.835724096
20
8930511.94741342
30
204.584216022491
70
32
0
VERTEX
5
770
100
AcDbEntity
8
Real Hole
62
1
420
16711680
100
AcDbVertex
100
AcDb3dPolylineVertex
10
748854.622552614
20
8930511.79709331
30
203.61883392334
70
32
0
VERTEX
5
771
100
AcDbEntity
8
Real Hole
62
1
420
16711680
100
AcDbVertex
100
AcDb3dPolylineVertex
10
748854.412465911
20
8930511.64795795
30
202.652592563629
70
32
0
VERTEX
5
772
100
AcDbEntity
8
Real Hole
62
1
420
16711680
100
AcDbVertex
100
AcDb3dPolylineVertex
10
748854.19557641
20
8930511.51300851
30
201.685768985748
70
32
0
VERTEX
5
773
100
AcDbEntity
8
Real Hole
62
1
420
16711680
100
AcDbVertex
100
AcDb3dPolylineVertex
10
748853.979597311
20
8930511.3962777
30
200.819901371002
70
32
0
SEQEND
5
774
100
AcDbEntity
8
Real Hole
0
POINT
5
776
330
1A
100
AcDbEntity
67
0
8
Hole
62
244
420
659967
6
ByLayer
370
-1
48
1.0
60
0
100
AcDbPoint
10
748855.750000458
20
8930514.27999512
30
211.490000033379
39
0.0
210
0.0
220
0.0
230
1.0
50
360.0
0
LINE
5
777
330
1A
100
AcDbEntity
67
0
8
Theoretical Hole
62
244
420
659967
6
ByLayer
370
-1
48
1.0
60
0
100
AcDbLine
10
748855.750000458
20
8930514.27999512
30
211.490000033379
11
748853.319653015
21
8930513.14928833
31
199.99848690033
39
0.0
210
0.0
220
0.0
230
1.0
0
TEXT
5
778
330
1A
100
AcDbEntity
67
0
8
Number
62
244
420
659967
6
ByLayer
370
-1
48
1.0
60
0
100
AcDbText
1
98
10
748855.750000458
20
8930514.66099513
30
211.490000033379
40
0.3
41
1.0
50
0.0
51
0.0
7
Standard
11
748855.750000458
21
8930514.66099513
31
211.490000033379
210
0.0
220
0.0
230
1.0
72
0
100
AcDbText
73
0
0
TEXT
5
779
330
1A
100
AcDbEntity
67
0
8
label
62
1
420
16711680
6
ByLayer
370
-1
48
1.0
60
0
100
AcDbText
1

10
748855.750000458
20
8930515.06099513
30
211.490000033379
40
0.3
41
1.0
50
0.0
51
0.0
7
Standard
11
748855.750000458
21
8930515.06099513
31
211.490000033379
210
0.0
220
0.0
230
1.0
72
0
100
AcDbText
73
0
0
TEXT
5
77A
330
1A
100
AcDbEntity
67
0
8
Length
62
244
420
659967
6
ByLayer
370
-1
48
1.0
60
0
100
AcDbText
1
11.80
10
748855.750000458
20
8930513.52599511
30
211.490000033379
40
0.3
41
1.0
50
0.0
51
0.0
7
Standard
11
748855.750000458
21
8930513.52599511
31
211.490000033379
210
0.0
220
0.0
230
1.0
72
0
100
AcDbText
73
0
0
POLYLINE
5
789
330
1A
100
AcDbEntity
67
0
8
Real Hole
62
1
420
16711680
6
ByLayer
370
-1
48
1.0
60
0
100
AcDb3dPolyline
10
0.0
20
0.0
30
0.0
70
8
75
0
210
0.0
220
0.0
230
1.0
0
VERTEX
5
77B
100
AcDbEntity
8
Real Hole
62
1
420
16711680
100
AcDbVertex
100
AcDb3dPolylineVertex
10
748855.750000458
20
8930514.27999512
30
211.490000033379
70
32
0
VERTEX
5
77C
100
AcDbEntity
8
Real Hole
62
1
420
16711680
100
AcDbVertex
100
AcDb3dPolylineVertex
10
748855.611768018
20
8930514.13279251
30
210.510600650311
70
32
0
VERTEX
5
77D
100
AcDbEntity
8
Real Hole
62
1
420
16711680
100
AcDbVertex
100
AcDb3dPolylineVertex
10
748855.449846606
20
8930513.97811109
30
209.53599550724
70
32
0
VERTEX
5
77E
100
AcDbEntity
8
Real Hole
62
1
420
16711680
100
AcDbVertex
100
AcDb3dPolylineVertex
10
748855.285756301
20
8930513.83697117
30
208.559699559212
70
32
0
VERTEX
5
77F
100
AcDbEntity
8
Real Hole
62
1
420
16711680
100
AcDbVertex
100
AcDb3dPolylineVertex
10
748855.119806151
20
8930513.68485257
30
207.585368657112
70
32
0
VERTEX
5
780
100
AcDbEntity
8
Real Hole
62
1
420
16711680
100
AcDbVertex
100
AcDb3dPolylineVertex
10
748854.949368041
20
8930513.54544995
30
206.609911227226
70
32
0
VERTEX
5
781
100
AcDbEntity
8
Real Hole
62
1
420
16711680
100
AcDbVertex
100
AcDb3dPolylineVertex
10
748854.765305321
20
8930513.43853787
30
205.63282802105
70
32
0
VERTEX
5
782
100
AcDbEntity
8
Real Hole
62
1
420
16711680
100
AcDbVertex
100
AcDb3dPolylineVertex
10
748854.555670838
20
8930513.349726
30
204.659090304375
70
32
0
VERTEX
5
783
100
AcDbEntity
8
Real Hole
62
1
420
16711680
100
AcDbVertex
100
AcDb3dPolylineVertex
10
748854.34391592
20
8930513.25349144
30
203.68651702404
70
32
0
VERTEX
5
784
100
AcDbEntity
8
Real Hole
62
1
420
16711680
100
AcDbVertex
100
AcDb3dPolylineVertex
10
748854.140361171
20
8930513.12816576
30
202.715507769585
70
32
0
VERTEX
5
785
100
AcDbEntity
8
Real Hole
62
1
420
16711680
100
AcDbVertex
100
AcDb3dPolylineVertex
10
748853.947883587
20
8930512.98584381
30
201.744581484795
70
32
0
VERTEX
5
786
100
AcDbEntity
8
Real Hole
62
1
420
16711680
100
AcDbVertex
100
AcDb3dPolylineVertex
10
748853.775130014
20
8930512.84282795
30
200.77005507946
70
32
0
VERTEX
5
787
100
AcDbEntity
8
Real Hole
62
1
420
16711680
100
AcDbVertex
100
AcDb3dPolylineVertex
10
748853.73975132
20
8930512.81383983
30
200.575354838371
70
32
0
SEQEND
5
788
100
AcDbEntity
8
Real Hole
0
POINT
5
78A
330
1A
100
AcDbEntity
67
0
8
Hole
62
244
420
659967
6
ByLayer
370
-1
48
1.0
60
0
100
AcDbPoint
10
748855.049999695
20
8930515.60999695
30
211.59000005722
39
0.0
210
0.0
220
0.0
230
1.0
50
360.0
0
LINE
5
78B
330
1A
100
AcDbEntity
67
0
8
Theoretical Hole
62
244
420
659967
6
ByLayer
370
-1
48
1.0
60
0
100
AcDbLine
10
748855.049999695
20
8930515.60999695
30
211.59000005722
11
748852.677814941
21
8930514.3608667
31
199.995932006836
39
0.0
210
0.0
220
0.0
230
1.0
0
TEXT
5
78C
330
1A
100
AcDbEntity
67
0
8
Number
62
244
420
659967
6
ByLayer
370
-1
48
1.0
60
0
100
AcDbText
1
99
10
748855.049999695
20
8930515.99099696
30
211.59000005722
40
0.3
41
1.0
50
0.0
51
0.0
7
Standard
11
748855.049999695
21
8930515.99099696
31
211.59000005722
210
0.0
220
0.0
230
1.0
72
0
100
AcDbText
73
0
0
TEXT
5
78D
330
1A
100
AcDbEntity
67
0
8
label
62
1
420
16711680
6
ByLayer
370
-1
48
1.0
60
0
100
AcDbText
1

10
748855.049999695
20
8930516.39099696
30
211.59000005722
40
0.3
41
1.0
50
0.0
51
0.0
7
Standard
11
748855.049999695
21
8930516.39099696
31
211.59000005722
210
0.0
220
0.0
230
1.0
72
0
100
AcDbText
73
0
0
TEXT
5
78E
330
1A
100
AcDbEntity
67
0
8
Length
62
244
420
659967
6
ByLayer
370
-1
48
1.0
60
0
100
AcDbText
1
11.90
10
748855.049999695
20
8930514.85599694
30
211.59000005722
40
0.3
41
1.0
50
0.0
51
0.0
7
Standard
11
748855.049999695
21
8930514.85599694
31
211.59000005722
210
0.0
220
0.0
230
1.0
72
0
100
AcDbText
73
0
0
POLYLINE
5
79D
330
1A
100
AcDbEntity
67
0
8
Real Hole
62
1
420
16711680
6
ByLayer
370
-1
48
1.0
60
0
100
AcDb3dPolyline
10
0.0
20
0.0
30
0.0
70
8
75
0
210
0.0
220
0.0
230
1.0
0
VERTEX
5
78F
100
AcDbEntity
8
Real Hole
62
1
420
16711680
100
AcDbVertex
100
AcDb3dPolylineVertex
10
748855.049999695
20
8930515.60999695
30
211.59000005722
70
32
0
VERTEX
5
790
100
AcDbEntity
8
Real Hole
62
1
420
16711680
100
AcDbVertex
100
AcDb3dPolylineVertex
10
748854.801676284
20
8930515.44669286
30
210.635187351704
70
32
0
VERTEX
5
791
100
AcDbEntity
8
Real Hole
62
1
420
16711680
100
AcDbVertex
100
AcDb3dPolylineVertex
10
748854.567626129
20
8930515.25736559
30
209.68157544136
70
32
0
VERTEX
5
792
100
AcDbEntity
8
Real Hole
62
1
420
16711680
100
AcDbVertex
100
AcDb3dPolylineVertex
10
748854.323809664
20
8930515.05198035
30
208.733751440048
70
32
0
VERTEX
5
793
100
AcDbEntity
8
Real Hole
62
1
420
16711680
100
AcDbVertex
100
AcDb3dPolylineVertex
10
748854.095838945
20
8930514.88118813
30
207.775179767609
70
32
0
VERTEX
5
794
100
AcDbEntity
8
Real Hole
62
1
420
16711680
100
AcDbVertex
100
AcDb3dPolylineVertex
10
748853.839075546
20
8930514.73927167
30
206.81918182373
70
32
0
VERTEX
5
795
100
AcDbEntity
8
Real Hole
62
1
420
16711680
100
AcDbVertex
100
AcDb3dPolylineVertex
10
748853.561154942
20
8930514.59930972
30
205.868828678131
70
32
0
VERTEX
5
796
100
AcDbEntity
8
Real Hole
62
1
420
16711680
100
AcDbVertex
100
AcDb3dPolylineVertex
10
748853.285988312
20
8930514.39315907
30
204.929794692993
70
32
0
VERTEX
5
797
100
AcDbEntity
8
Real Hole
62
1
420
16711680
100
AcDbVertex
100
AcDb3dPolylineVertex
10
748853.0466852
20
8930514.20267228
30
203.977718734741
70
32
0
VERTEX
5
798
100
AcDbEntity
8
Real Hole
62
1
420
16711680
100
AcDbVertex
100
AcDb3dPolylineVertex
10
748852.822310429
20
8930514.0374302
30
203.017327213287
70
32
0
VERTEX
5
799
100
AcDbEntity
8
Real Hole
62
1
420
16711680
100
AcDbVertex
100
AcDb3dPolylineVertex
10
748852.581012707
20
8930513.8639125
30
202.062515163422
70
32
0
VERTEX
5
79A
100
AcDbEntity
8
Real Hole
62
1
420
16711680
100
AcDbVertex
100
AcDb3dPolylineVertex
10
748852.337306957
20
8930513.67364565
30
201.111512088776
70
32
0
VERTEX
5
79B
100
AcDbEntity
8
Real Hole
62
1
420
16711680
100
AcDbVertex
100
AcDb3dPolylineVertex
10
748852.150649528
20
8930513.52146593
30
200.348623180389
70
32
0
SEQEND
5
79C
100
AcDbEntity
8
Real Hole
0
POINT
5
79E
330
1A
100
AcDbEntity
67
0
8
Hole
62
244
420
659967
6
ByLayer
370
-1
48
1.0
60
0
100
AcDbPoint
10
748854.350000839
20
8930516.93999878
30
211.419999980927
39
0.0
210
0.0
220
0.0
230
1.0
50
360.0
0
LINE
5
79F
330
1A
100
AcDbEntity
67
0
8
Theoretical Hole
62
244
420
659967
6
ByLayer
370
-1
48
1.0
60
0
100
AcDbLine
10
748854.350000839
20
8930516.93999878
30
211.419999980927
11
748851.983442764
21
8930515.68539063
31
199.999920272827
39
0.0
210
0.0
220
0.0
230
1.0
0
TEXT
5
7A0
330
1A
100
AcDbEntity
67
0
8
Number
62
244
420
659967
6
ByLayer
370
-1
48
1.0
60
0
100
AcDbText
1
100
10
748854.350000839
20
8930517.32099879
30
211.419999980927
40
0.3
41
1.0
50
0.0
51
0.0
7
Standard
11
748854.350000839
21
8930517.32099879
31
211.419999980927
210
0.0
220
0.0
230
1.0
72
0
100
AcDbText
73
0
0
TEXT
5
7A1
330
1A
100
AcDbEntity
67
0
8
label
62
1
420
16711680
6
ByLayer
370
-1
48
1.0
60
0
100
AcDbText
1

10
748854.350000839
20
8930517.72099879
30
211.419999980927
40
0.3
41
1.0
50
0.0
51
0.0
7
Standard
11
748854.350000839
21
8930517.72099879
31
211.419999980927
210
0.0
220
0.0
230
1.0
72
0
100
AcDbText
73
0
0
TEXT
5
7A2
330
1A
100
AcDbEntity
67
0
8
Length
62
244
420
659967
6
ByLayer
370
-1
48
1.0
60
0
100
AcDbText
1
11.73
10
748854.350000839
20
8930516.18599877
30
211.419999980927
40
0.3
41
1.0
50
0.0
51
0.0
7
Standard
11
748854.350000839
21
8930516.18599877
31
211.419999980927
210
0.0
220
0.0
230
1.0
72
0
100
AcDbText
73
0
0
POLYLINE
5
7B0
330
1A
100
AcDbEntity
67
0
8
Real Hole
62
1
420
16711680
6
ByLayer
370
-1
48
1.0
60
0
100
AcDb3dPolyline
10
0.0
20
0.0
30
0.0
70
8
75
0
210
0.0
220
0.0
230
1.0
0
VERTEX
5
7A3
100
AcDbEntity
8
Real Hole
62
1
420
16711680
100
AcDbVertex
100
AcDb3dPolylineVertex
10
748854.350000839
20
8930516.93999878
30
211.419999980927
70
32
0
VERTEX
5
7A4
100
AcDbEntity
8
Real Hole
62
1
420
16711680
100
AcDbVertex
100
AcDb3dPolylineVertex
10
748854.137305554
20
8930516.70542854
30
210.471455001831
70
32
0
VERTEX
5
7A5
100
AcDbEntity
8
Real Hole
62
1
420
16711680
100
AcDbVertex
100
AcDb3dPolylineVertex
10
748853.939860146
20
8930516.44968737
30
209.525087380409
70
32
0
VERTEX
5
7A6
100
AcDbEntity
8
Real Hole
62
1
420
16711680
100
AcDbVertex
100
AcDb3dPolylineVertex
10
748853.795640926
20
8930516.21164701
30
208.564599180222
70
32
0
VERTEX
5
7A7
100
AcDbEntity
8
Real Hole
62
1
420
16711680
100
AcDbVertex
100
AcDb3dPolylineVertex
10
748853.623671513
20
8930515.97416786
30
207.608549976349
70
32
0
VERTEX
5
7A8
100
AcDbEntity
8
Real Hole
62
1
420
16711680
100
AcDbVertex
100
AcDb3dPolylineVertex
10
748853.419256489
20
8930515.74642364
30
206.656527423859
70
32
0
VERTEX
5
7A9
100
AcDbEntity
8
Real Hole
62
1
420
16711680
100
AcDbVertex
100
AcDb3dPolylineVertex
10
748853.216730814
20
8930515.5143458
30
205.705147647858
70
32
0
VERTEX
5
7AA
100
AcDbEntity
8
Real Hole
62
1
420
16711680
100
AcDbVertex
100
AcDb3dPolylineVertex
10
748853.046843986
20
8930515.25344161
30
204.754848861694
70
32
0
VERTEX
5
7AB
100
AcDbEntity
8
Real Hole
62
1
420
16711680
100
AcDbVertex
100
AcDb3dPolylineVertex
10
748852.889144282
20
8930514.99740485
30
203.801132106781
70
32
0
VERTEX
5
7AC
100
AcDbEntity
8
Real Hole
62
1
420
16711680
100
AcDbVertex
100
AcDb3dPolylineVertex
10
748852.721011381
20
8930514.76169148
30
202.843964481354
70
32
0
VERTEX
5
7AD
100
AcDbEntity
8
Real Hole
62
1
420
16711680
100
AcDbVertex
100
AcDb3dPolylineVertex
10
748852.530966263
20
8930514.53383485
30
201.8889960289
70
32
0
VERTEX
5
7AE
100
AcDbEntity
8
Real Hole
62
1
420
16711680
100
AcDbVertex
100
AcDb3dPolylineVertex
10
748852.360108833
20
8930514.30668703
30
201.035056972504
70
32
0
SEQEND
5
7AF
100
AcDbEntity
8
Real Hole
0
POINT
5
7B1
330
1A
100
AcDbEntity
67
0
8
Hole
62
244
420
659967
6
ByLayer
370
-1
48
1.0
60
0
100
AcDbPoint
10
748853.639999847
20
8930518.2600061
30
210.95999994278
39
0.0
210
0.0
220
0.0
230
1.0
50
360.0
0
LINE
5
7B2
330
1A
100
AcDbEntity
67
0
8
Theoretical Hole
62
244
420
659967
6
ByLayer
370
-1
48
1.0
60
0
100
AcDbLine
10
748853.639999847
20
8930518.2600061
30
210.95999994278
11
748851.272884827
21
8930517.00509277
31
200.002791786194
39
0.0
210
0.0
220
0.0
230
1.0
0
TEXT
5
7B3
330
1A
100
AcDbEntity
67
0
8
Number
62
244
420
659967
6
ByLayer
370
-1
48
1.0
60
0
100
AcDbText
1
101
10
748853.639999847
20
8930518.64100612
30
210.95999994278
40
0.3
41
1.0
50
0.0
51
0.0
7
Standard
11
748853.639999847
21
8930518.64100612
31
210.95999994278
210
0.0
220
0.0
230
1.0
72
0
100
AcDbText
73
0
0
TEXT
5
7B4
330
1A
100
AcDbEntity
67
0
8
label
62
1
420
16711680
6
ByLayer
370
-1
48
1.0
60
0
100
AcDbText
1

10
748853.639999847
20
8930519.04100612
30
210.95999994278
40
0.3
41
1.0
50
0.0
51
0.0
7
Standard
11
748853.639999847
21
8930519.04100612
31
210.95999994278
210
0.0
220
0.0
230
1.0
72
0
100
AcDbText
73
0
0
TEXT
5
7B5
330
1A
100
AcDbEntity
67
0
8
Length
62
244
420
659967
6
ByLayer
370
-1
48
1.0
60
0
100
AcDbText
1
11.28
10
748853.639999847
20
8930517.5060061
30
210.95999994278
40
0.3
41
1.0
50
0.0
51
0.0
7
Standard
11
748853.639999847
21
8930517.5060061
31
210.95999994278
210
0.0
220
0.0
230
1.0
72
0
100
AcDbText
73
0
0
POLYLINE
5
7C4
330
1A
100
AcDbEntity
67
0
8
Real Hole
62
1
420
16711680
6
ByLayer
370
-1
48
1.0
60
0
100
AcDb3dPolyline
10
0.0
20
0.0
30
0.0
70
8
75
0
210
0.0
220
0.0
230
1.0
0
VERTEX
5
7B6
100
AcDbEntity
8
Real Hole
62
1
420
16711680
100
AcDbVertex
100
AcDb3dPolylineVertex
10
748853.639999847
20
8930518.2600061
30
210.95999994278
70
32
0
VERTEX
5
7B7
100
AcDbEntity
8
Real Hole
62
1
420
16711680
100
AcDbVertex
100
AcDb3dPolylineVertex
10
748853.477787327
20
8930518.01455765
30
210.004258239269
70
32
0
VERTEX
5
7B8
100
AcDbEntity
8
Real Hole
62
1
420
16711680
100
AcDbVertex
100
AcDb3dPolylineVertex
10
748853.304402601
20
8930517.75856576
30
209.053255701065
70
32
0
VERTEX
5
7B9
100
AcDbEntity
8
Real Hole
62
1
420
16711680
100
AcDbVertex
100
AcDb3dPolylineVertex
10
748853.109573345
20
8930517.49917189
30
208.10734000206
70
32
0
VERTEX
5
7BA
100
AcDbEntity
8
Real Hole
62
1
420
16711680
100
AcDbVertex
100
AcDb3dPolylineVertex
10
748852.921856205
20
8930517.21307353
30
207.167707109451
70
32
0
VERTEX
5
7BB
100
AcDbEntity
8
Real Hole
62
1
420
16711680
100
AcDbVertex
100
AcDb3dPolylineVertex
10
748852.770802002
20
8930516.97931078
30
206.207219028473
70
32
0
VERTEX
5
7BC
100
AcDbEntity
8
Real Hole
62
1
420
16711680
100
AcDbVertex
100
AcDb3dPolylineVertex
10
748852.572381597
20
8930516.74895135
30
205.254557514191
70
32
0
VERTEX
5
7BD
100
AcDbEntity
8
Real Hole
62
1
420
16711680
100
AcDbVertex
100
AcDb3dPolylineVertex
10
748852.365257602
20
8930516.49499229
30
204.309780025482
70
32
0
VERTEX
5
7BE
100
AcDbEntity
8
Real Hole
62
1
420
16711680
100
AcDbVertex
100
AcDb3dPolylineVertex
10
748852.196268539
20
8930516.22819367
30
203.360958957672
70
32
0
VERTEX
5
7BF
100
AcDbEntity
8
Real Hole
62
1
420
16711680
100
AcDbVertex
100
AcDb3dPolylineVertex
10
748852.040017109
20
8930516.00520936
30
202.398740673065
70
32
0
VERTEX
5
7C0
100
AcDbEntity
8
Real Hole
62
1
420
16711680
100
AcDbVertex
100
AcDb3dPolylineVertex
10
748851.892409067
20
8930515.79322425
30
201.432680034637
70
32
0
VERTEX
5
7C1
100
AcDbEntity
8
Real Hole
62
1
420
16711680
100
AcDbVertex
100
AcDb3dPolylineVertex
10
748851.732511859
20
8930515.5526506
30
200.475310230255
70
32
0
VERTEX
5
7C2
100
AcDbEntity
8
Real Hole
62
1
420
16711680
100
AcDbVertex
100
AcDb3dPolylineVertex
10
748851.699595551
20
8930515.50299469
30
200.284389400482
70
32
0
SEQEND
5
7C3
100
AcDbEntity
8
Real Hole
0
POINT
5
7C5
330
1A
100
AcDbEntity
67
0
8
Hole
62
244
420
659967
6
ByLayer
370
-1
48
1.0
60
0
100
AcDbPoint
10
748852.939999084
20
8930519.58999268
30
210.580000007153
39
0.0
210
0.0
220
0.0
230
1.0
50
360.0
0
LINE
5
7C6
330
1A
100
AcDbEntity
67
0
8
Theoretical Hole
62
244
420
659967
6
ByLayer
370
-1
48
1.0
60
0
100
AcDbLine
10
748852.939999084
20
8930519.58999268
30
210.580000007153
11
748850.573799591
21
8930518.33556763
31
200.003818893433
39
0.0
210
0.0
220
0.0
230
1.0
0
TEXT
5
7C7
330
1A
100
AcDbEntity
67
0
8
Number
62
244
420
659967
6
ByLayer
370
-1
48
1.0
60
0
100
AcDbText
1
102
10
748852.939999084
20
8930519.97099269
30
210.580000007153
40
0.3
41
1.0
50
0.0
51
0.0
7
Standard
11
748852.939999084
21
8930519.97099269
31
210.580000007153
210
0.0
220
0.0
230
1.0
72
0
100
AcDbText
73
0
0
TEXT
5
7C8
330
1A
100
AcDbEntity
67
0
8
label
62
1
420
16711680
6
ByLayer
370
-1
48
1.0
60
0
100
AcDbText
1

10
748852.939999084
20
8930520.37099269
30
210.580000007153
40
0.3
41
1.0
50
0.0
51
0.0
7
Standard
11
748852.939999084
21
8930520.37099269
31
210.580000007153
210
0.0
220
0.0
230
1.0
72
0
100
AcDbText
73
0
0
TEXT
5
7C9
330
1A
100
AcDbEntity
67
0
8
Length
62
244
420
659967
6
ByLayer
370
-1
48
1.0
60
0
100
AcDbText
1
10.91
10
748852.939999084
20
8930518.83599267
30
210.580000007153
40
0.3
41
1.0
50
0.0
51
0.0
7
Standard
11
748852.939999084
21
8930518.83599267
31
210.580000007153
210
0.0
220
0.0
230
1.0
72
0
100
AcDbText
73
0
0
POLYLINE
5
7D7
330
1A
100
AcDbEntity
67
0
8
Real Hole
62
1
420
16711680
6
ByLayer
370
-1
48
1.0
60
0
100
AcDb3dPolyline
10
0.0
20
0.0
30
0.0
70
8
75
0
210
0.0
220
0.0
230
1.0
0
VERTEX
5
7CA
100
AcDbEntity
8
Real Hole
62
1
420
16711680
100
AcDbVertex
100
AcDb3dPolylineVertex
10
748852.939999084
20
8930519.58999268
30
210.580000007153
70
32
0
VERTEX
5
7CB
100
AcDbEntity
8
Real Hole
62
1
420
16711680
100
AcDbVertex
100
AcDb3dPolylineVertex
10
748852.673908036
20
8930519.37589696
30
209.640128457546
70
32
0
VERTEX
5
7CC
100
AcDbEntity
8
Real Hole
62
1
420
16711680
100
AcDbVertex
100
AcDb3dPolylineVertex
10
748852.389430087
20
8930519.15902579
30
208.706298077106
70
32
0
VERTEX
5
7CD
100
AcDbEntity
8
Real Hole
62
1
420
16711680
100
AcDbVertex
100
AcDb3dPolylineVertex
10
748852.139765124
20
8930518.90558502
30
207.77172049284
70
32
0
VERTEX
5
7CE
100
AcDbEntity
8
Real Hole
62
1
420
16711680
100
AcDbVertex
100
AcDb3dPolylineVertex
10
748851.897411327
20
8930518.6269854
30
206.842394435406
70
32
0
VERTEX
5
7CF
100
AcDbEntity
8
Real Hole
62
1
420
16711680
100
AcDbVertex
100
AcDb3dPolylineVertex
10
748851.630390744
20
8930518.39116076
30
205.908003413677
70
32
0
VERTEX
5
7D0
100
AcDbEntity
8
Real Hole
62
1
420
16711680
100
AcDbVertex
100
AcDb3dPolylineVertex
10
748851.340798001
20
8930518.19220367
30
204.971759879589
70
32
0
VERTEX
5
7D1
100
AcDbEntity
8
Real Hole
62
1
420
16711680
100
AcDbVertex
100
AcDb3dPolylineVertex
10
748851.069096069
20
8930517.94696048
30
204.041150176525
70
32
0
VERTEX
5
7D2
100
AcDbEntity
8
Real Hole
62
1
420
16711680
100
AcDbVertex
100
AcDb3dPolylineVertex
10
748850.836292486
20
8930517.67515186
30
203.107382380962
70
32
0
VERTEX
5
7D3
100
AcDbEntity
8
Real Hole
62
1
420
16711680
100
AcDbVertex
100
AcDb3dPolylineVertex
10
748850.55978344
20
8930517.42748967
30
202.178832137585
70
32
0
VERTEX
5
7D4
100
AcDbEntity
8
Real Hole
62
1
420
16711680
100
AcDbVertex
100
AcDb3dPolylineVertex
10
748850.316203575
20
8930517.19398657
30
201.237479293346
70
32
0
VERTEX
5
7D5
100
AcDbEntity
8
Real Hole
62
1
420
16711680
100
AcDbVertex
100
AcDb3dPolylineVertex
10
748850.112169723
20
8930516.98852316
30
200.491721236706
70
32
0
SEQEND
5
7D6
100
AcDbEntity
8
Real Hole
0
POINT
5
7D8
330
1A
100
AcDbEntity
67
0
8
Hole
62
244
420
659967
6
ByLayer
370
-1
48
1.0
60
0
100
AcDbPoint
10
748852.219999771
20
8930520.90000549
30
210.62000002861
39
0.0
210
0.0
220
0.0
230
1.0
50
360.0
0
LINE
5
7D9
330
1A
100
AcDbEntity
67
0
8
Theoretical Hole
62
244
420
659967
6
ByLayer
370
-1
48
1.0
60
0
100
AcDbLine
10
748852.219999771
20
8930520.90000549
30
210.62000002861
11
748849.874210815
21
8930519.60667053
31
200.002702140808
39
0.0
210
0.0
220
0.0
230
1.0
0
TEXT
5
7DA
330
1A
100
AcDbEntity
67
0
8
Number
62
244
420
659967
6
ByLayer
370
-1
48
1.0
60
0
100
AcDbText
1
103
10
748852.219999771
20
8930521.28100551
30
210.62000002861
40
0.3
41
1.0
50
0.0
51
0.0
7
Standard
11
748852.219999771
21
8930521.28100551
31
210.62000002861
210
0.0
220
0.0
230
1.0
72
0
100
AcDbText
73
0
0
TEXT
5
7DB
330
1A
100
AcDbEntity
67
0
8
label
62
1
420
16711680
6
ByLayer
370
-1
48
1.0
60
0
100
AcDbText
1

10
748852.219999771
20
8930521.68100551
30
210.62000002861
40
0.3
41
1.0
50
0.0
51
0.0
7
Standard
11
748852.219999771
21
8930521.68100551
31
210.62000002861
210
0.0
220
0.0
230
1.0
72
0
100
AcDbText
73
0
0
TEXT
5
7DC
330
1A
100
AcDbEntity
67
0
8
Length
62
244
420
659967
6
ByLayer
370
-1
48
1.0
60
0
100
AcDbText
1
10.95
10
748852.219999771
20
8930520.14600549
30
210.62000002861
40
0.3
41
1.0
50
0.0
51
0.0
7
Standard
11
748852.219999771
21
8930520.14600549
31
210.62000002861
210
0.0
220
0.0
230
1.0
72
0
100
AcDbText
73
0
0
POLYLINE
5
7E9
330
1A
100
AcDbEntity
67
0
8
Real Hole
62
1
420
16711680
6
ByLayer
370
-1
48
1.0
60
0
100
AcDb3dPolyline
10
0.0
20
0.0
30
0.0
70
8
75
0
210
0.0
220
0.0
230
1.0
0
VERTEX
5
7DD
100
AcDbEntity
8
Real Hole
62
1
420
16711680
100
AcDbVertex
100
AcDb3dPolylineVertex
10
748852.219999771
20
8930520.90000549
30
210.62000002861
70
32
0
VERTEX
5
7DE
100
AcDbEntity
8
Real Hole
62
1
420
16711680
100
AcDbVertex
100
AcDb3dPolylineVertex
10
748851.903023283
20
8930520.85076506
30
209.672845745087
70
32
0
VERTEX
5
7DF
100
AcDbEntity
8
Real Hole
62
1
420
16711680
100
AcDbVertex
100
AcDb3dPolylineVertex
10
748851.605815034
20
8930520.78514757
30
208.720290446281
70
32
0
VERTEX
5
7E0
100
AcDbEntity
8
Real Hole
62
1
420
16711680
100
AcDbVertex
100
AcDb3dPolylineVertex
10
748851.346068184
20
8930520.71233163
30
207.757362985611
70
32
0
VERTEX
5
7E1
100
AcDbEntity
8
Real Hole
62
1
420
16711680
100
AcDbVertex
100
AcDb3dPolylineVertex
10
748851.049143891
20
8930520.72067726
30
206.802498245239
70
32
0
VERTEX
5
7E2
100
AcDbEntity
8
Real Hole
62
1
420
16711680
100
AcDbVertex
100
AcDb3dPolylineVertex
10
748850.71531723
20
8930520.63701156
30
205.863584184647
70
32
0
VERTEX
5
7E3
100
AcDbEntity
8
Real Hole
62
1
420
16711680
100
AcDbVertex
100
AcDb3dPolylineVertex
10
748850.392321806
20
8930520.5405382
30
204.92211356163
70
32
0
VERTEX
5
7E4
100
AcDbEntity
8
Real Hole
62
1
420
16711680
100
AcDbVertex
100
AcDb3dPolylineVertex
10
748850.091279964
20
8930520.44729266
30
203.97307267189
70
32
0
VERTEX
5
7E5
100
AcDbEntity
8
Real Hole
62
1
420
16711680
100
AcDbVertex
100
AcDb3dPolylineVertex
10
748849.770818453
20
8930520.37053416
30
203.028926038742
70
32
0
VERTEX
5
7E6
100
AcDbEntity
8
Real Hole
62
1
420
16711680
100
AcDbVertex
100
AcDb3dPolylineVertex
10
748849.446989994
20
8930520.26892814
30
202.088281774521
70
32
0
VERTEX
5
7E7
100
AcDbEntity
8
Real Hole
62
1
420
16711680
100
AcDbVertex
100
AcDb3dPolylineVertex
10
748849.113472681
20
8930520.16210416
30
201.151609563828
70
32
0
SEQEND
5
7E8
100
AcDbEntity
8
Real Hole
0
POINT
5
7EA
330
1A
100
AcDbEntity
67
0
8
Hole
62
244
420
659967
6
ByLayer
370
-1
48
1.0
60
0
100
AcDbPoint
10
748851.469999771
20
8930522.19999329
30
210.720000052452
39
0.0
210
0.0
220
0.0
230
1.0
50
360.0
0
LINE
5
7EB
330
1A
100
AcDbEntity
67
0
8
Theoretical Hole
62
244
420
659967
6
ByLayer
370
-1
48
1.0
60
0
100
AcDbLine
10
748851.469999771
20
8930522.19999329
30
210.720000052452
11
748849.142834167
21
8930520.87313477
31
199.999631309509
39
0.0
210
0.0
220
0.0
230
1.0
0
TEXT
5
7EC
330
1A
100
AcDbEntity
67
0
8
Number
62
244
420
659967
6
ByLayer
370
-1
48
1.0
60
0
100
AcDbText
1
104
10
748851.469999771
20
8930522.5809933
30
210.720000052452
40
0.3
41
1.0
50
0.0
51
0.0
7
Standard
11
748851.469999771
21
8930522.5809933
31
210.720000052452
210
0.0
220
0.0
230
1.0
72
0
100
AcDbText
73
0
0
TEXT
5
7ED
330
1A
100
AcDbEntity
67
0
8
label
62
1
420
16711680
6
ByLayer
370
-1
48
1.0
60
0
100
AcDbText
1

10
748851.469999771
20
8930522.9809933
30
210.720000052452
40
0.3
41
1.0
50
0.0
51
0.0
7
Standard
11
748851.469999771
21
8930522.9809933
31
210.720000052452
210
0.0
220
0.0
230
1.0
72
0
100
AcDbText
73
0
0
TEXT
5
7EE
330
1A
100
AcDbEntity
67
0
8
Length
62
244
420
659967
6
ByLayer
370
-1
48
1.0
60
0
100
AcDbText
1
11.05
10
748851.469999771
20
8930521.44599328
30
210.720000052452
40
0.3
41
1.0
50
0.0
51
0.0
7
Standard
11
748851.469999771
21
8930521.44599328
31
210.720000052452
210
0.0
220
0.0
230
1.0
72
0
100
AcDbText
73
0
0
POLYLINE
5
7FC
330
1A
100
AcDbEntity
67
0
8
Real Hole
62
1
420
16711680
6
ByLayer
370
-1
48
1.0
60
0
100
AcDb3dPolyline
10
0.0
20
0.0
30
0.0
70
8
75
0
210
0.0
220
0.0
230
1.0
0
VERTEX
5
7EF
100
AcDbEntity
8
Real Hole
62
1
420
16711680
100
AcDbVertex
100
AcDb3dPolylineVertex
10
748851.469999771
20
8930522.19999329
30
210.720000052452
70
32
0
VERTEX
5
7F0
100
AcDbEntity
8
Real Hole
62
1
420
16711680
100
AcDbVertex
100
AcDb3dPolylineVertex
10
748851.387626741
20
8930521.94930688
30
209.755442643166
70
32
0
VERTEX
5
7F1
100
AcDbEntity
8
Real Hole
62
1
420
16711680
100
AcDbVertex
100
AcDb3dPolylineVertex
10
748851.294232483
20
8930521.71209041
30
208.78848567009
70
32
0
VERTEX
5
7F2
100
AcDbEntity
8
Real Hole
62
1
420
16711680
100
AcDbVertex
100
AcDb3dPolylineVertex
10
748851.190699648
20
8930521.48374758
30
207.820425534248
70
32
0
VERTEX
5
7F3
100
AcDbEntity
8
Real Hole
62
1
420
16711680
100
AcDbVertex
100
AcDb3dPolylineVertex
10
748851.130106549
20
8930521.2219157
30
206.85721590519
70
32
0
VERTEX
5
7F4
100
AcDbEntity
8
Real Hole
62
1
420
16711680
100
AcDbVertex
100
AcDb3dPolylineVertex
10
748851.074860733
20
8930520.94161979
30
205.898893618584
70
32
0
VERTEX
5
7F5
100
AcDbEntity
8
Real Hole
62
1
420
16711680
100
AcDbVertex
100
AcDb3dPolylineVertex
10
748851.000060688
20
8930520.65363387
30
204.944184565544
70
32
0
VERTEX
5
7F6
100
AcDbEntity
8
Real Hole
62
1
420
16711680
100
AcDbVertex
100
AcDb3dPolylineVertex
10
748850.954998415
20
8930520.40116588
30
203.977628970146
70
32
0
VERTEX
5
7F7
100
AcDbEntity
8
Real Hole
62
1
420
16711680
100
AcDbVertex
100
AcDb3dPolylineVertex
10
748850.900351863
20
8930520.15907422
30
203.008915686607
70
32
0
VERTEX
5
7F8
100
AcDbEntity
8
Real Hole
62
1
420
16711680
100
AcDbVertex
100
AcDb3dPolylineVertex
10
748850.817889552
20
8930519.89817229
30
202.047078871727
70
32
0
VERTEX
5
7F9
100
AcDbEntity
8
Real Hole
62
1
420
16711680
100
AcDbVertex
100
AcDb3dPolylineVertex
10
748850.72029696
20
8930519.66521231
30
201.079501891136
70
32
0
VERTEX
5
7FA
100
AcDbEntity
8
Real Hole
62
1
420
16711680
100
AcDbVertex
100
AcDb3dPolylineVertex
10
748850.622919242
20
8930519.43491117
30
200.111266875267
70
32
0
SEQEND
5
7FB
100
AcDbEntity
8
Real Hole
0
POINT
5
7FD
330
1A
100
AcDbEntity
67
0
8
Hole
62
244
420
659967
6
ByLayer
370
-1
48
1.0
60
0
100
AcDbPoint
10
748850.73
20
8930523.5100061
30
210.500000023842
39
0.0
210
0.0
220
0.0
230
1.0
50
360.0
0
LINE
5
7FE
330
1A
100
AcDbEntity
67
0
8
Theoretical Hole
62
244
420
659967
6
ByLayer
370
-1
48
1.0
60
0
100
AcDbLine
10
748850.73
20
8930523.5100061
30
210.500000023842
11
748848.402441483
21
8930522.18293396
31
199.99633731842
39
0.0
210
0.0
220
0.0
230
1.0
0
TEXT
5
7FF
330
1A
100
AcDbEntity
67
0
8
Number
62
244
420
659967
6
ByLayer
370
-1
48
1.0
60
0
100
AcDbText
1
105
10
748850.73
20
8930523.89100612
30
210.500000023842
40
0.3
41
1.0
50
0.0
51
0.0
7
Standard
11
748850.73
21
8930523.89100612
31
210.500000023842
210
0.0
220
0.0
230
1.0
72
0
100
AcDbText
73
0
0
TEXT
5
800
330
1A
100
AcDbEntity
67
0
8
label
62
1
420
16711680
6
ByLayer
370
-1
48
1.0
60
0
100
AcDbText
1

10
748850.73
20
8930524.29100612
30
210.500000023842
40
0.3
41
1.0
50
0.0
51
0.0
7
Standard
11
748850.73
21
8930524.29100612
31
210.500000023842
210
0.0
220
0.0
230
1.0
72
0
100
AcDbText
73
0
0
TEXT
5
801
330
1A
100
AcDbEntity
67
0
8
Length
62
244
420
659967
6
ByLayer
370
-1
48
1.0
60
0
100
AcDbText
1
10.84
10
748850.73
20
8930522.7560061
30
210.500000023842
40
0.3
41
1.0
50
0.0
51
0.0
7
Standard
11
748850.73
21
8930522.7560061
31
210.500000023842
210
0.0
220
0.0
230
1.0
72
0
100
AcDbText
73
0
0
POLYLINE
5
80F
330
1A
100
AcDbEntity
67
0
8
Real Hole
62
1
420
16711680
6
ByLayer
370
-1
48
1.0
60
0
100
AcDb3dPolyline
10
0.0
20
0.0
30
0.0
70
8
75
0
210
0.0
220
0.0
230
1.0
0
VERTEX
5
802
100
AcDbEntity
8
Real Hole
62
1
420
16711680
100
AcDbVertex
100
AcDb3dPolylineVertex
10
748850.73
20
8930523.5100061
30
210.500000023842
70
32
0
VERTEX
5
803
100
AcDbEntity
8
Real Hole
62
1
420
16711680
100
AcDbVertex
100
AcDb3dPolylineVertex
10
748850.549489613
20
8930523.30683521
30
209.537639582157
70
32
0
VERTEX
5
804
100
AcDbEntity
8
Real Hole
62
1
420
16711680
100
AcDbVertex
100
AcDb3dPolylineVertex
10
748850.386197071
20
8930523.10711748
30
208.571488285065
70
32
0
VERTEX
5
805
100
AcDbEntity
8
Real Hole
62
1
420
16711680
100
AcDbVertex
100
AcDb3dPolylineVertex
10
748850.196754794
20
8930522.92030201
30
207.607532048225
70
32
0
VERTEX
5
806
100
AcDbEntity
8
Real Hole
62
1
420
16711680
100
AcDbVertex
100
AcDb3dPolylineVertex
10
748850.009304922
20
8930522.71006057
30
206.648021245003
70
32
0
VERTEX
5
807
100
AcDbEntity
8
Real Hole
62
1
420
16711680
100
AcDbVertex
100
AcDb3dPolylineVertex
10
748849.828358273
20
8930522.5287979
30
205.681376481056
70
32
0
VERTEX
5
808
100
AcDbEntity
8
Real Hole
62
1
420
16711680
100
AcDbVertex
100
AcDb3dPolylineVertex
10
748849.638639669
20
8930522.34346512
30
204.717188382149
70
32
0
VERTEX
5
809
100
AcDbEntity
8
Real Hole
62
1
420
16711680
100
AcDbVertex
100
AcDb3dPolylineVertex
10
748849.454868894
20
8930522.15527991
30
203.752400898933
70
32
0
VERTEX
5
80A
100
AcDbEntity
8
Real Hole
62
1
420
16711680
100
AcDbVertex
100
AcDb3dPolylineVertex
10
748849.258495431
20
8930521.9678835
30
202.789945626259
70
32
0
VERTEX
5
80B
100
AcDbEntity
8
Real Hole
62
1
420
16711680
100
AcDbVertex
100
AcDb3dPolylineVertex
10
748849.06302319
20
8930521.79163209
30
201.825203919411
70
32
0
VERTEX
5
80C
100
AcDbEntity
8
Real Hole
62
1
420
16711680
100
AcDbVertex
100
AcDb3dPolylineVertex
10
748848.854055266
20
8930521.63467744
30
200.859959626198
70
32
0
VERTEX
5
80D
100
AcDbEntity
8
Real Hole
62
1
420
16711680
100
AcDbVertex
100
AcDb3dPolylineVertex
10
748848.813685279
20
8930521.60425643
30
200.666452431679
70
32
0
SEQEND
5
80E
100
AcDbEntity
8
Real Hole
0
POINT
5
810
330
1A
100
AcDbEntity
67
0
8
Hole
62
244
420
659967
6
ByLayer
370
-1
48
1.0
60
0
100
AcDbPoint
10
748849.920000534
20
8930524.77000061
30
210.320000016689
39
0.0
210
0.0
220
0.0
230
1.0
50
360.0
0
LINE
5
811
330
1A
100
AcDbEntity
67
0
8
Theoretical Hole
62
244
420
659967
6
ByLayer
370
-1
48
1.0
60
0
100
AcDbLine
10
748849.920000534
20
8930524.77000061
30
210.320000016689
11
748847.677494507
21
8930523.3225824
31
199.999545478821
39
0.0
210
0.0
220
0.0
230
1.0
0
TEXT
5
812
330
1A
100
AcDbEntity
67
0
8
Number
62
244
420
659967
6
ByLayer
370
-1
48
1.0
60
0
100
AcDbText
1
106
10
748849.920000534
20
8930525.15100062
30
210.320000016689
40
0.3
41
1.0
50
0.0
51
0.0
7
Standard
11
748849.920000534
21
8930525.15100062
31
210.320000016689
210
0.0
220
0.0
230
1.0
72
0
100
AcDbText
73
0
0
TEXT
5
813
330
1A
100
AcDbEntity
67
0
8
label
62
1
420
16711680
6
ByLayer
370
-1
48
1.0
60
0
100
AcDbText
1

10
748849.920000534
20
8930525.55100062
30
210.320000016689
40
0.3
41
1.0
50
0.0
51
0.0
7
Standard
11
748849.920000534
21
8930525.55100062
31
210.320000016689
210
0.0
220
0.0
230
1.0
72
0
100
AcDbText
73
0
0
TEXT
5
814
330
1A
100
AcDbEntity
67
0
8
Length
62
244
420
659967
6
ByLayer
370
-1
48
1.0
60
0
100
AcDbText
1
10.66
10
748849.920000534
20
8930524.0160006
30
210.320000016689
40
0.3
41
1.0
50
0.0
51
0.0
7
Standard
11
748849.920000534
21
8930524.0160006
31
210.320000016689
210
0.0
220
0.0
230
1.0
72
0
100
AcDbText
73
0
0
POLYLINE
5
822
330
1A
100
AcDbEntity
67
0
8
Real Hole
62
1
420
16711680
6
ByLayer
370
-1
48
1.0
60
0
100
AcDb3dPolyline
10
0.0
20
0.0
30
0.0
70
8
75
0
210
0.0
220
0.0
230
1.0
0
VERTEX
5
815
100
AcDbEntity
8
Real Hole
62
1
420
16711680
100
AcDbVertex
100
AcDb3dPolylineVertex
10
748849.920000534
20
8930524.77000061
30
210.320000016689
70
32
0
VERTEX
5
816
100
AcDbEntity
8
Real Hole
62
1
420
16711680
100
AcDbVertex
100
AcDb3dPolylineVertex
10
748849.729660224
20
8930524.57979316
30
209.356884384155
70
32
0
VERTEX
5
817
100
AcDbEntity
8
Real Hole
62
1
420
16711680
100
AcDbVertex
100
AcDb3dPolylineVertex
10
748849.503371249
20
8930524.40871424
30
208.397965633869
70
32
0
VERTEX
5
818
100
AcDbEntity
8
Real Hole
62
1
420
16711680
100
AcDbVertex
100
AcDb3dPolylineVertex
10
748849.320263128
20
8930524.19866547
30
207.437574470043
70
32
0
VERTEX
5
819
100
AcDbEntity
8
Real Hole
62
1
420
16711680
100
AcDbVertex
100
AcDb3dPolylineVertex
10
748849.122744839
20
8930523.97658596
30
206.48276194334
70
32
0
VERTEX
5
81A
100
AcDbEntity
8
Real Hole
62
1
420
16711680
100
AcDbVertex
100
AcDb3dPolylineVertex
10
748848.96514688
20
8930523.76683763
30
205.517791116238
70
32
0
VERTEX
5
81B
100
AcDbEntity
8
Real Hole
62
1
420
16711680
100
AcDbVertex
100
AcDb3dPolylineVertex
10
748848.782548885
20
8930523.59380082
30
204.549949967861
70
32
0
VERTEX
5
81C
100
AcDbEntity
8
Real Hole
62
1
420
16711680
100
AcDbVertex
100
AcDb3dPolylineVertex
10
748848.573758941
20
8930523.42807833
30
203.5861333251
70
32
0
VERTEX
5
81D
100
AcDbEntity
8
Real Hole
62
1
420
16711680
100
AcDbVertex
100
AcDb3dPolylineVertex
10
748848.359137516
20
8930523.24078623
30
202.627561891079
70
32
0
VERTEX
5
81E
100
AcDbEntity
8
Real Hole
62
1
420
16711680
100
AcDbVertex
100
AcDb3dPolylineVertex
10
748848.154526334
20
8930523.06473068
30
201.664681756496
70
32
0
VERTEX
5
81F
100
AcDbEntity
8
Real Hole
62
1
420
16711680
100
AcDbVertex
100
AcDb3dPolylineVertex
10
748847.948158007
20
8930522.89126006
30
200.701707208157
70
32
0
VERTEX
5
820
100
AcDbEntity
8
Real Hole
62
1
420
16711680
100
AcDbVertex
100
AcDb3dPolylineVertex
10
748847.906736116
20
8930522.8551381
30
200.509406411648
70
32
0
SEQEND
5
821
100
AcDbEntity
8
Real Hole
0
POINT
5
823
330
1A
100
AcDbEntity
67
0
8
Hole
62
244
420
659967
6
ByLayer
370
-1
48
1.0
60
0
100
AcDbPoint
10
748849.100000839
20
8930526.02000061
30
210.200000011921
39
0.0
210
0.0
220
0.0
230
1.0
50
360.0
0
LINE
5
824
330
1A
100
AcDbEntity
67
0
8
Theoretical Hole
62
244
420
659967
6
ByLayer
370
-1
48
1.0
60
0
100
AcDbLine
10
748849.100000839
20
8930526.02000061
30
210.200000011921
11
748846.873053055
21
8930524.57435242
31
199.999882125854
39
0.0
210
0.0
220
0.0
230
1.0
0
TEXT
5
825
330
1A
100
AcDbEntity
67
0
8
Number
62
244
420
659967
6
ByLayer
370
-1
48
1.0
60
0
100
AcDbText
1
107
10
748849.100000839
20
8930526.40100062
30
210.200000011921
40
0.3
41
1.0
50
0.0
51
0.0
7
Standard
11
748849.100000839
21
8930526.40100062
31
210.200000011921
210
0.0
220
0.0
230
1.0
72
0
100
AcDbText
73
0
0
TEXT
5
826
330
1A
100
AcDbEntity
67
0
8
label
62
1
420
16711680
6
ByLayer
370
-1
48
1.0
60
0
100
AcDbText
1

10
748849.100000839
20
8930526.80100062
30
210.200000011921
40
0.3
41
1.0
50
0.0
51
0.0
7
Standard
11
748849.100000839
21
8930526.80100062
31
210.200000011921
210
0.0
220
0.0
230
1.0
72
0
100
AcDbText
73
0
0
TEXT
5
827
330
1A
100
AcDbEntity
67
0
8
Length
62
244
420
659967
6
ByLayer
370
-1
48
1.0
60
0
100
AcDbText
1
10.54
10
748849.100000839
20
8930525.2660006
30
210.200000011921
40
0.3
41
1.0
50
0.0
51
0.0
7
Standard
11
748849.100000839
21
8930525.2660006
31
210.200000011921
210
0.0
220
0.0
230
1.0
72
0
100
AcDbText
73
0
0
POLYLINE
5
835
330
1A
100
AcDbEntity
67
0
8
Real Hole
62
1
420
16711680
6
ByLayer
370
-1
48
1.0
60
0
100
AcDb3dPolyline
10
0.0
20
0.0
30
0.0
70
8
75
0
210
0.0
220
0.0
230
1.0
0
VERTEX
5
828
100
AcDbEntity
8
Real Hole
62
1
420
16711680
100
AcDbVertex
100
AcDb3dPolylineVertex
10
748849.100000839
20
8930526.02000061
30
210.200000011921
70
32
0
VERTEX
5
829
100
AcDbEntity
8
Real Hole
62
1
420
16711680
100
AcDbVertex
100
AcDb3dPolylineVertex
10
748848.946742277
20
8930525.80851536
30
209.234709465504
70
32
0
VERTEX
5
82A
100
AcDbEntity
8
Real Hole
62
1
420
16711680
100
AcDbVertex
100
AcDb3dPolylineVertex
10
748848.78021283
20
8930525.59203813
30
208.272729480267
70
32
0
VERTEX
5
82B
100
AcDbEntity
8
Real Hole
62
1
420
16711680
100
AcDbVertex
100
AcDb3dPolylineVertex
10
748848.661708068
20
8930525.36803261
30
207.305373156071
70
32
0
VERTEX
5
82C
100
AcDbEntity
8
Real Hole
62
1
420
16711680
100
AcDbVertex
100
AcDb3dPolylineVertex
10
748848.55127738
20
8930525.1459609
30
206.336616718769
70
32
0
VERTEX
5
82D
100
AcDbEntity
8
Real Hole
62
1
420
16711680
100
AcDbVertex
100
AcDb3dPolylineVertex
10
748848.445569377
20
8930524.93459061
30
205.364943706989
70
32
0
VERTEX
5
82E
100
AcDbEntity
8
Real Hole
62
1
420
16711680
100
AcDbVertex
100
AcDb3dPolylineVertex
10
748848.307198982
20
8930524.72450164
30
204.397102558613
70
32
0
VERTEX
5
82F
100
AcDbEntity
8
Real Hole
62
1
420
16711680
100
AcDbVertex
100
AcDb3dPolylineVertex
10
748848.176551323
20
8930524.50029639
30
203.431357586384
70
32
0
VERTEX
5
830
100
AcDbEntity
8
Real Hole
62
1
420
16711680
100
AcDbVertex
100
AcDb3dPolylineVertex
10
748848.073480945
20
8930524.3082321
30
202.455403053761
70
32
0
VERTEX
5
831
100
AcDbEntity
8
Real Hole
62
1
420
16711680
100
AcDbVertex
100
AcDb3dPolylineVertex
10
748847.947980981
20
8930524.11847833
30
201.481624805927
70
32
0
VERTEX
5
832
100
AcDbEntity
8
Real Hole
62
1
420
16711680
100
AcDbVertex
100
AcDb3dPolylineVertex
10
748847.819304447
20
8930523.92655364
30
200.508687222004
70
32
0
VERTEX
5
833
100
AcDbEntity
8
Real Hole
62
1
420
16711680
100
AcDbVertex
100
AcDb3dPolylineVertex
10
748847.804039459
20
8930523.90651551
30
200.411912167072
70
32
0
SEQEND
5
834
100
AcDbEntity
8
Real Hole
0
POINT
5
836
330
1A
100
AcDbEntity
67
0
8
Hole
62
244
420
659967
6
ByLayer
370
-1
48
1.0
60
0
100
AcDbPoint
10
748848.279999237
20
8930527.27999512
30
210.119999998808
39
0.0
210
0.0
220
0.0
230
1.0
50
360.0
0
LINE
5
837
330
1A
100
AcDbEntity
67
0
8
Theoretical Hole
62
244
420
659967
6
ByLayer
370
-1
48
1.0
60
0
100
AcDbLine
10
748848.279999237
20
8930527.27999512
30
210.119999998808
11
748846.062544327
21
8930525.84051147
31
199.999605560303
39
0.0
210
0.0
220
0.0
230
1.0
0
TEXT
5
838
330
1A
100
AcDbEntity
67
0
8
Number
62
244
420
659967
6
ByLayer
370
-1
48
1.0
60
0
100
AcDbText
1
108
10
748848.279999237
20
8930527.66099513
30
210.119999998808
40
0.3
41
1.0
50
0.0
51
0.0
7
Standard
11
748848.279999237
21
8930527.66099513
31
210.119999998808
210
0.0
220
0.0
230
1.0
72
0
100
AcDbText
73
0
0
TEXT
5
839
330
1A
100
AcDbEntity
67
0
8
label
62
1
420
16711680
6
ByLayer
370
-1
48
1.0
60
0
100
AcDbText
1

10
748848.279999237
20
8930528.06099513
30
210.119999998808
40
0.3
41
1.0
50
0.0
51
0.0
7
Standard
11
748848.279999237
21
8930528.06099513
31
210.119999998808
210
0.0
220
0.0
230
1.0
72
0
100
AcDbText
73
0
0
TEXT
5
83A
330
1A
100
AcDbEntity
67
0
8
Length
62
244
420
659967
6
ByLayer
370
-1
48
1.0
60
0
100
AcDbText
1
10.46
10
748848.279999237
20
8930526.52599511
30
210.119999998808
40
0.3
41
1.0
50
0.0
51
0.0
7
Standard
11
748848.279999237
21
8930526.52599511
31
210.119999998808
210
0.0
220
0.0
230
1.0
72
0
100
AcDbText
73
0
0
POLYLINE
5
847
330
1A
100
AcDbEntity
67
0
8
Real Hole
62
1
420
16711680
6
ByLayer
370
-1
48
1.0
60
0
100
AcDb3dPolyline
10
0.0
20
0.0
30
0.0
70
8
75
0
210
0.0
220
0.0
230
1.0
0
VERTEX
5
83B
100
AcDbEntity
8
Real Hole
62
1
420
16711680
100
AcDbVertex
100
AcDb3dPolylineVertex
10
748848.279999237
20
8930527.27999512
30
210.119999998808
70
32
0
VERTEX
5
83C
100
AcDbEntity
8
Real Hole
62
1
420
16711680
100
AcDbVertex
100
AcDb3dPolylineVertex
10
748848.099896322
20
8930527.0938835
30
209.154119366407
70
32
0
VERTEX
5
83D
100
AcDbEntity
8
Real Hole
62
1
420
16711680
100
AcDbVertex
100
AcDb3dPolylineVertex
10
748847.887731652
20
8930526.91452691
30
208.193485492468
70
32
0
VERTEX
5
83E
100
AcDbEntity
8
Real Hole
62
1
420
16711680
100
AcDbVertex
100
AcDb3dPolylineVertex
10
748847.691738944
20
8930526.72479561
30
207.231410139799
70
32
0
VERTEX
5
83F
100
AcDbEntity
8
Real Hole
62
1
420
16711680
100
AcDbVertex
100
AcDb3dPolylineVertex
10
748847.519363146
20
8930526.53240964
30
206.265349024534
70
32
0
VERTEX
5
840
100
AcDbEntity
8
Real Hole
62
1
420
16711680
100
AcDbVertex
100
AcDb3dPolylineVertex
10
748847.317467551
20
8930526.3234866
30
205.30848466754
70
32
0
VERTEX
5
841
100
AcDbEntity
8
Real Hole
62
1
420
16711680
100
AcDbVertex
100
AcDb3dPolylineVertex
10
748847.135378461
20
8930526.14529637
30
204.341483229399
70
32
0
VERTEX
5
842
100
AcDbEntity
8
Real Hole
62
1
420
16711680
100
AcDbVertex
100
AcDb3dPolylineVertex
10
748846.966189008
20
8930525.96837321
30
203.371909731627
70
32
0
VERTEX
5
843
100
AcDbEntity
8
Real Hole
62
1
420
16711680
100
AcDbVertex
100
AcDb3dPolylineVertex
10
748846.789849501
20
8930525.73831395
30
202.41484271884
70
32
0
VERTEX
5
844
100
AcDbEntity
8
Real Hole
62
1
420
16711680
100
AcDbVertex
100
AcDb3dPolylineVertex
10
748846.633605223
20
8930525.55964879
30
201.443417662382
70
32
0
VERTEX
5
845
100
AcDbEntity
8
Real Hole
62
1
420
16711680
100
AcDbVertex
100
AcDb3dPolylineVertex
10
748846.48717175
20
8930525.36963812
30
200.472617262602
70
32
0
SEQEND
5
846
100
AcDbEntity
8
Real Hole
0
POINT
5
848
330
1A
100
AcDbEntity
67
0
8
Hole
62
244
420
659967
6
ByLayer
370
-1
48
1.0
60
0
100
AcDbPoint
10
748847.469999771
20
8930528.54000488
30
210.020000004768
39
0.0
210
0.0
220
0.0
230
1.0
50
360.0
0
LINE
5
849
330
1A
100
AcDbEntity
67
0
8
Theoretical Hole
62
244
420
659967
6
ByLayer
370
-1
48
1.0
60
0
100
AcDbLine
10
748847.469999771
20
8930528.54000488
30
210.020000004768
11
748845.262007217
21
8930527.10667053
31
200.000025177002
39
0.0
210
0.0
220
0.0
230
1.0
0
TEXT
5
84A
330
1A
100
AcDbEntity
67
0
8
Number
62
244
420
659967
6
ByLayer
370
-1
48
1.0
60
0
100
AcDbText
1
109
10
748847.469999771
20
8930528.9210049
30
210.020000004768
40
0.3
41
1.0
50
0.0
51
0.0
7
Standard
11
748847.469999771
21
8930528.9210049
31
210.020000004768
210
0.0
220
0.0
230
1.0
72
0
100
AcDbText
73
0
0
TEXT
5
84B
330
1A
100
AcDbEntity
67
0
8
label
62
1
420
16711680
6
ByLayer
370
-1
48
1.0
60
0
100
AcDbText
1

10
748847.469999771
20
8930529.3210049
30
210.020000004768
40
0.3
41
1.0
50
0.0
51
0.0
7
Standard
11
748847.469999771
21
8930529.3210049
31
210.020000004768
210
0.0
220
0.0
230
1.0
72
0
100
AcDbText
73
0
0
TEXT
5
84C
330
1A
100
AcDbEntity
67
0
8
Length
62
244
420
659967
6
ByLayer
370
-1
48
1.0
60
0
100
AcDbText
1
10.36
10
748847.469999771
20
8930527.78600487
30
210.020000004768
40
0.3
41
1.0
50
0.0
51
0.0
7
Standard
11
748847.469999771
21
8930527.78600487
31
210.020000004768
210
0.0
220
0.0
230
1.0
72
0
100
AcDbText
73
0
0
POLYLINE
5
859
330
1A
100
AcDbEntity
67
0
8
Real Hole
62
1
420
16711680
6
ByLayer
370
-1
48
1.0
60
0
100
AcDb3dPolyline
10
0.0
20
0.0
30
0.0
70
8
75
0
210
0.0
220
0.0
230
1.0
0
VERTEX
5
84D
100
AcDbEntity
8
Real Hole
62
1
420
16711680
100
AcDbVertex
100
AcDb3dPolylineVertex
10
748847.469999771
20
8930528.54000488
30
210.020000004768
70
32
0
VERTEX
5
84E
100
AcDbEntity
8
Real Hole
62
1
420
16711680
100
AcDbVertex
100
AcDb3dPolylineVertex
10
748847.272527989
20
8930528.35450162
30
209.05740275383
70
32
0
VERTEX
5
84F
100
AcDbEntity
8
Real Hole
62
1
420
16711680
100
AcDbVertex
100
AcDb3dPolylineVertex
10
748847.055355828
20
8930528.20050747
30
208.093493008614
70
32
0
VERTEX
5
850
100
AcDbEntity
8
Real Hole
62
1
420
16711680
100
AcDbVertex
100
AcDb3dPolylineVertex
10
748846.850838284
20
8930528.03671655
30
207.128430867195
70
32
0
VERTEX
5
851
100
AcDbEntity
8
Real Hole
62
1
420
16711680
100
AcDbVertex
100
AcDb3dPolylineVertex
10
748846.654734175
20
8930527.85294864
30
206.165221238136
70
32
0
VERTEX
5
852
100
AcDbEntity
8
Real Hole
62
1
420
16711680
100
AcDbVertex
100
AcDb3dPolylineVertex
10
748846.449111204
20
8930527.6974372
30
205.199024701118
70
32
0
VERTEX
5
853
100
AcDbEntity
8
Real Hole
62
1
420
16711680
100
AcDbVertex
100
AcDb3dPolylineVertex
10
748846.263948421
20
8930527.5038108
30
204.235581421852
70
32
0
VERTEX
5
854
100
AcDbEntity
8
Real Hole
62
1
420
16711680
100
AcDbVertex
100
AcDb3dPolylineVertex
10
748846.100141506
20
8930527.33065036
30
203.264405274391
70
32
0
VERTEX
5
855
100
AcDbEntity
8
Real Hole
62
1
420
16711680
100
AcDbVertex
100
AcDb3dPolylineVertex
10
748845.891008835
20
8930527.14221421
30
202.304845356941
70
32
0
VERTEX
5
856
100
AcDbEntity
8
Real Hole
62
1
420
16711680
100
AcDbVertex
100
AcDb3dPolylineVertex
10
748845.717629175
20
8930526.96204606
30
201.336610341072
70
32
0
VERTEX
5
857
100
AcDbEntity
8
Real Hole
62
1
420
16711680
100
AcDbVertex
100
AcDb3dPolylineVertex
10
748845.573827486
20
8930526.81894532
30
200.562760853767
70
32
0
SEQEND
5
858
100
AcDbEntity
8
Real Hole
0
POINT
5
85A
330
1A
100
AcDbEntity
67
0
8
Hole
62
244
420
659967
6
ByLayer
370
-1
48
1.0
60
0
100
AcDbPoint
10
748846.650000076
20
8930529.79999939
30
210.17999997139
39
0.0
210
0.0
220
0.0
230
1.0
50
360.0
0
LINE
5
85B
330
1A
100
AcDbEntity
67
0
8
Theoretical Hole
62
244
420
659967
6
ByLayer
370
-1
48
1.0
60
0
100
AcDbLine
10
748846.650000076
20
8930529.79999939
30
210.17999997139
11
748844.45173214
21
8930528.37296692
31
200.002018356323
39
0.0
210
0.0
220
0.0
230
1.0
0
TEXT
5
85C
330
1A
100
AcDbEntity
67
0
8
Number
62
244
420
659967
6
ByLayer
370
-1
48
1.0
60
0
100
AcDbText
1
110
10
748846.650000076
20
8930530.1809994
30
210.17999997139
40
0.3
41
1.0
50
0.0
51
0.0
7
Standard
11
748846.650000076
21
8930530.1809994
31
210.17999997139
210
0.0
220
0.0
230
1.0
72
0
100
AcDbText
73
0
0
TEXT
5
85D
330
1A
100
AcDbEntity
67
0
8
label
62
1
420
16711680
6
ByLayer
370
-1
48
1.0
60
0
100
AcDbText
1

10
748846.650000076
20
8930530.5809994
30
210.17999997139
40
0.3
41
1.0
50
0.0
51
0.0
7
Standard
11
748846.650000076
21
8930530.5809994
31
210.17999997139
210
0.0
220
0.0
230
1.0
72
0
100
AcDbText
73
0
0
TEXT
5
85E
330
1A
100
AcDbEntity
67
0
8
Length
62
244
420
659967
6
ByLayer
370
-1
48
1.0
60
0
100
AcDbText
1
10.51
10
748846.650000076
20
8930529.04599938
30
210.17999997139
40
0.3
41
1.0
50
0.0
51
0.0
7
Standard
11
748846.650000076
21
8930529.04599938
31
210.17999997139
210
0.0
220
0.0
230
1.0
72
0
100
AcDbText
73
0
0
POLYLINE
5
86B
330
1A
100
AcDbEntity
67
0
8
Real Hole
62
1
420
16711680
6
ByLayer
370
-1
48
1.0
60
0
100
AcDb3dPolyline
10
0.0
20
0.0
30
0.0
70
8
75
0
210
0.0
220
0.0
230
1.0
0
VERTEX
5
85F
100
AcDbEntity
8
Real Hole
62
1
420
16711680
100
AcDbVertex
100
AcDb3dPolylineVertex
10
748846.650000076
20
8930529.79999939
30
210.17999997139
70
32
0
VERTEX
5
860
100
AcDbEntity
8
Real Hole
62
1
420
16711680
100
AcDbVertex
100
AcDb3dPolylineVertex
10
748846.480028819
20
8930529.6028076
30
209.214481914043
70
32
0
VERTEX
5
861
100
AcDbEntity
8
Real Hole
62
1
420
16711680
100
AcDbVertex
100
AcDb3dPolylineVertex
10
748846.30049337
20
8930529.401018
30
208.251648569107
70
32
0
VERTEX
5
862
100
AcDbEntity
8
Real Hole
62
1
420
16711680
100
AcDbVertex
100
AcDb3dPolylineVertex
10
748846.125144284
20
8930529.21899411
30
207.284115695953
70
32
0
VERTEX
5
863
100
AcDbEntity
8
Real Hole
62
1
420
16711680
100
AcDbVertex
100
AcDb3dPolylineVertex
10
748845.965856533
20
8930529.05019835
30
206.311420822144
70
32
0
VERTEX
5
864
100
AcDbEntity
8
Real Hole
62
1
420
16711680
100
AcDbVertex
100
AcDb3dPolylineVertex
10
748845.796705465
20
8930528.84811101
30
205.346771383286
70
32
0
VERTEX
5
865
100
AcDbEntity
8
Real Hole
62
1
420
16711680
100
AcDbVertex
100
AcDb3dPolylineVertex
10
748845.664616685
20
8930528.67109386
30
204.371467256546
70
32
0
VERTEX
5
866
100
AcDbEntity
8
Real Hole
62
1
420
16711680
100
AcDbVertex
100
AcDb3dPolylineVertex
10
748845.518920283
20
8930528.49460104
30
203.398008012772
70
32
0
VERTEX
5
867
100
AcDbEntity
8
Real Hole
62
1
420
16711680
100
AcDbVertex
100
AcDb3dPolylineVertex
10
748845.344832044
20
8930528.30307928
30
202.43208231926
70
32
0
VERTEX
5
868
100
AcDbEntity
8
Real Hole
62
1
420
16711680
100
AcDbVertex
100
AcDb3dPolylineVertex
10
748845.204996448
20
8930528.1559805
30
201.452894830704
70
32
0
VERTEX
5
869
100
AcDbEntity
8
Real Hole
62
1
420
16711680
100
AcDbVertex
100
AcDb3dPolylineVertex
10
748845.090971928
20
8930528.02490297
30
200.56982293129
70
32
0
SEQEND
5
86A
100
AcDbEntity
8
Real Hole
0
POINT
5
86C
330
1A
100
AcDbEntity
67
0
8
Hole
62
244
420
659967
6
ByLayer
370
-1
48
1.0
60
0
100
AcDbPoint
10
748845.830000381
20
8930531.0599939
30
210.310000026226
39
0.0
210
0.0
220
0.0
230
1.0
50
360.0
0
LINE
5
86D
330
1A
100
AcDbEntity
67
0
8
Theoretical Hole
62
244
420
659967
6
ByLayer
370
-1
48
1.0
60
0
100
AcDbLine
10
748845.830000381
20
8930531.0599939
30
210.310000026226
11
748843.642820816
21
8930529.64016357
31
200.004796409607
39
0.0
210
0.0
220
0.0
230
1.0
0
TEXT
5
86E
330
1A
100
AcDbEntity
67
0
8
Number
62
244
420
659967
6
ByLayer
370
-1
48
1.0
60
0
100
AcDbText
1
111
10
748845.830000381
20
8930531.44099391
30
210.310000026226
40
0.3
41
1.0
50
0.0
51
0.0
7
Standard
11
748845.830000381
21
8930531.44099391
31
210.310000026226
210
0.0
220
0.0
230
1.0
72
0
100
AcDbText
73
0
0
TEXT
5
86F
330
1A
100
AcDbEntity
67
0
8
label
62
1
420
16711680
6
ByLayer
370
-1
48
1.0
60
0
100
AcDbText
1

10
748845.830000381
20
8930531.84099391
30
210.310000026226
40
0.3
41
1.0
50
0.0
51
0.0
7
Standard
11
748845.830000381
21
8930531.84099391
31
210.310000026226
210
0.0
220
0.0
230
1.0
72
0
100
AcDbText
73
0
0
TEXT
5
870
330
1A
100
AcDbEntity
67
0
8
Length
62
244
420
659967
6
ByLayer
370
-1
48
1.0
60
0
100
AcDbText
1
10.63
10
748845.830000381
20
8930530.30599389
30
210.310000026226
40
0.3
41
1.0
50
0.0
51
0.0
7
Standard
11
748845.830000381
21
8930530.30599389
31
210.310000026226
210
0.0
220
0.0
230
1.0
72
0
100
AcDbText
73
0
0
POLYLINE
5
87E
330
1A
100
AcDbEntity
67
0
8
Real Hole
62
1
420
16711680
6
ByLayer
370
-1
48
1.0
60
0
100
AcDb3dPolyline
10
0.0
20
0.0
30
0.0
70
8
75
0
210
0.0
220
0.0
230
1.0
0
VERTEX
5
871
100
AcDbEntity
8
Real Hole
62
1
420
16711680
100
AcDbVertex
100
AcDb3dPolylineVertex
10
748845.830000381
20
8930531.0599939
30
210.310000026226
70
32
0
VERTEX
5
872
100
AcDbEntity
8
Real Hole
62
1
420
16711680
100
AcDbVertex
100
AcDb3dPolylineVertex
10
748845.638817932
20
8930530.83835052
30
209.353797399998
70
32
0
VERTEX
5
873
100
AcDbEntity
8
Real Hole
62
1
420
16711680
100
AcDbVertex
100
AcDb3dPolylineVertex
10
748845.435153525
20
8930530.64015717
30
208.395027244091
70
32
0
VERTEX
5
874
100
AcDbEntity
8
Real Hole
62
1
420
16711680
100
AcDbVertex
100
AcDb3dPolylineVertex
10
748845.225617211
20
8930530.46999303
30
207.43214687109
70
32
0
VERTEX
5
875
100
AcDbEntity
8
Real Hole
62
1
420
16711680
100
AcDbVertex
100
AcDb3dPolylineVertex
10
748845.004532497
20
8930530.30175457
30
206.471512877941
70
32
0
VERTEX
5
876
100
AcDbEntity
8
Real Hole
62
1
420
16711680
100
AcDbVertex
100
AcDb3dPolylineVertex
10
748844.766428213
20
8930530.11619512
30
205.518164241314
70
32
0
VERTEX
5
877
100
AcDbEntity
8
Real Hole
62
1
420
16711680
100
AcDbVertex
100
AcDb3dPolylineVertex
10
748844.577092271
20
8930529.92712334
30
204.554627025127
70
32
0
VERTEX
5
878
100
AcDbEntity
8
Real Hole
62
1
420
16711680
100
AcDbVertex
100
AcDb3dPolylineVertex
10
748844.392237406
20
8930529.74381069
30
203.589109027386
70
32
0
VERTEX
5
879
100
AcDbEntity
8
Real Hole
62
1
420
16711680
100
AcDbVertex
100
AcDb3dPolylineVertex
10
748844.203391891
20
8930529.57889596
30
202.621048533916
70
32
0
VERTEX
5
87A
100
AcDbEntity
8
Real Hole
62
1
420
16711680
100
AcDbVertex
100
AcDb3dPolylineVertex
10
748844.003012638
20
8930529.41111508
30
201.655804240704
70
32
0
VERTEX
5
87B
100
AcDbEntity
8
Real Hole
62
1
420
16711680
100
AcDbVertex
100
AcDb3dPolylineVertex
10
748843.795354347
20
8930529.24939922
30
200.691062533855
70
32
0
VERTEX
5
87C
100
AcDbEntity
8
Real Hole
62
1
420
16711680
100
AcDbVertex
100
AcDb3dPolylineVertex
10
748843.731708269
20
8930529.19990555
30
200.402099215984
70
32
0
SEQEND
5
87D
100
AcDbEntity
8
Real Hole
0
POINT
5
87F
330
1A
100
AcDbEntity
67
0
8
Hole
62
244
420
659967
6
ByLayer
370
-1
48
1.0
60
0
100
AcDbPoint
10
748845.020000916
20
8930532.32000366
30
210.250000023842
39
0.0
210
0.0
220
0.0
230
1.0
50
360.0
0
LINE
5
880
330
1A
100
AcDbEntity
67
0
8
Theoretical Hole
62
244
420
659967
6
ByLayer
370
-1
48
1.0
60
0
100
AcDbLine
10
748845.020000916
20
8930532.32000366
30
210.250000023842
11
748842.841607552
21
8930530.90588013
31
199.993722343445
39
0.0
210
0.0
220
0.0
230
1.0
0
TEXT
5
881
330
1A
100
AcDbEntity
67
0
8
Number
62
244
420
659967
6
ByLayer
370
-1
48
1.0
60
0
100
AcDbText
1
112
10
748845.020000916
20
8930532.70100367
30
210.250000023842
40
0.3
41
1.0
50
0.0
51
0.0
7
Standard
11
748845.020000916
21
8930532.70100367
31
210.250000023842
210
0.0
220
0.0
230
1.0
72
0
100
AcDbText
73
0
0
TEXT
5
882
330
1A
100
AcDbEntity
67
0
8
label
62
1
420
16711680
6
ByLayer
370
-1
48
1.0
60
0
100
AcDbText
1

10
748845.020000916
20
8930533.10100367
30
210.250000023842
40
0.3
41
1.0
50
0.0
51
0.0
7
Standard
11
748845.020000916
21
8930533.10100367
31
210.250000023842
210
0.0
220
0.0
230
1.0
72
0
100
AcDbText
73
0
0
TEXT
5
883
330
1A
100
AcDbEntity
67
0
8
Length
62
244
420
659967
6
ByLayer
370
-1
48
1.0
60
0
100
AcDbText
1
10.58
10
748845.020000916
20
8930531.56600365
30
210.250000023842
40
0.3
41
1.0
50
0.0
51
0.0
7
Standard
11
748845.020000916
21
8930531.56600365
31
210.250000023842
210
0.0
220
0.0
230
1.0
72
0
100
AcDbText
73
0
0
POLYLINE
5
891
330
1A
100
AcDbEntity
67
0
8
Real Hole
62
1
420
16711680
6
ByLayer
370
-1
48
1.0
60
0
100
AcDb3dPolyline
10
0.0
20
0.0
30
0.0
70
8
75
0
210
0.0
220
0.0
230
1.0
0
VERTEX
5
884
100
AcDbEntity
8
Real Hole
62
1
420
16711680
100
AcDbVertex
100
AcDb3dPolylineVertex
10
748845.020000916
20
8930532.32000366
30
210.250000023842
70
32
0
VERTEX
5
885
100
AcDbEntity
8
Real Hole
62
1
420
16711680
100
AcDbVertex
100
AcDb3dPolylineVertex
10
748844.826905723
20
8930532.13721104
30
209.285997354984
70
32
0
VERTEX
5
886
100
AcDbEntity
8
Real Hole
62
1
420
16711680
100
AcDbVertex
100
AcDb3dPolylineVertex
10
748844.640578996
20
8930531.97224707
30
208.317457580566
70
32
0
VERTEX
5
887
100
AcDbEntity
8
Real Hole
62
1
420
16711680
100
AcDbVertex
100
AcDb3dPolylineVertex
10
748844.444015365
20
8930531.80335465
30
207.351622128487
70
32
0
VERTEX
5
888
100
AcDbEntity
8
Real Hole
62
1
420
16711680
100
AcDbVertex
100
AcDb3dPolylineVertex
10
748844.262292724
20
8930531.62239162
30
206.385066771507
70
32
0
VERTEX
5
889
100
AcDbEntity
8
Real Hole
62
1
420
16711680
100
AcDbVertex
100
AcDb3dPolylineVertex
10
748844.090526979
20
8930531.42163477
30
205.420601391792
70
32
0
VERTEX
5
88A
100
AcDbEntity
8
Real Hole
62
1
420
16711680
100
AcDbVertex
100
AcDb3dPolylineVertex
10
748843.925085525
20
8930531.23325041
30
204.45254137516
70
32
0
VERTEX
5
88B
100
AcDbEntity
8
Real Hole
62
1
420
16711680
100
AcDbVertex
100
AcDb3dPolylineVertex
10
748843.707837563
20
8930531.08616248
30
203.487570786476
70
32
0
VERTEX
5
88C
100
AcDbEntity
8
Real Hole
62
1
420
16711680
100
AcDbVertex
100
AcDb3dPolylineVertex
10
748843.530027847
20
8930530.87929348
30
202.525495553017
70
32
0
VERTEX
5
88D
100
AcDbEntity
8
Real Hole
62
1
420
16711680
100
AcDbVertex
100
AcDb3dPolylineVertex
10
748843.342621546
20
8930530.68502501
30
201.562615418434
70
32
0
VERTEX
5
88E
100
AcDbEntity
8
Real Hole
62
1
420
16711680
100
AcDbVertex
100
AcDb3dPolylineVertex
10
748843.162364821
20
8930530.48636917
30
200.599265122414
70
32
0
VERTEX
5
88F
100
AcDbEntity
8
Real Hole
62
1
420
16711680
100
AcDbVertex
100
AcDb3dPolylineVertex
10
748843.108870964
20
8930530.42815414
30
200.309869790077
70
32
0
SEQEND
5
890
100
AcDbEntity
8
Real Hole
0
POINT
5
892
330
1A
100
AcDbEntity
67
0
8
Hole
62
244
420
659967
6
ByLayer
370
-1
48
1.0
60
0
100
AcDbPoint
10
748844.200000267
20
8930533.57000366
30
210.289999985695
39
0.0
210
0.0
220
0.0
230
1.0
50
360.0
0
LINE
5
893
330
1A
100
AcDbEntity
67
0
8
Theoretical Hole
62
244
420
659967
6
ByLayer
370
-1
48
1.0
60
0
100
AcDbLine
10
748844.200000267
20
8930533.57000366
30
210.289999985695
11
748842.030490379
21
8930532.16164795
31
200.000110054016
39
0.0
210
0.0
220
0.0
230
1.0
0
TEXT
5
894
330
1A
100
AcDbEntity
67
0
8
Number
62
244
420
659967
6
ByLayer
370
-1
48
1.0
60
0
100
AcDbText
1
113
10
748844.200000267
20
8930533.95100367
30
210.289999985695
40
0.3
41
1.0
50
0.0
51
0.0
7
Standard
11
748844.200000267
21
8930533.95100367
31
210.289999985695
210
0.0
220
0.0
230
1.0
72
0
100
AcDbText
73
0
0
TEXT
5
895
330
1A
100
AcDbEntity
67
0
8
label
62
1
420
16711680
6
ByLayer
370
-1
48
1.0
60
0
100
AcDbText
1

10
748844.200000267
20
8930534.35100367
30
210.289999985695
40
0.3
41
1.0
50
0.0
51
0.0
7
Standard
11
748844.200000267
21
8930534.35100367
31
210.289999985695
210
0.0
220
0.0
230
1.0
72
0
100
AcDbText
73
0
0
TEXT
5
896
330
1A
100
AcDbEntity
67
0
8
Length
62
244
420
659967
6
ByLayer
370
-1
48
1.0
60
0
100
AcDbText
1
10.61
10
748844.200000267
20
8930532.81600365
30
210.289999985695
40
0.3
41
1.0
50
0.0
51
0.0
7
Standard
11
748844.200000267
21
8930532.81600365
31
210.289999985695
210
0.0
220
0.0
230
1.0
72
0
100
AcDbText
73
0
0
POLYLINE
5
8A3
330
1A
100
AcDbEntity
67
0
8
Real Hole
62
1
420
16711680
6
ByLayer
370
-1
48
1.0
60
0
100
AcDb3dPolyline
10
0.0
20
0.0
30
0.0
70
8
75
0
210
0.0
220
0.0
230
1.0
0
VERTEX
5
897
100
AcDbEntity
8
Real Hole
62
1
420
16711680
100
AcDbVertex
100
AcDb3dPolylineVertex
10
748844.200000267
20
8930533.57000366
30
210.289999985695
70
32
0
VERTEX
5
898
100
AcDbEntity
8
Real Hole
62
1
420
16711680
100
AcDbVertex
100
AcDb3dPolylineVertex
10
748843.990362625
20
8930533.38263186
30
209.330341780186
70
32
0
VERTEX
5
899
100
AcDbEntity
8
Real Hole
62
1
420
16711680
100
AcDbVertex
100
AcDb3dPolylineVertex
10
748843.781842183
20
8930533.20859063
30
208.367933893204
70
32
0
VERTEX
5
89A
100
AcDbEntity
8
Real Hole
62
1
420
16711680
100
AcDbVertex
100
AcDb3dPolylineVertex
10
748843.588713984
20
8930533.02169767
30
207.404724383354
70
32
0
VERTEX
5
89B
100
AcDbEntity
8
Real Hole
62
1
420
16711680
100
AcDbVertex
100
AcDb3dPolylineVertex
10
748843.434696178
20
8930532.84200201
30
206.433134102821
70
32
0
VERTEX
5
89C
100
AcDbEntity
8
Real Hole
62
1
420
16711680
100
AcDbVertex
100
AcDb3dPolylineVertex
10
748843.274626832
20
8930532.64706108
30
205.465468907356
70
32
0
VERTEX
5
89D
100
AcDbEntity
8
Real Hole
62
1
420
16711680
100
AcDbVertex
100
AcDb3dPolylineVertex
10
748843.111091833
20
8930532.43804673
30
204.501327061653
70
32
0
VERTEX
5
89E
100
AcDbEntity
8
Real Hole
62
1
420
16711680
100
AcDbVertex
100
AcDb3dPolylineVertex
10
748842.987551312
20
8930532.2553722
30
203.525946164131
70
32
0
VERTEX
5
89F
100
AcDbEntity
8
Real Hole
62
1
420
16711680
100
AcDbVertex
100
AcDb3dPolylineVertex
10
748842.849644165
20
8930532.06701509
30
202.553576493263
70
32
0
VERTEX
5
8A0
100
AcDbEntity
8
Real Hole
62
1
420
16711680
100
AcDbVertex
100
AcDb3dPolylineVertex
10
748842.706612806
20
8930531.86522881
30
201.584647202492
70
32
0
VERTEX
5
8A1
100
AcDbEntity
8
Real Hole
62
1
420
16711680
100
AcDbVertex
100
AcDb3dPolylineVertex
10
748842.544156175
20
8930531.66439668
30
200.61858561039
70
32
0
SEQEND
5
8A2
100
AcDbEntity
8
Real Hole
0
VIEWPORT
5
8A8
330
8A4
100
AcDbEntity
67
1
8
0
62
256
6
ByLayer
370
-1
48
1.0
60
0
100
AcDbViewport
10
0.0
20
0.0
30
0.0
40
297.0
41
210.0
68
1
69
1
12
50.0
22
100.0
13
0.0
23
0.0
14
10.0
24
10.0
15
10.0
25
10.0
16
0.0
26
0.0
36
1.0
17
0.0
27
0.0
37
0.0
42
50.0
43
0.0
44
0.0
45
250.0
50
0.0
51
0.0
72
1000
90
819232
110
0.0
120
0.0
130
0.0
111
1.0
121
0.0
131
0.0
112
0.0
122
1.0
132
0.0
0
ENDSEC
0
SECTION
2
OBJECTS
0
DICTIONARY
5
8AD
330
0
100
AcDbDictionary
280
0
281
1
3
ACAD_GROUP
350
8AE
3
ACAD_LAYOUT
350
8AF
3
ACAD_MLINESTYLE
350
8B3
0
DICTIONARY
5
8AE
330
8AD
100
AcDbDictionary
280
0
281
1
0
DICTIONARY
5
8AF
330
8AD
100
AcDbDictionary
280
0
281
1
3
Model
350
1E
3
Layout1
350
8A9
0
DICTIONARY
5
8B3
330
8AD
100
AcDbDictionary
280
0
281
1
3
Standard
350
19
0
LAYOUT
5
1E
330
8AF
100
AcDbPlotSettings
1

2
none_device
4
ISO_A4_(210.00_x_297.00_MM)
6

40
7.5
41
20.0
42
7.5
43
20.0
44
210.0
45
297.0
46
0.0
47
0.0
48
0.0
49
0.0
140
0.0
141
0.0
142
1.0
143
1.0
70
11952
72
1
73
1
74
5
7

75
16
147
1.0
148
0.0
149
0.0
100
AcDbLayout
1
Model
70
1
71
0
10
-20.0
20
-7.5
11
277.0
21
202.5
12
0.0
22
0.0
32
0.0
14
25.7
24
19.5
34
0.0
15
231.3
25
175.5
35
0.0
146
0.0
13
0.0
23
0.0
33
0.0
16
1.0
26
0.0
36
0.0
17
0.0
27
1.0
37
0.0
76
0
330
1A
0
LAYOUT
5
8A9
330
8AF
100
AcDbPlotSettings
1

2
none_device
4
ISO_A4_(210.00_x_297.00_MM)
6

40
7.5
41
20.0
42
7.5
43
20.0
44
210.0
45
297.0
46
0.0
47
0.0
48
0.0
49
0.0
140
0.0
141
0.0
142
1.0
143
1.0
70
688
72
1
73
1
74
5
7

75
16
147
1.0
148
0.0
149
0.0
100
AcDbLayout
1
Layout1
70
1
71
1
10
-20.0
20
-7.5
11
277.0
21
202.5
12
0.0
22
0.0
32
0.0
14
25.7
24
19.5
34
0.0
15
231.3
25
175.5
35
0.0
146
0.0
13
0.0
23
0.0
33
0.0
16
1.0
26
0.0
36
0.0
17
0.0
27
1.0
37
0.0
76
0
330
8A4
0
MLINESTYLE
5
19
330
8B3
100
AcDbMlineStyle
2
Standard
70
0
3

62
256
51
90.0
52
90.0
71
2
49
-0.5
62
256
6
ByLayer
49
0.5
62
256
6
ByLayer
0
ENDSEC
0
EOF
