999
Dxf file generated by netDxf https://netdxf.codeplex.com, Copyright(C) 2015 Daniel Carvajal, Licensed under LGPL
0
SECTION
2
HEADER
9
$ACADVER
1
AC1015
9
$DWGCODEPAGE
3
ANSI_1252
9
$HANDSEED
5
AAF
9
$ANGBASE
50
0.0
9
$ANGDIR
70
0
9
$ATTMODE
70
1
9
$AUNITS
70
0
9
$AUPREC
70
0
9
$CECOLOR
62
256
9
$CELTSCALE
40
1.0
9
$CELTYPE
6
ByLayer
9
$CELWEIGHT
370
-1
9
$CLAYER
8
0
9
$CMLJUST
70
0
9
$CMLSCALE
40
20.0
9
$CMLSTYLE
2
Standard
9
$DIMSTYLE
2
Standard
9
$TEXTSIZE
40
2.5
9
$TEXTSTYLE
7
Standard
9
$LUNITS
70
2
9
$LUPREC
70
4
9
$EXTNAMES
290
1
9
$INSBASE
10
0.0
20
0.0
30
0.0
9
$INSUNITS
70
0
9
$LTSCALE
40
1.0
9
$LWDISPLAY
290
0
9
$PDMODE
70
0
9
$PDSIZE
40
0.0
9
$PLINEGEN
70
0
9
$PSLTSCALE
70
1
9
$TDCREATE
40
2461259.59418794
9
$TDUCREATE
40
2461259.71918794
9
$TDUPDATE
40
2461259.59418794
9
$TDUUPDATE
40
2461259.71918794
9
$TDINDWG
40
0.0
9
$DIMADEC
70
0
9
$DIMAUNIT
70
0
9
$DIMASZ
40
0.18
9
$DIMAZIN
70
0
9
$DIMBLK
1

9
$DIMBLK1
1

9
$DIMBLK2
1

9
$DIMLDRBLK
1

9
$DIMCEN
40
0.09
9
$DIMCLRD
70
0
9
$DIMCLRE
70
0
9
$DIMCLRT
70
0
9
$DIMDEC
70
2
9
$DIMDLE
40
0.0
9
$DIMDLI
40
0.38
9
$DIMDSEP
70
46
9
$DIMEXE
40
0.18
9
$DIMEXO
40
0.0625
9
$DIMGAP
40
0.09
9
$DIMJUST
70
0
9
$DIMLFAC
40
1.0
9
$DIMLUNIT
70
2
9
$DIMLWD
70
-2
9
$DIMLWE
70
-2
9
$DIMPOST
1
<>
9
$DIMRND
40
0.0
9
$DIMSAH
70
0
9
$DIMSCALE
40
1.0
9
$DIMSE1
70
0
9
$DIMSE2
70
0
9
$DIMTAD
70
1
9
$DIMTIH
70
0
9
$DIMTOH
70
0
9
$DIMTXT
40
0.18
9
$DIMZIN
70
0
9
$DIMFRAC
70
0
9
$DIMLTYPE
6
ByBlock
9
$DIMLTEX1
6
ByBlock
9
$DIMLTEX2
6
ByBlock
0
ENDSEC
0
SECTION
2
CLASSES
0
CLASS
1
RASTERVARIABLES
2
AcDbRasterVariables
3
ISM
90
0
280
0
281
0
0
ENDSEC
0
SECTION
2
TABLES
0
TABLE
2
APPID
5
4
330
0
100
AcDbSymbolTable
70
4
0
APPID
5
17
330
4
100
AcDbSymbolTableRecord
100
AcDbRegAppTableRecord
2
ACAD
70
0
0
APPID
5
AA4
330
4
100
AcDbSymbolTableRecord
100
AcDbRegAppTableRecord
2
AcCmTransparency
70
0
0
APPID
5
AA5
330
4
100
AcDbSymbolTableRecord
100
AcDbRegAppTableRecord
2
GradientColor1ACI
70
0
0
APPID
5
AA6
330
4
100
AcDbSymbolTableRecord
100
AcDbRegAppTableRecord
2
GradientColor2ACI
70
0
0
ENDTAB
0
TABLE
2
VPORT
5
1
330
0
100
AcDbSymbolTable
70
1
0
VPORT
5
2
330
1
100
AcDbSymbolTableRecord
100
AcDbViewportTableRecord
2
*Active
70
0
10
0.0
20
0.0
11
1.0
21
1.0
12
0.0
22
0.0
13
0.0
23
0.0
14
0.5
24
0.5
15
10.0
25
10.0
16
0.0
26
0.0
36
1.0
17
0.0
27
0.0
37
0.0
40
10.0
41
1.0
75
0
76
1
0
ENDTAB
0
TABLE
2
LTYPE
5
6
330
0
100
AcDbSymbolTable
70
3
0
LTYPE
5
13
330
6
100
AcDbSymbolTableRecord
100
AcDbLinetypeTableRecord
70
0
2
Continuous
3
Solid line
72
65
73
0
40
0.0
0
LTYPE
5
14
330
6
100
AcDbSymbolTableRecord
100
AcDbLinetypeTableRecord
70
0
2
ByLayer
3

72
65
73
0
40
0.0
0
LTYPE
5
15
330
6
100
AcDbSymbolTableRecord
100
AcDbLinetypeTableRecord
70
0
2
ByBlock
3

72
65
73
0
40
0.0
0
ENDTAB
0
TABLE
2
LAYER
5
5
330
0
100
AcDbSymbolTable
70
7
0
LAYER
5
12
330
5
100
AcDbSymbolTableRecord
100
AcDbLayerTableRecord
2
0
70
0
62
7
6
Continuous
290
1
370
-3
390
0
0
LAYER
5
21
330
5
100
AcDbSymbolTableRecord
100
AcDbLayerTableRecord
2
Hole
70
0
62
7
6
Continuous
290
1
370
-3
390
0
0
LAYER
5
23
330
5
100
AcDbSymbolTableRecord
100
AcDbLayerTableRecord
2
Theoretical Hole
70
0
62
7
6
Continuous
290
1
370
-3
390
0
0
LAYER
5
25
330
5
100
AcDbSymbolTableRecord
100
AcDbLayerTableRecord
2
Number
70
0
62
7
6
Continuous
290
1
370
-3
390
0
0
LAYER
5
27
330
5
100
AcDbSymbolTableRecord
100
AcDbLayerTableRecord
2
label
70
0
62
7
6
Continuous
290
1
370
-3
390
0
0
LAYER
5
29
330
5
100
AcDbSymbolTableRecord
100
AcDbLayerTableRecord
2
Length
70
0
62
7
6
Continuous
290
1
370
-3
390
0
0
LAYER
5
38
330
5
100
AcDbSymbolTableRecord
100
AcDbLayerTableRecord
2
Real Hole
70
0
62
7
6
Continuous
290
1
370
-3
390
0
0
ENDTAB
0
TABLE
2
STYLE
5
7
330
0
100
AcDbSymbolTable
70
1
0
STYLE
5
16
330
7
100
AcDbSymbolTableRecord
100
AcDbTextStyleTableRecord
2
Standard
3
simplex.shx
70
0
71
0
40
0.0
41
1.0
42
0.0
50
0.0
0
ENDTAB
0
TABLE
2
DIMSTYLE
5
8
330
0
100
AcDbSymbolTable
70
1
100
AcDbDimStyleTable
0
DIMSTYLE
105
18
330
8
100
AcDbSymbolTableRecord
100
AcDbDimStyleTableRecord
2
Standard
70
0
3
<>
40
1.0
41
0.18
42
0.0625
43
0.38
44
0.18
45
0.0
46
0.0
73
0
74
0
75
0
76
0
77
1
78
0
79
0
140
0.18
141
0.09
144
1.0
147
0.09
173
0
176
0
177
0
178
0
179
0
271
2
275
0
276
0
277
2
278
46
280
0
340
16
345
15
346
15
347
15
371
-2
372
-2
0
ENDTAB
0
TABLE
2
VIEW
5
3
330
0
100
AcDbSymbolTable
70
0
0
ENDTAB
0
TABLE
2
UCS
5
A
330
0
100
AcDbSymbolTable
70
0
0
ENDTAB
0
TABLE
2
BLOCK_RECORD
5
B
330
0
100
AcDbSymbolTable
70
2
0
BLOCK_RECORD
5
1A
330
B
100
AcDbSymbolTableRecord
100
AcDbBlockTableRecord
2
*Model_Space
340
1E
0
BLOCK_RECORD
5
A9E
330
B
100
AcDbSymbolTableRecord
100
AcDbBlockTableRecord
2
*Paper_Space
340
AA3
0
ENDTAB
0
ENDSEC
0
SECTION
2
BLOCKS
0
BLOCK
5
1C
330
1A
100
AcDbEntity
8
0
100
AcDbBlockBegin
2
*Model_Space
70
0
10
0.0
20
0.0
30
0.0
3
*Model_Space
0
ENDBLK
5
1B
330
1A
100
AcDbEntity
8
0
100
AcDbBlockEnd
0
BLOCK
5
AA0
330
A9E
100
AcDbEntity
8
0
100
AcDbBlockBegin
2
*Paper_Space
70
0
10
0.0
20
0.0
30
0.0
3
*Paper_Space
0
ENDBLK
5
A9F
330
A9E
100
AcDbEntity
8
0
100
AcDbBlockEnd
0
ENDSEC
0
SECTION
2
ENTITIES
0
POINT
5
20
330
1A
100
AcDbEntity
67
0
8
Hole
62
244
420
659967
6
ByLayer
370
-1
48
1.0
60
0
100
AcDbPoint
10
748669.357999977
20
8930163.17199817
30
190.024999984741
39
0.0
210
0.0
220
0.0
230
1.0
50
360.0
0
LINE
5
22
330
1A
100
AcDbEntity
67
0
8
Theoretical Hole
62
244
420
659967
6
ByLayer
370
-1
48
1.0
60
0
100
AcDbLine
10
748669.357999977
20
8930163.17199817
30
190.024999984741
11
748669.360166487
21
8930165.24076572
31
179.883860954285
39
0.0
210
0.0
220
0.0
230
1.0
0
TEXT
5
24
330
1A
100
AcDbEntity
67
0
8
Number
62
244
420
659967
6
ByLayer
370
-1
48
1.0
60
0
100
AcDbText
1
763
10
748669.357999977
20
8930163.55299818
30
190.024999984741
40
0.3
41
1.0
50
0.0
51
0.0
7
Standard
11
748669.357999977
21
8930163.55299818
31
190.024999984741
210
0.0
220
0.0
230
1.0
72
0
100
AcDbText
73
0
0
TEXT
5
26
330
1A
100
AcDbEntity
67
0
8
label
62
1
420
16711680
6
ByLayer
370
-1
48
1.0
60
0
100
AcDbText
1

10
748669.357999977
20
8930163.95299818
30
190.024999984741
40
0.3
41
1.0
50
0.0
51
0.0
7
Standard
11
748669.357999977
21
8930163.95299818
31
190.024999984741
210
0.0
220
0.0
230
1.0
72
0
100
AcDbText
73
0
0
TEXT
5
28
330
1A
100
AcDbEntity
67
0
8
Length
62
244
420
659967
6
ByLayer
370
-1
48
1.0
60
0
100
AcDbText
1
10.35
10
748669.357999977
20
8930162.41799816
30
190.024999984741
40
0.3
41
1.0
50
0.0
51
0.0
7
Standard
11
748669.357999977
21
8930162.41799816
31
190.024999984741
210
0.0
220
0.0
230
1.0
72
0
100
AcDbText
73
0
0
POLYLINE
5
37
330
1A
100
AcDbEntity
67
0
8
Real Hole
62
1
420
16711680
6
ByLayer
370
-1
48
1.0
60
0
100
AcDb3dPolyline
10
0.0
20
0.0
30
0.0
70
8
75
0
210
0.0
220
0.0
230
1.0
0
VERTEX
5
2A
100
AcDbEntity
8
Real Hole
62
1
420
16711680
100
AcDbVertex
100
AcDb3dPolylineVertex
10
748669.357999977
20
8930163.17199817
30
190.024999984741
70
32
0
VERTEX
5
2B
100
AcDbEntity
8
Real Hole
62
1
420
16711680
100
AcDbVertex
100
AcDb3dPolylineVertex
10
748669.354438765
20
8930163.41203038
30
189.054241606236
70
32
0
VERTEX
5
2C
100
AcDbEntity
8
Real Hole
62
1
420
16711680
100
AcDbVertex
100
AcDb3dPolylineVertex
10
748669.363695518
20
8930163.63474795
30
188.079402574539
70
32
0
VERTEX
5
2D
100
AcDbEntity
8
Real Hole
62
1
420
16711680
100
AcDbVertex
100
AcDb3dPolylineVertex
10
748669.380081516
20
8930163.88408312
30
187.11112392807
70
32
0
VERTEX
5
2E
100
AcDbEntity
8
Real Hole
62
1
420
16711680
100
AcDbVertex
100
AcDb3dPolylineVertex
10
748669.393390578
20
8930164.1191881
30
186.139245161057
70
32
0
VERTEX
5
2F
100
AcDbEntity
8
Real Hole
62
1
420
16711680
100
AcDbVertex
100
AcDb3dPolylineVertex
10
748669.419951395
20
8930164.3439354
30
185.165190109253
70
32
0
VERTEX
5
30
100
AcDbEntity
8
Real Hole
62
1
420
16711680
100
AcDbVertex
100
AcDb3dPolylineVertex
10
748669.53243221
20
8930164.5645962
30
184.196347126007
70
32
0
VERTEX
5
31
100
AcDbEntity
8
Real Hole
62
1
420
16711680
100
AcDbVertex
100
AcDb3dPolylineVertex
10
748669.572952178
20
8930164.82755342
30
183.232390769958
70
32
0
VERTEX
5
32
100
AcDbEntity
8
Real Hole
62
1
420
16711680
100
AcDbVertex
100
AcDb3dPolylineVertex
10
748669.629043993
20
8930165.05835154
30
182.261007198334
70
32
0
VERTEX
5
33
100
AcDbEntity
8
Real Hole
62
1
420
16711680
100
AcDbVertex
100
AcDb3dPolylineVertex
10
748669.719877955
20
8930165.31218043
30
181.298032173157
70
32
0
VERTEX
5
34
100
AcDbEntity
8
Real Hole
62
1
420
16711680
100
AcDbVertex
100
AcDb3dPolylineVertex
10
748669.764551726
20
8930165.55922952
30
180.330060371399
70
32
0
VERTEX
5
35
100
AcDbEntity
8
Real Hole
62
1
420
16711680
100
AcDbVertex
100
AcDb3dPolylineVertex
10
748669.77235001
20
8930165.60732451
30
180.136085876465
70
32
0
SEQEND
5
36
100
AcDbEntity
8
Real Hole
0
POINT
5
39
330
1A
100
AcDbEntity
67
0
8
Hole
62
244
420
659967
6
ByLayer
370
-1
48
1.0
60
0
100
AcDbPoint
10
748670.782000002
20
8930163.37099948
30
190.02400005722
39
0.0
210
0.0
220
0.0
230
1.0
50
360.0
0
LINE
5
3A
330
1A
100
AcDbEntity
67
0
8
Theoretical Hole
62
244
420
659967
6
ByLayer
370
-1
48
1.0
60
0
100
AcDbLine
10
748670.782000002
20
8930163.37099948
30
190.02400005722
11
748670.784124788
21
8930165.40002551
31
179.915628322601
39
0.0
210
0.0
220
0.0
230
1.0
0
TEXT
5
3B
330
1A
100
AcDbEntity
67
0
8
Number
62
244
420
659967
6
ByLayer
370
-1
48
1.0
60
0
100
AcDbText
1
764
10
748670.782000002
20
8930163.75199949
30
190.02400005722
40
0.3
41
1.0
50
0.0
51
0.0
7
Standard
11
748670.782000002
21
8930163.75199949
31
190.02400005722
210
0.0
220
0.0
230
1.0
72
0
100
AcDbText
73
0
0
TEXT
5
3C
330
1A
100
AcDbEntity
67
0
8
label
62
1
420
16711680
6
ByLayer
370
-1
48
1.0
60
0
100
AcDbText
1

10
748670.782000002
20
8930164.15199949
30
190.02400005722
40
0.3
41
1.0
50
0.0
51
0.0
7
Standard
11
748670.782000002
21
8930164.15199949
31
190.02400005722
210
0.0
220
0.0
230
1.0
72
0
100
AcDbText
73
0
0
TEXT
5
3D
330
1A
100
AcDbEntity
67
0
8
Length
62
244
420
659967
6
ByLayer
370
-1
48
1.0
60
0
100
AcDbText
1
10.31
10
748670.782000002
20
8930162.61699947
30
190.02400005722
40
0.3
41
1.0
50
0.0
51
0.0
7
Standard
11
748670.782000002
21
8930162.61699947
31
190.02400005722
210
0.0
220
0.0
230
1.0
72
0
100
AcDbText
73
0
0
POLYLINE
5
4B
330
1A
100
AcDbEntity
67
0
8
Real Hole
62
1
420
16711680
6
ByLayer
370
-1
48
1.0
60
0
100
AcDb3dPolyline
10
0.0
20
0.0
30
0.0
70
8
75
0
210
0.0
220
0.0
230
1.0
0
VERTEX
5
3E
100
AcDbEntity
8
Real Hole
62
1
420
16711680
100
AcDbVertex
100
AcDb3dPolylineVertex
10
748670.782000002
20
8930163.37099948
30
190.02400005722
70
32
0
VERTEX
5
3F
100
AcDbEntity
8
Real Hole
62
1
420
16711680
100
AcDbVertex
100
AcDb3dPolylineVertex
10
748670.850599211
20
8930163.57033907
30
189.046473630905
70
32
0
VERTEX
5
40
100
AcDbEntity
8
Real Hole
62
1
420
16711680
100
AcDbVertex
100
AcDb3dPolylineVertex
10
748670.890780796
20
8930163.75634342
30
188.064746746063
70
32
0
VERTEX
5
41
100
AcDbEntity
8
Real Hole
62
1
420
16711680
100
AcDbVertex
100
AcDb3dPolylineVertex
10
748670.976699572
20
8930163.95944491
30
187.089365848541
70
32
0
VERTEX
5
42
100
AcDbEntity
8
Real Hole
62
1
420
16711680
100
AcDbVertex
100
AcDb3dPolylineVertex
10
748671.072832313
20
8930164.15715894
30
186.113831409454
70
32
0
VERTEX
5
43
100
AcDbEntity
8
Real Hole
62
1
420
16711680
100
AcDbVertex
100
AcDb3dPolylineVertex
10
748671.182375428
20
8930164.33946928
30
185.136711486816
70
32
0
VERTEX
5
44
100
AcDbEntity
8
Real Hole
62
1
420
16711680
100
AcDbVertex
100
AcDb3dPolylineVertex
10
748671.286808785
20
8930164.53157165
30
184.160909065247
70
32
0
VERTEX
5
45
100
AcDbEntity
8
Real Hole
62
1
420
16711680
100
AcDbVertex
100
AcDb3dPolylineVertex
10
748671.370513913
20
8930164.70380261
30
183.179415115356
70
32
0
VERTEX
5
46
100
AcDbEntity
8
Real Hole
62
1
420
16711680
100
AcDbVertex
100
AcDb3dPolylineVertex
10
748671.457340714
20
8930164.87274935
30
182.197622188568
70
32
0
VERTEX
5
47
100
AcDbEntity
8
Real Hole
62
1
420
16711680
100
AcDbVertex
100
AcDb3dPolylineVertex
10
748671.581518706
20
8930165.05168441
30
181.221629032135
70
32
0
VERTEX
5
48
100
AcDbEntity
8
Real Hole
62
1
420
16711680
100
AcDbVertex
100
AcDb3dPolylineVertex
10
748671.71133053
20
8930165.25119581
30
180.250369915009
70
32
0
VERTEX
5
49
100
AcDbEntity
8
Real Hole
62
1
420
16711680
100
AcDbVertex
100
AcDb3dPolylineVertex
10
748671.748106834
20
8930165.4134604
30
179.570430644989
70
32
0
SEQEND
5
4A
100
AcDbEntity
8
Real Hole
0
POINT
5
4C
330
1A
100
AcDbEntity
67
0
8
Hole
62
244
420
659967
6
ByLayer
370
-1
48
1.0
60
0
100
AcDbPoint
10
748672.219000038
20
8930163.41600147
30
190.077999958038
39
0.0
210
0.0
220
0.0
230
1.0
50
360.0
0
LINE
5
4D
330
1A
100
AcDbEntity
67
0
8
Theoretical Hole
62
244
420
659967
6
ByLayer
370
-1
48
1.0
60
0
100
AcDbLine
10
748672.219000038
20
8930163.41600147
30
190.077999958038
11
748672.22108477
21
8930165.40667835
31
179.931434043884
39
0.0
210
0.0
220
0.0
230
1.0
0
TEXT
5
4E
330
1A
100
AcDbEntity
67
0
8
Number
62
244
420
659967
6
ByLayer
370
-1
48
1.0
60
0
100
AcDbText
1
765
10
748672.219000038
20
8930163.79700148
30
190.077999958038
40
0.3
41
1.0
50
0.0
51
0.0
7
Standard
11
748672.219000038
21
8930163.79700148
31
190.077999958038
210
0.0
220
0.0
230
1.0
72
0
100
AcDbText
73
0
0
TEXT
5
4F
330
1A
100
AcDbEntity
67
0
8
label
62
1
420
16711680
6
ByLayer
370
-1
48
1.0
60
0
100
AcDbText
1

10
748672.219000038
20
8930164.19700148
30
190.077999958038
40
0.3
41
1.0
50
0.0
51
0.0
7
Standard
11
748672.219000038
21
8930164.19700148
31
190.077999958038
210
0.0
220
0.0
230
1.0
72
0
100
AcDbText
73
0
0
TEXT
5
50
330
1A
100
AcDbEntity
67
0
8
Length
62
244
420
659967
6
ByLayer
370
-1
48
1.0
60
0
100
AcDbText
1
10.34
10
748672.219000038
20
8930162.66200146
30
190.077999958038
40
0.3
41
1.0
50
0.0
51
0.0
7
Standard
11
748672.219000038
21
8930162.66200146
31
190.077999958038
210
0.0
220
0.0
230
1.0
72
0
100
AcDbText
73
0
0
POLYLINE
5
5E
330
1A
100
AcDbEntity
67
0
8
Real Hole
62
1
420
16711680
6
ByLayer
370
-1
48
1.0
60
0
100
AcDb3dPolyline
10
0.0
20
0.0
30
0.0
70
8
75
0
210
0.0
220
0.0
230
1.0
0
VERTEX
5
51
100
AcDbEntity
8
Real Hole
62
1
420
16711680
100
AcDbVertex
100
AcDb3dPolylineVertex
10
748672.219000038
20
8930163.41600147
30
190.077999958038
70
32
0
VERTEX
5
52
100
AcDbEntity
8
Real Hole
62
1
420
16711680
100
AcDbVertex
100
AcDb3dPolylineVertex
10
748672.293623057
20
8930163.61152222
30
189.100143620014
70
32
0
VERTEX
5
53
100
AcDbEntity
8
Real Hole
62
1
420
16711680
100
AcDbVertex
100
AcDb3dPolylineVertex
10
748672.356774088
20
8930163.80314621
30
188.120708950996
70
32
0
VERTEX
5
54
100
AcDbEntity
8
Real Hole
62
1
420
16711680
100
AcDbVertex
100
AcDb3dPolylineVertex
10
748672.413404685
20
8930164.01186934
30
187.144375213623
70
32
0
VERTEX
5
55
100
AcDbEntity
8
Real Hole
62
1
420
16711680
100
AcDbVertex
100
AcDb3dPolylineVertex
10
748672.478929278
20
8930164.22848728
30
186.170320161819
70
32
0
VERTEX
5
56
100
AcDbEntity
8
Real Hole
62
1
420
16711680
100
AcDbVertex
100
AcDb3dPolylineVertex
10
748672.534017768
20
8930164.45865526
30
185.198729881287
70
32
0
VERTEX
5
57
100
AcDbEntity
8
Real Hole
62
1
420
16711680
100
AcDbVertex
100
AcDb3dPolylineVertex
10
748672.573837545
20
8930164.68471506
30
184.22543037796
70
32
0
VERTEX
5
58
100
AcDbEntity
8
Real Hole
62
1
420
16711680
100
AcDbVertex
100
AcDb3dPolylineVertex
10
748672.596786913
20
8930164.90233281
30
183.249666103363
70
32
0
VERTEX
5
59
100
AcDbEntity
8
Real Hole
62
1
420
16711680
100
AcDbVertex
100
AcDb3dPolylineVertex
10
748672.639174398
20
8930165.11562362
30
182.273597606659
70
32
0
VERTEX
5
5A
100
AcDbEntity
8
Real Hole
62
1
420
16711680
100
AcDbVertex
100
AcDb3dPolylineVertex
10
748672.715364423
20
8930165.33664491
30
181.301309474945
70
32
0
VERTEX
5
5B
100
AcDbEntity
8
Real Hole
62
1
420
16711680
100
AcDbVertex
100
AcDb3dPolylineVertex
10
748672.763730165
20
8930165.55319848
30
180.326237567902
70
32
0
VERTEX
5
5C
100
AcDbEntity
8
Real Hole
62
1
420
16711680
100
AcDbVertex
100
AcDb3dPolylineVertex
10
748672.765783605
20
8930165.72879091
30
179.545748600006
70
32
0
SEQEND
5
5D
100
AcDbEntity
8
Real Hole
0
POINT
5
5F
330
1A
100
AcDbEntity
67
0
8
Hole
62
244
420
659967
6
ByLayer
370
-1
48
1.0
60
0
100
AcDbPoint
10
748673.718000111
20
8930163.58500018
30
190.109000095367
39
0.0
210
0.0
220
0.0
230
1.0
50
360.0
0
LINE
5
60
330
1A
100
AcDbEntity
67
0
8
Theoretical Hole
62
244
420
659967
6
ByLayer
370
-1
48
1.0
60
0
100
AcDbLine
10
748673.718000111
20
8930163.58500018
30
190.109000095367
11
748673.720044788
21
8930165.53751292
31
179.873565563202
39
0.0
210
0.0
220
0.0
230
1.0
0
TEXT
5
61
330
1A
100
AcDbEntity
67
0
8
Number
62
244
420
659967
6
ByLayer
370
-1
48
1.0
60
0
100
AcDbText
1
766
10
748673.718000111
20
8930163.9660002
30
190.109000095367
40
0.3
41
1.0
50
0.0
51
0.0
7
Standard
11
748673.718000111
21
8930163.9660002
31
190.109000095367
210
0.0
220
0.0
230
1.0
72
0
100
AcDbText
73
0
0
TEXT
5
62
330
1A
100
AcDbEntity
67
0
8
label
62
1
420
16711680
6
ByLayer
370
-1
48
1.0
60
0
100
AcDbText
1

10
748673.718000111
20
8930164.3660002
30
190.109000095367
40
0.3
41
1.0
50
0.0
51
0.0
7
Standard
11
748673.718000111
21
8930164.3660002
31
190.109000095367
210
0.0
220
0.0
230
1.0
72
0
100
AcDbText
73
0
0
TEXT
5
63
330
1A
100
AcDbEntity
67
0
8
Length
62
244
420
659967
6
ByLayer
370
-1
48
1.0
60
0
100
AcDbText
1
10.42
10
748673.718000111
20
8930162.83100018
30
190.109000095367
40
0.3
41
1.0
50
0.0
51
0.0
7
Standard
11
748673.718000111
21
8930162.83100018
31
190.109000095367
210
0.0
220
0.0
230
1.0
72
0
100
AcDbText
73
0
0
POLYLINE
5
70
330
1A
100
AcDbEntity
67
0
8
Real Hole
62
1
420
16711680
6
ByLayer
370
-1
48
1.0
60
0
100
AcDb3dPolyline
10
0.0
20
0.0
30
0.0
70
8
75
0
210
0.0
220
0.0
230
1.0
0
VERTEX
5
64
100
AcDbEntity
8
Real Hole
62
1
420
16711680
100
AcDbVertex
100
AcDb3dPolylineVertex
10
748673.718000111
20
8930163.58500018
30
190.109000095367
70
32
0
VERTEX
5
65
100
AcDbEntity
8
Real Hole
62
1
420
16711680
100
AcDbVertex
100
AcDb3dPolylineVertex
10
748673.788345833
20
8930163.80188842
30
189.135341533661
70
32
0
VERTEX
5
66
100
AcDbEntity
8
Real Hole
62
1
420
16711680
100
AcDbVertex
100
AcDb3dPolylineVertex
10
748673.838994269
20
8930164.00670251
30
188.157851943016
70
32
0
VERTEX
5
67
100
AcDbEntity
8
Real Hole
62
1
420
16711680
100
AcDbVertex
100
AcDb3dPolylineVertex
10
748673.941355761
20
8930164.19585833
30
187.181254753113
70
32
0
VERTEX
5
68
100
AcDbEntity
8
Real Hole
62
1
420
16711680
100
AcDbVertex
100
AcDb3dPolylineVertex
10
748673.964767006
20
8930164.40261951
30
186.203143486023
70
32
0
VERTEX
5
69
100
AcDbEntity
8
Real Hole
62
1
420
16711680
100
AcDbVertex
100
AcDb3dPolylineVertex
10
748674.013284739
20
8930164.62384298
30
185.229127773285
70
32
0
VERTEX
5
6A
100
AcDbEntity
8
Real Hole
62
1
420
16711680
100
AcDbVertex
100
AcDb3dPolylineVertex
10
748674.051941511
20
8930164.84648326
30
184.254993804932
70
32
0
VERTEX
5
6B
100
AcDbEntity
8
Real Hole
62
1
420
16711680
100
AcDbVertex
100
AcDb3dPolylineVertex
10
748674.090061274
20
8930165.05728832
30
183.278209098816
70
32
0
VERTEX
5
6C
100
AcDbEntity
8
Real Hole
62
1
420
16711680
100
AcDbVertex
100
AcDb3dPolylineVertex
10
748674.151003268
20
8930165.29158344
30
182.307955631256
70
32
0
VERTEX
5
6D
100
AcDbEntity
8
Real Hole
62
1
420
16711680
100
AcDbVertex
100
AcDb3dPolylineVertex
10
748674.183688458
20
8930165.52152934
30
181.335301288605
70
32
0
VERTEX
5
6E
100
AcDbEntity
8
Real Hole
62
1
420
16711680
100
AcDbVertex
100
AcDb3dPolylineVertex
10
748674.215778228
20
8930165.69500818
30
180.554996379852
70
32
0
SEQEND
5
6F
100
AcDbEntity
8
Real Hole
0
POINT
5
71
330
1A
100
AcDbEntity
67
0
8
Hole
62
244
420
659967
6
ByLayer
370
-1
48
1.0
60
0
100
AcDbPoint
10
748675.231000122
20
8930163.50100055
30
190.24100006485
39
0.0
210
0.0
220
0.0
230
1.0
50
360.0
0
LINE
5
72
330
1A
100
AcDbEntity
67
0
8
Theoretical Hole
62
244
420
659967
6
ByLayer
370
-1
48
1.0
60
0
100
AcDbLine
10
748675.231000122
20
8930163.50100055
30
190.24100006485
11
748675.233003792
21
8930165.41447177
31
179.916823753357
39
0.0
210
0.0
220
0.0
230
1.0
0
TEXT
5
73
330
1A
100
AcDbEntity
67
0
8
Number
62
244
420
659967
6
ByLayer
370
-1
48
1.0
60
0
100
AcDbText
1
767
10
748675.231000122
20
8930163.88200056
30
190.24100006485
40
0.3
41
1.0
50
0.0
51
0.0
7
Standard
11
748675.231000122
21
8930163.88200056
31
190.24100006485
210
0.0
220
0.0
230
1.0
72
0
100
AcDbText
73
0
0
TEXT
5
74
330
1A
100
AcDbEntity
67
0
8
label
62
1
420
16711680
6
ByLayer
370
-1
48
1.0
60
0
100
AcDbText
1

10
748675.231000122
20
8930164.28200056
30
190.24100006485
40
0.3
41
1.0
50
0.0
51
0.0
7
Standard
11
748675.231000122
21
8930164.28200056
31
190.24100006485
210
0.0
220
0.0
230
1.0
72
0
100
AcDbText
73
0
0
TEXT
5
75
330
1A
100
AcDbEntity
67
0
8
Length
62
244
420
659967
6
ByLayer
370
-1
48
1.0
60
0
100
AcDbText
1
10.50
10
748675.231000122
20
8930162.74700054
30
190.24100006485
40
0.3
41
1.0
50
0.0
51
0.0
7
Standard
11
748675.231000122
21
8930162.74700054
31
190.24100006485
210
0.0
220
0.0
230
1.0
72
0
100
AcDbText
73
0
0
POLYLINE
5
83
330
1A
100
AcDbEntity
67
0
8
Real Hole
62
1
420
16711680
6
ByLayer
370
-1
48
1.0
60
0
100
AcDb3dPolyline
10
0.0
20
0.0
30
0.0
70
8
75
0
210
0.0
220
0.0
230
1.0
0
VERTEX
5
76
100
AcDbEntity
8
Real Hole
62
1
420
16711680
100
AcDbVertex
100
AcDb3dPolylineVertex
10
748675.231000122
20
8930163.50100055
30
190.24100006485
70
32
0
VERTEX
5
77
100
AcDbEntity
8
Real Hole
62
1
420
16711680
100
AcDbVertex
100
AcDb3dPolylineVertex
10
748675.141956505
20
8930163.68300227
30
189.261741885185
70
32
0
VERTEX
5
78
100
AcDbEntity
8
Real Hole
62
1
420
16711680
100
AcDbVertex
100
AcDb3dPolylineVertex
10
748675.11725257
20
8930163.87531399
30
188.280718931198
70
32
0
VERTEX
5
79
100
AcDbEntity
8
Real Hole
62
1
420
16711680
100
AcDbVertex
100
AcDb3dPolylineVertex
10
748675.126356747
20
8930164.06213072
30
187.298366436005
70
32
0
VERTEX
5
7A
100
AcDbEntity
8
Real Hole
62
1
420
16711680
100
AcDbVertex
100
AcDb3dPolylineVertex
10
748675.158599127
20
8930164.25731399
30
186.318129667282
70
32
0
VERTEX
5
7B
100
AcDbEntity
8
Real Hole
62
1
420
16711680
100
AcDbVertex
100
AcDb3dPolylineVertex
10
748675.201990696
20
8930164.4738774
30
185.342825778961
70
32
0
VERTEX
5
7C
100
AcDbEntity
8
Real Hole
62
1
420
16711680
100
AcDbVertex
100
AcDb3dPolylineVertex
10
748675.226204282
20
8930164.67280319
30
184.363110431671
70
32
0
VERTEX
5
7D
100
AcDbEntity
8
Real Hole
62
1
420
16711680
100
AcDbVertex
100
AcDb3dPolylineVertex
10
748675.253099533
20
8930164.8827534
30
183.385768302917
70
32
0
VERTEX
5
7E
100
AcDbEntity
8
Real Hole
62
1
420
16711680
100
AcDbVertex
100
AcDb3dPolylineVertex
10
748675.305753861
20
8930165.09409549
30
182.409775623322
70
32
0
VERTEX
5
7F
100
AcDbEntity
8
Real Hole
62
1
420
16711680
100
AcDbVertex
100
AcDb3dPolylineVertex
10
748675.355518412
20
8930165.31120482
30
181.434897312164
70
32
0
VERTEX
5
80
100
AcDbEntity
8
Real Hole
62
1
420
16711680
100
AcDbVertex
100
AcDb3dPolylineVertex
10
748675.399485823
20
8930165.53718701
30
180.46175850296
70
32
0
VERTEX
5
81
100
AcDbEntity
8
Real Hole
62
1
420
16711680
100
AcDbVertex
100
AcDb3dPolylineVertex
10
748675.409233075
20
8930165.60303607
30
180.169237026215
70
32
0
SEQEND
5
82
100
AcDbEntity
8
Real Hole
0
POINT
5
84
330
1A
100
AcDbEntity
67
0
8
Hole
62
244
420
659967
6
ByLayer
370
-1
48
1.0
60
0
100
AcDbPoint
10
748676.802999672
20
8930163.29800143
30
190.327000030518
39
0.0
210
0.0
220
0.0
230
1.0
50
360.0
0
LINE
5
85
330
1A
100
AcDbEntity
67
0
8
Theoretical Hole
62
244
420
659967
6
ByLayer
370
-1
48
1.0
60
0
100
AcDbLine
10
748676.802999672
20
8930163.29800143
30
190.327000030518
11
748676.804963287
21
8930165.17341724
31
179.924707302094
39
0.0
210
0.0
220
0.0
230
1.0
0
TEXT
5
86
330
1A
100
AcDbEntity
67
0
8
Number
62
244
420
659967
6
ByLayer
370
-1
48
1.0
60
0
100
AcDbText
1
768
10
748676.802999672
20
8930163.67900145
30
190.327000030518
40
0.3
41
1.0
50
0.0
51
0.0
7
Standard
11
748676.802999672
21
8930163.67900145
31
190.327000030518
210
0.0
220
0.0
230
1.0
72
0
100
AcDbText
73
0
0
TEXT
5
87
330
1A
100
AcDbEntity
67
0
8
label
62
1
420
16711680
6
ByLayer
370
-1
48
1.0
60
0
100
AcDbText
1

10
748676.802999672
20
8930164.07900145
30
190.327000030518
40
0.3
41
1.0
50
0.0
51
0.0
7
Standard
11
748676.802999672
21
8930164.07900145
31
190.327000030518
210
0.0
220
0.0
230
1.0
72
0
100
AcDbText
73
0
0
TEXT
5
88
330
1A
100
AcDbEntity
67
0
8
Length
62
244
420
659967
6
ByLayer
370
-1
48
1.0
60
0
100
AcDbText
1
10.57
10
748676.802999672
20
8930162.54400143
30
190.327000030518
40
0.3
41
1.0
50
0.0
51
0.0
7
Standard
11
748676.802999672
21
8930162.54400143
31
190.327000030518
210
0.0
220
0.0
230
1.0
72
0
100
AcDbText
73
0
0
POLYLINE
5
96
330
1A
100
AcDbEntity
67
0
8
Real Hole
62
1
420
16711680
6
ByLayer
370
-1
48
1.0
60
0
100
AcDb3dPolyline
10
0.0
20
0.0
30
0.0
70
8
75
0
210
0.0
220
0.0
230
1.0
0
VERTEX
5
89
100
AcDbEntity
8
Real Hole
62
1
420
16711680
100
AcDbVertex
100
AcDb3dPolylineVertex
10
748676.802999672
20
8930163.29800143
30
190.327000030518
70
32
0
VERTEX
5
8A
100
AcDbEntity
8
Real Hole
62
1
420
16711680
100
AcDbVertex
100
AcDb3dPolylineVertex
10
748676.825946166
20
8930163.48328142
30
189.344582208633
70
32
0
VERTEX
5
8B
100
AcDbEntity
8
Real Hole
62
1
420
16711680
100
AcDbVertex
100
AcDb3dPolylineVertex
10
748676.853675083
20
8930163.66096317
30
188.360884913445
70
32
0
VERTEX
5
8C
100
AcDbEntity
8
Real Hole
62
1
420
16711680
100
AcDbVertex
100
AcDb3dPolylineVertex
10
748676.877727528
20
8930163.84195068
30
187.377693780899
70
32
0
VERTEX
5
8D
100
AcDbEntity
8
Real Hole
62
1
420
16711680
100
AcDbVertex
100
AcDb3dPolylineVertex
10
748676.963899862
20
8930164.03956732
30
186.401209243774
70
32
0
VERTEX
5
8E
100
AcDbEntity
8
Real Hole
62
1
420
16711680
100
AcDbVertex
100
AcDb3dPolylineVertex
10
748677.067154076
20
8930164.2249262
30
185.423978218079
70
32
0
VERTEX
5
8F
100
AcDbEntity
8
Real Hole
62
1
420
16711680
100
AcDbVertex
100
AcDb3dPolylineVertex
10
748677.12607893
20
8930164.41341677
30
184.443672546387
70
32
0
VERTEX
5
90
100
AcDbEntity
8
Real Hole
62
1
420
16711680
100
AcDbVertex
100
AcDb3dPolylineVertex
10
748677.174405422
20
8930164.59516862
30
183.461516269684
70
32
0
VERTEX
5
91
100
AcDbEntity
8
Real Hole
62
1
420
16711680
100
AcDbVertex
100
AcDb3dPolylineVertex
10
748677.218340394
20
8930164.78102663
30
182.47992218399
70
32
0
VERTEX
5
92
100
AcDbEntity
8
Real Hole
62
1
420
16711680
100
AcDbVertex
100
AcDb3dPolylineVertex
10
748677.291434285
20
8930164.97694209
30
181.502029785156
70
32
0
VERTEX
5
93
100
AcDbEntity
8
Real Hole
62
1
420
16711680
100
AcDbVertex
100
AcDb3dPolylineVertex
10
748677.384273704
20
8930165.16924646
30
180.525095352173
70
32
0
VERTEX
5
94
100
AcDbEntity
8
Real Hole
62
1
420
16711680
100
AcDbVertex
100
AcDb3dPolylineVertex
10
748677.451700088
20
8930165.28321293
30
179.939890274048
70
32
0
SEQEND
5
95
100
AcDbEntity
8
Real Hole
0
POINT
5
97
330
1A
100
AcDbEntity
67
0
8
Hole
62
244
420
659967
6
ByLayer
370
-1
48
1.0
60
0
100
AcDbPoint
10
748678.312999901
20
8930163.33400073
30
190.346000083923
39
0.0
210
0.0
220
0.0
230
1.0
50
360.0
0
LINE
5
98
330
1A
100
AcDbEntity
67
0
8
Theoretical Hole
62
244
420
659967
6
ByLayer
370
-1
48
1.0
60
0
100
AcDbLine
10
748678.312999901
20
8930163.33400073
30
190.346000083923
11
748678.314923462
21
8930165.17119708
31
179.92673481369
39
0.0
210
0.0
220
0.0
230
1.0
0
TEXT
5
99
330
1A
100
AcDbEntity
67
0
8
Number
62
244
420
659967
6
ByLayer
370
-1
48
1.0
60
0
100
AcDbText
1
769
10
748678.312999901
20
8930163.71500074
30
190.346000083923
40
0.3
41
1.0
50
0.0
51
0.0
7
Standard
11
748678.312999901
21
8930163.71500074
31
190.346000083923
210
0.0
220
0.0
230
1.0
72
0
100
AcDbText
73
0
0
TEXT
5
9A
330
1A
100
AcDbEntity
67
0
8
label
62
1
420
16711680
6
ByLayer
370
-1
48
1.0
60
0
100
AcDbText
1

10
748678.312999901
20
8930164.11500075
30
190.346000083923
40
0.3
41
1.0
50
0.0
51
0.0
7
Standard
11
748678.312999901
21
8930164.11500075
31
190.346000083923
210
0.0
220
0.0
230
1.0
72
0
100
AcDbText
73
0
0
TEXT
5
9B
330
1A
100
AcDbEntity
67
0
8
Length
62
244
420
659967
6
ByLayer
370
-1
48
1.0
60
0
100
AcDbText
1
10.58
10
748678.312999901
20
8930162.58000072
30
190.346000083923
40
0.3
41
1.0
50
0.0
51
0.0
7
Standard
11
748678.312999901
21
8930162.58000072
31
190.346000083923
210
0.0
220
0.0
230
1.0
72
0
100
AcDbText
73
0
0
POLYLINE
5
A9
330
1A
100
AcDbEntity
67
0
8
Real Hole
62
1
420
16711680
6
ByLayer
370
-1
48
1.0
60
0
100
AcDb3dPolyline
10
0.0
20
0.0
30
0.0
70
8
75
0
210
0.0
220
0.0
230
1.0
0
VERTEX
5
9C
100
AcDbEntity
8
Real Hole
62
1
420
16711680
100
AcDbVertex
100
AcDb3dPolylineVertex
10
748678.312999901
20
8930163.33400073
30
190.346000083923
70
32
0
VERTEX
5
9D
100
AcDbEntity
8
Real Hole
62
1
420
16711680
100
AcDbVertex
100
AcDb3dPolylineVertex
10
748678.250966601
20
8930163.53280021
30
189.367925116062
70
32
0
VERTEX
5
9E
100
AcDbEntity
8
Real Hole
62
1
420
16711680
100
AcDbVertex
100
AcDb3dPolylineVertex
10
748678.172909391
20
8930163.7055974
30
188.386065610886
70
32
0
VERTEX
5
9F
100
AcDbEntity
8
Real Hole
62
1
420
16711680
100
AcDbVertex
100
AcDb3dPolylineVertex
10
748678.125961896
20
8930163.91408947
30
187.409168848038
70
32
0
VERTEX
5
A0
100
AcDbEntity
8
Real Hole
62
1
420
16711680
100
AcDbVertex
100
AcDb3dPolylineVertex
10
748678.116364029
20
8930164.09246191
30
186.425252803802
70
32
0
VERTEX
5
A1
100
AcDbEntity
8
Real Hole
62
1
420
16711680
100
AcDbVertex
100
AcDb3dPolylineVertex
10
748678.150138405
20
8930164.27886501
30
185.443360218048
70
32
0
VERTEX
5
A2
100
AcDbEntity
8
Real Hole
62
1
420
16711680
100
AcDbVertex
100
AcDb3dPolylineVertex
10
748678.152845513
20
8930164.47034016
30
184.461866268158
70
32
0
VERTEX
5
A3
100
AcDbEntity
8
Real Hole
62
1
420
16711680
100
AcDbVertex
100
AcDb3dPolylineVertex
10
748678.152875793
20
8930164.64381638
30
183.477028259277
70
32
0
VERTEX
5
A4
100
AcDbEntity
8
Real Hole
62
1
420
16711680
100
AcDbVertex
100
AcDb3dPolylineVertex
10
748678.170010936
20
8930164.82782939
30
182.494254001617
70
32
0
VERTEX
5
A5
100
AcDbEntity
8
Real Hole
62
1
420
16711680
100
AcDbVertex
100
AcDb3dPolylineVertex
10
748678.183220636
20
8930165.02109924
30
181.513197311401
70
32
0
VERTEX
5
A6
100
AcDbEntity
8
Real Hole
62
1
420
16711680
100
AcDbVertex
100
AcDb3dPolylineVertex
10
748678.189952385
20
8930165.21196082
30
180.531603225708
70
32
0
VERTEX
5
A7
100
AcDbEntity
8
Real Hole
62
1
420
16711680
100
AcDbVertex
100
AcDb3dPolylineVertex
10
748678.18650521
20
8930165.32949152
30
179.841549285889
70
32
0
SEQEND
5
A8
100
AcDbEntity
8
Real Hole
0
POINT
5
AA
330
1A
100
AcDbEntity
67
0
8
Hole
62
244
420
659967
6
ByLayer
370
-1
48
1.0
60
0
100
AcDbPoint
10
748679.781999763
20
8930163.29100147
30
190.350000032425
39
0.0
210
0.0
220
0.0
230
1.0
50
360.0
0
LINE
5
AB
330
1A
100
AcDbEntity
67
0
8
Theoretical Hole
62
244
420
659967
6
ByLayer
370
-1
48
1.0
60
0
100
AcDbLine
10
748679.781999763
20
8930163.29100147
30
190.350000032425
11
748679.78388327
21
8930165.08987727
31
179.913901695251
39
0.0
210
0.0
220
0.0
230
1.0
0
TEXT
5
AC
330
1A
100
AcDbEntity
67
0
8
Number
62
244
420
659967
6
ByLayer
370
-1
48
1.0
60
0
100
AcDbText
1
770
10
748679.781999763
20
8930163.67200148
30
190.350000032425
40
0.3
41
1.0
50
0.0
51
0.0
7
Standard
11
748679.781999763
21
8930163.67200148
31
190.350000032425
210
0.0
220
0.0
230
1.0
72
0
100
AcDbText
73
0
0
TEXT
5
AD
330
1A
100
AcDbEntity
67
0
8
label
62
1
420
16711680
6
ByLayer
370
-1
48
1.0
60
0
100
AcDbText
1

10
748679.781999763
20
8930164.07200148
30
190.350000032425
40
0.3
41
1.0
50
0.0
51
0.0
7
Standard
11
748679.781999763
21
8930164.07200148
31
190.350000032425
210
0.0
220
0.0
230
1.0
72
0
100
AcDbText
73
0
0
TEXT
5
AE
330
1A
100
AcDbEntity
67
0
8
Length
62
244
420
659967
6
ByLayer
370
-1
48
1.0
60
0
100
AcDbText
1
10.59
10
748679.781999763
20
8930162.53700146
30
190.350000032425
40
0.3
41
1.0
50
0.0
51
0.0
7
Standard
11
748679.781999763
21
8930162.53700146
31
190.350000032425
210
0.0
220
0.0
230
1.0
72
0
100
AcDbText
73
0
0
POLYLINE
5
BC
330
1A
100
AcDbEntity
67
0
8
Real Hole
62
1
420
16711680
6
ByLayer
370
-1
48
1.0
60
0
100
AcDb3dPolyline
10
0.0
20
0.0
30
0.0
70
8
75
0
210
0.0
220
0.0
230
1.0
0
VERTEX
5
AF
100
AcDbEntity
8
Real Hole
62
1
420
16711680
100
AcDbVertex
100
AcDb3dPolylineVertex
10
748679.781999763
20
8930163.29100147
30
190.350000032425
70
32
0
VERTEX
5
B0
100
AcDbEntity
8
Real Hole
62
1
420
16711680
100
AcDbVertex
100
AcDb3dPolylineVertex
10
748679.79008776
20
8930163.47477492
30
189.36706466341
70
32
0
VERTEX
5
B1
100
AcDbEntity
8
Real Hole
62
1
420
16711680
100
AcDbVertex
100
AcDb3dPolylineVertex
10
748679.769808321
20
8930163.64186611
30
188.381331809998
70
32
0
VERTEX
5
B2
100
AcDbEntity
8
Real Hole
62
1
420
16711680
100
AcDbVertex
100
AcDb3dPolylineVertex
10
748679.761327543
20
8930163.79167929
30
187.392653831482
70
32
0
VERTEX
5
B3
100
AcDbEntity
8
Real Hole
62
1
420
16711680
100
AcDbVertex
100
AcDb3dPolylineVertex
10
748679.778726405
20
8930163.94228348
30
186.404212841034
70
32
0
VERTEX
5
B4
100
AcDbEntity
8
Real Hole
62
1
420
16711680
100
AcDbVertex
100
AcDb3dPolylineVertex
10
748679.819706038
20
8930164.10447147
30
185.418304094315
70
32
0
VERTEX
5
B5
100
AcDbEntity
8
Real Hole
62
1
420
16711680
100
AcDbVertex
100
AcDb3dPolylineVertex
10
748679.815464549
20
8930164.27927121
30
184.433709272385
70
32
0
VERTEX
5
B6
100
AcDbEntity
8
Real Hole
62
1
420
16711680
100
AcDbVertex
100
AcDb3dPolylineVertex
10
748679.825657338
20
8930164.41807058
30
183.443441518784
70
32
0
VERTEX
5
B7
100
AcDbEntity
8
Real Hole
62
1
420
16711680
100
AcDbVertex
100
AcDb3dPolylineVertex
10
748679.831023373
20
8930164.56871822
30
182.454868444443
70
32
0
VERTEX
5
B8
100
AcDbEntity
8
Real Hole
62
1
420
16711680
100
AcDbVertex
100
AcDb3dPolylineVertex
10
748679.858375896
20
8930164.73043611
30
181.468410142899
70
32
0
VERTEX
5
B9
100
AcDbEntity
8
Real Hole
62
1
420
16711680
100
AcDbVertex
100
AcDb3dPolylineVertex
10
748679.857982707
20
8930164.89135041
30
180.481442102432
70
32
0
VERTEX
5
BA
100
AcDbEntity
8
Real Hole
62
1
420
16711680
100
AcDbVertex
100
AcDb3dPolylineVertex
10
748679.858407814
20
8930164.90610793
30
180.382538446426
70
32
0
SEQEND
5
BB
100
AcDbEntity
8
Real Hole
0
POINT
5
BD
330
1A
100
AcDbEntity
67
0
8
Hole
62
244
420
659967
6
ByLayer
370
-1
48
1.0
60
0
100
AcDbPoint
10
748681.210999664
20
8930163.43100085
30
190.351999887466
39
0.0
210
0.0
220
0.0
230
1.0
50
360.0
0
LINE
5
BE
330
1A
100
AcDbEntity
67
0
8
Theoretical Hole
62
244
420
659967
6
ByLayer
370
-1
48
1.0
60
0
100
AcDbLine
10
748681.210999664
20
8930163.43100085
30
190.351999887466
11
748681.212843117
21
8930165.19145122
31
179.89920986557
39
0.0
210
0.0
220
0.0
230
1.0
0
TEXT
5
BF
330
1A
100
AcDbEntity
67
0
8
Number
62
244
420
659967
6
ByLayer
370
-1
48
1.0
60
0
100
AcDbText
1
771
10
748681.210999664
20
8930163.81200087
30
190.351999887466
40
0.3
41
1.0
50
0.0
51
0.0
7
Standard
11
748681.210999664
21
8930163.81200087
31
190.351999887466
210
0.0
220
0.0
230
1.0
72
0
100
AcDbText
73
0
0
TEXT
5
C0
330
1A
100
AcDbEntity
67
0
8
label
62
1
420
16711680
6
ByLayer
370
-1
48
1.0
60
0
100
AcDbText
1

10
748681.210999664
20
8930164.21200087
30
190.351999887466
40
0.3
41
1.0
50
0.0
51
0.0
7
Standard
11
748681.210999664
21
8930164.21200087
31
190.351999887466
210
0.0
220
0.0
230
1.0
72
0
100
AcDbText
73
0
0
TEXT
5
C1
330
1A
100
AcDbEntity
67
0
8
Length
62
244
420
659967
6
ByLayer
370
-1
48
1.0
60
0
100
AcDbText
1
10.60
10
748681.210999664
20
8930162.67700085
30
190.351999887466
40
0.3
41
1.0
50
0.0
51
0.0
7
Standard
11
748681.210999664
21
8930162.67700085
31
190.351999887466
210
0.0
220
0.0
230
1.0
72
0
100
AcDbText
73
0
0
POLYLINE
5
CE
330
1A
100
AcDbEntity
67
0
8
Real Hole
62
1
420
16711680
6
ByLayer
370
-1
48
1.0
60
0
100
AcDb3dPolyline
10
0.0
20
0.0
30
0.0
70
8
75
0
210
0.0
220
0.0
230
1.0
0
VERTEX
5
C2
100
AcDbEntity
8
Real Hole
62
1
420
16711680
100
AcDbVertex
100
AcDb3dPolylineVertex
10
748681.210999664
20
8930163.43100085
30
190.351999887466
70
32
0
VERTEX
5
C3
100
AcDbEntity
8
Real Hole
62
1
420
16711680
100
AcDbVertex
100
AcDb3dPolylineVertex
10
748681.219422073
20
8930163.59841825
30
189.366149732113
70
32
0
VERTEX
5
C4
100
AcDbEntity
8
Real Hole
62
1
420
16711680
100
AcDbVertex
100
AcDb3dPolylineVertex
10
748681.211446164
20
8930163.77205523
30
188.381372341156
70
32
0
VERTEX
5
C5
100
AcDbEntity
8
Real Hole
62
1
420
16711680
100
AcDbVertex
100
AcDb3dPolylineVertex
10
748681.149661623
20
8930163.92621541
30
187.395260223389
70
32
0
VERTEX
5
C6
100
AcDbEntity
8
Real Hole
62
1
420
16711680
100
AcDbVertex
100
AcDb3dPolylineVertex
10
748681.102221776
20
8930164.12126508
30
186.415614732742
70
32
0
VERTEX
5
C7
100
AcDbEntity
8
Real Hole
62
1
420
16711680
100
AcDbVertex
100
AcDb3dPolylineVertex
10
748681.063625437
20
8930164.27126184
30
185.427682050705
70
32
0
VERTEX
5
C8
100
AcDbEntity
8
Real Hole
62
1
420
16711680
100
AcDbVertex
100
AcDb3dPolylineVertex
10
748681.053536859
20
8930164.40798887
30
184.437124380112
70
32
0
VERTEX
5
C9
100
AcDbEntity
8
Real Hole
62
1
420
16711680
100
AcDbVertex
100
AcDb3dPolylineVertex
10
748681.017080587
20
8930164.5469518
30
183.447497972488
70
32
0
VERTEX
5
CA
100
AcDbEntity
8
Real Hole
62
1
420
16711680
100
AcDbVertex
100
AcDb3dPolylineVertex
10
748680.977178377
20
8930164.69034865
30
182.458637842178
70
32
0
VERTEX
5
CB
100
AcDbEntity
8
Real Hole
62
1
420
16711680
100
AcDbVertex
100
AcDb3dPolylineVertex
10
748680.927996453
20
8930164.82900324
30
181.469519266129
70
32
0
VERTEX
5
CC
100
AcDbEntity
8
Real Hole
62
1
420
16711680
100
AcDbVertex
100
AcDb3dPolylineVertex
10
748680.8812516
20
8930164.92943099
30
180.576362260818
70
32
0
SEQEND
5
CD
100
AcDbEntity
8
Real Hole
0
POINT
5
CF
330
1A
100
AcDbEntity
67
0
8
Hole
62
244
420
659967
6
ByLayer
370
-1
48
1.0
60
0
100
AcDbPoint
10
748682.939999756
20
8930163.23399844
30
190.351999887466
39
0.0
210
0.0
220
0.0
230
1.0
50
360.0
0
LINE
5
D0
330
1A
100
AcDbEntity
67
0
8
Theoretical Hole
62
244
420
659967
6
ByLayer
370
-1
48
1.0
60
0
100
AcDbLine
10
748682.939999756
20
8930163.23399844
30
190.351999887466
11
748682.941804108
21
8930164.95775142
31
179.882961639404
39
0.0
210
0.0
220
0.0
230
1.0
0
TEXT
5
D1
330
1A
100
AcDbEntity
67
0
8
Number
62
244
420
659967
6
ByLayer
370
-1
48
1.0
60
0
100
AcDbText
1
772
10
748682.939999756
20
8930163.61499846
30
190.351999887466
40
0.3
41
1.0
50
0.0
51
0.0
7
Standard
11
748682.939999756
21
8930163.61499846
31
190.351999887466
210
0.0
220
0.0
230
1.0
72
0
100
AcDbText
73
0
0
TEXT
5
D2
330
1A
100
AcDbEntity
67
0
8
label
62
1
420
16711680
6
ByLayer
370
-1
48
1.0
60
0
100
AcDbText
1

10
748682.939999756
20
8930164.01499846
30
190.351999887466
40
0.3
41
1.0
50
0.0
51
0.0
7
Standard
11
748682.939999756
21
8930164.01499846
31
190.351999887466
210
0.0
220
0.0
230
1.0
72
0
100
AcDbText
73
0
0
TEXT
5
D3
330
1A
100
AcDbEntity
67
0
8
Length
62
244
420
659967
6
ByLayer
370
-1
48
1.0
60
0
100
AcDbText
1
10.61
10
748682.939999756
20
8930162.47999844
30
190.351999887466
40
0.3
41
1.0
50
0.0
51
0.0
7
Standard
11
748682.939999756
21
8930162.47999844
31
190.351999887466
210
0.0
220
0.0
230
1.0
72
0
100
AcDbText
73
0
0
POLYLINE
5
E1
330
1A
100
AcDbEntity
67
0
8
Real Hole
62
1
420
16711680
6
ByLayer
370
-1
48
1.0
60
0
100
AcDb3dPolyline
10
0.0
20
0.0
30
0.0
70
8
75
0
210
0.0
220
0.0
230
1.0
0
VERTEX
5
D4
100
AcDbEntity
8
Real Hole
62
1
420
16711680
100
AcDbVertex
100
AcDb3dPolylineVertex
10
748682.939999756
20
8930163.23399844
30
190.351999887466
70
32
0
VERTEX
5
D5
100
AcDbEntity
8
Real Hole
62
1
420
16711680
100
AcDbVertex
100
AcDb3dPolylineVertex
10
748682.892318353
20
8930163.38135913
30
189.364067026615
70
32
0
VERTEX
5
D6
100
AcDbEntity
8
Real Hole
62
1
420
16711680
100
AcDbVertex
100
AcDb3dPolylineVertex
10
748682.837797579
20
8930163.54041993
30
188.378304847717
70
32
0
VERTEX
5
D7
100
AcDbEntity
8
Real Hole
62
1
420
16711680
100
AcDbVertex
100
AcDb3dPolylineVertex
10
748682.804834884
20
8930163.65432348
30
187.385359891891
70
32
0
VERTEX
5
D8
100
AcDbEntity
8
Real Hole
62
1
420
16711680
100
AcDbVertex
100
AcDb3dPolylineVertex
10
748682.771017235
20
8930163.74678459
30
186.390218147278
70
32
0
VERTEX
5
D9
100
AcDbEntity
8
Real Hole
62
1
420
16711680
100
AcDbVertex
100
AcDb3dPolylineVertex
10
748682.747672197
20
8930163.87784299
30
185.399118551254
70
32
0
VERTEX
5
DA
100
AcDbEntity
8
Real Hole
62
1
420
16711680
100
AcDbVertex
100
AcDb3dPolylineVertex
10
748682.754044529
20
8930164.02862408
30
184.410571702957
70
32
0
VERTEX
5
DB
100
AcDbEntity
8
Real Hole
62
1
420
16711680
100
AcDbVertex
100
AcDb3dPolylineVertex
10
748682.779626411
20
8930164.18068012
30
183.422530778885
70
32
0
VERTEX
5
DC
100
AcDbEntity
8
Real Hole
62
1
420
16711680
100
AcDbVertex
100
AcDb3dPolylineVertex
10
748682.807820421
20
8930164.32946589
30
182.434063562393
70
32
0
VERTEX
5
DD
100
AcDbEntity
8
Real Hole
62
1
420
16711680
100
AcDbVertex
100
AcDb3dPolylineVertex
10
748682.824474667
20
8930164.44826772
30
181.441284784317
70
32
0
VERTEX
5
DE
100
AcDbEntity
8
Real Hole
62
1
420
16711680
100
AcDbVertex
100
AcDb3dPolylineVertex
10
748682.834052641
20
8930164.52684119
30
180.444423326492
70
32
0
VERTEX
5
DF
100
AcDbEntity
8
Real Hole
62
1
420
16711680
100
AcDbVertex
100
AcDb3dPolylineVertex
10
748682.834132109
20
8930164.56184235
30
180.045957216263
70
32
0
SEQEND
5
E0
100
AcDbEntity
8
Real Hole
0
POINT
5
E2
330
1A
100
AcDbEntity
67
0
8
Hole
62
244
420
659967
6
ByLayer
370
-1
48
1.0
60
0
100
AcDbPoint
10
748684.217000183
20
8930163.35400119
30
190.382000097275
39
0.0
210
0.0
220
0.0
230
1.0
50
360.0
0
LINE
5
E3
330
1A
100
AcDbEntity
67
0
8
Theoretical Hole
62
244
420
659967
6
ByLayer
370
-1
48
1.0
60
0
100
AcDbLine
10
748684.217000183
20
8930163.35400119
30
190.382000097275
11
748684.218764481
21
8930165.0396091
31
179.916880496979
39
0.0
210
0.0
220
0.0
230
1.0
0
TEXT
5
E4
330
1A
100
AcDbEntity
67
0
8
Number
62
244
420
659967
6
ByLayer
370
-1
48
1.0
60
0
100
AcDbText
1
773
10
748684.217000183
20
8930163.7350012
30
190.382000097275
40
0.3
41
1.0
50
0.0
51
0.0
7
Standard
11
748684.217000183
21
8930163.7350012
31
190.382000097275
210
0.0
220
0.0
230
1.0
72
0
100
AcDbText
73
0
0
TEXT
5
E5
330
1A
100
AcDbEntity
67
0
8
label
62
1
420
16711680
6
ByLayer
370
-1
48
1.0
60
0
100
AcDbText
1

10
748684.217000183
20
8930164.1350012
30
190.382000097275
40
0.3
41
1.0
50
0.0
51
0.0
7
Standard
11
748684.217000183
21
8930164.1350012
31
190.382000097275
210
0.0
220
0.0
230
1.0
72
0
100
AcDbText
73
0
0
TEXT
5
E6
330
1A
100
AcDbEntity
67
0
8
Length
62
244
420
659967
6
ByLayer
370
-1
48
1.0
60
0
100
AcDbText
1
10.60
10
748684.217000183
20
8930162.60000118
30
190.382000097275
40
0.3
41
1.0
50
0.0
51
0.0
7
Standard
11
748684.217000183
21
8930162.60000118
31
190.382000097275
210
0.0
220
0.0
230
1.0
72
0
100
AcDbText
73
0
0
POLYLINE
5
F3
330
1A
100
AcDbEntity
67
0
8
Real Hole
62
1
420
16711680
6
ByLayer
370
-1
48
1.0
60
0
100
AcDb3dPolyline
10
0.0
20
0.0
30
0.0
70
8
75
0
210
0.0
220
0.0
230
1.0
0
VERTEX
5
E7
100
AcDbEntity
8
Real Hole
62
1
420
16711680
100
AcDbVertex
100
AcDb3dPolylineVertex
10
748684.217000183
20
8930163.35400119
30
190.382000097275
70
32
0
VERTEX
5
E8
100
AcDbEntity
8
Real Hole
62
1
420
16711680
100
AcDbVertex
100
AcDb3dPolylineVertex
10
748684.287333396
20
8930163.51969586
30
189.398334213734
70
32
0
VERTEX
5
E9
100
AcDbEntity
8
Real Hole
62
1
420
16711680
100
AcDbVertex
100
AcDb3dPolylineVertex
10
748684.315626543
20
8930163.69554966
30
188.414324649811
70
32
0
VERTEX
5
EA
100
AcDbEntity
8
Real Hole
62
1
420
16711680
100
AcDbVertex
100
AcDb3dPolylineVertex
10
748684.281598289
20
8930163.84063008
30
187.425490030289
70
32
0
VERTEX
5
EB
100
AcDbEntity
8
Real Hole
62
1
420
16711680
100
AcDbVertex
100
AcDb3dPolylineVertex
10
748684.248566077
20
8930164.01478156
30
186.441325315475
70
32
0
VERTEX
5
EC
100
AcDbEntity
8
Real Hole
62
1
420
16711680
100
AcDbVertex
100
AcDb3dPolylineVertex
10
748684.215494848
20
8930164.16432675
30
185.453123697281
70
32
0
VERTEX
5
ED
100
AcDbEntity
8
Real Hole
62
1
420
16711680
100
AcDbVertex
100
AcDb3dPolylineVertex
10
748684.2205375
20
8930164.32843616
30
184.466694482803
70
32
0
VERTEX
5
EE
100
AcDbEntity
8
Real Hole
62
1
420
16711680
100
AcDbVertex
100
AcDb3dPolylineVertex
10
748684.200785824
20
8930164.50648966
30
183.48287213707
70
32
0
VERTEX
5
EF
100
AcDbEntity
8
Real Hole
62
1
420
16711680
100
AcDbVertex
100
AcDb3dPolylineVertex
10
748684.180614982
20
8930164.6652669
30
182.495763429642
70
32
0
VERTEX
5
F0
100
AcDbEntity
8
Real Hole
62
1
420
16711680
100
AcDbVertex
100
AcDb3dPolylineVertex
10
748684.160151966
20
8930164.80868879
30
181.506313451767
70
32
0
VERTEX
5
F1
100
AcDbEntity
8
Real Hole
62
1
420
16711680
100
AcDbVertex
100
AcDb3dPolylineVertex
10
748684.154234816
20
8930164.91162303
30
180.813948759079
70
32
0
SEQEND
5
F2
100
AcDbEntity
8
Real Hole
0
POINT
5
F4
330
1A
100
AcDbEntity
67
0
8
Hole
62
244
420
659967
6
ByLayer
370
-1
48
1.0
60
0
100
AcDbPoint
10
748685.756999191
20
8930163.41399875
30
190.356000074387
39
0.0
210
0.0
220
0.0
230
1.0
50
360.0
0
LINE
5
F5
330
1A
100
AcDbEntity
67
0
8
Theoretical Hole
62
244
420
659967
6
ByLayer
370
-1
48
1.0
60
0
100
AcDbLine
10
748685.756999191
20
8930163.41399875
30
190.356000074387
11
748685.758723434
21
8930165.0606853
31
179.864441761017
39
0.0
210
0.0
220
0.0
230
1.0
0
TEXT
5
F6
330
1A
100
AcDbEntity
67
0
8
Number
62
244
420
659967
6
ByLayer
370
-1
48
1.0
60
0
100
AcDbText
1
774
10
748685.756999191
20
8930163.79499876
30
190.356000074387
40
0.3
41
1.0
50
0.0
51
0.0
7
Standard
11
748685.756999191
21
8930163.79499876
31
190.356000074387
210
0.0
220
0.0
230
1.0
72
0
100
AcDbText
73
0
0
TEXT
5
F7
330
1A
100
AcDbEntity
67
0
8
label
62
1
420
16711680
6
ByLayer
370
-1
48
1.0
60
0
100
AcDbText
1

10
748685.756999191
20
8930164.19499876
30
190.356000074387
40
0.3
41
1.0
50
0.0
51
0.0
7
Standard
11
748685.756999191
21
8930164.19499876
31
190.356000074387
210
0.0
220
0.0
230
1.0
72
0
100
AcDbText
73
0
0
TEXT
5
F8
330
1A
100
AcDbEntity
67
0
8
Length
62
244
420
659967
6
ByLayer
370
-1
48
1.0
60
0
100
AcDbText
1
10.62
10
748685.756999191
20
8930162.65999874
30
190.356000074387
40
0.3
41
1.0
50
0.0
51
0.0
7
Standard
11
748685.756999191
21
8930162.65999874
31
190.356000074387
210
0.0
220
0.0
230
1.0
72
0
100
AcDbText
73
0
0
POINT
5
F9
330
1A
100
AcDbEntity
67
0
8
Hole
62
244
420
659967
6
ByLayer
370
-1
48
1.0
60
0
100
AcDbPoint
10
748687.300999817
20
8930163.36200061
30
190.33600009346
39
0.0
210
0.0
220
0.0
230
1.0
50
360.0
0
LINE
5
FA
330
1A
100
AcDbEntity
67
0
8
Theoretical Hole
62
244
420
659967
6
ByLayer
370
-1
48
1.0
60
0
100
AcDbLine
10
748687.300999817
20
8930163.36200061
30
190.33600009346
11
748687.302684006
21
8930164.97053828
31
179.848641284943
39
0.0
210
0.0
220
0.0
230
1.0
0
TEXT
5
FB
330
1A
100
AcDbEntity
67
0
8
Number
62
244
420
659967
6
ByLayer
370
-1
48
1.0
60
0
100
AcDbText
1
775
10
748687.300999817
20
8930163.74300062
30
190.33600009346
40
0.3
41
1.0
50
0.0
51
0.0
7
Standard
11
748687.300999817
21
8930163.74300062
31
190.33600009346
210
0.0
220
0.0
230
1.0
72
0
100
AcDbText
73
0
0
TEXT
5
FC
330
1A
100
AcDbEntity
67
0
8
label
62
1
420
16711680
6
ByLayer
370
-1
48
1.0
60
0
100
AcDbText
1

10
748687.300999817
20
8930164.14300062
30
190.33600009346
40
0.3
41
1.0
50
0.0
51
0.0
7
Standard
11
748687.300999817
21
8930164.14300062
31
190.33600009346
210
0.0
220
0.0
230
1.0
72
0
100
AcDbText
73
0
0
TEXT
5
FD
330
1A
100
AcDbEntity
67
0
8
Length
62
244
420
659967
6
ByLayer
370
-1
48
1.0
60
0
100
AcDbText
1
10.61
10
748687.300999817
20
8930162.6080006
30
190.33600009346
40
0.3
41
1.0
50
0.0
51
0.0
7
Standard
11
748687.300999817
21
8930162.6080006
31
190.33600009346
210
0.0
220
0.0
230
1.0
72
0
100
AcDbText
73
0
0
POLYLINE
5
10B
330
1A
100
AcDbEntity
67
0
8
Real Hole
62
1
420
16711680
6
ByLayer
370
-1
48
1.0
60
0
100
AcDb3dPolyline
10
0.0
20
0.0
30
0.0
70
8
75
0
210
0.0
220
0.0
230
1.0
0
VERTEX
5
FE
100
AcDbEntity
8
Real Hole
62
1
420
16711680
100
AcDbVertex
100
AcDb3dPolylineVertex
10
748687.300999817
20
8930163.36200061
30
190.33600009346
70
32
0
VERTEX
5
FF
100
AcDbEntity
8
Real Hole
62
1
420
16711680
100
AcDbVertex
100
AcDb3dPolylineVertex
10
748687.289260878
20
8930163.52576725
30
189.349570819378
70
32
0
VERTEX
5
100
100
AcDbEntity
8
Real Hole
62
1
420
16711680
100
AcDbVertex
100
AcDb3dPolylineVertex
10
748687.269371074
20
8930163.69740736
30
188.364611872673
70
32
0
VERTEX
5
101
100
AcDbEntity
8
Real Hole
62
1
420
16711680
100
AcDbVertex
100
AcDb3dPolylineVertex
10
748687.218459022
20
8930163.87613561
30
187.382031568527
70
32
0
VERTEX
5
102
100
AcDbEntity
8
Real Hole
62
1
420
16711680
100
AcDbVertex
100
AcDb3dPolylineVertex
10
748687.152410638
20
8930164.05478331
30
186.400337823868
70
32
0
VERTEX
5
103
100
AcDbEntity
8
Real Hole
62
1
420
16711680
100
AcDbVertex
100
AcDb3dPolylineVertex
10
748687.087439504
20
8930164.23309645
30
185.418511518478
70
32
0
VERTEX
5
104
100
AcDbEntity
8
Real Hole
62
1
420
16711680
100
AcDbVertex
100
AcDb3dPolylineVertex
10
748687.055633527
20
8930164.42817786
30
184.438240179062
70
32
0
VERTEX
5
105
100
AcDbEntity
8
Real Hole
62
1
420
16711680
100
AcDbVertex
100
AcDb3dPolylineVertex
10
748686.993335214
20
8930164.63207391
30
183.461231836319
70
32
0
VERTEX
5
106
100
AcDbEntity
8
Real Hole
62
1
420
16711680
100
AcDbVertex
100
AcDb3dPolylineVertex
10
748686.936619934
20
8930164.84183326
30
182.485125192642
70
32
0
VERTEX
5
107
100
AcDbEntity
8
Real Hole
62
1
420
16711680
100
AcDbVertex
100
AcDb3dPolylineVertex
10
748686.886767801
20
8930165.05157771
30
181.508640893936
70
32
0
VERTEX
5
108
100
AcDbEntity
8
Real Hole
62
1
420
16711680
100
AcDbVertex
100
AcDb3dPolylineVertex
10
748686.833171513
20
8930165.25986889
30
180.532043107986
70
32
0
VERTEX
5
109
100
AcDbEntity
8
Real Hole
62
1
420
16711680
100
AcDbVertex
100
AcDb3dPolylineVertex
10
748686.80893093
20
8930165.36297622
30
180.043390878677
70
32
0
SEQEND
5
10A
100
AcDbEntity
8
Real Hole
0
POINT
5
10C
330
1A
100
AcDbEntity
67
0
8
Hole
62
244
420
659967
6
ByLayer
370
-1
48
1.0
60
0
100
AcDbPoint
10
748688.689000305
20
8930163.43599811
30
190.346000083923
39
0.0
210
0.0
220
0.0
230
1.0
50
360.0
0
LINE
5
10D
330
1A
100
AcDbEntity
67
0
8
Theoretical Hole
62
244
420
659967
6
ByLayer
370
-1
48
1.0
60
0
100
AcDbLine
10
748688.689000305
20
8930163.43599811
30
190.346000083923
11
748688.69064444
21
8930165.00573268
31
179.842651733398
39
0.0
210
0.0
220
0.0
230
1.0
0
TEXT
5
10E
330
1A
100
AcDbEntity
67
0
8
Number
62
244
420
659967
6
ByLayer
370
-1
48
1.0
60
0
100
AcDbText
1
776
10
748688.689000305
20
8930163.81699812
30
190.346000083923
40
0.3
41
1.0
50
0.0
51
0.0
7
Standard
11
748688.689000305
21
8930163.81699812
31
190.346000083923
210
0.0
220
0.0
230
1.0
72
0
100
AcDbText
73
0
0
TEXT
5
10F
330
1A
100
AcDbEntity
67
0
8
label
62
1
420
16711680
6
ByLayer
370
-1
48
1.0
60
0
100
AcDbText
1

10
748688.689000305
20
8930164.21699812
30
190.346000083923
40
0.3
41
1.0
50
0.0
51
0.0
7
Standard
11
748688.689000305
21
8930164.21699812
31
190.346000083923
210
0.0
220
0.0
230
1.0
72
0
100
AcDbText
73
0
0
TEXT
5
110
330
1A
100
AcDbEntity
67
0
8
Length
62
244
420
659967
6
ByLayer
370
-1
48
1.0
60
0
100
AcDbText
1
10.62
10
748688.689000305
20
8930162.6819981
30
190.346000083923
40
0.3
41
1.0
50
0.0
51
0.0
7
Standard
11
748688.689000305
21
8930162.6819981
31
190.346000083923
210
0.0
220
0.0
230
1.0
72
0
100
AcDbText
73
0
0
POLYLINE
5
11E
330
1A
100
AcDbEntity
67
0
8
Real Hole
62
1
420
16711680
6
ByLayer
370
-1
48
1.0
60
0
100
AcDb3dPolyline
10
0.0
20
0.0
30
0.0
70
8
75
0
210
0.0
220
0.0
230
1.0
0
VERTEX
5
111
100
AcDbEntity
8
Real Hole
62
1
420
16711680
100
AcDbVertex
100
AcDb3dPolylineVertex
10
748688.689000305
20
8930163.43599811
30
190.346000083923
70
32
0
VERTEX
5
112
100
AcDbEntity
8
Real Hole
62
1
420
16711680
100
AcDbVertex
100
AcDb3dPolylineVertex
10
748688.675730628
20
8930163.61206817
30
189.361711868286
70
32
0
VERTEX
5
113
100
AcDbEntity
8
Real Hole
62
1
420
16711680
100
AcDbVertex
100
AcDb3dPolylineVertex
10
748688.656816427
20
8930163.79763075
30
188.379261502266
70
32
0
VERTEX
5
114
100
AcDbEntity
8
Real Hole
62
1
420
16711680
100
AcDbVertex
100
AcDb3dPolylineVertex
10
748688.619417314
20
8930163.93938109
30
187.390065797806
70
32
0
VERTEX
5
115
100
AcDbEntity
8
Real Hole
62
1
420
16711680
100
AcDbVertex
100
AcDb3dPolylineVertex
10
748688.582795274
20
8930164.09430334
30
186.402818092346
70
32
0
VERTEX
5
116
100
AcDbEntity
8
Real Hole
62
1
420
16711680
100
AcDbVertex
100
AcDb3dPolylineVertex
10
748688.526287821
20
8930164.22544917
30
185.413066753387
70
32
0
VERTEX
5
117
100
AcDbEntity
8
Real Hole
62
1
420
16711680
100
AcDbVertex
100
AcDb3dPolylineVertex
10
748688.492907491
20
8930164.39480766
30
184.428077587128
70
32
0
VERTEX
5
118
100
AcDbEntity
8
Real Hole
62
1
420
16711680
100
AcDbVertex
100
AcDb3dPolylineVertex
10
748688.436985191
20
8930164.52751723
30
183.438501724243
70
32
0
VERTEX
5
119
100
AcDbEntity
8
Real Hole
62
1
420
16711680
100
AcDbVertex
100
AcDb3dPolylineVertex
10
748688.376719084
20
8930164.65296498
30
182.448233493805
70
32
0
VERTEX
5
11A
100
AcDbEntity
8
Real Hole
62
1
420
16711680
100
AcDbVertex
100
AcDb3dPolylineVertex
10
748688.325591501
20
8930164.79458943
30
181.45963419342
70
32
0
VERTEX
5
11B
100
AcDbEntity
8
Real Hole
62
1
420
16711680
100
AcDbVertex
100
AcDb3dPolylineVertex
10
748688.289618846
20
8930164.94523695
30
180.471701034546
70
32
0
VERTEX
5
11C
100
AcDbEntity
8
Real Hole
62
1
420
16711680
100
AcDbVertex
100
AcDb3dPolylineVertex
10
748688.285889712
20
8930164.95998516
30
180.372865089417
70
32
0
SEQEND
5
11D
100
AcDbEntity
8
Real Hole
0
POINT
5
11F
330
1A
100
AcDbEntity
67
0
8
Hole
62
244
420
659967
6
ByLayer
370
-1
48
1.0
60
0
100
AcDbPoint
10
748690.272000488
20
8930163.39199939
30
190.350000032425
39
0.0
210
0.0
220
0.0
230
1.0
50
360.0
0
LINE
5
120
330
1A
100
AcDbEntity
67
0
8
Theoretical Hole
62
244
420
659967
6
ByLayer
370
-1
48
1.0
60
0
100
AcDbLine
10
748690.272000488
20
8930163.39199939
30
190.350000032425
11
748690.273602661
21
8930164.92217365
31
179.86102665329
39
0.0
210
0.0
220
0.0
230
1.0
0
TEXT
5
121
330
1A
100
AcDbEntity
67
0
8
Number
62
244
420
659967
6
ByLayer
370
-1
48
1.0
60
0
100
AcDbText
1
777
10
748690.272000488
20
8930163.7729994
30
190.350000032425
40
0.3
41
1.0
50
0.0
51
0.0
7
Standard
11
748690.272000488
21
8930163.7729994
31
190.350000032425
210
0.0
220
0.0
230
1.0
72
0
100
AcDbText
73
0
0
TEXT
5
122
330
1A
100
AcDbEntity
67
0
8
label
62
1
420
16711680
6
ByLayer
370
-1
48
1.0
60
0
100
AcDbText
1

10
748690.272000488
20
8930164.1729994
30
190.350000032425
40
0.3
41
1.0
50
0.0
51
0.0
7
Standard
11
748690.272000488
21
8930164.1729994
31
190.350000032425
210
0.0
220
0.0
230
1.0
72
0
100
AcDbText
73
0
0
TEXT
5
123
330
1A
100
AcDbEntity
67
0
8
Length
62
244
420
659967
6
ByLayer
370
-1
48
1.0
60
0
100
AcDbText
1
10.60
10
748690.272000488
20
8930162.63799938
30
190.350000032425
40
0.3
41
1.0
50
0.0
51
0.0
7
Standard
11
748690.272000488
21
8930162.63799938
31
190.350000032425
210
0.0
220
0.0
230
1.0
72
0
100
AcDbText
73
0
0
POLYLINE
5
131
330
1A
100
AcDbEntity
67
0
8
Real Hole
62
1
420
16711680
6
ByLayer
370
-1
48
1.0
60
0
100
AcDb3dPolyline
10
0.0
20
0.0
30
0.0
70
8
75
0
210
0.0
220
0.0
230
1.0
0
VERTEX
5
124
100
AcDbEntity
8
Real Hole
62
1
420
16711680
100
AcDbVertex
100
AcDb3dPolylineVertex
10
748690.272000488
20
8930163.39199939
30
190.350000032425
70
32
0
VERTEX
5
125
100
AcDbEntity
8
Real Hole
62
1
420
16711680
100
AcDbVertex
100
AcDb3dPolylineVertex
10
748690.225785908
20
8930163.52675092
30
189.360198923588
70
32
0
VERTEX
5
126
100
AcDbEntity
8
Real Hole
62
1
420
16711680
100
AcDbVertex
100
AcDb3dPolylineVertex
10
748690.190927927
20
8930163.66202348
30
188.370003828049
70
32
0
VERTEX
5
127
100
AcDbEntity
8
Real Hole
62
1
420
16711680
100
AcDbVertex
100
AcDb3dPolylineVertex
10
748690.135001134
20
8930163.81419199
30
187.383232959747
70
32
0
VERTEX
5
128
100
AcDbEntity
8
Real Hole
62
1
420
16711680
100
AcDbVertex
100
AcDb3dPolylineVertex
10
748690.063589435
20
8930163.97811451
30
186.399347909927
70
32
0
VERTEX
5
129
100
AcDbEntity
8
Real Hole
62
1
420
16711680
100
AcDbVertex
100
AcDb3dPolylineVertex
10
748689.980916169
20
8930164.12905785
30
185.414268621445
70
32
0
VERTEX
5
12A
100
AcDbEntity
8
Real Hole
62
1
420
16711680
100
AcDbVertex
100
AcDb3dPolylineVertex
10
748689.931976047
20
8930164.27200028
30
184.425748476028
70
32
0
VERTEX
5
12B
100
AcDbEntity
8
Real Hole
62
1
420
16711680
100
AcDbVertex
100
AcDb3dPolylineVertex
10
748689.870825883
20
8930164.40921691
30
183.437096723557
70
32
0
VERTEX
5
12C
100
AcDbEntity
8
Real Hole
62
1
420
16711680
100
AcDbVertex
100
AcDb3dPolylineVertex
10
748689.81325337
20
8930164.56939378
30
182.451688417435
70
32
0
VERTEX
5
12D
100
AcDbEntity
8
Real Hole
62
1
420
16711680
100
AcDbVertex
100
AcDb3dPolylineVertex
10
748689.75188249
20
8930164.7409847
30
181.468433984756
70
32
0
VERTEX
5
12E
100
AcDbEntity
8
Real Hole
62
1
420
16711680
100
AcDbVertex
100
AcDb3dPolylineVertex
10
748689.688605424
20
8930164.89658346
30
180.482641824722
70
32
0
VERTEX
5
12F
100
AcDbEntity
8
Real Hole
62
1
420
16711680
100
AcDbVertex
100
AcDb3dPolylineVertex
10
748689.681474384
20
8930164.91273644
30
180.384213098526
70
32
0
SEQEND
5
130
100
AcDbEntity
8
Real Hole
0
POINT
5
132
330
1A
100
AcDbEntity
67
0
8
Hole
62
244
420
659967
6
ByLayer
370
-1
48
1.0
60
0
100
AcDbPoint
10
748691.779000458
20
8930163.36000171
30
190.350999959946
39
0.0
210
0.0
220
0.0
230
1.0
50
360.0
0
LINE
5
133
330
1A
100
AcDbEntity
67
0
8
Theoretical Hole
62
244
420
659967
6
ByLayer
370
-1
48
1.0
60
0
100
AcDbLine
10
748691.779000458
20
8930163.36000171
30
190.350999959946
11
748691.794554886
21
8930164.82094875
31
179.862268814087
39
0.0
210
0.0
220
0.0
230
1.0
0
TEXT
5
134
330
1A
100
AcDbEntity
67
0
8
Number
62
244
420
659967
6
ByLayer
370
-1
48
1.0
60
0
100
AcDbText
1
778
10
748691.779000458
20
8930163.74100172
30
190.350999959946
40
0.3
41
1.0
50
0.0
51
0.0
7
Standard
11
748691.779000458
21
8930163.74100172
31
190.350999959946
210
0.0
220
0.0
230
1.0
72
0
100
AcDbText
73
0
0
TEXT
5
135
330
1A
100
AcDbEntity
67
0
8
label
62
1
420
16711680
6
ByLayer
370
-1
48
1.0
60
0
100
AcDbText
1

10
748691.779000458
20
8930164.14100172
30
190.350999959946
40
0.3
41
1.0
50
0.0
51
0.0
7
Standard
11
748691.779000458
21
8930164.14100172
31
190.350999959946
210
0.0
220
0.0
230
1.0
72
0
100
AcDbText
73
0
0
TEXT
5
136
330
1A
100
AcDbEntity
67
0
8
Length
62
244
420
659967
6
ByLayer
370
-1
48
1.0
60
0
100
AcDbText
1
10.59
10
748691.779000458
20
8930162.6060017
30
190.350999959946
40
0.3
41
1.0
50
0.0
51
0.0
7
Standard
11
748691.779000458
21
8930162.6060017
31
190.350999959946
210
0.0
220
0.0
230
1.0
72
0
100
AcDbText
73
0
0
POLYLINE
5
143
330
1A
100
AcDbEntity
67
0
8
Real Hole
62
1
420
16711680
6
ByLayer
370
-1
48
1.0
60
0
100
AcDb3dPolyline
10
0.0
20
0.0
30
0.0
70
8
75
0
210
0.0
220
0.0
230
1.0
0
VERTEX
5
137
100
AcDbEntity
8
Real Hole
62
1
420
16711680
100
AcDbVertex
100
AcDb3dPolylineVertex
10
748691.779000458
20
8930163.36000171
30
190.350999959946
70
32
0
VERTEX
5
138
100
AcDbEntity
8
Real Hole
62
1
420
16711680
100
AcDbVertex
100
AcDb3dPolylineVertex
10
748691.801020135
20
8930163.56880371
30
189.373289951324
70
32
0
VERTEX
5
139
100
AcDbEntity
8
Real Hole
62
1
420
16711680
100
AcDbVertex
100
AcDb3dPolylineVertex
10
748691.812110894
20
8930163.78256964
30
188.39646805191
70
32
0
VERTEX
5
13A
100
AcDbEntity
8
Real Hole
62
1
420
16711680
100
AcDbVertex
100
AcDb3dPolylineVertex
10
748691.776090389
20
8930163.98664382
30
187.4181755867
70
32
0
VERTEX
5
13B
100
AcDbEntity
8
Real Hole
62
1
420
16711680
100
AcDbVertex
100
AcDb3dPolylineVertex
10
748691.714969863
20
8930164.19498458
30
186.442030796051
70
32
0
VERTEX
5
13C
100
AcDbEntity
8
Real Hole
62
1
420
16711680
100
AcDbVertex
100
AcDb3dPolylineVertex
10
748691.656476368
20
8930164.3816376
30
185.461347707748
70
32
0
VERTEX
5
13D
100
AcDbEntity
8
Real Hole
62
1
420
16711680
100
AcDbVertex
100
AcDb3dPolylineVertex
10
748691.620418769
20
8930164.59280517
30
184.484563001633
70
32
0
VERTEX
5
13E
100
AcDbEntity
8
Real Hole
62
1
420
16711680
100
AcDbVertex
100
AcDb3dPolylineVertex
10
748691.578708109
20
8930164.80501404
30
183.508229383469
70
32
0
VERTEX
5
13F
100
AcDbEntity
8
Real Hole
62
1
420
16711680
100
AcDbVertex
100
AcDb3dPolylineVertex
10
748691.521663633
20
8930164.99265173
30
182.527649053574
70
32
0
VERTEX
5
140
100
AcDbEntity
8
Real Hole
62
1
420
16711680
100
AcDbVertex
100
AcDb3dPolylineVertex
10
748691.465600696
20
8930165.18842426
30
181.548603185654
70
32
0
VERTEX
5
141
100
AcDbEntity
8
Real Hole
62
1
420
16711680
100
AcDbVertex
100
AcDb3dPolylineVertex
10
748691.43533459
20
8930165.41081538
30
180.574115880966
70
32
0
SEQEND
5
142
100
AcDbEntity
8
Real Hole
0
POINT
5
144
330
1A
100
AcDbEntity
67
0
8
Hole
62
244
420
659967
6
ByLayer
370
-1
48
1.0
60
0
100
AcDbPoint
10
748693.185000595
20
8930163.34399905
30
190.376000055313
39
0.0
210
0.0
220
0.0
230
1.0
50
360.0
0
LINE
5
145
330
1A
100
AcDbEntity
67
0
8
Theoretical Hole
62
244
420
659967
6
ByLayer
370
-1
48
1.0
60
0
100
AcDbLine
10
748693.185000595
20
8930163.34399905
30
190.376000055313
11
748693.216136154
21
8930164.748418
31
179.88967407608
39
0.0
210
0.0
220
0.0
230
1.0
0
TEXT
5
146
330
1A
100
AcDbEntity
67
0
8
Number
62
244
420
659967
6
ByLayer
370
-1
48
1.0
60
0
100
AcDbText
1
779
10
748693.185000595
20
8930163.72499907
30
190.376000055313
40
0.3
41
1.0
50
0.0
51
0.0
7
Standard
11
748693.185000595
21
8930163.72499907
31
190.376000055313
210
0.0
220
0.0
230
1.0
72
0
100
AcDbText
73
0
0
TEXT
5
147
330
1A
100
AcDbEntity
67
0
8
label
62
1
420
16711680
6
ByLayer
370
-1
48
1.0
60
0
100
AcDbText
1

10
748693.185000595
20
8930164.12499907
30
190.376000055313
40
0.3
41
1.0
50
0.0
51
0.0
7
Standard
11
748693.185000595
21
8930164.12499907
31
190.376000055313
210
0.0
220
0.0
230
1.0
72
0
100
AcDbText
73
0
0
TEXT
5
148
330
1A
100
AcDbEntity
67
0
8
Length
62
244
420
659967
6
ByLayer
370
-1
48
1.0
60
0
100
AcDbText
1
10.58
10
748693.185000595
20
8930162.58999905
30
190.376000055313
40
0.3
41
1.0
50
0.0
51
0.0
7
Standard
11
748693.185000595
21
8930162.58999905
31
190.376000055313
210
0.0
220
0.0
230
1.0
72
0
100
AcDbText
73
0
0
POLYLINE
5
156
330
1A
100
AcDbEntity
67
0
8
Real Hole
62
1
420
16711680
6
ByLayer
370
-1
48
1.0
60
0
100
AcDb3dPolyline
10
0.0
20
0.0
30
0.0
70
8
75
0
210
0.0
220
0.0
230
1.0
0
VERTEX
5
149
100
AcDbEntity
8
Real Hole
62
1
420
16711680
100
AcDbVertex
100
AcDb3dPolylineVertex
10
748693.185000595
20
8930163.34399905
30
190.376000055313
70
32
0
VERTEX
5
14A
100
AcDbEntity
8
Real Hole
62
1
420
16711680
100
AcDbVertex
100
AcDb3dPolylineVertex
10
748693.20747618
20
8930163.48292112
30
189.385951825619
70
32
0
VERTEX
5
14B
100
AcDbEntity
8
Real Hole
62
1
420
16711680
100
AcDbVertex
100
AcDb3dPolylineVertex
10
748693.233322293
20
8930163.63055625
30
188.397247680664
70
32
0
VERTEX
5
14C
100
AcDbEntity
8
Real Hole
62
1
420
16711680
100
AcDbVertex
100
AcDb3dPolylineVertex
10
748693.225368243
20
8930163.77417424
30
187.40764654541
70
32
0
VERTEX
5
14D
100
AcDbEntity
8
Real Hole
62
1
420
16711680
100
AcDbVertex
100
AcDb3dPolylineVertex
10
748693.200140048
20
8930163.91244724
30
186.417573579788
70
32
0
VERTEX
5
14E
100
AcDbEntity
8
Real Hole
62
1
420
16711680
100
AcDbVertex
100
AcDb3dPolylineVertex
10
748693.192519429
20
8930164.03425172
30
185.425048955917
70
32
0
VERTEX
5
14F
100
AcDbEntity
8
Real Hole
62
1
420
16711680
100
AcDbVertex
100
AcDb3dPolylineVertex
10
748693.194861096
20
8930164.1867021
30
184.436740526199
70
32
0
VERTEX
5
150
100
AcDbEntity
8
Real Hole
62
1
420
16711680
100
AcDbVertex
100
AcDb3dPolylineVertex
10
748693.176384694
20
8930164.32499203
30
183.446520933151
70
32
0
VERTEX
5
151
100
AcDbEntity
8
Real Hole
62
1
420
16711680
100
AcDbVertex
100
AcDb3dPolylineVertex
10
748693.163663593
20
8930164.45906785
30
182.455631383896
70
32
0
VERTEX
5
152
100
AcDbEntity
8
Real Hole
62
1
420
16711680
100
AcDbVertex
100
AcDb3dPolylineVertex
10
748693.167647086
20
8930164.60440567
30
181.466257699966
70
32
0
VERTEX
5
153
100
AcDbEntity
8
Real Hole
62
1
420
16711680
100
AcDbVertex
100
AcDb3dPolylineVertex
10
748693.171309966
20
8930164.75216964
30
180.477242120743
70
32
0
VERTEX
5
154
100
AcDbEntity
8
Real Hole
62
1
420
16711680
100
AcDbVertex
100
AcDb3dPolylineVertex
10
748693.166910842
20
8930164.86122301
30
179.785802492142
70
32
0
SEQEND
5
155
100
AcDbEntity
8
Real Hole
0
POINT
5
157
330
1A
100
AcDbEntity
67
0
8
Hole
62
244
420
659967
6
ByLayer
370
-1
48
1.0
60
0
100
AcDbPoint
10
748694.763999161
20
8930163.40200153
30
190.399999984741
39
0.0
210
0.0
220
0.0
230
1.0
50
360.0
0
LINE
5
158
330
1A
100
AcDbEntity
67
0
8
Theoretical Hole
62
244
420
659967
6
ByLayer
370
-1
48
1.0
60
0
100
AcDbLine
10
748694.763999161
20
8930163.40200153
30
190.399999984741
11
748694.794310745
21
8930164.76927676
31
179.898679145813
39
0.0
210
0.0
220
0.0
230
1.0
0
TEXT
5
159
330
1A
100
AcDbEntity
67
0
8
Number
62
244
420
659967
6
ByLayer
370
-1
48
1.0
60
0
100
AcDbText
1
780
10
748694.763999161
20
8930163.78300154
30
190.399999984741
40
0.3
41
1.0
50
0.0
51
0.0
7
Standard
11
748694.763999161
21
8930163.78300154
31
190.399999984741
210
0.0
220
0.0
230
1.0
72
0
100
AcDbText
73
0
0
TEXT
5
15A
330
1A
100
AcDbEntity
67
0
8
label
62
1
420
16711680
6
ByLayer
370
-1
48
1.0
60
0
100
AcDbText
1

10
748694.763999161
20
8930164.18300154
30
190.399999984741
40
0.3
41
1.0
50
0.0
51
0.0
7
Standard
11
748694.763999161
21
8930164.18300154
31
190.399999984741
210
0.0
220
0.0
230
1.0
72
0
100
AcDbText
73
0
0
TEXT
5
15B
330
1A
100
AcDbEntity
67
0
8
Length
62
244
420
659967
6
ByLayer
370
-1
48
1.0
60
0
100
AcDbText
1
10.59
10
748694.763999161
20
8930162.64800152
30
190.399999984741
40
0.3
41
1.0
50
0.0
51
0.0
7
Standard
11
748694.763999161
21
8930162.64800152
31
190.399999984741
210
0.0
220
0.0
230
1.0
72
0
100
AcDbText
73
0
0
POLYLINE
5
169
330
1A
100
AcDbEntity
67
0
8
Real Hole
62
1
420
16711680
6
ByLayer
370
-1
48
1.0
60
0
100
AcDb3dPolyline
10
0.0
20
0.0
30
0.0
70
8
75
0
210
0.0
220
0.0
230
1.0
0
VERTEX
5
15C
100
AcDbEntity
8
Real Hole
62
1
420
16711680
100
AcDbVertex
100
AcDb3dPolylineVertex
10
748694.763999161
20
8930163.40200153
30
190.399999984741
70
32
0
VERTEX
5
15D
100
AcDbEntity
8
Real Hole
62
1
420
16711680
100
AcDbVertex
100
AcDb3dPolylineVertex
10
748694.805540037
20
8930163.52409687
30
189.40835131073
70
32
0
VERTEX
5
15E
100
AcDbEntity
8
Real Hole
62
1
420
16711680
100
AcDbVertex
100
AcDb3dPolylineVertex
10
748694.811933205
20
8930163.65342685
30
188.416770347595
70
32
0
VERTEX
5
15F
100
AcDbEntity
8
Real Hole
62
1
420
16711680
100
AcDbVertex
100
AcDb3dPolylineVertex
10
748694.814592585
20
8930163.78825155
30
187.425904401779
70
32
0
VERTEX
5
160
100
AcDbEntity
8
Real Hole
62
1
420
16711680
100
AcDbVertex
100
AcDb3dPolylineVertex
10
748694.812082243
20
8930163.89170804
30
186.431273588181
70
32
0
VERTEX
5
161
100
AcDbEntity
8
Real Hole
62
1
420
16711680
100
AcDbVertex
100
AcDb3dPolylineVertex
10
748694.828632836
20
8930164.01541957
30
185.439093479156
70
32
0
VERTEX
5
162
100
AcDbEntity
8
Real Hole
62
1
420
16711680
100
AcDbVertex
100
AcDb3dPolylineVertex
10
748694.827233773
20
8930164.15855988
30
184.449392208099
70
32
0
VERTEX
5
163
100
AcDbEntity
8
Real Hole
62
1
420
16711680
100
AcDbVertex
100
AcDb3dPolylineVertex
10
748694.815004278
20
8930164.29372337
30
183.45864427948
70
32
0
VERTEX
5
164
100
AcDbEntity
8
Real Hole
62
1
420
16711680
100
AcDbVertex
100
AcDb3dPolylineVertex
10
748694.7985611
20
8930164.43244364
30
182.468449005127
70
32
0
VERTEX
5
165
100
AcDbEntity
8
Real Hole
62
1
420
16711680
100
AcDbVertex
100
AcDb3dPolylineVertex
10
748694.790547027
20
8930164.57899847
30
181.479278930664
70
32
0
VERTEX
5
166
100
AcDbEntity
8
Real Hole
62
1
420
16711680
100
AcDbVertex
100
AcDb3dPolylineVertex
10
748694.78364929
20
8930164.72526422
30
180.490057357788
70
32
0
VERTEX
5
167
100
AcDbEntity
8
Real Hole
62
1
420
16711680
100
AcDbVertex
100
AcDb3dPolylineVertex
10
748694.771940117
20
8930164.84709158
30
179.699474700928
70
32
0
SEQEND
5
168
100
AcDbEntity
8
Real Hole
0
POINT
5
16A
330
1A
100
AcDbEntity
67
0
8
Hole
62
244
420
659967
6
ByLayer
370
-1
48
1.0
60
0
100
AcDbPoint
10
748696.27099913
20
8930163.28099933
30
190.395000108719
39
0.0
210
0.0
220
0.0
230
1.0
50
360.0
0
LINE
5
16B
330
1A
100
AcDbEntity
67
0
8
Theoretical Hole
62
244
420
659967
6
ByLayer
370
-1
48
1.0
60
0
100
AcDbLine
10
748696.27099913
20
8930163.28099933
30
190.395000108719
11
748696.300507721
21
8930164.61207118
31
179.92934740448
39
0.0
210
0.0
220
0.0
230
1.0
0
TEXT
5
16C
330
1A
100
AcDbEntity
67
0
8
Number
62
244
420
659967
6
ByLayer
370
-1
48
1.0
60
0
100
AcDbText
1
781
10
748696.27099913
20
8930163.66199934
30
190.395000108719
40
0.3
41
1.0
50
0.0
51
0.0
7
Standard
11
748696.27099913
21
8930163.66199934
31
190.395000108719
210
0.0
220
0.0
230
1.0
72
0
100
AcDbText
73
0
0
TEXT
5
16D
330
1A
100
AcDbEntity
67
0
8
label
62
1
420
16711680
6
ByLayer
370
-1
48
1.0
60
0
100
AcDbText
1

10
748696.27099913
20
8930164.06199934
30
190.395000108719
40
0.3
41
1.0
50
0.0
51
0.0
7
Standard
11
748696.27099913
21
8930164.06199934
31
190.395000108719
210
0.0
220
0.0
230
1.0
72
0
100
AcDbText
73
0
0
TEXT
5
16E
330
1A
100
AcDbEntity
67
0
8
Length
62
244
420
659967
6
ByLayer
370
-1
48
1.0
60
0
100
AcDbText
1
10.55
10
748696.27099913
20
8930162.52699932
30
190.395000108719
40
0.3
41
1.0
50
0.0
51
0.0
7
Standard
11
748696.27099913
21
8930162.52699932
31
190.395000108719
210
0.0
220
0.0
230
1.0
72
0
100
AcDbText
73
0
0
POLYLINE
5
17C
330
1A
100
AcDbEntity
67
0
8
Real Hole
62
1
420
16711680
6
ByLayer
370
-1
48
1.0
60
0
100
AcDb3dPolyline
10
0.0
20
0.0
30
0.0
70
8
75
0
210
0.0
220
0.0
230
1.0
0
VERTEX
5
16F
100
AcDbEntity
8
Real Hole
62
1
420
16711680
100
AcDbVertex
100
AcDb3dPolylineVertex
10
748696.27099913
20
8930163.28099933
30
190.395000108719
70
32
0
VERTEX
5
170
100
AcDbEntity
8
Real Hole
62
1
420
16711680
100
AcDbVertex
100
AcDb3dPolylineVertex
10
748696.23726425
20
8930163.374599
30
189.399961897373
70
32
0
VERTEX
5
171
100
AcDbEntity
8
Real Hole
62
1
420
16711680
100
AcDbVertex
100
AcDb3dPolylineVertex
10
748696.224708517
20
8930163.50451989
30
188.408517011642
70
32
0
VERTEX
5
172
100
AcDbEntity
8
Real Hole
62
1
420
16711680
100
AcDbVertex
100
AcDb3dPolylineVertex
10
748696.225065466
20
8930163.65060246
30
187.419244655609
70
32
0
VERTEX
5
173
100
AcDbEntity
8
Real Hole
62
1
420
16711680
100
AcDbVertex
100
AcDb3dPolylineVertex
10
748696.198330764
20
8930163.79456952
30
186.430023321152
70
32
0
VERTEX
5
174
100
AcDbEntity
8
Real Hole
62
1
420
16711680
100
AcDbVertex
100
AcDb3dPolylineVertex
10
748696.198560384
20
8930163.92613366
30
185.438715585709
70
32
0
VERTEX
5
175
100
AcDbEntity
8
Real Hole
62
1
420
16711680
100
AcDbVertex
100
AcDb3dPolylineVertex
10
748696.205375154
20
8930164.06254366
30
184.448086866379
70
32
0
VERTEX
5
176
100
AcDbEntity
8
Real Hole
62
1
420
16711680
100
AcDbVertex
100
AcDb3dPolylineVertex
10
748696.197134387
20
8930164.16047528
30
183.452927717209
70
32
0
VERTEX
5
177
100
AcDbEntity
8
Real Hole
62
1
420
16711680
100
AcDbVertex
100
AcDb3dPolylineVertex
10
748696.20725758
20
8930164.26939323
30
182.458928712845
70
32
0
VERTEX
5
178
100
AcDbEntity
8
Real Hole
62
1
420
16711680
100
AcDbVertex
100
AcDb3dPolylineVertex
10
748696.208320778
20
8930164.4018183
30
181.467735895157
70
32
0
VERTEX
5
179
100
AcDbEntity
8
Real Hole
62
1
420
16711680
100
AcDbVertex
100
AcDb3dPolylineVertex
10
748696.223544885
20
8930164.53319552
30
180.476520189285
70
32
0
VERTEX
5
17A
100
AcDbEntity
8
Real Hole
62
1
420
16711680
100
AcDbVertex
100
AcDb3dPolylineVertex
10
748696.232731503
20
8930164.6245878
30
179.782573350906
70
32
0
SEQEND
5
17B
100
AcDbEntity
8
Real Hole
0
POINT
5
17D
330
1A
100
AcDbEntity
67
0
8
Hole
62
244
420
659967
6
ByLayer
370
-1
48
1.0
60
0
100
AcDbPoint
10
748697.867999252
20
8930163.27599826
30
190.324000009537
39
0.0
210
0.0
220
0.0
230
1.0
50
360.0
0
LINE
5
17E
330
1A
100
AcDbEntity
67
0
8
Theoretical Hole
62
244
420
659967
6
ByLayer
370
-1
48
1.0
60
0
100
AcDbLine
10
748697.867999252
20
8930163.27599826
30
190.324000009537
11
748697.896695312
21
8930164.5704433
31
179.914211162567
39
0.0
210
0.0
220
0.0
230
1.0
0
TEXT
5
17F
330
1A
100
AcDbEntity
67
0
8
Number
62
244
420
659967
6
ByLayer
370
-1
48
1.0
60
0
100
AcDbText
1
782
10
748697.867999252
20
8930163.65699827
30
190.324000009537
40
0.3
41
1.0
50
0.0
51
0.0
7
Standard
11
748697.867999252
21
8930163.65699827
31
190.324000009537
210
0.0
220
0.0
230
1.0
72
0
100
AcDbText
73
0
0
TEXT
5
180
330
1A
100
AcDbEntity
67
0
8
label
62
1
420
16711680
6
ByLayer
370
-1
48
1.0
60
0
100
AcDbText
1

10
748697.867999252
20
8930164.05699827
30
190.324000009537
40
0.3
41
1.0
50
0.0
51
0.0
7
Standard
11
748697.867999252
21
8930164.05699827
31
190.324000009537
210
0.0
220
0.0
230
1.0
72
0
100
AcDbText
73
0
0
TEXT
5
181
330
1A
100
AcDbEntity
67
0
8
Length
62
244
420
659967
6
ByLayer
370
-1
48
1.0
60
0
100
AcDbText
1
10.49
10
748697.867999252
20
8930162.52199825
30
190.324000009537
40
0.3
41
1.0
50
0.0
51
0.0
7
Standard
11
748697.867999252
21
8930162.52199825
31
190.324000009537
210
0.0
220
0.0
230
1.0
72
0
100
AcDbText
73
0
0
POLYLINE
5
18F
330
1A
100
AcDbEntity
67
0
8
Real Hole
62
1
420
16711680
6
ByLayer
370
-1
48
1.0
60
0
100
AcDb3dPolyline
10
0.0
20
0.0
30
0.0
70
8
75
0
210
0.0
220
0.0
230
1.0
0
VERTEX
5
182
100
AcDbEntity
8
Real Hole
62
1
420
16711680
100
AcDbVertex
100
AcDb3dPolylineVertex
10
748697.867999252
20
8930163.27599826
30
190.324000009537
70
32
0
VERTEX
5
183
100
AcDbEntity
8
Real Hole
62
1
420
16711680
100
AcDbVertex
100
AcDb3dPolylineVertex
10
748697.825913359
20
8930163.33487001
30
189.32662201786
70
32
0
VERTEX
5
184
100
AcDbEntity
8
Real Hole
62
1
420
16711680
100
AcDbVertex
100
AcDb3dPolylineVertex
10
748697.807311077
20
8930163.42446077
30
188.330817111969
70
32
0
VERTEX
5
185
100
AcDbEntity
8
Real Hole
62
1
420
16711680
100
AcDbVertex
100
AcDb3dPolylineVertex
10
748697.782967065
20
8930163.54740703
30
187.338702329636
70
32
0
VERTEX
5
186
100
AcDbEntity
8
Real Hole
62
1
420
16711680
100
AcDbVertex
100
AcDb3dPolylineVertex
10
748697.754729685
20
8930163.65810597
30
186.345249542236
70
32
0
VERTEX
5
187
100
AcDbEntity
8
Real Hole
62
1
420
16711680
100
AcDbVertex
100
AcDb3dPolylineVertex
10
748697.718786236
20
8930163.74432724
30
185.349622377396
70
32
0
VERTEX
5
188
100
AcDbEntity
8
Real Hole
62
1
420
16711680
100
AcDbVertex
100
AcDb3dPolylineVertex
10
748697.702168253
20
8930163.86138418
30
184.356636175156
70
32
0
VERTEX
5
189
100
AcDbEntity
8
Real Hole
62
1
420
16711680
100
AcDbVertex
100
AcDb3dPolylineVertex
10
748697.668592509
20
8930163.95651564
30
183.361737855911
70
32
0
VERTEX
5
18A
100
AcDbEntity
8
Real Hole
62
1
420
16711680
100
AcDbVertex
100
AcDb3dPolylineVertex
10
748697.648831349
20
8930164.07009312
30
182.368404993057
70
32
0
VERTEX
5
18B
100
AcDbEntity
8
Real Hole
62
1
420
16711680
100
AcDbVertex
100
AcDb3dPolylineVertex
10
748697.640005228
20
8930164.18886277
30
181.375522264481
70
32
0
VERTEX
5
18C
100
AcDbEntity
8
Real Hole
62
1
420
16711680
100
AcDbVertex
100
AcDb3dPolylineVertex
10
748697.643720176
20
8930164.2947146
30
180.381147989273
70
32
0
VERTEX
5
18D
100
AcDbEntity
8
Real Hole
62
1
420
16711680
100
AcDbVertex
100
AcDb3dPolylineVertex
10
748697.644036796
20
8930164.36190751
30
179.784922250748
70
32
0
SEQEND
5
18E
100
AcDbEntity
8
Real Hole
0
POINT
5
190
330
1A
100
AcDbEntity
67
0
8
Hole
62
244
420
659967
6
ByLayer
370
-1
48
1.0
60
0
100
AcDbPoint
10
748699.39199942
20
8930163.22200122
30
190.215999969482
39
0.0
210
0.0
220
0.0
230
1.0
50
360.0
0
LINE
5
191
330
1A
100
AcDbEntity
67
0
8
Theoretical Hole
62
244
420
659967
6
ByLayer
370
-1
48
1.0
60
0
100
AcDbLine
10
748699.39199942
20
8930163.22200122
30
190.215999969482
11
748699.461960968
21
8930164.47727504
31
179.902343639374
39
0.0
210
0.0
220
0.0
230
1.0
0
TEXT
5
192
330
1A
100
AcDbEntity
67
0
8
Number
62
244
420
659967
6
ByLayer
370
-1
48
1.0
60
0
100
AcDbText
1
783
10
748699.39199942
20
8930163.60300123
30
190.215999969482
40
0.3
41
1.0
50
0.0
51
0.0
7
Standard
11
748699.39199942
21
8930163.60300123
31
190.215999969482
210
0.0
220
0.0
230
1.0
72
0
100
AcDbText
73
0
0
TEXT
5
193
330
1A
100
AcDbEntity
67
0
8
label
62
1
420
16711680
6
ByLayer
370
-1
48
1.0
60
0
100
AcDbText
1

10
748699.39199942
20
8930164.00300123
30
190.215999969482
40
0.3
41
1.0
50
0.0
51
0.0
7
Standard
11
748699.39199942
21
8930164.00300123
31
190.215999969482
210
0.0
220
0.0
230
1.0
72
0
100
AcDbText
73
0
0
TEXT
5
194
330
1A
100
AcDbEntity
67
0
8
Length
62
244
420
659967
6
ByLayer
370
-1
48
1.0
60
0
100
AcDbText
1
10.39
10
748699.39199942
20
8930162.46800121
30
190.215999969482
40
0.3
41
1.0
50
0.0
51
0.0
7
Standard
11
748699.39199942
21
8930162.46800121
31
190.215999969482
210
0.0
220
0.0
230
1.0
72
0
100
AcDbText
73
0
0
POINT
5
195
330
1A
100
AcDbEntity
67
0
8
Hole
62
244
420
659967
6
ByLayer
370
-1
48
1.0
60
0
100
AcDbPoint
10
748700.780999359
20
8930163.11800113
30
190.032999881744
39
0.0
210
0.0
220
0.0
230
1.0
50
360.0
0
LINE
5
196
330
1A
100
AcDbEntity
67
0
8
Theoretical Hole
62
244
420
659967
6
ByLayer
370
-1
48
1.0
60
0
100
AcDbLine
10
748700.780999359
20
8930163.11800113
30
190.032999881744
11
748700.850552734
21
8930164.33908
31
179.896520980835
39
0.0
210
0.0
220
0.0
230
1.0
0
TEXT
5
197
330
1A
100
AcDbEntity
67
0
8
Number
62
244
420
659967
6
ByLayer
370
-1
48
1.0
60
0
100
AcDbText
1
784
10
748700.780999359
20
8930163.49900114
30
190.032999881744
40
0.3
41
1.0
50
0.0
51
0.0
7
Standard
11
748700.780999359
21
8930163.49900114
31
190.032999881744
210
0.0
220
0.0
230
1.0
72
0
100
AcDbText
73
0
0
TEXT
5
198
330
1A
100
AcDbEntity
67
0
8
label
62
1
420
16711680
6
ByLayer
370
-1
48
1.0
60
0
100
AcDbText
1

10
748700.780999359
20
8930163.89900114
30
190.032999881744
40
0.3
41
1.0
50
0.0
51
0.0
7
Standard
11
748700.780999359
21
8930163.89900114
31
190.032999881744
210
0.0
220
0.0
230
1.0
72
0
100
AcDbText
73
0
0
TEXT
5
199
330
1A
100
AcDbEntity
67
0
8
Length
62
244
420
659967
6
ByLayer
370
-1
48
1.0
60
0
100
AcDbText
1
10.21
10
748700.780999359
20
8930162.36400112
30
190.032999881744
40
0.3
41
1.0
50
0.0
51
0.0
7
Standard
11
748700.780999359
21
8930162.36400112
31
190.032999881744
210
0.0
220
0.0
230
1.0
72
0
100
AcDbText
73
0
0
POLYLINE
5
1A7
330
1A
100
AcDbEntity
67
0
8
Real Hole
62
1
420
16711680
6
ByLayer
370
-1
48
1.0
60
0
100
AcDb3dPolyline
10
0.0
20
0.0
30
0.0
70
8
75
0
210
0.0
220
0.0
230
1.0
0
VERTEX
5
19A
100
AcDbEntity
8
Real Hole
62
1
420
16711680
100
AcDbVertex
100
AcDb3dPolylineVertex
10
748700.780999359
20
8930163.11800113
30
190.032999881744
70
32
0
VERTEX
5
19B
100
AcDbEntity
8
Real Hole
62
1
420
16711680
100
AcDbVertex
100
AcDb3dPolylineVertex
10
748700.827590384
20
8930163.25134256
30
189.0430254426
70
32
0
VERTEX
5
19C
100
AcDbEntity
8
Real Hole
62
1
420
16711680
100
AcDbVertex
100
AcDb3dPolylineVertex
10
748700.852672827
20
8930163.39402905
30
188.053575405121
70
32
0
VERTEX
5
19D
100
AcDbEntity
8
Real Hole
62
1
420
16711680
100
AcDbVertex
100
AcDb3dPolylineVertex
10
748700.865808558
20
8930163.52823868
30
187.062709459305
70
32
0
VERTEX
5
19E
100
AcDbEntity
8
Real Hole
62
1
420
16711680
100
AcDbVertex
100
AcDb3dPolylineVertex
10
748700.859706004
20
8930163.65168944
30
186.070377477646
70
32
0
VERTEX
5
19F
100
AcDbEntity
8
Real Hole
62
1
420
16711680
100
AcDbVertex
100
AcDb3dPolylineVertex
10
748700.886193816
20
8930163.79657969
30
185.081284412384
70
32
0
VERTEX
5
1A0
100
AcDbEntity
8
Real Hole
62
1
420
16711680
100
AcDbVertex
100
AcDb3dPolylineVertex
10
748700.911226582
20
8930163.94120285
30
184.092114337921
70
32
0
VERTEX
5
1A1
100
AcDbEntity
8
Real Hole
62
1
420
16711680
100
AcDbVertex
100
AcDb3dPolylineVertex
10
748700.9188728
20
8930164.07341137
30
183.10092199707
70
32
0
VERTEX
5
1A2
100
AcDbEntity
8
Real Hole
62
1
420
16711680
100
AcDbVertex
100
AcDb3dPolylineVertex
10
748700.948192489
20
8930164.21599295
30
182.111573108673
70
32
0
VERTEX
5
1A3
100
AcDbEntity
8
Real Hole
62
1
420
16711680
100
AcDbVertex
100
AcDb3dPolylineVertex
10
748700.972797972
20
8930164.36978188
30
181.123776325226
70
32
0
VERTEX
5
1A4
100
AcDbEntity
8
Real Hole
62
1
420
16711680
100
AcDbVertex
100
AcDb3dPolylineVertex
10
748700.980646771
20
8930164.53808859
30
180.138072856903
70
32
0
VERTEX
5
1A5
100
AcDbEntity
8
Real Hole
62
1
420
16711680
100
AcDbVertex
100
AcDb3dPolylineVertex
10
748700.98203623
20
8930164.55484536
30
180.039496311188
70
32
0
SEQEND
5
1A6
100
AcDbEntity
8
Real Hole
0
POINT
5
1A8
330
1A
100
AcDbEntity
67
0
8
Hole
62
244
420
659967
6
ByLayer
370
-1
48
1.0
60
0
100
AcDbPoint
10
748702.313000854
20
8930163.0039989
30
189.912000068665
39
0.0
210
0.0
220
0.0
230
1.0
50
360.0
0
LINE
5
1A9
330
1A
100
AcDbEntity
67
0
8
Theoretical Hole
62
244
420
659967
6
ByLayer
370
-1
48
1.0
60
0
100
AcDbLine
10
748702.313000854
20
8930163.0039989
30
189.912000068665
11
748702.380440887
21
8930164.18803134
31
179.891939529419
39
0.0
210
0.0
220
0.0
230
1.0
0
TEXT
5
1AA
330
1A
100
AcDbEntity
67
0
8
Number
62
244
420
659967
6
ByLayer
370
-1
48
1.0
60
0
100
AcDbText
1
785
10
748702.313000854
20
8930163.38499891
30
189.912000068665
40
0.3
41
1.0
50
0.0
51
0.0
7
Standard
11
748702.313000854
21
8930163.38499891
31
189.912000068665
210
0.0
220
0.0
230
1.0
72
0
100
AcDbText
73
0
0
TEXT
5
1AB
330
1A
100
AcDbEntity
67
0
8
label
62
1
420
16711680
6
ByLayer
370
-1
48
1.0
60
0
100
AcDbText
1

10
748702.313000854
20
8930163.78499891
30
189.912000068665
40
0.3
41
1.0
50
0.0
51
0.0
7
Standard
11
748702.313000854
21
8930163.78499891
31
189.912000068665
210
0.0
220
0.0
230
1.0
72
0
100
AcDbText
73
0
0
TEXT
5
1AC
330
1A
100
AcDbEntity
67
0
8
Length
62
244
420
659967
6
ByLayer
370
-1
48
1.0
60
0
100
AcDbText
1
10.09
10
748702.313000854
20
8930162.24999889
30
189.912000068665
40
0.3
41
1.0
50
0.0
51
0.0
7
Standard
11
748702.313000854
21
8930162.24999889
31
189.912000068665
210
0.0
220
0.0
230
1.0
72
0
100
AcDbText
73
0
0
POLYLINE
5
1BA
330
1A
100
AcDbEntity
67
0
8
Real Hole
62
1
420
16711680
6
ByLayer
370
-1
48
1.0
60
0
100
AcDb3dPolyline
10
0.0
20
0.0
30
0.0
70
8
75
0
210
0.0
220
0.0
230
1.0
0
VERTEX
5
1AD
100
AcDbEntity
8
Real Hole
62
1
420
16711680
100
AcDbVertex
100
AcDb3dPolylineVertex
10
748702.313000854
20
8930163.0039989
30
189.912000068665
70
32
0
VERTEX
5
1AE
100
AcDbEntity
8
Real Hole
62
1
420
16711680
100
AcDbVertex
100
AcDb3dPolylineVertex
10
748702.345690832
20
8930163.03839882
30
188.91312671566
70
32
0
VERTEX
5
1AF
100
AcDbEntity
8
Real Hole
62
1
420
16711680
100
AcDbVertex
100
AcDb3dPolylineVertex
10
748702.372593239
20
8930163.11136018
30
187.916154870033
70
32
0
VERTEX
5
1B0
100
AcDbEntity
8
Real Hole
62
1
420
16711680
100
AcDbVertex
100
AcDb3dPolylineVertex
10
748702.384828341
20
8930163.21726693
30
186.921854146957
70
32
0
VERTEX
5
1B1
100
AcDbEntity
8
Real Hole
62
1
420
16711680
100
AcDbVertex
100
AcDb3dPolylineVertex
10
748702.378997434
20
8930163.32058948
30
185.927223333359
70
32
0
VERTEX
5
1B2
100
AcDbEntity
8
Real Hole
62
1
420
16711680
100
AcDbVertex
100
AcDb3dPolylineVertex
10
748702.395624403
20
8930163.41498202
30
184.931826957703
70
32
0
VERTEX
5
1B3
100
AcDbEntity
8
Real Hole
62
1
420
16711680
100
AcDbVertex
100
AcDb3dPolylineVertex
10
748702.401825879
20
8930163.52766785
30
183.938215621948
70
32
0
VERTEX
5
1B4
100
AcDbEntity
8
Real Hole
62
1
420
16711680
100
AcDbVertex
100
AcDb3dPolylineVertex
10
748702.400202912
20
8930163.61793825
30
182.942299732208
70
32
0
VERTEX
5
1B5
100
AcDbEntity
8
Real Hole
62
1
420
16711680
100
AcDbVertex
100
AcDb3dPolylineVertex
10
748702.415833589
20
8930163.73058232
30
181.948787101746
70
32
0
VERTEX
5
1B6
100
AcDbEntity
8
Real Hole
62
1
420
16711680
100
AcDbVertex
100
AcDb3dPolylineVertex
10
748702.412270639
20
8930163.84719863
30
180.955616363525
70
32
0
VERTEX
5
1B7
100
AcDbEntity
8
Real Hole
62
1
420
16711680
100
AcDbVertex
100
AcDb3dPolylineVertex
10
748702.429323878
20
8930163.96226599
30
179.962405570984
70
32
0
VERTEX
5
1B8
100
AcDbEntity
8
Real Hole
62
1
420
16711680
100
AcDbVertex
100
AcDb3dPolylineVertex
10
748702.431793865
20
8930163.98759332
30
179.764030822754
70
32
0
SEQEND
5
1B9
100
AcDbEntity
8
Real Hole
0
POINT
5
1BB
330
1A
100
AcDbEntity
67
0
8
Hole
62
244
420
659967
6
ByLayer
370
-1
48
1.0
60
0
100
AcDbPoint
10
748703.925999817
20
8930162.91600147
30
189.748000034332
39
0.0
210
0.0
220
0.0
230
1.0
50
360.0
0
LINE
5
1BC
330
1A
100
AcDbEntity
67
0
8
Theoretical Hole
62
244
420
659967
6
ByLayer
370
-1
48
1.0
60
0
100
AcDbLine
10
748703.925999817
20
8930162.91600147
30
189.748000034332
11
748703.99142569
21
8930164.06466022
31
179.804339775085
39
0.0
210
0.0
220
0.0
230
1.0
0
TEXT
5
1BD
330
1A
100
AcDbEntity
67
0
8
Number
62
244
420
659967
6
ByLayer
370
-1
48
1.0
60
0
100
AcDbText
1
786
10
748703.925999817
20
8930163.29700148
30
189.748000034332
40
0.3
41
1.0
50
0.0
51
0.0
7
Standard
11
748703.925999817
21
8930163.29700148
31
189.748000034332
210
0.0
220
0.0
230
1.0
72
0
100
AcDbText
73
0
0
TEXT
5
1BE
330
1A
100
AcDbEntity
67
0
8
label
62
1
420
16711680
6
ByLayer
370
-1
48
1.0
60
0
100
AcDbText
1

10
748703.925999817
20
8930163.69700148
30
189.748000034332
40
0.3
41
1.0
50
0.0
51
0.0
7
Standard
11
748703.925999817
21
8930163.69700148
31
189.748000034332
210
0.0
220
0.0
230
1.0
72
0
100
AcDbText
73
0
0
TEXT
5
1BF
330
1A
100
AcDbEntity
67
0
8
Length
62
244
420
659967
6
ByLayer
370
-1
48
1.0
60
0
100
AcDbText
1
10.01
10
748703.925999817
20
8930162.16200146
30
189.748000034332
40
0.3
41
1.0
50
0.0
51
0.0
7
Standard
11
748703.925999817
21
8930162.16200146
31
189.748000034332
210
0.0
220
0.0
230
1.0
72
0
100
AcDbText
73
0
0
POLYLINE
5
1CC
330
1A
100
AcDbEntity
67
0
8
Real Hole
62
1
420
16711680
6
ByLayer
370
-1
48
1.0
60
0
100
AcDb3dPolyline
10
0.0
20
0.0
30
0.0
70
8
75
0
210
0.0
220
0.0
230
1.0
0
VERTEX
5
1C0
100
AcDbEntity
8
Real Hole
62
1
420
16711680
100
AcDbVertex
100
AcDb3dPolylineVertex
10
748703.925999817
20
8930162.91600147
30
189.748000034332
70
32
0
VERTEX
5
1C1
100
AcDbEntity
8
Real Hole
62
1
420
16711680
100
AcDbVertex
100
AcDb3dPolylineVertex
10
748703.871571802
20
8930162.97056265
30
188.750974127293
70
32
0
VERTEX
5
1C2
100
AcDbEntity
8
Real Hole
62
1
420
16711680
100
AcDbVertex
100
AcDb3dPolylineVertex
10
748703.817702715
20
8930163.05912691
30
187.756361373901
70
32
0
VERTEX
5
1C3
100
AcDbEntity
8
Real Hole
62
1
420
16711680
100
AcDbVertex
100
AcDb3dPolylineVertex
10
748703.835469578
20
8930163.17004913
30
186.762691148758
70
32
0
VERTEX
5
1C4
100
AcDbEntity
8
Real Hole
62
1
420
16711680
100
AcDbVertex
100
AcDb3dPolylineVertex
10
748703.840265233
20
8930163.26125091
30
185.766870149612
70
32
0
VERTEX
5
1C5
100
AcDbEntity
8
Real Hole
62
1
420
16711680
100
AcDbVertex
100
AcDb3dPolylineVertex
10
748703.862085011
20
8930163.36560532
30
184.772569545746
70
32
0
VERTEX
5
1C6
100
AcDbEntity
8
Real Hole
62
1
420
16711680
100
AcDbVertex
100
AcDb3dPolylineVertex
10
748703.85529792
20
8930163.48225215
30
183.779419311523
70
32
0
VERTEX
5
1C7
100
AcDbEntity
8
Real Hole
62
1
420
16711680
100
AcDbVertex
100
AcDb3dPolylineVertex
10
748703.855811324
20
8930163.56175348
30
182.78258455658
70
32
0
VERTEX
5
1C8
100
AcDbEntity
8
Real Hole
62
1
420
16711680
100
AcDbVertex
100
AcDb3dPolylineVertex
10
748703.866467182
20
8930163.65630576
30
181.78712166214
70
32
0
VERTEX
5
1C9
100
AcDbEntity
8
Real Hole
62
1
420
16711680
100
AcDbVertex
100
AcDb3dPolylineVertex
10
748703.846664403
20
8930163.76212099
30
180.792933353424
70
32
0
VERTEX
5
1CA
100
AcDbEntity
8
Real Hole
62
1
420
16711680
100
AcDbVertex
100
AcDb3dPolylineVertex
10
748703.849474471
20
8930163.82779744
30
180.196545490265
70
32
0
SEQEND
5
1CB
100
AcDbEntity
8
Real Hole
0
POINT
5
1CD
330
1A
100
AcDbEntity
67
0
8
Hole
62
244
420
659967
6
ByLayer
370
-1
48
1.0
60
0
100
AcDbPoint
10
748705.314000305
20
8930162.84800067
30
189.747000106812
39
0.0
210
0.0
220
0.0
230
1.0
50
360.0
0
LINE
5
1CE
330
1A
100
AcDbEntity
67
0
8
Theoretical Hole
62
244
420
659967
6
ByLayer
370
-1
48
1.0
60
0
100
AcDbLine
10
748705.314000305
20
8930162.84800067
30
189.747000106812
11
748705.377335724
21
8930163.95997348
31
179.879660972595
39
0.0
210
0.0
220
0.0
230
1.0
0
TEXT
5
1CF
330
1A
100
AcDbEntity
67
0
8
Number
62
244
420
659967
6
ByLayer
370
-1
48
1.0
60
0
100
AcDbText
1
787
10
748705.314000305
20
8930163.22900068
30
189.747000106812
40
0.3
41
1.0
50
0.0
51
0.0
7
Standard
11
748705.314000305
21
8930163.22900068
31
189.747000106812
210
0.0
220
0.0
230
1.0
72
0
100
AcDbText
73
0
0
TEXT
5
1D0
330
1A
100
AcDbEntity
67
0
8
label
62
1
420
16711680
6
ByLayer
370
-1
48
1.0
60
0
100
AcDbText
1

10
748705.314000305
20
8930163.62900068
30
189.747000106812
40
0.3
41
1.0
50
0.0
51
0.0
7
Standard
11
748705.314000305
21
8930163.62900068
31
189.747000106812
210
0.0
220
0.0
230
1.0
72
0
100
AcDbText
73
0
0
TEXT
5
1D1
330
1A
100
AcDbEntity
67
0
8
Length
62
244
420
659967
6
ByLayer
370
-1
48
1.0
60
0
100
AcDbText
1
9.93
10
748705.314000305
20
8930162.09400066
30
189.747000106812
40
0.3
41
1.0
50
0.0
51
0.0
7
Standard
11
748705.314000305
21
8930162.09400066
31
189.747000106812
210
0.0
220
0.0
230
1.0
72
0
100
AcDbText
73
0
0
POLYLINE
5
1DE
330
1A
100
AcDbEntity
67
0
8
Real Hole
62
1
420
16711680
6
ByLayer
370
-1
48
1.0
60
0
100
AcDb3dPolyline
10
0.0
20
0.0
30
0.0
70
8
75
0
210
0.0
220
0.0
230
1.0
0
VERTEX
5
1D2
100
AcDbEntity
8
Real Hole
62
1
420
16711680
100
AcDbVertex
100
AcDb3dPolylineVertex
10
748705.314000305
20
8930162.84800067
30
189.747000106812
70
32
0
VERTEX
5
1D3
100
AcDbEntity
8
Real Hole
62
1
420
16711680
100
AcDbVertex
100
AcDb3dPolylineVertex
10
748705.350883454
20
8930162.97031787
30
188.75519461298
70
32
0
VERTEX
5
1D4
100
AcDbEntity
8
Real Hole
62
1
420
16711680
100
AcDbVertex
100
AcDb3dPolylineVertex
10
748705.39812002
20
8930163.09625563
30
187.764281758308
70
32
0
VERTEX
5
1D5
100
AcDbEntity
8
Real Hole
62
1
420
16711680
100
AcDbVertex
100
AcDb3dPolylineVertex
10
748705.444638413
20
8930163.21356812
30
186.772276767731
70
32
0
VERTEX
5
1D6
100
AcDbEntity
8
Real Hole
62
1
420
16711680
100
AcDbVertex
100
AcDb3dPolylineVertex
10
748705.464360532
20
8930163.36197129
30
185.783546575546
70
32
0
VERTEX
5
1D7
100
AcDbEntity
8
Real Hole
62
1
420
16711680
100
AcDbVertex
100
AcDb3dPolylineVertex
10
748705.495014158
20
8930163.48153254
30
184.791192897797
70
32
0
VERTEX
5
1D8
100
AcDbEntity
8
Real Hole
62
1
420
16711680
100
AcDbVertex
100
AcDb3dPolylineVertex
10
748705.558006328
20
8930163.61218705
30
183.801768192291
70
32
0
VERTEX
5
1D9
100
AcDbEntity
8
Real Hole
62
1
420
16711680
100
AcDbVertex
100
AcDb3dPolylineVertex
10
748705.580253151
20
8930163.73570606
30
182.809675582886
70
32
0
VERTEX
5
1DA
100
AcDbEntity
8
Real Hole
62
1
420
16711680
100
AcDbVertex
100
AcDb3dPolylineVertex
10
748705.616429147
20
8930163.86615243
30
181.818880447388
70
32
0
VERTEX
5
1DB
100
AcDbEntity
8
Real Hole
62
1
420
16711680
100
AcDbVertex
100
AcDb3dPolylineVertex
10
748705.657313642
20
8930164.00225487
30
180.829029449463
70
32
0
VERTEX
5
1DC
100
AcDbEntity
8
Real Hole
62
1
420
16711680
100
AcDbVertex
100
AcDb3dPolylineVertex
10
748705.716343161
20
8930164.13991478
30
179.941581138611
70
32
0
SEQEND
5
1DD
100
AcDbEntity
8
Real Hole
0
POINT
5
1DF
330
1A
100
AcDbEntity
67
0
8
Hole
62
244
420
659967
6
ByLayer
370
-1
48
1.0
60
0
100
AcDbPoint
10
748706.646001038
20
8930162.84399905
30
189.609000095367
39
0.0
210
0.0
220
0.0
230
1.0
50
360.0
0
LINE
5
1E0
330
1A
100
AcDbEntity
67
0
8
Theoretical Hole
62
244
420
659967
6
ByLayer
370
-1
48
1.0
60
0
100
AcDbLine
10
748706.646001038
20
8930162.84399905
30
189.609000095367
11
748706.707246002
21
8930163.91924014
31
179.838176139832
39
0.0
210
0.0
220
0.0
230
1.0
0
TEXT
5
1E1
330
1A
100
AcDbEntity
67
0
8
Number
62
244
420
659967
6
ByLayer
370
-1
48
1.0
60
0
100
AcDbText
1
788
10
748706.646001038
20
8930163.22499907
30
189.609000095367
40
0.3
41
1.0
50
0.0
51
0.0
7
Standard
11
748706.646001038
21
8930163.22499907
31
189.609000095367
210
0.0
220
0.0
230
1.0
72
0
100
AcDbText
73
0
0
TEXT
5
1E2
330
1A
100
AcDbEntity
67
0
8
label
62
1
420
16711680
6
ByLayer
370
-1
48
1.0
60
0
100
AcDbText
1

10
748706.646001038
20
8930163.62499907
30
189.609000095367
40
0.3
41
1.0
50
0.0
51
0.0
7
Standard
11
748706.646001038
21
8930163.62499907
31
189.609000095367
210
0.0
220
0.0
230
1.0
72
0
100
AcDbText
73
0
0
TEXT
5
1E3
330
1A
100
AcDbEntity
67
0
8
Length
62
244
420
659967
6
ByLayer
370
-1
48
1.0
60
0
100
AcDbText
1
9.83
10
748706.646001038
20
8930162.08999905
30
189.609000095367
40
0.3
41
1.0
50
0.0
51
0.0
7
Standard
11
748706.646001038
21
8930162.08999905
31
189.609000095367
210
0.0
220
0.0
230
1.0
72
0
100
AcDbText
73
0
0
POLYLINE
5
1EF
330
1A
100
AcDbEntity
67
0
8
Real Hole
62
1
420
16711680
6
ByLayer
370
-1
48
1.0
60
0
100
AcDb3dPolyline
10
0.0
20
0.0
30
0.0
70
8
75
0
210
0.0
220
0.0
230
1.0
0
VERTEX
5
1E4
100
AcDbEntity
8
Real Hole
62
1
420
16711680
100
AcDbVertex
100
AcDb3dPolylineVertex
10
748706.646001038
20
8930162.84399905
30
189.609000095367
70
32
0
VERTEX
5
1E5
100
AcDbEntity
8
Real Hole
62
1
420
16711680
100
AcDbVertex
100
AcDb3dPolylineVertex
10
748706.657441385
20
8930162.95470498
30
188.615212747097
70
32
0
VERTEX
5
1E6
100
AcDbEntity
8
Real Hole
62
1
420
16711680
100
AcDbVertex
100
AcDb3dPolylineVertex
10
748706.660117417
20
8930163.0891834
30
187.624299773216
70
32
0
VERTEX
5
1E7
100
AcDbEntity
8
Real Hole
62
1
420
16711680
100
AcDbVertex
100
AcDb3dPolylineVertex
10
748706.673873995
20
8930163.2394709
30
186.635753282547
70
32
0
VERTEX
5
1E8
100
AcDbEntity
8
Real Hole
62
1
420
16711680
100
AcDbVertex
100
AcDb3dPolylineVertex
10
748706.6744562
20
8930163.39831718
30
185.648450025558
70
32
0
VERTEX
5
1E9
100
AcDbEntity
8
Real Hole
62
1
420
16711680
100
AcDbVertex
100
AcDb3dPolylineVertex
10
748706.709431615
20
8930163.5541493
30
184.661285766602
70
32
0
VERTEX
5
1EA
100
AcDbEntity
8
Real Hole
62
1
420
16711680
100
AcDbVertex
100
AcDb3dPolylineVertex
10
748706.734803524
20
8930163.72576025
30
183.676447757721
70
32
0
VERTEX
5
1EB
100
AcDbEntity
8
Real Hole
62
1
420
16711680
100
AcDbVertex
100
AcDb3dPolylineVertex
10
748706.732744549
20
8930163.88304308
30
182.68889654541
70
32
0
VERTEX
5
1EC
100
AcDbEntity
8
Real Hole
62
1
420
16711680
100
AcDbVertex
100
AcDb3dPolylineVertex
10
748706.752724212
20
8930164.05467274
30
181.703937419891
70
32
0
VERTEX
5
1ED
100
AcDbEntity
8
Real Hole
62
1
420
16711680
100
AcDbVertex
100
AcDb3dPolylineVertex
10
748706.78439295
20
8930164.23744455
30
180.721292385101
70
32
0
SEQEND
5
1EE
100
AcDbEntity
8
Real Hole
0
POINT
5
1F0
330
1A
100
AcDbEntity
67
0
8
Hole
62
244
420
659967
6
ByLayer
370
-1
48
1.0
60
0
100
AcDbPoint
10
748708.370999512
20
8930162.75800052
30
189.567999967575
39
0.0
210
0.0
220
0.0
230
1.0
50
360.0
0
LINE
5
1F1
330
1A
100
AcDbEntity
67
0
8
Theoretical Hole
62
244
420
659967
6
ByLayer
370
-1
48
1.0
60
0
100
AcDbLine
10
748708.370999512
20
8930162.75800052
30
189.567999967575
11
748708.472233948
21
8930163.78678241
31
179.862901100159
39
0.0
210
0.0
220
0.0
230
1.0
0
TEXT
5
1F2
330
1A
100
AcDbEntity
67
0
8
Number
62
244
420
659967
6
ByLayer
370
-1
48
1.0
60
0
100
AcDbText
1
789
10
748708.370999512
20
8930163.13900053
30
189.567999967575
40
0.3
41
1.0
50
0.0
51
0.0
7
Standard
11
748708.370999512
21
8930163.13900053
31
189.567999967575
210
0.0
220
0.0
230
1.0
72
0
100
AcDbText
73
0
0
TEXT
5
1F3
330
1A
100
AcDbEntity
67
0
8
label
62
1
420
16711680
6
ByLayer
370
-1
48
1.0
60
0
100
AcDbText
1

10
748708.370999512
20
8930163.53900053
30
189.567999967575
40
0.3
41
1.0
50
0.0
51
0.0
7
Standard
11
748708.370999512
21
8930163.53900053
31
189.567999967575
210
0.0
220
0.0
230
1.0
72
0
100
AcDbText
73
0
0
TEXT
5
1F4
330
1A
100
AcDbEntity
67
0
8
Length
62
244
420
659967
6
ByLayer
370
-1
48
1.0
60
0
100
AcDbText
1
9.76
10
748708.370999512
20
8930162.00400051
30
189.567999967575
40
0.3
41
1.0
50
0.0
51
0.0
7
Standard
11
748708.370999512
21
8930162.00400051
31
189.567999967575
210
0.0
220
0.0
230
1.0
72
0
100
AcDbText
73
0
0
POLYLINE
5
201
330
1A
100
AcDbEntity
67
0
8
Real Hole
62
1
420
16711680
6
ByLayer
370
-1
48
1.0
60
0
100
AcDb3dPolyline
10
0.0
20
0.0
30
0.0
70
8
75
0
210
0.0
220
0.0
230
1.0
0
VERTEX
5
1F5
100
AcDbEntity
8
Real Hole
62
1
420
16711680
100
AcDbVertex
100
AcDb3dPolylineVertex
10
748708.370999512
20
8930162.75800052
30
189.567999967575
70
32
0
VERTEX
5
1F6
100
AcDbEntity
8
Real Hole
62
1
420
16711680
100
AcDbVertex
100
AcDb3dPolylineVertex
10
748708.378810091
20
8930162.85927698
30
188.573172279835
70
32
0
VERTEX
5
1F7
100
AcDbEntity
8
Real Hole
62
1
420
16711680
100
AcDbVertex
100
AcDb3dPolylineVertex
10
748708.364628853
20
8930162.98711533
30
187.581478723526
70
32
0
VERTEX
5
1F8
100
AcDbEntity
8
Real Hole
62
1
420
16711680
100
AcDbVertex
100
AcDb3dPolylineVertex
10
748708.354218733
20
8930163.15304154
30
186.595395454407
70
32
0
VERTEX
5
1F9
100
AcDbEntity
8
Real Hole
62
1
420
16711680
100
AcDbVertex
100
AcDb3dPolylineVertex
10
748708.324072685
20
8930163.26233694
30
185.601843484879
70
32
0
VERTEX
5
1FA
100
AcDbEntity
8
Real Hole
62
1
420
16711680
100
AcDbVertex
100
AcDb3dPolylineVertex
10
748708.317282409
20
8930163.39684358
30
184.610953935623
70
32
0
VERTEX
5
1FB
100
AcDbEntity
8
Real Hole
62
1
420
16711680
100
AcDbVertex
100
AcDb3dPolylineVertex
10
748708.315690864
20
8930163.57220307
30
183.626450666428
70
32
0
VERTEX
5
1FC
100
AcDbEntity
8
Real Hole
62
1
420
16711680
100
AcDbVertex
100
AcDb3dPolylineVertex
10
748708.296753381
20
8930163.70746401
30
182.635821947098
70
32
0
VERTEX
5
1FD
100
AcDbEntity
8
Real Hole
62
1
420
16711680
100
AcDbVertex
100
AcDb3dPolylineVertex
10
748708.304683727
20
8930163.85678878
30
181.647065290451
70
32
0
VERTEX
5
1FE
100
AcDbEntity
8
Real Hole
62
1
420
16711680
100
AcDbVertex
100
AcDb3dPolylineVertex
10
748708.323942587
20
8930164.0245203
30
180.661420949936
70
32
0
VERTEX
5
1FF
100
AcDbEntity
8
Real Hole
62
1
420
16711680
100
AcDbVertex
100
AcDb3dPolylineVertex
10
748708.329318874
20
8930164.15837803
30
179.872717031479
70
32
0
SEQEND
5
200
100
AcDbEntity
8
Real Hole
0
POINT
5
202
330
1A
100
AcDbEntity
67
0
8
Hole
62
244
420
659967
6
ByLayer
370
-1
48
1.0
60
0
100
AcDbPoint
10
748709.785000977
20
8930162.52900043
30
189.636000045776
39
0.0
210
0.0
220
0.0
230
1.0
50
360.0
0
LINE
5
203
330
1A
100
AcDbEntity
67
0
8
Theoretical Hole
62
244
420
659967
6
ByLayer
370
-1
48
1.0
60
0
100
AcDbLine
10
748709.785000977
20
8930162.52900043
30
189.636000045776
11
748709.887677368
21
8930163.52941241
31
179.887736686707
39
0.0
210
0.0
220
0.0
230
1.0
0
TEXT
5
204
330
1A
100
AcDbEntity
67
0
8
Number
62
244
420
659967
6
ByLayer
370
-1
48
1.0
60
0
100
AcDbText
1
790
10
748709.785000977
20
8930162.91000044
30
189.636000045776
40
0.3
41
1.0
50
0.0
51
0.0
7
Standard
11
748709.785000977
21
8930162.91000044
31
189.636000045776
210
0.0
220
0.0
230
1.0
72
0
100
AcDbText
73
0
0
TEXT
5
205
330
1A
100
AcDbEntity
67
0
8
label
62
1
420
16711680
6
ByLayer
370
-1
48
1.0
60
0
100
AcDbText
1

10
748709.785000977
20
8930163.31000044
30
189.636000045776
40
0.3
41
1.0
50
0.0
51
0.0
7
Standard
11
748709.785000977
21
8930163.31000044
31
189.636000045776
210
0.0
220
0.0
230
1.0
72
0
100
AcDbText
73
0
0
TEXT
5
206
330
1A
100
AcDbEntity
67
0
8
Length
62
244
420
659967
6
ByLayer
370
-1
48
1.0
60
0
100
AcDbText
1
9.80
10
748709.785000977
20
8930161.77500042
30
189.636000045776
40
0.3
41
1.0
50
0.0
51
0.0
7
Standard
11
748709.785000977
21
8930161.77500042
31
189.636000045776
210
0.0
220
0.0
230
1.0
72
0
100
AcDbText
73
0
0
POLYLINE
5
213
330
1A
100
AcDbEntity
67
0
8
Real Hole
62
1
420
16711680
6
ByLayer
370
-1
48
1.0
60
0
100
AcDb3dPolyline
10
0.0
20
0.0
30
0.0
70
8
75
0
210
0.0
220
0.0
230
1.0
0
VERTEX
5
207
100
AcDbEntity
8
Real Hole
62
1
420
16711680
100
AcDbVertex
100
AcDb3dPolylineVertex
10
748709.785000977
20
8930162.52900043
30
189.636000045776
70
32
0
VERTEX
5
208
100
AcDbEntity
8
Real Hole
62
1
420
16711680
100
AcDbVertex
100
AcDb3dPolylineVertex
10
748709.825594906
20
8930162.6086705
30
188.640005656719
70
32
0
VERTEX
5
209
100
AcDbEntity
8
Real Hole
62
1
420
16711680
100
AcDbVertex
100
AcDb3dPolylineVertex
10
748709.854011309
20
8930162.71304424
30
187.645873555183
70
32
0
VERTEX
5
20A
100
AcDbEntity
8
Real Hole
62
1
420
16711680
100
AcDbVertex
100
AcDb3dPolylineVertex
10
748709.86030699
20
8930162.83995279
30
186.653979190826
70
32
0
VERTEX
5
20B
100
AcDbEntity
8
Real Hole
62
1
420
16711680
100
AcDbVertex
100
AcDb3dPolylineVertex
10
748709.841427405
20
8930162.9685817
30
185.662465938568
70
32
0
VERTEX
5
20C
100
AcDbEntity
8
Real Hole
62
1
420
16711680
100
AcDbVertex
100
AcDb3dPolylineVertex
10
748709.852434386
20
8930163.10246202
30
184.671529659271
70
32
0
VERTEX
5
20D
100
AcDbEntity
8
Real Hole
62
1
420
16711680
100
AcDbVertex
100
AcDb3dPolylineVertex
10
748709.857448455
20
8930163.23791197
30
183.680758365631
70
32
0
VERTEX
5
20E
100
AcDbEntity
8
Real Hole
62
1
420
16711680
100
AcDbVertex
100
AcDb3dPolylineVertex
10
748709.853669051
20
8930163.34723404
30
182.68675888443
70
32
0
VERTEX
5
20F
100
AcDbEntity
8
Real Hole
62
1
420
16711680
100
AcDbVertex
100
AcDb3dPolylineVertex
10
748709.870241229
20
8930163.4709427
30
181.694579013824
70
32
0
VERTEX
5
210
100
AcDbEntity
8
Real Hole
62
1
420
16711680
100
AcDbVertex
100
AcDb3dPolylineVertex
10
748709.878611375
20
8930163.57635417
30
180.700185188293
70
32
0
VERTEX
5
211
100
AcDbEntity
8
Real Hole
62
1
420
16711680
100
AcDbVertex
100
AcDb3dPolylineVertex
10
748709.886558969
20
8930163.67987874
30
180.007928260803
70
32
0
SEQEND
5
212
100
AcDbEntity
8
Real Hole
0
POINT
5
214
330
1A
100
AcDbEntity
67
0
8
Hole
62
244
420
659967
6
ByLayer
370
-1
48
1.0
60
0
100
AcDbPoint
10
748711.328000244
20
8930162.25100055
30
189.639000066757
39
0.0
210
0.0
220
0.0
230
1.0
50
360.0
0
LINE
5
215
330
1A
100
AcDbEntity
67
0
8
Theoretical Hole
62
244
420
659967
6
ByLayer
370
-1
48
1.0
60
0
100
AcDbLine
10
748711.328000244
20
8930162.25100055
30
189.639000066757
11
748711.428593811
21
8930163.23109927
31
179.888651260376
39
0.0
210
0.0
220
0.0
230
1.0
0
TEXT
5
216
330
1A
100
AcDbEntity
67
0
8
Number
62
244
420
659967
6
ByLayer
370
-1
48
1.0
60
0
100
AcDbText
1
791
10
748711.328000244
20
8930162.63200056
30
189.639000066757
40
0.3
41
1.0
50
0.0
51
0.0
7
Standard
11
748711.328000244
21
8930162.63200056
31
189.639000066757
210
0.0
220
0.0
230
1.0
72
0
100
AcDbText
73
0
0
TEXT
5
217
330
1A
100
AcDbEntity
67
0
8
label
62
1
420
16711680
6
ByLayer
370
-1
48
1.0
60
0
100
AcDbText
1

10
748711.328000244
20
8930163.03200056
30
189.639000066757
40
0.3
41
1.0
50
0.0
51
0.0
7
Standard
11
748711.328000244
21
8930163.03200056
31
189.639000066757
210
0.0
220
0.0
230
1.0
72
0
100
AcDbText
73
0
0
TEXT
5
218
330
1A
100
AcDbEntity
67
0
8
Length
62
244
420
659967
6
ByLayer
370
-1
48
1.0
60
0
100
AcDbText
1
9.80
10
748711.328000244
20
8930161.49700054
30
189.639000066757
40
0.3
41
1.0
50
0.0
51
0.0
7
Standard
11
748711.328000244
21
8930161.49700054
31
189.639000066757
210
0.0
220
0.0
230
1.0
72
0
100
AcDbText
73
0
0
POINT
5
219
330
1A
100
AcDbEntity
67
0
8
Hole
62
244
420
659967
6
ByLayer
370
-1
48
1.0
60
0
100
AcDbPoint
10
748712.750001129
20
8930162.1590015
30
189.543000110626
39
0.0
210
0.0
220
0.0
230
1.0
50
360.0
0
LINE
5
21A
330
1A
100
AcDbEntity
67
0
8
Theoretical Hole
62
244
420
659967
6
ByLayer
370
-1
48
1.0
60
0
100
AcDbLine
10
748712.750001129
20
8930162.1590015
30
189.543000110626
11
748712.84846228
21
8930163.1183559
31
179.881009468079
39
0.0
210
0.0
220
0.0
230
1.0
0
TEXT
5
21B
330
1A
100
AcDbEntity
67
0
8
Number
62
244
420
659967
6
ByLayer
370
-1
48
1.0
60
0
100
AcDbText
1
792
10
748712.750001129
20
8930162.54000151
30
189.543000110626
40
0.3
41
1.0
50
0.0
51
0.0
7
Standard
11
748712.750001129
21
8930162.54000151
31
189.543000110626
210
0.0
220
0.0
230
1.0
72
0
100
AcDbText
73
0
0
TEXT
5
21C
330
1A
100
AcDbEntity
67
0
8
label
62
1
420
16711680
6
ByLayer
370
-1
48
1.0
60
0
100
AcDbText
1

10
748712.750001129
20
8930162.94000151
30
189.543000110626
40
0.3
41
1.0
50
0.0
51
0.0
7
Standard
11
748712.750001129
21
8930162.94000151
31
189.543000110626
210
0.0
220
0.0
230
1.0
72
0
100
AcDbText
73
0
0
TEXT
5
21D
330
1A
100
AcDbEntity
67
0
8
Length
62
244
420
659967
6
ByLayer
370
-1
48
1.0
60
0
100
AcDbText
1
9.71
10
748712.750001129
20
8930161.40500149
30
189.543000110626
40
0.3
41
1.0
50
0.0
51
0.0
7
Standard
11
748712.750001129
21
8930161.40500149
31
189.543000110626
210
0.0
220
0.0
230
1.0
72
0
100
AcDbText
73
0
0
POLYLINE
5
22A
330
1A
100
AcDbEntity
67
0
8
Real Hole
62
1
420
16711680
6
ByLayer
370
-1
48
1.0
60
0
100
AcDb3dPolyline
10
0.0
20
0.0
30
0.0
70
8
75
0
210
0.0
220
0.0
230
1.0
0
VERTEX
5
21E
100
AcDbEntity
8
Real Hole
62
1
420
16711680
100
AcDbVertex
100
AcDb3dPolylineVertex
10
748712.750001129
20
8930162.1590015
30
189.543000110626
70
32
0
VERTEX
5
21F
100
AcDbEntity
8
Real Hole
62
1
420
16711680
100
AcDbVertex
100
AcDb3dPolylineVertex
10
748712.788381406
20
8930162.20557704
30
188.544822939873
70
32
0
VERTEX
5
220
100
AcDbEntity
8
Real Hole
62
1
420
16711680
100
AcDbVertex
100
AcDb3dPolylineVertex
10
748712.818821412
20
8930162.28277447
30
187.548271903038
70
32
0
VERTEX
5
221
100
AcDbEntity
8
Real Hole
62
1
420
16711680
100
AcDbVertex
100
AcDb3dPolylineVertex
10
748712.785184842
20
8930162.40422855
30
186.556244977951
70
32
0
VERTEX
5
222
100
AcDbEntity
8
Real Hole
62
1
420
16711680
100
AcDbVertex
100
AcDb3dPolylineVertex
10
748712.725744821
20
8930162.52507984
30
185.565355428696
70
32
0
VERTEX
5
223
100
AcDbEntity
8
Real Hole
62
1
420
16711680
100
AcDbVertex
100
AcDb3dPolylineVertex
10
748712.670535993
20
8930162.66516384
30
184.57675636673
70
32
0
VERTEX
5
224
100
AcDbEntity
8
Real Hole
62
1
420
16711680
100
AcDbVertex
100
AcDb3dPolylineVertex
10
748712.647870642
20
8930162.80177816
30
183.586391338348
70
32
0
VERTEX
5
225
100
AcDbEntity
8
Real Hole
62
1
420
16711680
100
AcDbVertex
100
AcDb3dPolylineVertex
10
748712.60092583
20
8930162.93224379
30
182.596050628662
70
32
0
VERTEX
5
226
100
AcDbEntity
8
Real Hole
62
1
420
16711680
100
AcDbVertex
100
AcDb3dPolylineVertex
10
748712.574145463
20
8930163.06687781
30
181.605517276764
70
32
0
VERTEX
5
227
100
AcDbEntity
8
Real Hole
62
1
420
16711680
100
AcDbVertex
100
AcDb3dPolylineVertex
10
748712.555867117
20
8930163.23350742
30
180.619666942596
70
32
0
VERTEX
5
228
100
AcDbEntity
8
Real Hole
62
1
420
16711680
100
AcDbVertex
100
AcDb3dPolylineVertex
10
748712.55194695
20
8930163.26590195
30
180.42234695816
70
32
0
SEQEND
5
229
100
AcDbEntity
8
Real Hole
0
POINT
5
22B
330
1A
100
AcDbEntity
67
0
8
Hole
62
244
420
659967
6
ByLayer
370
-1
48
1.0
60
0
100
AcDbPoint
10
748714.208001312
20
8930162.09999957
30
189.606000074387
39
0.0
210
0.0
220
0.0
230
1.0
50
360.0
0
LINE
5
22C
330
1A
100
AcDbEntity
67
0
8
Theoretical Hole
62
244
420
659967
6
ByLayer
370
-1
48
1.0
60
0
100
AcDbLine
10
748714.208001312
20
8930162.09999957
30
189.606000074387
11
748714.304425415
21
8930163.03947559
31
179.921943077087
39
0.0
210
0.0
220
0.0
230
1.0
0
TEXT
5
22D
330
1A
100
AcDbEntity
67
0
8
Number
62
244
420
659967
6
ByLayer
370
-1
48
1.0
60
0
100
AcDbText
1
793
10
748714.208001312
20
8930162.48099959
30
189.606000074387
40
0.3
41
1.0
50
0.0
51
0.0
7
Standard
11
748714.208001312
21
8930162.48099959
31
189.606000074387
210
0.0
220
0.0
230
1.0
72
0
100
AcDbText
73
0
0
TEXT
5
22E
330
1A
100
AcDbEntity
67
0
8
label
62
1
420
16711680
6
ByLayer
370
-1
48
1.0
60
0
100
AcDbText
1

10
748714.208001312
20
8930162.88099959
30
189.606000074387
40
0.3
41
1.0
50
0.0
51
0.0
7
Standard
11
748714.208001312
21
8930162.88099959
31
189.606000074387
210
0.0
220
0.0
230
1.0
72
0
100
AcDbText
73
0
0
TEXT
5
22F
330
1A
100
AcDbEntity
67
0
8
Length
62
244
420
659967
6
ByLayer
370
-1
48
1.0
60
0
100
AcDbText
1
9.73
10
748714.208001312
20
8930161.34599957
30
189.606000074387
40
0.3
41
1.0
50
0.0
51
0.0
7
Standard
11
748714.208001312
21
8930161.34599957
31
189.606000074387
210
0.0
220
0.0
230
1.0
72
0
100
AcDbText
73
0
0
POLYLINE
5
23C
330
1A
100
AcDbEntity
67
0
8
Real Hole
62
1
420
16711680
6
ByLayer
370
-1
48
1.0
60
0
100
AcDb3dPolyline
10
0.0
20
0.0
30
0.0
70
8
75
0
210
0.0
220
0.0
230
1.0
0
VERTEX
5
230
100
AcDbEntity
8
Real Hole
62
1
420
16711680
100
AcDbVertex
100
AcDb3dPolylineVertex
10
748714.208001312
20
8930162.09999957
30
189.606000074387
70
32
0
VERTEX
5
231
100
AcDbEntity
8
Real Hole
62
1
420
16711680
100
AcDbVertex
100
AcDb3dPolylineVertex
10
748714.181940286
20
8930162.22595422
30
188.614306458473
70
32
0
VERTEX
5
232
100
AcDbEntity
8
Real Hole
62
1
420
16711680
100
AcDbVertex
100
AcDb3dPolylineVertex
10
748714.154593703
20
8930162.36769652
30
187.62478066349
70
32
0
VERTEX
5
233
100
AcDbEntity
8
Real Hole
62
1
420
16711680
100
AcDbVertex
100
AcDb3dPolylineVertex
10
748714.122592848
20
8930162.47302377
30
186.630858072281
70
32
0
VERTEX
5
234
100
AcDbEntity
8
Real Hole
62
1
420
16711680
100
AcDbVertex
100
AcDb3dPolylineVertex
10
748714.09573358
20
8930162.59579968
30
185.638787158966
70
32
0
VERTEX
5
235
100
AcDbEntity
8
Real Hole
62
1
420
16711680
100
AcDbVertex
100
AcDb3dPolylineVertex
10
748714.078376633
20
8930162.71362528
30
184.645904668808
70
32
0
VERTEX
5
236
100
AcDbEntity
8
Real Hole
62
1
420
16711680
100
AcDbVertex
100
AcDb3dPolylineVertex
10
748714.055510041
20
8930162.84424111
30
183.654735216141
70
32
0
VERTEX
5
237
100
AcDbEntity
8
Real Hole
62
1
420
16711680
100
AcDbVertex
100
AcDb3dPolylineVertex
10
748714.024000939
20
8930162.93733081
30
182.659576066971
70
32
0
VERTEX
5
238
100
AcDbEntity
8
Real Hole
62
1
420
16711680
100
AcDbVertex
100
AcDb3dPolylineVertex
10
748713.999149483
20
8930163.05150142
30
181.666425832748
70
32
0
VERTEX
5
239
100
AcDbEntity
8
Real Hole
62
1
420
16711680
100
AcDbVertex
100
AcDb3dPolylineVertex
10
748713.987694126
20
8930163.16708579
30
180.673194059372
70
32
0
VERTEX
5
23A
100
AcDbEntity
8
Real Hole
62
1
420
16711680
100
AcDbVertex
100
AcDb3dPolylineVertex
10
748713.979093429
20
8930163.26364472
30
179.879089483261
70
32
0
SEQEND
5
23B
100
AcDbEntity
8
Real Hole
0
POINT
5
23D
330
1A
100
AcDbEntity
67
0
8
Hole
62
244
420
659967
6
ByLayer
370
-1
48
1.0
60
0
100
AcDbPoint
10
748715.681000885
20
8930161.96999851
30
189.64900005722
39
0.0
210
0.0
220
0.0
230
1.0
50
360.0
0
LINE
5
23E
330
1A
100
AcDbEntity
67
0
8
Theoretical Hole
62
244
420
659967
6
ByLayer
370
-1
48
1.0
60
0
100
AcDbLine
10
748715.681000885
20
8930161.96999851
30
189.64900005722
11
748715.775414642
21
8930162.88988986
31
179.902770885468
39
0.0
210
0.0
220
0.0
230
1.0
0
TEXT
5
23F
330
1A
100
AcDbEntity
67
0
8
Number
62
244
420
659967
6
ByLayer
370
-1
48
1.0
60
0
100
AcDbText
1
794
10
748715.681000885
20
8930162.35099852
30
189.64900005722
40
0.3
41
1.0
50
0.0
51
0.0
7
Standard
11
748715.681000885
21
8930162.35099852
31
189.64900005722
210
0.0
220
0.0
230
1.0
72
0
100
AcDbText
73
0
0
TEXT
5
240
330
1A
100
AcDbEntity
67
0
8
label
62
1
420
16711680
6
ByLayer
370
-1
48
1.0
60
0
100
AcDbText
1

10
748715.681000885
20
8930162.75099852
30
189.64900005722
40
0.3
41
1.0
50
0.0
51
0.0
7
Standard
11
748715.681000885
21
8930162.75099852
31
189.64900005722
210
0.0
220
0.0
230
1.0
72
0
100
AcDbText
73
0
0
TEXT
5
241
330
1A
100
AcDbEntity
67
0
8
Length
62
244
420
659967
6
ByLayer
370
-1
48
1.0
60
0
100
AcDbText
1
9.79
10
748715.681000885
20
8930161.2159985
30
189.64900005722
40
0.3
41
1.0
50
0.0
51
0.0
7
Standard
11
748715.681000885
21
8930161.2159985
31
189.64900005722
210
0.0
220
0.0
230
1.0
72
0
100
AcDbText
73
0
0
POLYLINE
5
24E
330
1A
100
AcDbEntity
67
0
8
Real Hole
62
1
420
16711680
6
ByLayer
370
-1
48
1.0
60
0
100
AcDb3dPolyline
10
0.0
20
0.0
30
0.0
70
8
75
0
210
0.0
220
0.0
230
1.0
0
VERTEX
5
242
100
AcDbEntity
8
Real Hole
62
1
420
16711680
100
AcDbVertex
100
AcDb3dPolylineVertex
10
748715.681000885
20
8930161.96999851
30
189.64900005722
70
32
0
VERTEX
5
243
100
AcDbEntity
8
Real Hole
62
1
420
16711680
100
AcDbVertex
100
AcDb3dPolylineVertex
10
748715.614807587
20
8930162.12792897
30
188.663770922661
70
32
0
VERTEX
5
244
100
AcDbEntity
8
Real Hole
62
1
420
16711680
100
AcDbVertex
100
AcDb3dPolylineVertex
10
748715.533857476
20
8930162.2904317
30
187.680389055252
70
32
0
VERTEX
5
245
100
AcDbEntity
8
Real Hole
62
1
420
16711680
100
AcDbVertex
100
AcDb3dPolylineVertex
10
748715.444511187
20
8930162.44193017
30
186.695977815628
70
32
0
VERTEX
5
246
100
AcDbEntity
8
Real Hole
62
1
420
16711680
100
AcDbVertex
100
AcDb3dPolylineVertex
10
748715.355440822
20
8930162.5757384
30
185.708981403351
70
32
0
VERTEX
5
247
100
AcDbEntity
8
Real Hole
62
1
420
16711680
100
AcDbVertex
100
AcDb3dPolylineVertex
10
748715.256881591
20
8930162.72595188
30
184.725252994537
70
32
0
VERTEX
5
248
100
AcDbEntity
8
Real Hole
62
1
420
16711680
100
AcDbVertex
100
AcDb3dPolylineVertex
10
748715.196201947
20
8930162.86995116
30
183.737537273407
70
32
0
VERTEX
5
249
100
AcDbEntity
8
Real Hole
62
1
420
16711680
100
AcDbVertex
100
AcDb3dPolylineVertex
10
748715.097124633
20
8930163.03721502
30
182.756616004944
70
32
0
VERTEX
5
24A
100
AcDbEntity
8
Real Hole
62
1
420
16711680
100
AcDbVertex
100
AcDb3dPolylineVertex
10
748715.015923735
20
8930163.19901672
30
181.77313936615
70
32
0
VERTEX
5
24B
100
AcDbEntity
8
Real Hole
62
1
420
16711680
100
AcDbVertex
100
AcDb3dPolylineVertex
10
748714.920672592
20
8930163.36097958
30
180.790949710846
70
32
0
VERTEX
5
24C
100
AcDbEntity
8
Real Hole
62
1
420
16711680
100
AcDbVertex
100
AcDb3dPolylineVertex
10
748714.832590636
20
8930163.47710743
30
179.902830966949
70
32
0
SEQEND
5
24D
100
AcDbEntity
8
Real Hole
0
POINT
5
24F
330
1A
100
AcDbEntity
67
0
8
Hole
62
244
420
659967
6
ByLayer
370
-1
48
1.0
60
0
100
AcDbPoint
10
748716.966000732
20
8930161.82100024
30
189.587000020981
39
0.0
210
0.0
220
0.0
230
1.0
50
360.0
0
LINE
5
250
330
1A
100
AcDbEntity
67
0
8
Theoretical Hole
62
244
420
659967
6
ByLayer
370
-1
48
1.0
60
0
100
AcDbLine
10
748716.966000732
20
8930161.82100024
30
189.587000020981
11
748717.054764923
21
8930162.68584171
31
179.84571875
39
0.0
210
0.0
220
0.0
230
1.0
0
TEXT
5
251
330
1A
100
AcDbEntity
67
0
8
Number
62
244
420
659967
6
ByLayer
370
-1
48
1.0
60
0
100
AcDbText
1
795
10
748716.966000732
20
8930162.20200026
30
189.587000020981
40
0.3
41
1.0
50
0.0
51
0.0
7
Standard
11
748716.966000732
21
8930162.20200026
31
189.587000020981
210
0.0
220
0.0
230
1.0
72
0
100
AcDbText
73
0
0
TEXT
5
252
330
1A
100
AcDbEntity
67
0
8
label
62
1
420
16711680
6
ByLayer
370
-1
48
1.0
60
0
100
AcDbText
1

10
748716.966000732
20
8930162.60200026
30
189.587000020981
40
0.3
41
1.0
50
0.0
51
0.0
7
Standard
11
748716.966000732
21
8930162.60200026
31
189.587000020981
210
0.0
220
0.0
230
1.0
72
0
100
AcDbText
73
0
0
TEXT
5
253
330
1A
100
AcDbEntity
67
0
8
Length
62
244
420
659967
6
ByLayer
370
-1
48
1.0
60
0
100
AcDbText
1
9.78
10
748716.966000732
20
8930161.06700024
30
189.587000020981
40
0.3
41
1.0
50
0.0
51
0.0
7
Standard
11
748716.966000732
21
8930161.06700024
31
189.587000020981
210
0.0
220
0.0
230
1.0
72
0
100
AcDbText
73
0
0
POLYLINE
5
260
330
1A
100
AcDbEntity
67
0
8
Real Hole
62
1
420
16711680
6
ByLayer
370
-1
48
1.0
60
0
100
AcDb3dPolyline
10
0.0
20
0.0
30
0.0
70
8
75
0
210
0.0
220
0.0
230
1.0
0
VERTEX
5
254
100
AcDbEntity
8
Real Hole
62
1
420
16711680
100
AcDbVertex
100
AcDb3dPolylineVertex
10
748716.966000732
20
8930161.82100024
30
189.587000020981
70
32
0
VERTEX
5
255
100
AcDbEntity
8
Real Hole
62
1
420
16711680
100
AcDbVertex
100
AcDb3dPolylineVertex
10
748716.954794271
20
8930161.91951096
30
188.591927119732
70
32
0
VERTEX
5
256
100
AcDbEntity
8
Real Hole
62
1
420
16711680
100
AcDbVertex
100
AcDb3dPolylineVertex
10
748716.950868567
20
8930162.03784984
30
187.598961600304
70
32
0
VERTEX
5
257
100
AcDbEntity
8
Real Hole
62
1
420
16711680
100
AcDbVertex
100
AcDb3dPolylineVertex
10
748716.934407395
20
8930162.15755316
30
186.606288322449
70
32
0
VERTEX
5
258
100
AcDbEntity
8
Real Hole
62
1
420
16711680
100
AcDbVertex
100
AcDb3dPolylineVertex
10
748716.938826921
20
8930162.28938955
30
185.61502684021
70
32
0
VERTEX
5
259
100
AcDbEntity
8
Real Hole
62
1
420
16711680
100
AcDbVertex
100
AcDb3dPolylineVertex
10
748716.939532433
20
8930162.39044335
30
184.620145925522
70
32
0
VERTEX
5
25A
100
AcDbEntity
8
Real Hole
62
1
420
16711680
100
AcDbVertex
100
AcDb3dPolylineVertex
10
748716.976308999
20
8930162.50844672
30
183.627813943863
70
32
0
VERTEX
5
25B
100
AcDbEntity
8
Real Hole
62
1
420
16711680
100
AcDbVertex
100
AcDb3dPolylineVertex
10
748716.995391397
20
8930162.64054289
30
182.636760839462
70
32
0
VERTEX
5
25C
100
AcDbEntity
8
Real Hole
62
1
420
16711680
100
AcDbVertex
100
AcDb3dPolylineVertex
10
748717.028523688
20
8930162.78015801
30
181.647109636307
70
32
0
VERTEX
5
25D
100
AcDbEntity
8
Real Hole
62
1
420
16711680
100
AcDbVertex
100
AcDb3dPolylineVertex
10
748717.058127184
20
8930162.9094136
30
180.65594018364
70
32
0
VERTEX
5
25E
100
AcDbEntity
8
Real Hole
62
1
420
16711680
100
AcDbVertex
100
AcDb3dPolylineVertex
10
748717.090982404
20
8930163.04002264
30
179.665050634384
70
32
0
SEQEND
5
25F
100
AcDbEntity
8
Real Hole
0
POINT
5
261
330
1A
100
AcDbEntity
67
0
8
Hole
62
244
420
659967
6
ByLayer
370
-1
48
1.0
60
0
100
AcDbPoint
10
748718.714001831
20
8930161.90400043
30
189.657999881744
39
0.0
210
0.0
220
0.0
230
1.0
50
360.0
0
LINE
5
262
330
1A
100
AcDbEntity
67
0
8
Theoretical Hole
62
244
420
659967
6
ByLayer
370
-1
48
1.0
60
0
100
AcDbLine
10
748718.714001831
20
8930161.90400043
30
189.657999881744
11
748718.795979675
21
8930162.70273319
31
179.870881446838
39
0.0
210
0.0
220
0.0
230
1.0
0
TEXT
5
263
330
1A
100
AcDbEntity
67
0
8
Number
62
244
420
659967
6
ByLayer
370
-1
48
1.0
60
0
100
AcDbText
1
796
10
748718.714001831
20
8930162.28500044
30
189.657999881744
40
0.3
41
1.0
50
0.0
51
0.0
7
Standard
11
748718.714001831
21
8930162.28500044
31
189.657999881744
210
0.0
220
0.0
230
1.0
72
0
100
AcDbText
73
0
0
TEXT
5
264
330
1A
100
AcDbEntity
67
0
8
label
62
1
420
16711680
6
ByLayer
370
-1
48
1.0
60
0
100
AcDbText
1

10
748718.714001831
20
8930162.68500044
30
189.657999881744
40
0.3
41
1.0
50
0.0
51
0.0
7
Standard
11
748718.714001831
21
8930162.68500044
31
189.657999881744
210
0.0
220
0.0
230
1.0
72
0
100
AcDbText
73
0
0
TEXT
5
265
330
1A
100
AcDbEntity
67
0
8
Length
62
244
420
659967
6
ByLayer
370
-1
48
1.0
60
0
100
AcDbText
1
9.82
10
748718.714001831
20
8930161.15000042
30
189.657999881744
40
0.3
41
1.0
50
0.0
51
0.0
7
Standard
11
748718.714001831
21
8930161.15000042
31
189.657999881744
210
0.0
220
0.0
230
1.0
72
0
100
AcDbText
73
0
0
POLYLINE
5
272
330
1A
100
AcDbEntity
67
0
8
Real Hole
62
1
420
16711680
6
ByLayer
370
-1
48
1.0
60
0
100
AcDb3dPolyline
10
0.0
20
0.0
30
0.0
70
8
75
0
210
0.0
220
0.0
230
1.0
0
VERTEX
5
266
100
AcDbEntity
8
Real Hole
62
1
420
16711680
100
AcDbVertex
100
AcDb3dPolylineVertex
10
748718.714001831
20
8930161.90400043
30
189.657999881744
70
32
0
VERTEX
5
267
100
AcDbEntity
8
Real Hole
62
1
420
16711680
100
AcDbVertex
100
AcDb3dPolylineVertex
10
748718.758542594
20
8930161.99548459
30
188.663189956188
70
32
0
VERTEX
5
268
100
AcDbEntity
8
Real Hole
62
1
420
16711680
100
AcDbVertex
100
AcDb3dPolylineVertex
10
748718.803979215
20
8930162.09422548
30
187.669114598274
70
32
0
VERTEX
5
269
100
AcDbEntity
8
Real Hole
62
1
420
16711680
100
AcDbVertex
100
AcDb3dPolylineVertex
10
748718.826297384
20
8930162.17035034
30
186.672266134262
70
32
0
VERTEX
5
26A
100
AcDbEntity
8
Real Hole
62
1
420
16711680
100
AcDbVertex
100
AcDb3dPolylineVertex
10
748718.836565521
20
8930162.26564449
30
185.676869997025
70
32
0
VERTEX
5
26B
100
AcDbEntity
8
Real Hole
62
1
420
16711680
100
AcDbVertex
100
AcDb3dPolylineVertex
10
748718.870531928
20
8930162.34854558
30
184.680891403198
70
32
0
VERTEX
5
26C
100
AcDbEntity
8
Real Hole
62
1
420
16711680
100
AcDbVertex
100
AcDb3dPolylineVertex
10
748718.909478169
20
8930162.42748603
30
183.684772857666
70
32
0
VERTEX
5
26D
100
AcDbEntity
8
Real Hole
62
1
420
16711680
100
AcDbVertex
100
AcDb3dPolylineVertex
10
748718.938986015
20
8930162.54983058
30
182.692724117279
70
32
0
VERTEX
5
26E
100
AcDbEntity
8
Real Hole
62
1
420
16711680
100
AcDbVertex
100
AcDb3dPolylineVertex
10
748718.965810176
20
8930162.63403394
30
181.696636566162
70
32
0
VERTEX
5
26F
100
AcDbEntity
8
Real Hole
62
1
420
16711680
100
AcDbVertex
100
AcDb3dPolylineVertex
10
748718.996619638
20
8930162.72295615
30
180.701074489594
70
32
0
VERTEX
5
270
100
AcDbEntity
8
Real Hole
62
1
420
16711680
100
AcDbVertex
100
AcDb3dPolylineVertex
10
748719.021195051
20
8930162.80089941
30
179.804793247223
70
32
0
SEQEND
5
271
100
AcDbEntity
8
Real Hole
0
POINT
5
273
330
1A
100
AcDbEntity
67
0
8
Hole
62
244
420
659967
6
ByLayer
370
-1
48
1.0
60
0
100
AcDbPoint
10
748720.099999603
20
8930161.42300143
30
189.795999893188
39
0.0
210
0.0
220
0.0
230
1.0
50
360.0
0
LINE
5
274
330
1A
100
AcDbEntity
67
0
8
Theoretical Hole
62
244
420
659967
6
ByLayer
370
-1
48
1.0
60
0
100
AcDbLine
10
748720.099999603
20
8930161.42300143
30
189.795999893188
11
748720.192296204
21
8930162.15157047
31
179.843057998657
39
0.0
210
0.0
220
0.0
230
1.0
0
TEXT
5
275
330
1A
100
AcDbEntity
67
0
8
Number
62
244
420
659967
6
ByLayer
370
-1
48
1.0
60
0
100
AcDbText
1
797
10
748720.099999603
20
8930161.80400145
30
189.795999893188
40
0.3
41
1.0
50
0.0
51
0.0
7
Standard
11
748720.099999603
21
8930161.80400145
31
189.795999893188
210
0.0
220
0.0
230
1.0
72
0
100
AcDbText
73
0
0
TEXT
5
276
330
1A
100
AcDbEntity
67
0
8
label
62
1
420
16711680
6
ByLayer
370
-1
48
1.0
60
0
100
AcDbText
1

10
748720.099999603
20
8930162.20400145
30
189.795999893188
40
0.3
41
1.0
50
0.0
51
0.0
7
Standard
11
748720.099999603
21
8930162.20400145
31
189.795999893188
210
0.0
220
0.0
230
1.0
72
0
100
AcDbText
73
0
0
TEXT
5
277
330
1A
100
AcDbEntity
67
0
8
Length
62
244
420
659967
6
ByLayer
370
-1
48
1.0
60
0
100
AcDbText
1
9.98
10
748720.099999603
20
8930160.66900143
30
189.795999893188
40
0.3
41
1.0
50
0.0
51
0.0
7
Standard
11
748720.099999603
21
8930160.66900143
31
189.795999893188
210
0.0
220
0.0
230
1.0
72
0
100
AcDbText
73
0
0
POLYLINE
5
285
330
1A
100
AcDbEntity
67
0
8
Real Hole
62
1
420
16711680
6
ByLayer
370
-1
48
1.0
60
0
100
AcDb3dPolyline
10
0.0
20
0.0
30
0.0
70
8
75
0
210
0.0
220
0.0
230
1.0
0
VERTEX
5
278
100
AcDbEntity
8
Real Hole
62
1
420
16711680
100
AcDbVertex
100
AcDb3dPolylineVertex
10
748720.099999603
20
8930161.42300143
30
189.795999893188
70
32
0
VERTEX
5
279
100
AcDbEntity
8
Real Hole
62
1
420
16711680
100
AcDbVertex
100
AcDb3dPolylineVertex
10
748720.120310173
20
8930161.49463427
30
188.798775621891
70
32
0
VERTEX
5
27A
100
AcDbEntity
8
Real Hole
62
1
420
16711680
100
AcDbVertex
100
AcDb3dPolylineVertex
10
748720.117854087
20
8930161.58905817
30
187.8032466259
70
32
0
VERTEX
5
27B
100
AcDbEntity
8
Real Hole
62
1
420
16711680
100
AcDbVertex
100
AcDb3dPolylineVertex
10
748720.111289108
20
8930161.68763855
30
186.808139213562
70
32
0
VERTEX
5
27C
100
AcDbEntity
8
Real Hole
62
1
420
16711680
100
AcDbVertex
100
AcDb3dPolylineVertex
10
748720.079494434
20
8930161.79248449
30
185.814159044266
70
32
0
VERTEX
5
27D
100
AcDbEntity
8
Real Hole
62
1
420
16711680
100
AcDbVertex
100
AcDb3dPolylineVertex
10
748720.087007855
20
8930161.88367709
30
184.818354019165
70
32
0
VERTEX
5
27E
100
AcDbEntity
8
Real Hole
62
1
420
16711680
100
AcDbVertex
100
AcDb3dPolylineVertex
10
748720.06873902
20
8930161.99609926
30
183.824861415863
70
32
0
VERTEX
5
27F
100
AcDbEntity
8
Real Hole
62
1
420
16711680
100
AcDbVertex
100
AcDb3dPolylineVertex
10
748720.041992009
20
8930162.06744757
30
182.827768692017
70
32
0
VERTEX
5
280
100
AcDbEntity
8
Real Hole
62
1
420
16711680
100
AcDbVertex
100
AcDb3dPolylineVertex
10
748720.037360747
20
8930162.16457262
30
181.832507499695
70
32
0
VERTEX
5
281
100
AcDbEntity
8
Real Hole
62
1
420
16711680
100
AcDbVertex
100
AcDb3dPolylineVertex
10
748720.038236525
20
8930162.28695854
30
180.840025314331
70
32
0
VERTEX
5
282
100
AcDbEntity
8
Real Hole
62
1
420
16711680
100
AcDbVertex
100
AcDb3dPolylineVertex
10
748720.021248009
20
8930162.37315151
30
179.84389151001
70
32
0
VERTEX
5
283
100
AcDbEntity
8
Real Hole
62
1
420
16711680
100
AcDbVertex
100
AcDb3dPolylineVertex
10
748720.020063427
20
8930162.3830125
30
179.74438608551
70
32
0
SEQEND
5
284
100
AcDbEntity
8
Real Hole
0
POINT
5
286
330
1A
100
AcDbEntity
67
0
8
Hole
62
244
420
659967
6
ByLayer
370
-1
48
1.0
60
0
100
AcDbPoint
10
748721.534001526
20
8930161.31099811
30
189.949000009537
39
0.0
210
0.0
220
0.0
230
1.0
50
360.0
0
LINE
5
287
330
1A
100
AcDbEntity
67
0
8
Theoretical Hole
62
244
420
659967
6
ByLayer
370
-1
48
1.0
60
0
100
AcDbLine
10
748721.534001526
20
8930161.31099811
30
189.949000009537
11
748721.629063782
21
8930162.00768771
31
179.893553623199
39
0.0
210
0.0
220
0.0
230
1.0
0
TEXT
5
288
330
1A
100
AcDbEntity
67
0
8
Number
62
244
420
659967
6
ByLayer
370
-1
48
1.0
60
0
100
AcDbText
1
798
10
748721.534001526
20
8930161.69199812
30
189.949000009537
40
0.3
41
1.0
50
0.0
51
0.0
7
Standard
11
748721.534001526
21
8930161.69199812
31
189.949000009537
210
0.0
220
0.0
230
1.0
72
0
100
AcDbText
73
0
0
TEXT
5
289
330
1A
100
AcDbEntity
67
0
8
label
62
1
420
16711680
6
ByLayer
370
-1
48
1.0
60
0
100
AcDbText
1

10
748721.534001526
20
8930162.09199812
30
189.949000009537
40
0.3
41
1.0
50
0.0
51
0.0
7
Standard
11
748721.534001526
21
8930162.09199812
31
189.949000009537
210
0.0
220
0.0
230
1.0
72
0
100
AcDbText
73
0
0
TEXT
5
28A
330
1A
100
AcDbEntity
67
0
8
Length
62
244
420
659967
6
ByLayer
370
-1
48
1.0
60
0
100
AcDbText
1
10.08
10
748721.534001526
20
8930160.5569981
30
189.949000009537
40
0.3
41
1.0
50
0.0
51
0.0
7
Standard
11
748721.534001526
21
8930160.5569981
31
189.949000009537
210
0.0
220
0.0
230
1.0
72
0
100
AcDbText
73
0
0
POLYLINE
5
297
330
1A
100
AcDbEntity
67
0
8
Real Hole
62
1
420
16711680
6
ByLayer
370
-1
48
1.0
60
0
100
AcDb3dPolyline
10
0.0
20
0.0
30
0.0
70
8
75
0
210
0.0
220
0.0
230
1.0
0
VERTEX
5
28B
100
AcDbEntity
8
Real Hole
62
1
420
16711680
100
AcDbVertex
100
AcDb3dPolylineVertex
10
748721.534001526
20
8930161.31099811
30
189.949000009537
70
32
0
VERTEX
5
28C
100
AcDbEntity
8
Real Hole
62
1
420
16711680
100
AcDbVertex
100
AcDb3dPolylineVertex
10
748721.573912762
20
8930161.34209054
30
188.950280674934
70
32
0
VERTEX
5
28D
100
AcDbEntity
8
Real Hole
62
1
420
16711680
100
AcDbVertex
100
AcDb3dPolylineVertex
10
748721.619443689
20
8930161.43269749
30
187.955435284615
70
32
0
VERTEX
5
28E
100
AcDbEntity
8
Real Hole
62
1
420
16711680
100
AcDbVertex
100
AcDb3dPolylineVertex
10
748721.645776552
20
8930161.48680764
30
186.957247623444
70
32
0
VERTEX
5
28F
100
AcDbEntity
8
Real Hole
62
1
420
16711680
100
AcDbVertex
100
AcDb3dPolylineVertex
10
748721.656949718
20
8930161.53543624
30
185.958493122101
70
32
0
VERTEX
5
290
100
AcDbEntity
8
Real Hole
62
1
420
16711680
100
AcDbVertex
100
AcDb3dPolylineVertex
10
748721.680633124
20
8930161.60987037
30
184.961548456192
70
32
0
VERTEX
5
291
100
AcDbEntity
8
Real Hole
62
1
420
16711680
100
AcDbVertex
100
AcDb3dPolylineVertex
10
748721.715152603
20
8930161.68685931
30
183.965114244461
70
32
0
VERTEX
5
292
100
AcDbEntity
8
Real Hole
62
1
420
16711680
100
AcDbVertex
100
AcDb3dPolylineVertex
10
748721.729324963
20
8930161.76650294
30
182.968391546249
70
32
0
VERTEX
5
293
100
AcDbEntity
8
Real Hole
62
1
420
16711680
100
AcDbVertex
100
AcDb3dPolylineVertex
10
748721.790731278
20
8930161.8333989
30
181.972522863388
70
32
0
VERTEX
5
294
100
AcDbEntity
8
Real Hole
62
1
420
16711680
100
AcDbVertex
100
AcDb3dPolylineVertex
10
748721.871644613
20
8930161.9427869
30
180.981822618485
70
32
0
VERTEX
5
295
100
AcDbEntity
8
Real Hole
62
1
420
16711680
100
AcDbVertex
100
AcDb3dPolylineVertex
10
748721.925833162
20
8930162.03419616
30
179.987484582901
70
32
0
SEQEND
5
296
100
AcDbEntity
8
Real Hole
0
POINT
5
298
330
1A
100
AcDbEntity
67
0
8
Hole
62
244
420
659967
6
ByLayer
370
-1
48
1.0
60
0
100
AcDbPoint
10
748722.961999115
20
8930161.06099811
30
189.918000110626
39
0.0
210
0.0
220
0.0
230
1.0
50
360.0
0
LINE
5
299
330
1A
100
AcDbEntity
67
0
8
Theoretical Hole
62
244
420
659967
6
ByLayer
370
-1
48
1.0
60
0
100
AcDbLine
10
748722.961999115
20
8930161.06099811
30
189.918000110626
11
748723.054742035
21
8930161.74067798
31
179.751116165161
39
0.0
210
0.0
220
0.0
230
1.0
0
TEXT
5
29A
330
1A
100
AcDbEntity
67
0
8
Number
62
244
420
659967
6
ByLayer
370
-1
48
1.0
60
0
100
AcDbText
1
799
10
748722.961999115
20
8930161.44199812
30
189.918000110626
40
0.3
41
1.0
50
0.0
51
0.0
7
Standard
11
748722.961999115
21
8930161.44199812
31
189.918000110626
210
0.0
220
0.0
230
1.0
72
0
100
AcDbText
73
0
0
TEXT
5
29B
330
1A
100
AcDbEntity
67
0
8
label
62
1
420
16711680
6
ByLayer
370
-1
48
1.0
60
0
100
AcDbText
1

10
748722.961999115
20
8930161.84199812
30
189.918000110626
40
0.3
41
1.0
50
0.0
51
0.0
7
Standard
11
748722.961999115
21
8930161.84199812
31
189.918000110626
210
0.0
220
0.0
230
1.0
72
0
100
AcDbText
73
0
0
TEXT
5
29C
330
1A
100
AcDbEntity
67
0
8
Length
62
244
420
659967
6
ByLayer
370
-1
48
1.0
60
0
100
AcDbText
1
10.19
10
748722.961999115
20
8930160.3069981
30
189.918000110626
40
0.3
41
1.0
50
0.0
51
0.0
7
Standard
11
748722.961999115
21
8930160.3069981
31
189.918000110626
210
0.0
220
0.0
230
1.0
72
0
100
AcDbText
73
0
0
POLYLINE
5
2AA
330
1A
100
AcDbEntity
67
0
8
Real Hole
62
1
420
16711680
6
ByLayer
370
-1
48
1.0
60
0
100
AcDb3dPolyline
10
0.0
20
0.0
30
0.0
70
8
75
0
210
0.0
220
0.0
230
1.0
0
VERTEX
5
29D
100
AcDbEntity
8
Real Hole
62
1
420
16711680
100
AcDbVertex
100
AcDb3dPolylineVertex
10
748722.961999115
20
8930161.06099811
30
189.918000110626
70
32
0
VERTEX
5
29E
100
AcDbEntity
8
Real Hole
62
1
420
16711680
100
AcDbVertex
100
AcDb3dPolylineVertex
10
748722.993960478
20
8930161.12182394
30
188.920363554001
70
32
0
VERTEX
5
29F
100
AcDbEntity
8
Real Hole
62
1
420
16711680
100
AcDbVertex
100
AcDb3dPolylineVertex
10
748723.006467194
20
8930161.19522261
30
187.923139342308
70
32
0
VERTEX
5
2A0
100
AcDbEntity
8
Real Hole
62
1
420
16711680
100
AcDbVertex
100
AcDb3dPolylineVertex
10
748723.004175041
20
8930161.28704323
30
186.927366384506
70
32
0
VERTEX
5
2A1
100
AcDbEntity
8
Real Hole
62
1
420
16711680
100
AcDbVertex
100
AcDb3dPolylineVertex
10
748722.991397929
20
8930161.34406444
30
185.929075130463
70
32
0
VERTEX
5
2A2
100
AcDbEntity
8
Real Hole
62
1
420
16711680
100
AcDbVertex
100
AcDb3dPolylineVertex
10
748723.00463022
20
8930161.43881699
30
184.933662303925
70
32
0
VERTEX
5
2A3
100
AcDbEntity
8
Real Hole
62
1
420
16711680
100
AcDbVertex
100
AcDb3dPolylineVertex
10
748722.996968709
20
8930161.51882389
30
183.936897167206
70
32
0
VERTEX
5
2A4
100
AcDbEntity
8
Real Hole
62
1
420
16711680
100
AcDbVertex
100
AcDb3dPolylineVertex
10
748723.008224655
20
8930161.58325114
30
182.939038642883
70
32
0
VERTEX
5
2A5
100
AcDbEntity
8
Real Hole
62
1
420
16711680
100
AcDbVertex
100
AcDb3dPolylineVertex
10
748723.026825231
20
8930161.6721321
30
181.943169960022
70
32
0
VERTEX
5
2A6
100
AcDbEntity
8
Real Hole
62
1
420
16711680
100
AcDbVertex
100
AcDb3dPolylineVertex
10
748723.017861665
20
8930161.76022383
30
180.947097667694
70
32
0
VERTEX
5
2A7
100
AcDbEntity
8
Real Hole
62
1
420
16711680
100
AcDbVertex
100
AcDb3dPolylineVertex
10
748723.031775896
20
8930161.84907826
30
179.951150783539
70
32
0
VERTEX
5
2A8
100
AcDbEntity
8
Real Hole
62
1
420
16711680
100
AcDbVertex
100
AcDb3dPolylineVertex
10
748723.036317487
20
8930161.8660514
30
179.75192345047
70
32
0
SEQEND
5
2A9
100
AcDbEntity
8
Real Hole
0
POINT
5
2AB
330
1A
100
AcDbEntity
67
0
8
Hole
62
244
420
659967
6
ByLayer
370
-1
48
1.0
60
0
100
AcDbPoint
10
748724.620999512
20
8930160.9090015
30
190.173999914169
39
0.0
210
0.0
220
0.0
230
1.0
50
360.0
0
LINE
5
2AC
330
1A
100
AcDbEntity
67
0
8
Theoretical Hole
62
244
420
659967
6
ByLayer
370
-1
48
1.0
60
0
100
AcDbLine
10
748724.620999512
20
8930160.9090015
30
190.173999914169
11
748724.709580597
21
8930161.55817523
31
179.874819168091
39
0.0
210
0.0
220
0.0
230
1.0
0
TEXT
5
2AD
330
1A
100
AcDbEntity
67
0
8
Number
62
244
420
659967
6
ByLayer
370
-1
48
1.0
60
0
100
AcDbText
1
800
10
748724.620999512
20
8930161.29000151
30
190.173999914169
40
0.3
41
1.0
50
0.0
51
0.0
7
Standard
11
748724.620999512
21
8930161.29000151
31
190.173999914169
210
0.0
220
0.0
230
1.0
72
0
100
AcDbText
73
0
0
TEXT
5
2AE
330
1A
100
AcDbEntity
67
0
8
label
62
1
420
16711680
6
ByLayer
370
-1
48
1.0
60
0
100
AcDbText
1

10
748724.620999512
20
8930161.69000151
30
190.173999914169
40
0.3
41
1.0
50
0.0
51
0.0
7
Standard
11
748724.620999512
21
8930161.69000151
31
190.173999914169
210
0.0
220
0.0
230
1.0
72
0
100
AcDbText
73
0
0
TEXT
5
2AF
330
1A
100
AcDbEntity
67
0
8
Length
62
244
420
659967
6
ByLayer
370
-1
48
1.0
60
0
100
AcDbText
1
10.32
10
748724.620999512
20
8930160.15500149
30
190.173999914169
40
0.3
41
1.0
50
0.0
51
0.0
7
Standard
11
748724.620999512
21
8930160.15500149
31
190.173999914169
210
0.0
220
0.0
230
1.0
72
0
100
AcDbText
73
0
0
POLYLINE
5
2BD
330
1A
100
AcDbEntity
67
0
8
Real Hole
62
1
420
16711680
6
ByLayer
370
-1
48
1.0
60
0
100
AcDb3dPolyline
10
0.0
20
0.0
30
0.0
70
8
75
0
210
0.0
220
0.0
230
1.0
0
VERTEX
5
2B0
100
AcDbEntity
8
Real Hole
62
1
420
16711680
100
AcDbVertex
100
AcDb3dPolylineVertex
10
748724.620999512
20
8930160.9090015
30
190.173999914169
70
32
0
VERTEX
5
2B1
100
AcDbEntity
8
Real Hole
62
1
420
16711680
100
AcDbVertex
100
AcDb3dPolylineVertex
10
748724.670277663
20
8930160.99120899
30
189.178603717327
70
32
0
VERTEX
5
2B2
100
AcDbEntity
8
Real Hole
62
1
420
16711680
100
AcDbVertex
100
AcDb3dPolylineVertex
10
748724.70950016
20
8930161.11878295
30
188.187550553322
70
32
0
VERTEX
5
2B3
100
AcDbEntity
8
Real Hole
62
1
420
16711680
100
AcDbVertex
100
AcDb3dPolylineVertex
10
748724.750599813
20
8930161.24921378
30
187.196945318222
70
32
0
VERTEX
5
2B4
100
AcDbEntity
8
Real Hole
62
1
420
16711680
100
AcDbVertex
100
AcDb3dPolylineVertex
10
748724.776983347
20
8930161.35340401
30
186.20273793602
70
32
0
VERTEX
5
2B5
100
AcDbEntity
8
Real Hole
62
1
420
16711680
100
AcDbVertex
100
AcDb3dPolylineVertex
10
748724.840514761
20
8930161.4864808
30
185.213670381546
70
32
0
VERTEX
5
2B6
100
AcDbEntity
8
Real Hole
62
1
420
16711680
100
AcDbVertex
100
AcDb3dPolylineVertex
10
748724.912316468
20
8930161.63547405
30
184.227442392349
70
32
0
VERTEX
5
2B7
100
AcDbEntity
8
Real Hole
62
1
420
16711680
100
AcDbVertex
100
AcDb3dPolylineVertex
10
748724.964123961
20
8930161.76706239
30
183.237492689133
70
32
0
VERTEX
5
2B8
100
AcDbEntity
8
Real Hole
62
1
420
16711680
100
AcDbVertex
100
AcDb3dPolylineVertex
10
748725.036299851
20
8930161.88484272
30
182.247079500198
70
32
0
VERTEX
5
2B9
100
AcDbEntity
8
Real Hole
62
1
420
16711680
100
AcDbVertex
100
AcDb3dPolylineVertex
10
748725.099877145
20
8930162.0576407
30
181.264176496506
70
32
0
VERTEX
5
2BA
100
AcDbEntity
8
Real Hole
62
1
420
16711680
100
AcDbVertex
100
AcDb3dPolylineVertex
10
748725.163061913
20
8930162.2463707
30
180.284181722641
70
32
0
VERTEX
5
2BB
100
AcDbEntity
8
Real Hole
62
1
420
16711680
100
AcDbVertex
100
AcDb3dPolylineVertex
10
748725.172862705
20
8930162.27879157
30
180.08707059288
70
32
0
SEQEND
5
2BC
100
AcDbEntity
8
Real Hole
0
POINT
5
2BE
330
1A
100
AcDbEntity
67
0
8
Hole
62
244
420
659967
6
ByLayer
370
-1
48
1.0
60
0
100
AcDbPoint
10
748726.182000336
20
8930160.66700092
30
190.192999967575
39
0.0
210
0.0
220
0.0
230
1.0
50
360.0
0
LINE
5
2BF
330
1A
100
AcDbEntity
67
0
8
Theoretical Hole
62
244
420
659967
6
ByLayer
370
-1
48
1.0
60
0
100
AcDbLine
10
748726.182000336
20
8930160.66700092
30
190.192999967575
11
748726.265477356
21
8930161.27876773
31
179.891487487793
39
0.0
210
0.0
220
0.0
230
1.0
0
TEXT
5
2C0
330
1A
100
AcDbEntity
67
0
8
Number
62
244
420
659967
6
ByLayer
370
-1
48
1.0
60
0
100
AcDbText
1
801
10
748726.182000336
20
8930161.04800093
30
190.192999967575
40
0.3
41
1.0
50
0.0
51
0.0
7
Standard
11
748726.182000336
21
8930161.04800093
31
190.192999967575
210
0.0
220
0.0
230
1.0
72
0
100
AcDbText
73
0
0
TEXT
5
2C1
330
1A
100
AcDbEntity
67
0
8
label
62
1
420
16711680
6
ByLayer
370
-1
48
1.0
60
0
100
AcDbText
1

10
748726.182000336
20
8930161.44800093
30
190.192999967575
40
0.3
41
1.0
50
0.0
51
0.0
7
Standard
11
748726.182000336
21
8930161.44800093
31
190.192999967575
210
0.0
220
0.0
230
1.0
72
0
100
AcDbText
73
0
0
TEXT
5
2C2
330
1A
100
AcDbEntity
67
0
8
Length
62
244
420
659967
6
ByLayer
370
-1
48
1.0
60
0
100
AcDbText
1
10.32
10
748726.182000336
20
8930159.91300091
30
190.192999967575
40
0.3
41
1.0
50
0.0
51
0.0
7
Standard
11
748726.182000336
21
8930159.91300091
31
190.192999967575
210
0.0
220
0.0
230
1.0
72
0
100
AcDbText
73
0
0
POLYLINE
5
2CF
330
1A
100
AcDbEntity
67
0
8
Real Hole
62
1
420
16711680
6
ByLayer
370
-1
48
1.0
60
0
100
AcDb3dPolyline
10
0.0
20
0.0
30
0.0
70
8
75
0
210
0.0
220
0.0
230
1.0
0
VERTEX
5
2C3
100
AcDbEntity
8
Real Hole
62
1
420
16711680
100
AcDbVertex
100
AcDb3dPolylineVertex
10
748726.182000336
20
8930160.66700092
30
190.192999967575
70
32
0
VERTEX
5
2C4
100
AcDbEntity
8
Real Hole
62
1
420
16711680
100
AcDbVertex
100
AcDb3dPolylineVertex
10
748726.193081693
20
8930160.66185712
30
189.19307459259
70
32
0
VERTEX
5
2C5
100
AcDbEntity
8
Real Hole
62
1
420
16711680
100
AcDbVertex
100
AcDb3dPolylineVertex
10
748726.195981104
20
8930160.70939825
30
188.194209584236
70
32
0
VERTEX
5
2C6
100
AcDbEntity
8
Real Hole
62
1
420
16711680
100
AcDbVertex
100
AcDb3dPolylineVertex
10
748726.185708162
20
8930160.76071608
30
187.19557989502
70
32
0
VERTEX
5
2C7
100
AcDbEntity
8
Real Hole
62
1
420
16711680
100
AcDbVertex
100
AcDb3dPolylineVertex
10
748726.176277668
20
8930160.79720738
30
186.196290620804
70
32
0
VERTEX
5
2C8
100
AcDbEntity
8
Real Hole
62
1
420
16711680
100
AcDbVertex
100
AcDb3dPolylineVertex
10
748726.174689914
20
8930160.84829858
30
185.197597631454
70
32
0
VERTEX
5
2C9
100
AcDbEntity
8
Real Hole
62
1
420
16711680
100
AcDbVertex
100
AcDb3dPolylineVertex
10
748726.148940083
20
8930160.88690881
30
184.198675283432
70
32
0
VERTEX
5
2CA
100
AcDbEntity
8
Real Hole
62
1
420
16711680
100
AcDbVertex
100
AcDb3dPolylineVertex
10
748726.140499242
20
8930160.94155952
30
183.200205453873
70
32
0
VERTEX
5
2CB
100
AcDbEntity
8
Real Hole
62
1
420
16711680
100
AcDbVertex
100
AcDb3dPolylineVertex
10
748726.129017305
20
8930160.9993886
30
182.201944955826
70
32
0
VERTEX
5
2CC
100
AcDbEntity
8
Real Hole
62
1
420
16711680
100
AcDbVertex
100
AcDb3dPolylineVertex
10
748726.136235264
20
8930161.02126488
30
181.202210554123
70
32
0
VERTEX
5
2CD
100
AcDbEntity
8
Real Hole
62
1
420
16711680
100
AcDbVertex
100
AcDb3dPolylineVertex
10
748726.12179932
20
8930161.05180439
30
180.402923711777
70
32
0
SEQEND
5
2CE
100
AcDbEntity
8
Real Hole
0
POINT
5
2D0
330
1A
100
AcDbEntity
67
0
8
Hole
62
244
420
659967
6
ByLayer
370
-1
48
1.0
60
0
100
AcDbPoint
10
748727.559998688
20
8930160.40300098
30
190.103999980927
39
0.0
210
0.0
220
0.0
230
1.0
50
360.0
0
LINE
5
2D1
330
1A
100
AcDbEntity
67
0
8
Theoretical Hole
62
244
420
659967
6
ByLayer
370
-1
48
1.0
60
0
100
AcDbLine
10
748727.559998688
20
8930160.40300098
30
190.103999980927
11
748727.638573822
21
8930160.97884479
31
179.900536903381
39
0.0
210
0.0
220
0.0
230
1.0
0
TEXT
5
2D2
330
1A
100
AcDbEntity
67
0
8
Number
62
244
420
659967
6
ByLayer
370
-1
48
1.0
60
0
100
AcDbText
1
802
10
748727.559998688
20
8930160.78400099
30
190.103999980927
40
0.3
41
1.0
50
0.0
51
0.0
7
Standard
11
748727.559998688
21
8930160.78400099
31
190.103999980927
210
0.0
220
0.0
230
1.0
72
0
100
AcDbText
73
0
0
TEXT
5
2D3
330
1A
100
AcDbEntity
67
0
8
label
62
1
420
16711680
6
ByLayer
370
-1
48
1.0
60
0
100
AcDbText
1

10
748727.559998688
20
8930161.18400099
30
190.103999980927
40
0.3
41
1.0
50
0.0
51
0.0
7
Standard
11
748727.559998688
21
8930161.18400099
31
190.103999980927
210
0.0
220
0.0
230
1.0
72
0
100
AcDbText
73
0
0
TEXT
5
2D4
330
1A
100
AcDbEntity
67
0
8
Length
62
244
420
659967
6
ByLayer
370
-1
48
1.0
60
0
100
AcDbText
1
10.22
10
748727.559998688
20
8930159.64900097
30
190.103999980927
40
0.3
41
1.0
50
0.0
51
0.0
7
Standard
11
748727.559998688
21
8930159.64900097
31
190.103999980927
210
0.0
220
0.0
230
1.0
72
0
100
AcDbText
73
0
0
POLYLINE
5
2E2
330
1A
100
AcDbEntity
67
0
8
Real Hole
62
1
420
16711680
6
ByLayer
370
-1
48
1.0
60
0
100
AcDb3dPolyline
10
0.0
20
0.0
30
0.0
70
8
75
0
210
0.0
220
0.0
230
1.0
0
VERTEX
5
2D5
100
AcDbEntity
8
Real Hole
62
1
420
16711680
100
AcDbVertex
100
AcDb3dPolylineVertex
10
748727.559998688
20
8930160.40300098
30
190.103999980927
70
32
0
VERTEX
5
2D6
100
AcDbEntity
8
Real Hole
62
1
420
16711680
100
AcDbVertex
100
AcDb3dPolylineVertex
10
748727.631483656
20
8930160.43973926
30
189.107235142231
70
32
0
VERTEX
5
2D7
100
AcDbEntity
8
Real Hole
62
1
420
16711680
100
AcDbVertex
100
AcDb3dPolylineVertex
10
748727.69366793
20
8930160.5027759
30
188.111163028717
70
32
0
VERTEX
5
2D8
100
AcDbEntity
8
Real Hole
62
1
420
16711680
100
AcDbVertex
100
AcDb3dPolylineVertex
10
748727.708845195
20
8930160.58506582
30
187.114670166016
70
32
0
VERTEX
5
2D9
100
AcDbEntity
8
Real Hole
62
1
420
16711680
100
AcDbVertex
100
AcDb3dPolylineVertex
10
748727.723563638
20
8930160.66637873
30
186.118090280533
70
32
0
VERTEX
5
2DA
100
AcDbEntity
8
Real Hole
62
1
420
16711680
100
AcDbVertex
100
AcDb3dPolylineVertex
10
748727.774167311
20
8930160.73669758
30
185.121849903107
70
32
0
VERTEX
5
2DB
100
AcDbEntity
8
Real Hole
62
1
420
16711680
100
AcDbVertex
100
AcDb3dPolylineVertex
10
748727.827835556
20
8930160.83021831
30
184.12768019104
70
32
0
VERTEX
5
2DC
100
AcDbEntity
8
Real Hole
62
1
420
16711680
100
AcDbVertex
100
AcDb3dPolylineVertex
10
748727.863202479
20
8930160.92655024
30
183.132959732056
70
32
0
VERTEX
5
2DD
100
AcDbEntity
8
Real Hole
62
1
420
16711680
100
AcDbVertex
100
AcDb3dPolylineVertex
10
748727.896994498
20
8930161.03186318
30
182.139094718933
70
32
0
VERTEX
5
2DE
100
AcDbEntity
8
Real Hole
62
1
420
16711680
100
AcDbVertex
100
AcDb3dPolylineVertex
10
748727.934962776
20
8930161.12626466
30
181.1442850914
70
32
0
VERTEX
5
2DF
100
AcDbEntity
8
Real Hole
62
1
420
16711680
100
AcDbVertex
100
AcDb3dPolylineVertex
10
748727.995422598
20
8930161.23743257
30
180.152323612213
70
32
0
VERTEX
5
2E0
100
AcDbEntity
8
Real Hole
62
1
420
16711680
100
AcDbVertex
100
AcDb3dPolylineVertex
10
748728.021844354
20
8930161.27168008
30
179.855459102631
70
32
0
SEQEND
5
2E1
100
AcDbEntity
8
Real Hole
0
POINT
5
2E3
330
1A
100
AcDbEntity
67
0
8
Hole
62
244
420
659967
6
ByLayer
370
-1
48
1.0
60
0
100
AcDbPoint
10
748729.14999884
20
8930160.17799869
30
189.998000034332
39
0.0
210
0.0
220
0.0
230
1.0
50
360.0
0
LINE
5
2E4
330
1A
100
AcDbEntity
67
0
8
Theoretical Hole
62
244
420
659967
6
ByLayer
370
-1
48
1.0
60
0
100
AcDbLine
10
748729.14999884
20
8930160.17799869
30
189.998000034332
11
748729.22365683
21
8930160.71782031
31
179.872646697998
39
0.0
210
0.0
220
0.0
230
1.0
0
TEXT
5
2E5
330
1A
100
AcDbEntity
67
0
8
Number
62
244
420
659967
6
ByLayer
370
-1
48
1.0
60
0
100
AcDbText
1
803
10
748729.14999884
20
8930160.5589987
30
189.998000034332
40
0.3
41
1.0
50
0.0
51
0.0
7
Standard
11
748729.14999884
21
8930160.5589987
31
189.998000034332
210
0.0
220
0.0
230
1.0
72
0
100
AcDbText
73
0
0
TEXT
5
2E6
330
1A
100
AcDbEntity
67
0
8
label
62
1
420
16711680
6
ByLayer
370
-1
48
1.0
60
0
100
AcDbText
1

10
748729.14999884
20
8930160.9589987
30
189.998000034332
40
0.3
41
1.0
50
0.0
51
0.0
7
Standard
11
748729.14999884
21
8930160.9589987
31
189.998000034332
210
0.0
220
0.0
230
1.0
72
0
100
AcDbText
73
0
0
TEXT
5
2E7
330
1A
100
AcDbEntity
67
0
8
Length
62
244
420
659967
6
ByLayer
370
-1
48
1.0
60
0
100
AcDbText
1
10.14
10
748729.14999884
20
8930159.42399868
30
189.998000034332
40
0.3
41
1.0
50
0.0
51
0.0
7
Standard
11
748729.14999884
21
8930159.42399868
31
189.998000034332
210
0.0
220
0.0
230
1.0
72
0
100
AcDbText
73
0
0
POLYLINE
5
2F5
330
1A
100
AcDbEntity
67
0
8
Real Hole
62
1
420
16711680
6
ByLayer
370
-1
48
1.0
60
0
100
AcDb3dPolyline
10
0.0
20
0.0
30
0.0
70
8
75
0
210
0.0
220
0.0
230
1.0
0
VERTEX
5
2E8
100
AcDbEntity
8
Real Hole
62
1
420
16711680
100
AcDbVertex
100
AcDb3dPolylineVertex
10
748729.14999884
20
8930160.17799869
30
189.998000034332
70
32
0
VERTEX
5
2E9
100
AcDbEntity
8
Real Hole
62
1
420
16711680
100
AcDbVertex
100
AcDb3dPolylineVertex
10
748729.166695804
20
8930160.21487535
30
188.998819717407
70
32
0
VERTEX
5
2EA
100
AcDbEntity
8
Real Hole
62
1
420
16711680
100
AcDbVertex
100
AcDb3dPolylineVertex
10
748729.18351584
20
8930160.27573261
30
188.000814923286
70
32
0
VERTEX
5
2EB
100
AcDbEntity
8
Real Hole
62
1
420
16711680
100
AcDbVertex
100
AcDb3dPolylineVertex
10
748729.19501761
20
8930160.27865796
30
187.000885375977
70
32
0
VERTEX
5
2EC
100
AcDbEntity
8
Real Hole
62
1
420
16711680
100
AcDbVertex
100
AcDb3dPolylineVertex
10
748729.219675538
20
8930160.31421546
30
186.001821884155
70
32
0
VERTEX
5
2ED
100
AcDbEntity
8
Real Hole
62
1
420
16711680
100
AcDbVertex
100
AcDb3dPolylineVertex
10
748729.229353395
20
8930160.34610907
30
185.002377399445
70
32
0
VERTEX
5
2EE
100
AcDbEntity
8
Real Hole
62
1
420
16711680
100
AcDbVertex
100
AcDb3dPolylineVertex
10
748729.256802198
20
8930160.38045668
30
184.003344425201
70
32
0
VERTEX
5
2EF
100
AcDbEntity
8
Real Hole
62
1
420
16711680
100
AcDbVertex
100
AcDb3dPolylineVertex
10
748729.264080029
20
8930160.41423212
30
183.003941902161
70
32
0
VERTEX
5
2F0
100
AcDbEntity
8
Real Hole
62
1
420
16711680
100
AcDbVertex
100
AcDb3dPolylineVertex
10
748729.266982619
20
8930160.4476102
30
182.004503139496
70
32
0
VERTEX
5
2F1
100
AcDbEntity
8
Real Hole
62
1
420
16711680
100
AcDbVertex
100
AcDb3dPolylineVertex
10
748729.300903913
20
8930160.48792159
30
181.005891689301
70
32
0
VERTEX
5
2F2
100
AcDbEntity
8
Real Hole
62
1
420
16711680
100
AcDbVertex
100
AcDb3dPolylineVertex
10
748729.338525471
20
8930160.52096131
30
180.007145771027
70
32
0
VERTEX
5
2F3
100
AcDbEntity
8
Real Hole
62
1
420
16711680
100
AcDbVertex
100
AcDb3dPolylineVertex
10
748729.341251519
20
8930160.52269062
30
179.907197841644
70
32
0
SEQEND
5
2F4
100
AcDbEntity
8
Real Hole
0
POINT
5
2F6
330
1A
100
AcDbEntity
67
0
8
Hole
62
244
420
659967
6
ByLayer
370
-1
48
1.0
60
0
100
AcDbPoint
10
748730.455998596
20
8930160.14899936
30
189.979999908447
39
0.0
210
0.0
220
0.0
230
1.0
50
360.0
0
LINE
5
2F7
330
1A
100
AcDbEntity
67
0
8
Theoretical Hole
62
244
420
659967
6
ByLayer
370
-1
48
1.0
60
0
100
AcDbLine
10
748730.455998596
20
8930160.14899936
30
189.979999908447
11
748730.524674591
21
8930160.6523067
31
179.88276947403
39
0.0
210
0.0
220
0.0
230
1.0
0
TEXT
5
2F8
330
1A
100
AcDbEntity
67
0
8
Number
62
244
420
659967
6
ByLayer
370
-1
48
1.0
60
0
100
AcDbText
1
804
10
748730.455998596
20
8930160.52999937
30
189.979999908447
40
0.3
41
1.0
50
0.0
51
0.0
7
Standard
11
748730.455998596
21
8930160.52999937
31
189.979999908447
210
0.0
220
0.0
230
1.0
72
0
100
AcDbText
73
0
0
TEXT
5
2F9
330
1A
100
AcDbEntity
67
0
8
label
62
1
420
16711680
6
ByLayer
370
-1
48
1.0
60
0
100
AcDbText
1

10
748730.455998596
20
8930160.92999937
30
189.979999908447
40
0.3
41
1.0
50
0.0
51
0.0
7
Standard
11
748730.455998596
21
8930160.92999937
31
189.979999908447
210
0.0
220
0.0
230
1.0
72
0
100
AcDbText
73
0
0
TEXT
5
2FA
330
1A
100
AcDbEntity
67
0
8
Length
62
244
420
659967
6
ByLayer
370
-1
48
1.0
60
0
100
AcDbText
1
10.11
10
748730.455998596
20
8930159.39499935
30
189.979999908447
40
0.3
41
1.0
50
0.0
51
0.0
7
Standard
11
748730.455998596
21
8930159.39499935
31
189.979999908447
210
0.0
220
0.0
230
1.0
72
0
100
AcDbText
73
0
0
POLYLINE
5
307
330
1A
100
AcDbEntity
67
0
8
Real Hole
62
1
420
16711680
6
ByLayer
370
-1
48
1.0
60
0
100
AcDb3dPolyline
10
0.0
20
0.0
30
0.0
70
8
75
0
210
0.0
220
0.0
230
1.0
0
VERTEX
5
2FB
100
AcDbEntity
8
Real Hole
62
1
420
16711680
100
AcDbVertex
100
AcDb3dPolylineVertex
10
748730.455998596
20
8930160.14899936
30
189.979999908447
70
32
0
VERTEX
5
2FC
100
AcDbEntity
8
Real Hole
62
1
420
16711680
100
AcDbVertex
100
AcDb3dPolylineVertex
10
748730.442190553
20
8930160.16332299
30
188.980197855473
70
32
0
VERTEX
5
2FD
100
AcDbEntity
8
Real Hole
62
1
420
16711680
100
AcDbVertex
100
AcDb3dPolylineVertex
10
748730.424588208
20
8930160.21867846
30
187.981886276245
70
32
0
VERTEX
5
2FE
100
AcDbEntity
8
Real Hole
62
1
420
16711680
100
AcDbVertex
100
AcDb3dPolylineVertex
10
748730.409407318
20
8930160.26124081
30
186.982907899857
70
32
0
VERTEX
5
2FF
100
AcDbEntity
8
Real Hole
62
1
420
16711680
100
AcDbVertex
100
AcDb3dPolylineVertex
10
748730.425759044
20
8930160.32600477
30
185.985141166687
70
32
0
VERTEX
5
300
100
AcDbEntity
8
Real Hole
62
1
420
16711680
100
AcDbVertex
100
AcDb3dPolylineVertex
10
748730.396310013
20
8930160.39514733
30
184.987969287872
70
32
0
VERTEX
5
301
100
AcDbEntity
8
Real Hole
62
1
420
16711680
100
AcDbVertex
100
AcDb3dPolylineVertex
10
748730.390999224
20
8930160.43896916
30
183.988943943024
70
32
0
VERTEX
5
302
100
AcDbEntity
8
Real Hole
62
1
420
16711680
100
AcDbVertex
100
AcDb3dPolylineVertex
10
748730.398153082
20
8930160.49450609
30
182.990512737274
70
32
0
VERTEX
5
303
100
AcDbEntity
8
Real Hole
62
1
420
16711680
100
AcDbVertex
100
AcDb3dPolylineVertex
10
748730.388466079
20
8930160.55672118
30
181.992497333527
70
32
0
VERTEX
5
304
100
AcDbEntity
8
Real Hole
62
1
420
16711680
100
AcDbVertex
100
AcDb3dPolylineVertex
10
748730.392077204
20
8930160.62655845
30
180.99494493866
70
32
0
VERTEX
5
305
100
AcDbEntity
8
Real Hole
62
1
420
16711680
100
AcDbVertex
100
AcDb3dPolylineVertex
10
748730.393827852
20
8930160.70029804
30
179.997669586182
70
32
0
SEQEND
5
306
100
AcDbEntity
8
Real Hole
0
POINT
5
308
330
1A
100
AcDbEntity
67
0
8
Hole
62
244
420
659967
6
ByLayer
370
-1
48
1.0
60
0
100
AcDbPoint
10
748732.066998657
20
8930160.04399982
30
189.92900002861
39
0.0
210
0.0
220
0.0
230
1.0
50
360.0
0
LINE
5
309
330
1A
100
AcDbEntity
67
0
8
Theoretical Hole
62
244
420
659967
6
ByLayer
370
-1
48
1.0
60
0
100
AcDbLine
10
748732.066998657
20
8930160.04399982
30
189.92900002861
11
748732.130658325
21
8930160.51052585
31
179.870014556885
39
0.0
210
0.0
220
0.0
230
1.0
0
TEXT
5
30A
330
1A
100
AcDbEntity
67
0
8
Number
62
244
420
659967
6
ByLayer
370
-1
48
1.0
60
0
100
AcDbText
1
805
10
748732.066998657
20
8930160.42499983
30
189.92900002861
40
0.3
41
1.0
50
0.0
51
0.0
7
Standard
11
748732.066998657
21
8930160.42499983
31
189.92900002861
210
0.0
220
0.0
230
1.0
72
0
100
AcDbText
73
0
0
TEXT
5
30B
330
1A
100
AcDbEntity
67
0
8
label
62
1
420
16711680
6
ByLayer
370
-1
48
1.0
60
0
100
AcDbText
1

10
748732.066998657
20
8930160.82499983
30
189.92900002861
40
0.3
41
1.0
50
0.0
51
0.0
7
Standard
11
748732.066998657
21
8930160.82499983
31
189.92900002861
210
0.0
220
0.0
230
1.0
72
0
100
AcDbText
73
0
0
TEXT
5
30C
330
1A
100
AcDbEntity
67
0
8
Length
62
244
420
659967
6
ByLayer
370
-1
48
1.0
60
0
100
AcDbText
1
10.07
10
748732.066998657
20
8930159.28999981
30
189.92900002861
40
0.3
41
1.0
50
0.0
51
0.0
7
Standard
11
748732.066998657
21
8930159.28999981
31
189.92900002861
210
0.0
220
0.0
230
1.0
72
0
100
AcDbText
73
0
0
POLYLINE
5
31A
330
1A
100
AcDbEntity
67
0
8
Real Hole
62
1
420
16711680
6
ByLayer
370
-1
48
1.0
60
0
100
AcDb3dPolyline
10
0.0
20
0.0
30
0.0
70
8
75
0
210
0.0
220
0.0
230
1.0
0
VERTEX
5
30D
100
AcDbEntity
8
Real Hole
62
1
420
16711680
100
AcDbVertex
100
AcDb3dPolylineVertex
10
748732.066998657
20
8930160.04399982
30
189.92900002861
70
32
0
VERTEX
5
30E
100
AcDbEntity
8
Real Hole
62
1
420
16711680
100
AcDbVertex
100
AcDb3dPolylineVertex
10
748732.060154727
20
8930160.04883126
30
188.929035135746
70
32
0
VERTEX
5
30F
100
AcDbEntity
8
Real Hole
62
1
420
16711680
100
AcDbVertex
100
AcDb3dPolylineVertex
10
748732.047897339
20
8930160.06050788
30
187.929178365707
70
32
0
VERTEX
5
310
100
AcDbEntity
8
Real Hole
62
1
420
16711680
100
AcDbVertex
100
AcDb3dPolylineVertex
10
748732.056402345
20
8930160.09146953
30
186.929694065094
70
32
0
VERTEX
5
311
100
AcDbEntity
8
Real Hole
62
1
420
16711680
100
AcDbVertex
100
AcDb3dPolylineVertex
10
748732.100340888
20
8930160.10694273
30
185.930779584885
70
32
0
VERTEX
5
312
100
AcDbEntity
8
Real Hole
62
1
420
16711680
100
AcDbVertex
100
AcDb3dPolylineVertex
10
748732.130098153
20
8930160.1545828
30
184.932358392715
70
32
0
VERTEX
5
313
100
AcDbEntity
8
Real Hole
62
1
420
16711680
100
AcDbVertex
100
AcDb3dPolylineVertex
10
748732.154260781
20
8930160.19173318
30
183.933340677261
70
32
0
VERTEX
5
314
100
AcDbEntity
8
Real Hole
62
1
420
16711680
100
AcDbVertex
100
AcDb3dPolylineVertex
10
748732.203659606
20
8930160.22128605
30
182.934999116898
70
32
0
VERTEX
5
315
100
AcDbEntity
8
Real Hole
62
1
420
16711680
100
AcDbVertex
100
AcDb3dPolylineVertex
10
748732.248917904
20
8930160.28473585
30
181.93804086113
70
32
0
VERTEX
5
316
100
AcDbEntity
8
Real Hole
62
1
420
16711680
100
AcDbVertex
100
AcDb3dPolylineVertex
10
748732.289108482
20
8930160.34323537
30
180.940562376022
70
32
0
VERTEX
5
317
100
AcDbEntity
8
Real Hole
62
1
420
16711680
100
AcDbVertex
100
AcDb3dPolylineVertex
10
748732.323243197
20
8930160.40803241
30
179.943247922897
70
32
0
VERTEX
5
318
100
AcDbEntity
8
Real Hole
62
1
420
16711680
100
AcDbVertex
100
AcDb3dPolylineVertex
10
748732.332392391
20
8930160.42286941
30
179.744009145737
70
32
0
SEQEND
5
319
100
AcDbEntity
8
Real Hole
0
POINT
5
31B
330
1A
100
AcDbEntity
67
0
8
Hole
62
244
420
659967
6
ByLayer
370
-1
48
1.0
60
0
100
AcDbPoint
10
748733.506001648
20
8930159.74599948
30
189.892000087738
39
0.0
210
0.0
220
0.0
230
1.0
50
360.0
0
LINE
5
31C
330
1A
100
AcDbEntity
67
0
8
Theoretical Hole
62
244
420
659967
6
ByLayer
370
-1
48
1.0
60
0
100
AcDbLine
10
748733.506001648
20
8930159.74599948
30
189.892000087738
11
748733.564732727
21
8930160.17644992
31
179.861403354645
39
0.0
210
0.0
220
0.0
230
1.0
0
TEXT
5
31D
330
1A
100
AcDbEntity
67
0
8
Number
62
244
420
659967
6
ByLayer
370
-1
48
1.0
60
0
100
AcDbText
1
806
10
748733.506001648
20
8930160.12699949
30
189.892000087738
40
0.3
41
1.0
50
0.0
51
0.0
7
Standard
11
748733.506001648
21
8930160.12699949
31
189.892000087738
210
0.0
220
0.0
230
1.0
72
0
100
AcDbText
73
0
0
TEXT
5
31E
330
1A
100
AcDbEntity
67
0
8
label
62
1
420
16711680
6
ByLayer
370
-1
48
1.0
60
0
100
AcDbText
1

10
748733.506001648
20
8930160.52699949
30
189.892000087738
40
0.3
41
1.0
50
0.0
51
0.0
7
Standard
11
748733.506001648
21
8930160.52699949
31
189.892000087738
210
0.0
220
0.0
230
1.0
72
0
100
AcDbText
73
0
0
TEXT
5
31F
330
1A
100
AcDbEntity
67
0
8
Length
62
244
420
659967
6
ByLayer
370
-1
48
1.0
60
0
100
AcDbText
1
10.04
10
748733.506001648
20
8930158.99199947
30
189.892000087738
40
0.3
41
1.0
50
0.0
51
0.0
7
Standard
11
748733.506001648
21
8930158.99199947
31
189.892000087738
210
0.0
220
0.0
230
1.0
72
0
100
AcDbText
73
0
0
POLYLINE
5
32D
330
1A
100
AcDbEntity
67
0
8
Real Hole
62
1
420
16711680
6
ByLayer
370
-1
48
1.0
60
0
100
AcDb3dPolyline
10
0.0
20
0.0
30
0.0
70
8
75
0
210
0.0
220
0.0
230
1.0
0
VERTEX
5
320
100
AcDbEntity
8
Real Hole
62
1
420
16711680
100
AcDbVertex
100
AcDb3dPolylineVertex
10
748733.506001648
20
8930159.74599948
30
189.892000087738
70
32
0
VERTEX
5
321
100
AcDbEntity
8
Real Hole
62
1
420
16711680
100
AcDbVertex
100
AcDb3dPolylineVertex
10
748733.473971993
20
8930159.79298843
30
188.893618353844
70
32
0
VERTEX
5
322
100
AcDbEntity
8
Real Hole
62
1
420
16711680
100
AcDbVertex
100
AcDb3dPolylineVertex
10
748733.458783664
20
8930159.84124773
30
187.894899019241
70
32
0
VERTEX
5
323
100
AcDbEntity
8
Real Hole
62
1
420
16711680
100
AcDbVertex
100
AcDb3dPolylineVertex
10
748733.465388351
20
8930159.8877128
30
186.896000989914
70
32
0
VERTEX
5
324
100
AcDbEntity
8
Real Hole
62
1
420
16711680
100
AcDbVertex
100
AcDb3dPolylineVertex
10
748733.472186581
20
8930159.93309244
30
185.897054323196
70
32
0
VERTEX
5
325
100
AcDbEntity
8
Real Hole
62
1
420
16711680
100
AcDbVertex
100
AcDb3dPolylineVertex
10
748733.505693224
20
8930159.99148014
30
184.899322875977
70
32
0
VERTEX
5
326
100
AcDbEntity
8
Real Hole
62
1
420
16711680
100
AcDbVertex
100
AcDb3dPolylineVertex
10
748733.517266626
20
8930160.06238743
30
183.901906856537
70
32
0
VERTEX
5
327
100
AcDbEntity
8
Real Hole
62
1
420
16711680
100
AcDbVertex
100
AcDb3dPolylineVertex
10
748733.519305745
20
8930160.11799731
30
182.903456577301
70
32
0
VERTEX
5
328
100
AcDbEntity
8
Real Hole
62
1
420
16711680
100
AcDbVertex
100
AcDb3dPolylineVertex
10
748733.52704072
20
8930160.17310434
30
181.905005821228
70
32
0
VERTEX
5
329
100
AcDbEntity
8
Real Hole
62
1
420
16711680
100
AcDbVertex
100
AcDb3dPolylineVertex
10
748733.540834807
20
8930160.23060503
30
180.906755336761
70
32
0
VERTEX
5
32A
100
AcDbEntity
8
Real Hole
62
1
420
16711680
100
AcDbVertex
100
AcDb3dPolylineVertex
10
748733.575443078
20
8930160.2982938
30
179.909649738312
70
32
0
VERTEX
5
32B
100
AcDbEntity
8
Real Hole
62
1
420
16711680
100
AcDbVertex
100
AcDb3dPolylineVertex
10
748733.582480539
20
8930160.3210282
30
179.610595592499
70
32
0
SEQEND
5
32C
100
AcDbEntity
8
Real Hole
0
POINT
5
32E
330
1A
100
AcDbEntity
67
0
8
Hole
62
244
420
659967
6
ByLayer
370
-1
48
1.0
60
0
100
AcDbPoint
10
748735.125996765
20
8930159.65699878
30
189.857999929428
39
0.0
210
0.0
220
0.0
230
1.0
50
360.0
0
LINE
5
32F
330
1A
100
AcDbEntity
67
0
8
Theoretical Hole
62
244
420
659967
6
ByLayer
370
-1
48
1.0
60
0
100
AcDbLine
10
748735.125996765
20
8930159.65699878
30
189.857999929428
11
748735.179890808
21
8930160.05196491
31
179.845933326721
39
0.0
210
0.0
220
0.0
230
1.0
0
TEXT
5
330
330
1A
100
AcDbEntity
67
0
8
Number
62
244
420
659967
6
ByLayer
370
-1
48
1.0
60
0
100
AcDbText
1
807
10
748735.125996765
20
8930160.03799879
30
189.857999929428
40
0.3
41
1.0
50
0.0
51
0.0
7
Standard
11
748735.125996765
21
8930160.03799879
31
189.857999929428
210
0.0
220
0.0
230
1.0
72
0
100
AcDbText
73
0
0
TEXT
5
331
330
1A
100
AcDbEntity
67
0
8
label
62
1
420
16711680
6
ByLayer
370
-1
48
1.0
60
0
100
AcDbText
1

10
748735.125996765
20
8930160.43799879
30
189.857999929428
40
0.3
41
1.0
50
0.0
51
0.0
7
Standard
11
748735.125996765
21
8930160.43799879
31
189.857999929428
210
0.0
220
0.0
230
1.0
72
0
100
AcDbText
73
0
0
TEXT
5
332
330
1A
100
AcDbEntity
67
0
8
Length
62
244
420
659967
6
ByLayer
370
-1
48
1.0
60
0
100
AcDbText
1
10.02
10
748735.125996765
20
8930158.90299877
30
189.857999929428
40
0.3
41
1.0
50
0.0
51
0.0
7
Standard
11
748735.125996765
21
8930158.90299877
31
189.857999929428
210
0.0
220
0.0
230
1.0
72
0
100
AcDbText
73
0
0
POLYLINE
5
33F
330
1A
100
AcDbEntity
67
0
8
Real Hole
62
1
420
16711680
6
ByLayer
370
-1
48
1.0
60
0
100
AcDb3dPolyline
10
0.0
20
0.0
30
0.0
70
8
75
0
210
0.0
220
0.0
230
1.0
0
VERTEX
5
333
100
AcDbEntity
8
Real Hole
62
1
420
16711680
100
AcDbVertex
100
AcDb3dPolylineVertex
10
748735.125996765
20
8930159.65699878
30
189.857999929428
70
32
0
VERTEX
5
334
100
AcDbEntity
8
Real Hole
62
1
420
16711680
100
AcDbVertex
100
AcDb3dPolylineVertex
10
748735.196999047
20
8930159.68997201
30
188.861068912983
70
32
0
VERTEX
5
335
100
AcDbEntity
8
Real Hole
62
1
420
16711680
100
AcDbVertex
100
AcDb3dPolylineVertex
10
748735.240846921
20
8930159.73093242
30
187.86287070179
70
32
0
VERTEX
5
336
100
AcDbEntity
8
Real Hole
62
1
420
16711680
100
AcDbVertex
100
AcDb3dPolylineVertex
10
748735.286937695
20
8930159.78962972
30
186.865659603119
70
32
0
VERTEX
5
337
100
AcDbEntity
8
Real Hole
62
1
420
16711680
100
AcDbVertex
100
AcDb3dPolylineVertex
10
748735.347731334
20
8930159.8212769
30
185.868010887146
70
32
0
VERTEX
5
338
100
AcDbEntity
8
Real Hole
62
1
420
16711680
100
AcDbVertex
100
AcDb3dPolylineVertex
10
748735.400633689
20
8930159.89422449
30
184.872079023361
70
32
0
VERTEX
5
339
100
AcDbEntity
8
Real Hole
62
1
420
16711680
100
AcDbVertex
100
AcDb3dPolylineVertex
10
748735.455022332
20
8930159.95387125
30
183.875342496872
70
32
0
VERTEX
5
33A
100
AcDbEntity
8
Real Hole
62
1
420
16711680
100
AcDbVertex
100
AcDb3dPolylineVertex
10
748735.536837068
20
8930160.02303451
30
182.881097444534
70
32
0
VERTEX
5
33B
100
AcDbEntity
8
Real Hole
62
1
420
16711680
100
AcDbVertex
100
AcDb3dPolylineVertex
10
748735.612104413
20
8930160.08376762
30
181.885785707474
70
32
0
VERTEX
5
33C
100
AcDbEntity
8
Real Hole
62
1
420
16711680
100
AcDbVertex
100
AcDb3dPolylineVertex
10
748735.689296063
20
8930160.14543303
30
180.89067757988
70
32
0
VERTEX
5
33D
100
AcDbEntity
8
Real Hole
62
1
420
16711680
100
AcDbVertex
100
AcDb3dPolylineVertex
10
748735.788742718
20
8930160.25125894
30
179.901278623581
70
32
0
SEQEND
5
33E
100
AcDbEntity
8
Real Hole
0
POINT
5
340
330
1A
100
AcDbEntity
67
0
8
Hole
62
244
420
659967
6
ByLayer
370
-1
48
1.0
60
0
100
AcDbPoint
10
748736.480000671
20
8930159.33099857
30
189.844999917984
39
0.0
210
0.0
220
0.0
230
1.0
50
360.0
0
LINE
5
341
330
1A
100
AcDbEntity
67
0
8
Theoretical Hole
62
244
420
659967
6
ByLayer
370
-1
48
1.0
60
0
100
AcDbLine
10
748736.480000671
20
8930159.33099857
30
189.844999917984
11
748736.528882202
21
8930159.68924442
31
179.841532119751
39
0.0
210
0.0
220
0.0
230
1.0
0
TEXT
5
342
330
1A
100
AcDbEntity
67
0
8
Number
62
244
420
659967
6
ByLayer
370
-1
48
1.0
60
0
100
AcDbText
1
808
10
748736.480000671
20
8930159.71199858
30
189.844999917984
40
0.3
41
1.0
50
0.0
51
0.0
7
Standard
11
748736.480000671
21
8930159.71199858
31
189.844999917984
210
0.0
220
0.0
230
1.0
72
0
100
AcDbText
73
0
0
TEXT
5
343
330
1A
100
AcDbEntity
67
0
8
label
62
1
420
16711680
6
ByLayer
370
-1
48
1.0
60
0
100
AcDbText
1

10
748736.480000671
20
8930160.11199858
30
189.844999917984
40
0.3
41
1.0
50
0.0
51
0.0
7
Standard
11
748736.480000671
21
8930160.11199858
31
189.844999917984
210
0.0
220
0.0
230
1.0
72
0
100
AcDbText
73
0
0
TEXT
5
344
330
1A
100
AcDbEntity
67
0
8
Length
62
244
420
659967
6
ByLayer
370
-1
48
1.0
60
0
100
AcDbText
1
10.01
10
748736.480000671
20
8930158.57699856
30
189.844999917984
40
0.3
41
1.0
50
0.0
51
0.0
7
Standard
11
748736.480000671
21
8930158.57699856
31
189.844999917984
210
0.0
220
0.0
230
1.0
72
0
100
AcDbText
73
0
0
POLYLINE
5
352
330
1A
100
AcDbEntity
67
0
8
Real Hole
62
1
420
16711680
6
ByLayer
370
-1
48
1.0
60
0
100
AcDb3dPolyline
10
0.0
20
0.0
30
0.0
70
8
75
0
210
0.0
220
0.0
230
1.0
0
VERTEX
5
345
100
AcDbEntity
8
Real Hole
62
1
420
16711680
100
AcDbVertex
100
AcDb3dPolylineVertex
10
748736.480000671
20
8930159.33099857
30
189.844999917984
70
32
0
VERTEX
5
346
100
AcDbEntity
8
Real Hole
62
1
420
16711680
100
AcDbVertex
100
AcDb3dPolylineVertex
10
748736.493742896
20
8930159.34680161
30
188.845219263077
70
32
0
VERTEX
5
347
100
AcDbEntity
8
Real Hole
62
1
420
16711680
100
AcDbVertex
100
AcDb3dPolylineVertex
10
748736.483608389
20
8930159.36845616
30
187.845505126953
70
32
0
VERTEX
5
348
100
AcDbEntity
8
Real Hole
62
1
420
16711680
100
AcDbVertex
100
AcDb3dPolylineVertex
10
748736.465960536
20
8930159.38585323
30
186.845812210083
70
32
0
VERTEX
5
349
100
AcDbEntity
8
Real Hole
62
1
420
16711680
100
AcDbVertex
100
AcDb3dPolylineVertex
10
748736.478479208
20
8930159.40477406
30
185.84606946373
70
32
0
VERTEX
5
34A
100
AcDbEntity
8
Real Hole
62
1
420
16711680
100
AcDbVertex
100
AcDb3dPolylineVertex
10
748736.462843906
20
8930159.44059595
30
184.846833833694
70
32
0
VERTEX
5
34B
100
AcDbEntity
8
Real Hole
62
1
420
16711680
100
AcDbVertex
100
AcDb3dPolylineVertex
10
748736.459770341
20
8930159.49790337
30
183.848481782913
70
32
0
VERTEX
5
34C
100
AcDbEntity
8
Real Hole
62
1
420
16711680
100
AcDbVertex
100
AcDb3dPolylineVertex
10
748736.434337456
20
8930159.54123532
30
182.849744924545
70
32
0
VERTEX
5
34D
100
AcDbEntity
8
Real Hole
62
1
420
16711680
100
AcDbVertex
100
AcDb3dPolylineVertex
10
748736.407861773
20
8930159.57300116
30
181.850600370407
70
32
0
VERTEX
5
34E
100
AcDbEntity
8
Real Hole
62
1
420
16711680
100
AcDbVertex
100
AcDb3dPolylineVertex
10
748736.376083572
20
8930159.63274207
30
180.852892526627
70
32
0
VERTEX
5
34F
100
AcDbEntity
8
Real Hole
62
1
420
16711680
100
AcDbVertex
100
AcDb3dPolylineVertex
10
748736.372533035
20
8930159.68495744
30
179.854262956619
70
32
0
VERTEX
5
350
100
AcDbEntity
8
Real Hole
62
1
420
16711680
100
AcDbVertex
100
AcDb3dPolylineVertex
10
748736.371175256
20
8930159.69466781
30
179.654503473282
70
32
0
SEQEND
5
351
100
AcDbEntity
8
Real Hole
0
POINT
5
353
330
1A
100
AcDbEntity
67
0
8
Hole
62
244
420
659967
6
ByLayer
370
-1
48
1.0
60
0
100
AcDbPoint
10
748738.069997009
20
8930159.20399966
30
189.89600003624
39
0.0
210
0.0
220
0.0
230
1.0
50
360.0
0
LINE
5
354
330
1A
100
AcDbEntity
67
0
8
Theoretical Hole
62
244
420
659967
6
ByLayer
370
-1
48
1.0
60
0
100
AcDbLine
10
748738.069997009
20
8930159.20399966
30
189.89600003624
11
748738.113919434
21
8930159.52591434
31
179.891274341583
39
0.0
210
0.0
220
0.0
230
1.0
0
TEXT
5
355
330
1A
100
AcDbEntity
67
0
8
Number
62
244
420
659967
6
ByLayer
370
-1
48
1.0
60
0
100
AcDbText
1
809
10
748738.069997009
20
8930159.58499968
30
189.89600003624
40
0.3
41
1.0
50
0.0
51
0.0
7
Standard
11
748738.069997009
21
8930159.58499968
31
189.89600003624
210
0.0
220
0.0
230
1.0
72
0
100
AcDbText
73
0
0
TEXT
5
356
330
1A
100
AcDbEntity
67
0
8
label
62
1
420
16711680
6
ByLayer
370
-1
48
1.0
60
0
100
AcDbText
1

10
748738.069997009
20
8930159.98499968
30
189.89600003624
40
0.3
41
1.0
50
0.0
51
0.0
7
Standard
11
748738.069997009
21
8930159.98499968
31
189.89600003624
210
0.0
220
0.0
230
1.0
72
0
100
AcDbText
73
0
0
TEXT
5
357
330
1A
100
AcDbEntity
67
0
8
Length
62
244
420
659967
6
ByLayer
370
-1
48
1.0
60
0
100
AcDbText
1
10.01
10
748738.069997009
20
8930158.44999966
30
189.89600003624
40
0.3
41
1.0
50
0.0
51
0.0
7
Standard
11
748738.069997009
21
8930158.44999966
31
189.89600003624
210
0.0
220
0.0
230
1.0
72
0
100
AcDbText
73
0
0
POLYLINE
5
365
330
1A
100
AcDbEntity
67
0
8
Real Hole
62
1
420
16711680
6
ByLayer
370
-1
48
1.0
60
0
100
AcDb3dPolyline
10
0.0
20
0.0
30
0.0
70
8
75
0
210
0.0
220
0.0
230
1.0
0
VERTEX
5
358
100
AcDbEntity
8
Real Hole
62
1
420
16711680
100
AcDbVertex
100
AcDb3dPolylineVertex
10
748738.069997009
20
8930159.20399966
30
189.89600003624
70
32
0
VERTEX
5
359
100
AcDbEntity
8
Real Hole
62
1
420
16711680
100
AcDbVertex
100
AcDb3dPolylineVertex
10
748738.09928201
20
8930159.21535857
30
188.896493503094
70
32
0
VERTEX
5
35A
100
AcDbEntity
8
Real Hole
62
1
420
16711680
100
AcDbVertex
100
AcDb3dPolylineVertex
10
748738.130576682
20
8930159.24819824
30
187.897522934914
70
32
0
VERTEX
5
35B
100
AcDbEntity
8
Real Hole
62
1
420
16711680
100
AcDbVertex
100
AcDb3dPolylineVertex
10
748738.125429739
20
8930159.27190362
30
186.89781726265
70
32
0
VERTEX
5
35C
100
AcDbEntity
8
Real Hole
62
1
420
16711680
100
AcDbVertex
100
AcDb3dPolylineVertex
10
748738.112142746
20
8930159.29803715
30
185.898247131348
70
32
0
VERTEX
5
35D
100
AcDbEntity
8
Real Hole
62
1
420
16711680
100
AcDbVertex
100
AcDb3dPolylineVertex
10
748738.121069569
20
8930159.3435796
30
184.899324544907
70
32
0
VERTEX
5
35E
100
AcDbEntity
8
Real Hole
62
1
420
16711680
100
AcDbVertex
100
AcDb3dPolylineVertex
10
748738.114178263
20
8930159.36901398
30
183.899671682358
70
32
0
VERTEX
5
35F
100
AcDbEntity
8
Real Hole
62
1
420
16711680
100
AcDbVertex
100
AcDb3dPolylineVertex
10
748738.127451714
20
8930159.41783468
30
182.900952466965
70
32
0
VERTEX
5
360
100
AcDbEntity
8
Real Hole
62
1
420
16711680
100
AcDbVertex
100
AcDb3dPolylineVertex
10
748738.134346951
20
8930159.44668848
30
181.901392587662
70
32
0
VERTEX
5
361
100
AcDbEntity
8
Real Hole
62
1
420
16711680
100
AcDbVertex
100
AcDb3dPolylineVertex
10
748738.132358786
20
8930159.49392748
30
180.902510770798
70
32
0
VERTEX
5
362
100
AcDbEntity
8
Real Hole
62
1
420
16711680
100
AcDbVertex
100
AcDb3dPolylineVertex
10
748738.123068989
20
8930159.52301868
30
179.902977117538
70
32
0
VERTEX
5
363
100
AcDbEntity
8
Real Hole
62
1
420
16711680
100
AcDbVertex
100
AcDb3dPolylineVertex
10
748738.122159373
20
8930159.52669429
30
179.803049215317
70
32
0
SEQEND
5
364
100
AcDbEntity
8
Real Hole
0
POINT
5
366
330
1A
100
AcDbEntity
67
0
8
Hole
62
244
420
659967
6
ByLayer
370
-1
48
1.0
60
0
100
AcDbPoint
10
748739.562001404
20
8930158.94799915
30
189.790000089645
39
0.0
210
0.0
220
0.0
230
1.0
50
360.0
0
LINE
5
367
330
1A
100
AcDbEntity
67
0
8
Theoretical Hole
62
244
420
659967
6
ByLayer
370
-1
48
1.0
60
0
100
AcDbLine
10
748739.562001404
20
8930158.94799915
30
189.790000089645
11
748739.600972351
21
8930159.23359027
31
179.844177135468
39
0.0
210
0.0
220
0.0
230
1.0
0
TEXT
5
368
330
1A
100
AcDbEntity
67
0
8
Number
62
244
420
659967
6
ByLayer
370
-1
48
1.0
60
0
100
AcDbText
1
810
10
748739.562001404
20
8930159.32899916
30
189.790000089645
40
0.3
41
1.0
50
0.0
51
0.0
7
Standard
11
748739.562001404
21
8930159.32899916
31
189.790000089645
210
0.0
220
0.0
230
1.0
72
0
100
AcDbText
73
0
0
TEXT
5
369
330
1A
100
AcDbEntity
67
0
8
label
62
1
420
16711680
6
ByLayer
370
-1
48
1.0
60
0
100
AcDbText
1

10
748739.562001404
20
8930159.72899916
30
189.790000089645
40
0.3
41
1.0
50
0.0
51
0.0
7
Standard
11
748739.562001404
21
8930159.72899916
31
189.790000089645
210
0.0
220
0.0
230
1.0
72
0
100
AcDbText
73
0
0
TEXT
5
36A
330
1A
100
AcDbEntity
67
0
8
Length
62
244
420
659967
6
ByLayer
370
-1
48
1.0
60
0
100
AcDbText
1
9.95
10
748739.562001404
20
8930158.19399914
30
189.790000089645
40
0.3
41
1.0
50
0.0
51
0.0
7
Standard
11
748739.562001404
21
8930158.19399914
31
189.790000089645
210
0.0
220
0.0
230
1.0
72
0
100
AcDbText
73
0
0
POLYLINE
5
378
330
1A
100
AcDbEntity
67
0
8
Real Hole
62
1
420
16711680
6
ByLayer
370
-1
48
1.0
60
0
100
AcDb3dPolyline
10
0.0
20
0.0
30
0.0
70
8
75
0
210
0.0
220
0.0
230
1.0
0
VERTEX
5
36B
100
AcDbEntity
8
Real Hole
62
1
420
16711680
100
AcDbVertex
100
AcDb3dPolylineVertex
10
748739.562001404
20
8930158.94799915
30
189.790000089645
70
32
0
VERTEX
5
36C
100
AcDbEntity
8
Real Hole
62
1
420
16711680
100
AcDbVertex
100
AcDb3dPolylineVertex
10
748739.610617184
20
8930158.95431323
30
188.791202494144
70
32
0
VERTEX
5
36D
100
AcDbEntity
8
Real Hole
62
1
420
16711680
100
AcDbVertex
100
AcDb3dPolylineVertex
10
748739.626862686
20
8930158.98301538
30
187.791746505737
70
32
0
VERTEX
5
36E
100
AcDbEntity
8
Real Hole
62
1
420
16711680
100
AcDbVertex
100
AcDb3dPolylineVertex
10
748739.610326078
20
8930158.98421234
30
186.791884073257
70
32
0
VERTEX
5
36F
100
AcDbEntity
8
Real Hole
62
1
420
16711680
100
AcDbVertex
100
AcDb3dPolylineVertex
10
748739.628367927
20
8930158.98619462
30
185.792048582077
70
32
0
VERTEX
5
370
100
AcDbEntity
8
Real Hole
62
1
420
16711680
100
AcDbVertex
100
AcDb3dPolylineVertex
10
748739.622058247
20
8930159.02653349
30
184.792882570267
70
32
0
VERTEX
5
371
100
AcDbEntity
8
Real Hole
62
1
420
16711680
100
AcDbVertex
100
AcDb3dPolylineVertex
10
748739.642009769
20
8930159.05213468
30
183.793409475327
70
32
0
VERTEX
5
372
100
AcDbEntity
8
Real Hole
62
1
420
16711680
100
AcDbVertex
100
AcDb3dPolylineVertex
10
748739.635080297
20
8930159.09643592
30
182.794415124893
70
32
0
VERTEX
5
373
100
AcDbEntity
8
Real Hole
62
1
420
16711680
100
AcDbVertex
100
AcDb3dPolylineVertex
10
748739.623544034
20
8930159.14354509
30
181.795591959
70
32
0
VERTEX
5
374
100
AcDbEntity
8
Real Hole
62
1
420
16711680
100
AcDbVertex
100
AcDb3dPolylineVertex
10
748739.647151206
20
8930159.18084471
30
180.796567090988
70
32
0
VERTEX
5
375
100
AcDbEntity
8
Real Hole
62
1
420
16711680
100
AcDbVertex
100
AcDb3dPolylineVertex
10
748739.675046984
20
8930159.22492036
30
179.797927984238
70
32
0
VERTEX
5
376
100
AcDbEntity
8
Real Hole
62
1
420
16711680
100
AcDbVertex
100
AcDb3dPolylineVertex
10
748739.677155745
20
8930159.22978642
30
179.698068746567
70
32
0
SEQEND
5
377
100
AcDbEntity
8
Real Hole
0
POINT
5
379
330
1A
100
AcDbEntity
67
0
8
Hole
62
244
420
659967
6
ByLayer
370
-1
48
1.0
60
0
100
AcDbPoint
10
748740.832997498
20
8930158.64700046
30
189.853999980927
39
0.0
210
0.0
220
0.0
230
1.0
50
360.0
0
LINE
5
37A
330
1A
100
AcDbEntity
67
0
8
Theoretical Hole
62
244
420
659967
6
ByLayer
370
-1
48
1.0
60
0
100
AcDbLine
10
748740.832997498
20
8930158.64700046
30
189.853999980927
11
748740.892575439
21
8930158.89215198
31
179.887192138672
39
0.0
210
0.0
220
0.0
230
1.0
0
TEXT
5
37B
330
1A
100
AcDbEntity
67
0
8
Number
62
244
420
659967
6
ByLayer
370
-1
48
1.0
60
0
100
AcDbText
1
811
10
748740.832997498
20
8930159.02800047
30
189.853999980927
40
0.3
41
1.0
50
0.0
51
0.0
7
Standard
11
748740.832997498
21
8930159.02800047
31
189.853999980927
210
0.0
220
0.0
230
1.0
72
0
100
AcDbText
73
0
0
TEXT
5
37C
330
1A
100
AcDbEntity
67
0
8
label
62
1
420
16711680
6
ByLayer
370
-1
48
1.0
60
0
100
AcDbText
1

10
748740.832997498
20
8930159.42800047
30
189.853999980927
40
0.3
41
1.0
50
0.0
51
0.0
7
Standard
11
748740.832997498
21
8930159.42800047
31
189.853999980927
210
0.0
220
0.0
230
1.0
72
0
100
AcDbText
73
0
0
TEXT
5
37D
330
1A
100
AcDbEntity
67
0
8
Length
62
244
420
659967
6
ByLayer
370
-1
48
1.0
60
0
100
AcDbText
1
9.97
10
748740.832997498
20
8930157.89300045
30
189.853999980927
40
0.3
41
1.0
50
0.0
51
0.0
7
Standard
11
748740.832997498
21
8930157.89300045
31
189.853999980927
210
0.0
220
0.0
230
1.0
72
0
100
AcDbText
73
0
0
POLYLINE
5
38A
330
1A
100
AcDbEntity
67
0
8
Real Hole
62
1
420
16711680
6
ByLayer
370
-1
48
1.0
60
0
100
AcDb3dPolyline
10
0.0
20
0.0
30
0.0
70
8
75
0
210
0.0
220
0.0
230
1.0
0
VERTEX
5
37E
100
AcDbEntity
8
Real Hole
62
1
420
16711680
100
AcDbVertex
100
AcDb3dPolylineVertex
10
748740.832997498
20
8930158.64700046
30
189.853999980927
70
32
0
VERTEX
5
37F
100
AcDbEntity
8
Real Hole
62
1
420
16711680
100
AcDbVertex
100
AcDb3dPolylineVertex
10
748740.906760086
20
8930158.68227827
30
188.857348331451
70
32
0
VERTEX
5
380
100
AcDbEntity
8
Real Hole
62
1
420
16711680
100
AcDbVertex
100
AcDb3dPolylineVertex
10
748740.961232733
20
8930158.73480844
30
187.860215791702
70
32
0
VERTEX
5
381
100
AcDbEntity
8
Real Hole
62
1
420
16711680
100
AcDbVertex
100
AcDb3dPolylineVertex
10
748740.972745698
20
8930158.75986249
30
186.860596069336
70
32
0
VERTEX
5
382
100
AcDbEntity
8
Real Hole
62
1
420
16711680
100
AcDbVertex
100
AcDb3dPolylineVertex
10
748740.965905365
20
8930158.79515168
30
185.861242183685
70
32
0
VERTEX
5
383
100
AcDbEntity
8
Real Hole
62
1
420
16711680
100
AcDbVertex
100
AcDb3dPolylineVertex
10
748741.000486788
20
8930158.84311767
30
184.862992176056
70
32
0
VERTEX
5
384
100
AcDbEntity
8
Real Hole
62
1
420
16711680
100
AcDbVertex
100
AcDb3dPolylineVertex
10
748741.009892281
20
8930158.87491078
30
183.863541969299
70
32
0
VERTEX
5
385
100
AcDbEntity
8
Real Hole
62
1
420
16711680
100
AcDbVertex
100
AcDb3dPolylineVertex
10
748741.045751196
20
8930158.93002334
30
182.865705856323
70
32
0
VERTEX
5
386
100
AcDbEntity
8
Real Hole
62
1
420
16711680
100
AcDbVertex
100
AcDb3dPolylineVertex
10
748741.074440416
20
8930158.99513206
30
181.868240245819
70
32
0
VERTEX
5
387
100
AcDbEntity
8
Real Hole
62
1
420
16711680
100
AcDbVertex
100
AcDb3dPolylineVertex
10
748741.083959964
20
8930159.05913442
30
180.870335468292
70
32
0
VERTEX
5
388
100
AcDbEntity
8
Real Hole
62
1
420
16711680
100
AcDbVertex
100
AcDb3dPolylineVertex
10
748741.099848386
20
8930159.1249097
30
179.872628101349
70
32
0
SEQEND
5
389
100
AcDbEntity
8
Real Hole
0
POINT
5
38B
330
1A
100
AcDbEntity
67
0
8
Hole
62
244
420
659967
6
ByLayer
370
-1
48
1.0
60
0
100
AcDbPoint
10
748742.370999512
20
8930158.3789989
30
189.936999925613
39
0.0
210
0.0
220
0.0
230
1.0
50
360.0
0
LINE
5
38C
330
1A
100
AcDbEntity
67
0
8
Theoretical Hole
62
244
420
659967
6
ByLayer
370
-1
48
1.0
60
0
100
AcDbLine
10
748742.370999512
20
8930158.3789989
30
189.936999925613
11
748742.433552917
21
8930158.55593982
31
179.888752349854
39
0.0
210
0.0
220
0.0
230
1.0
0
TEXT
5
38D
330
1A
100
AcDbEntity
67
0
8
Number
62
244
420
659967
6
ByLayer
370
-1
48
1.0
60
0
100
AcDbText
1
812
10
748742.370999512
20
8930158.75999891
30
189.936999925613
40
0.3
41
1.0
50
0.0
51
0.0
7
Standard
11
748742.370999512
21
8930158.75999891
31
189.936999925613
210
0.0
220
0.0
230
1.0
72
0
100
AcDbText
73
0
0
TEXT
5
38E
330
1A
100
AcDbEntity
67
0
8
label
62
1
420
16711680
6
ByLayer
370
-1
48
1.0
60
0
100
AcDbText
1

10
748742.370999512
20
8930159.15999891
30
189.936999925613
40
0.3
41
1.0
50
0.0
51
0.0
7
Standard
11
748742.370999512
21
8930159.15999891
31
189.936999925613
210
0.0
220
0.0
230
1.0
72
0
100
AcDbText
73
0
0
TEXT
5
38F
330
1A
100
AcDbEntity
67
0
8
Length
62
244
420
659967
6
ByLayer
370
-1
48
1.0
60
0
100
AcDbText
1
10.05
10
748742.370999512
20
8930157.62499889
30
189.936999925613
40
0.3
41
1.0
50
0.0
51
0.0
7
Standard
11
748742.370999512
21
8930157.62499889
31
189.936999925613
210
0.0
220
0.0
230
1.0
72
0
100
AcDbText
73
0
0
POLYLINE
5
39C
330
1A
100
AcDbEntity
67
0
8
Real Hole
62
1
420
16711680
6
ByLayer
370
-1
48
1.0
60
0
100
AcDb3dPolyline
10
0.0
20
0.0
30
0.0
70
8
75
0
210
0.0
220
0.0
230
1.0
0
VERTEX
5
390
100
AcDbEntity
8
Real Hole
62
1
420
16711680
100
AcDbVertex
100
AcDb3dPolylineVertex
10
748742.370999512
20
8930158.3789989
30
189.936999925613
70
32
0
VERTEX
5
391
100
AcDbEntity
8
Real Hole
62
1
420
16711680
100
AcDbVertex
100
AcDb3dPolylineVertex
10
748742.376898598
20
8930158.37741273
30
188.937018581867
70
32
0
VERTEX
5
392
100
AcDbEntity
8
Real Hole
62
1
420
16711680
100
AcDbVertex
100
AcDb3dPolylineVertex
10
748742.382133021
20
8930158.37753974
30
187.93703235054
70
32
0
VERTEX
5
393
100
AcDbEntity
8
Real Hole
62
1
420
16711680
100
AcDbVertex
100
AcDb3dPolylineVertex
10
748742.382484658
20
8930158.38363822
30
186.937050947189
70
32
0
VERTEX
5
394
100
AcDbEntity
8
Real Hole
62
1
420
16711680
100
AcDbVertex
100
AcDb3dPolylineVertex
10
748742.377453412
20
8930158.38164825
30
185.937065490723
70
32
0
VERTEX
5
395
100
AcDbEntity
8
Real Hole
62
1
420
16711680
100
AcDbVertex
100
AcDb3dPolylineVertex
10
748742.382159301
20
8930158.39158567
30
184.937125810623
70
32
0
VERTEX
5
396
100
AcDbEntity
8
Real Hole
62
1
420
16711680
100
AcDbVertex
100
AcDb3dPolylineVertex
10
748742.379352593
20
8930158.38951033
30
183.937132009506
70
32
0
VERTEX
5
397
100
AcDbEntity
8
Real Hole
62
1
420
16711680
100
AcDbVertex
100
AcDb3dPolylineVertex
10
748742.3700004
20
8930158.39338413
30
182.937183507919
70
32
0
VERTEX
5
398
100
AcDbEntity
8
Real Hole
62
1
420
16711680
100
AcDbVertex
100
AcDb3dPolylineVertex
10
748742.360044838
20
8930158.40835145
30
181.937345155716
70
32
0
VERTEX
5
399
100
AcDbEntity
8
Real Hole
62
1
420
16711680
100
AcDbVertex
100
AcDb3dPolylineVertex
10
748742.34598977
20
8930158.41252008
30
180.937451967239
70
32
0
VERTEX
5
39A
100
AcDbEntity
8
Real Hole
62
1
420
16711680
100
AcDbVertex
100
AcDb3dPolylineVertex
10
748742.335495517
20
8930158.40869426
30
179.937514909744
70
32
0
SEQEND
5
39B
100
AcDbEntity
8
Real Hole
0
POINT
5
39D
330
1A
100
AcDbEntity
67
0
8
Hole
62
244
420
659967
6
ByLayer
370
-1
48
1.0
60
0
100
AcDbPoint
10
748743.776997742
20
8930157.7539989
30
189.922999986649
39
0.0
210
0.0
220
0.0
230
1.0
50
360.0
0
LINE
5
39E
330
1A
100
AcDbEntity
67
0
8
Theoretical Hole
62
244
420
659967
6
ByLayer
370
-1
48
1.0
60
0
100
AcDbLine
10
748743.776997742
20
8930157.7539989
30
189.922999986649
11
748743.812283691
21
8930157.85381427
31
179.813555130005
39
0.0
210
0.0
220
0.0
230
1.0
0
TEXT
5
39F
330
1A
100
AcDbEntity
67
0
8
Number
62
244
420
659967
6
ByLayer
370
-1
48
1.0
60
0
100
AcDbText
1
813
10
748743.776997742
20
8930158.13499891
30
189.922999986649
40
0.3
41
1.0
50
0.0
51
0.0
7
Standard
11
748743.776997742
21
8930158.13499891
31
189.922999986649
210
0.0
220
0.0
230
1.0
72
0
100
AcDbText
73
0
0
TEXT
5
3A0
330
1A
100
AcDbEntity
67
0
8
label
62
1
420
16711680
6
ByLayer
370
-1
48
1.0
60
0
100
AcDbText
1

10
748743.776997742
20
8930158.53499891
30
189.922999986649
40
0.3
41
1.0
50
0.0
51
0.0
7
Standard
11
748743.776997742
21
8930158.53499891
31
189.922999986649
210
0.0
220
0.0
230
1.0
72
0
100
AcDbText
73
0
0
TEXT
5
3A1
330
1A
100
AcDbEntity
67
0
8
Length
62
244
420
659967
6
ByLayer
370
-1
48
1.0
60
0
100
AcDbText
1
10.11
10
748743.776997742
20
8930156.99999889
30
189.922999986649
40
0.3
41
1.0
50
0.0
51
0.0
7
Standard
11
748743.776997742
21
8930156.99999889
31
189.922999986649
210
0.0
220
0.0
230
1.0
72
0
100
AcDbText
73
0
0
POLYLINE
5
3AF
330
1A
100
AcDbEntity
67
0
8
Real Hole
62
1
420
16711680
6
ByLayer
370
-1
48
1.0
60
0
100
AcDb3dPolyline
10
0.0
20
0.0
30
0.0
70
8
75
0
210
0.0
220
0.0
230
1.0
0
VERTEX
5
3A2
100
AcDbEntity
8
Real Hole
62
1
420
16711680
100
AcDbVertex
100
AcDb3dPolylineVertex
10
748743.776997742
20
8930157.7539989
30
189.922999986649
70
32
0
VERTEX
5
3A3
100
AcDbEntity
8
Real Hole
62
1
420
16711680
100
AcDbVertex
100
AcDb3dPolylineVertex
10
748743.775052433
20
8930157.74495565
30
188.923042782784
70
32
0
VERTEX
5
3A4
100
AcDbEntity
8
Real Hole
62
1
420
16711680
100
AcDbVertex
100
AcDb3dPolylineVertex
10
748743.781329786
20
8930157.74468597
30
187.923062452316
70
32
0
VERTEX
5
3A5
100
AcDbEntity
8
Real Hole
62
1
420
16711680
100
AcDbVertex
100
AcDb3dPolylineVertex
10
748743.783747184
20
8930157.75415598
30
186.923110374451
70
32
0
VERTEX
5
3A6
100
AcDbEntity
8
Real Hole
62
1
420
16711680
100
AcDbVertex
100
AcDb3dPolylineVertex
10
748743.773214487
20
8930157.75100003
30
185.923170694351
70
32
0
VERTEX
5
3A7
100
AcDbEntity
8
Real Hole
62
1
420
16711680
100
AcDbVertex
100
AcDb3dPolylineVertex
10
748743.786609264
20
8930157.74991526
30
184.923260816574
70
32
0
VERTEX
5
3A8
100
AcDbEntity
8
Real Hole
62
1
420
16711680
100
AcDbVertex
100
AcDb3dPolylineVertex
10
748743.781493912
20
8930157.75610305
30
183.923293241501
70
32
0
VERTEX
5
3A9
100
AcDbEntity
8
Real Hole
62
1
420
16711680
100
AcDbVertex
100
AcDb3dPolylineVertex
10
748743.794617478
20
8930157.76938794
30
182.923467763901
70
32
0
VERTEX
5
3AA
100
AcDbEntity
8
Real Hole
62
1
420
16711680
100
AcDbVertex
100
AcDb3dPolylineVertex
10
748743.807366317
20
8930157.78578225
30
181.923683294296
70
32
0
VERTEX
5
3AB
100
AcDbEntity
8
Real Hole
62
1
420
16711680
100
AcDbVertex
100
AcDb3dPolylineVertex
10
748743.804656292
20
8930157.79026233
30
180.923697122574
70
32
0
VERTEX
5
3AC
100
AcDbEntity
8
Real Hole
62
1
420
16711680
100
AcDbVertex
100
AcDb3dPolylineVertex
10
748743.824418877
20
8930157.78676342
30
179.923898347855
70
32
0
VERTEX
5
3AD
100
AcDbEntity
8
Real Hole
62
1
420
16711680
100
AcDbVertex
100
AcDb3dPolylineVertex
10
748743.82401247
20
8930157.78858607
30
179.823916086197
70
32
0
SEQEND
5
3AE
100
AcDbEntity
8
Real Hole
0
POINT
5
3B0
330
1A
100
AcDbEntity
67
0
8
Hole
62
244
420
659967
6
ByLayer
370
-1
48
1.0
60
0
100
AcDbPoint
10
748745.297002014
20
8930157.30899921
30
190.071999916077
39
0.0
210
0.0
220
0.0
230
1.0
50
360.0
0
LINE
5
3B1
330
1A
100
AcDbEntity
67
0
8
Theoretical Hole
62
244
420
659967
6
ByLayer
370
-1
48
1.0
60
0
100
AcDbLine
10
748745.297002014
20
8930157.30899921
30
190.071999916077
11
748745.304692444
21
8930157.33075443
31
179.902026065826
39
0.0
210
0.0
220
0.0
230
1.0
0
TEXT
5
3B2
330
1A
100
AcDbEntity
67
0
8
Number
62
244
420
659967
6
ByLayer
370
-1
48
1.0
60
0
100
AcDbText
1
814
10
748745.297002014
20
8930157.68999922
30
190.071999916077
40
0.3
41
1.0
50
0.0
51
0.0
7
Standard
11
748745.297002014
21
8930157.68999922
31
190.071999916077
210
0.0
220
0.0
230
1.0
72
0
100
AcDbText
73
0
0
TEXT
5
3B3
330
1A
100
AcDbEntity
67
0
8
label
62
1
420
16711680
6
ByLayer
370
-1
48
1.0
60
0
100
AcDbText
1

10
748745.297002014
20
8930158.08999922
30
190.071999916077
40
0.3
41
1.0
50
0.0
51
0.0
7
Standard
11
748745.297002014
21
8930158.08999922
31
190.071999916077
210
0.0
220
0.0
230
1.0
72
0
100
AcDbText
73
0
0
TEXT
5
3B4
330
1A
100
AcDbEntity
67
0
8
Length
62
244
420
659967
6
ByLayer
370
-1
48
1.0
60
0
100
AcDbText
1
10.17
10
748745.297002014
20
8930156.5549992
30
190.071999916077
40
0.3
41
1.0
50
0.0
51
0.0
7
Standard
11
748745.297002014
21
8930156.5549992
31
190.071999916077
210
0.0
220
0.0
230
1.0
72
0
100
AcDbText
73
0
0
POLYLINE
5
3C2
330
1A
100
AcDbEntity
67
0
8
Real Hole
62
1
420
16711680
6
ByLayer
370
-1
48
1.0
60
0
100
AcDb3dPolyline
10
0.0
20
0.0
30
0.0
70
8
75
0
210
0.0
220
0.0
230
1.0
0
VERTEX
5
3B5
100
AcDbEntity
8
Real Hole
62
1
420
16711680
100
AcDbVertex
100
AcDb3dPolylineVertex
10
748745.297002014
20
8930157.30899921
30
190.071999916077
70
32
0
VERTEX
5
3B6
100
AcDbEntity
8
Real Hole
62
1
420
16711680
100
AcDbVertex
100
AcDb3dPolylineVertex
10
748745.28771604
20
8930157.30496926
30
189.072051176071
70
32
0
VERTEX
5
3B7
100
AcDbEntity
8
Real Hole
62
1
420
16711680
100
AcDbVertex
100
AcDb3dPolylineVertex
10
748745.29920546
20
8930157.30199575
30
188.072121628761
70
32
0
VERTEX
5
3B8
100
AcDbEntity
8
Real Hole
62
1
420
16711680
100
AcDbVertex
100
AcDb3dPolylineVertex
10
748745.311561545
20
8930157.31997397
30
187.072359451294
70
32
0
VERTEX
5
3B9
100
AcDbEntity
8
Real Hole
62
1
420
16711680
100
AcDbVertex
100
AcDb3dPolylineVertex
10
748745.307333982
20
8930157.32859207
30
186.072405704498
70
32
0
VERTEX
5
3BA
100
AcDbEntity
8
Real Hole
62
1
420
16711680
100
AcDbVertex
100
AcDb3dPolylineVertex
10
748745.330053673
20
8930157.3515269
30
185.072926887512
70
32
0
VERTEX
5
3BB
100
AcDbEntity
8
Real Hole
62
1
420
16711680
100
AcDbVertex
100
AcDb3dPolylineVertex
10
748745.350408621
20
8930157.36406895
30
184.07321251297
70
32
0
VERTEX
5
3BC
100
AcDbEntity
8
Real Hole
62
1
420
16711680
100
AcDbVertex
100
AcDb3dPolylineVertex
10
748745.366280478
20
8930157.39767649
30
183.073903450012
70
32
0
VERTEX
5
3BD
100
AcDbEntity
8
Real Hole
62
1
420
16711680
100
AcDbVertex
100
AcDb3dPolylineVertex
10
748745.403185446
20
8930157.43404433
30
182.075246700287
70
32
0
VERTEX
5
3BE
100
AcDbEntity
8
Real Hole
62
1
420
16711680
100
AcDbVertex
100
AcDb3dPolylineVertex
10
748745.446846199
20
8930157.45351074
30
181.076389678955
70
32
0
VERTEX
5
3BF
100
AcDbEntity
8
Real Hole
62
1
420
16711680
100
AcDbVertex
100
AcDb3dPolylineVertex
10
748745.500780475
20
8930157.47644893
30
180.078109153748
70
32
0
VERTEX
5
3C0
100
AcDbEntity
8
Real Hole
62
1
420
16711680
100
AcDbVertex
100
AcDb3dPolylineVertex
10
748745.506077718
20
8930157.47769919
30
179.978257545471
70
32
0
SEQEND
5
3C1
100
AcDbEntity
8
Real Hole
0
POINT
5
3C3
330
1A
100
AcDbEntity
67
0
8
Hole
62
244
420
659967
6
ByLayer
370
-1
48
1.0
60
0
100
AcDbPoint
10
748688.963999924
20
8930152.3219997
30
190.843999990463
39
0.0
210
0.0
220
0.0
230
1.0
50
360.0
0
LINE
5
3C4
330
1A
100
AcDbEntity
67
0
8
Theoretical Hole
62
244
420
659967
6
ByLayer
370
-1
48
1.0
60
0
100
AcDbLine
10
748688.963999924
20
8930152.3219997
30
190.843999990463
11
748689.001364883
21
8930153.32193103
31
185.110663303375
39
0.0
210
0.0
220
0.0
230
1.0
0
TEXT
5
3C5
330
1A
100
AcDbEntity
67
0
8
Number
62
244
420
659967
6
ByLayer
370
-1
48
1.0
60
0
100
AcDbText
1
815
10
748688.963999924
20
8930152.70299971
30
190.843999990463
40
0.3
41
1.0
50
0.0
51
0.0
7
Standard
11
748688.963999924
21
8930152.70299971
31
190.843999990463
210
0.0
220
0.0
230
1.0
72
0
100
AcDbText
73
0
0
TEXT
5
3C6
330
1A
100
AcDbEntity
67
0
8
label
62
1
420
16711680
6
ByLayer
370
-1
48
1.0
60
0
100
AcDbText
1

10
748688.963999924
20
8930153.10299971
30
190.843999990463
40
0.3
41
1.0
50
0.0
51
0.0
7
Standard
11
748688.963999924
21
8930153.10299971
31
190.843999990463
210
0.0
220
0.0
230
1.0
72
0
100
AcDbText
73
0
0
TEXT
5
3C7
330
1A
100
AcDbEntity
67
0
8
Length
62
244
420
659967
6
ByLayer
370
-1
48
1.0
60
0
100
AcDbText
1
5.82
10
748688.963999924
20
8930151.56799969
30
190.843999990463
40
0.3
41
1.0
50
0.0
51
0.0
7
Standard
11
748688.963999924
21
8930151.56799969
31
190.843999990463
210
0.0
220
0.0
230
1.0
72
0
100
AcDbText
73
0
0
POINT
5
3C8
330
1A
100
AcDbEntity
67
0
8
Hole
62
244
420
659967
6
ByLayer
370
-1
48
1.0
60
0
100
AcDbPoint
10
748690.519000229
20
8930152.27900043
30
190.541999944687
39
0.0
210
0.0
220
0.0
230
1.0
50
360.0
0
LINE
5
3C9
330
1A
100
AcDbEntity
67
0
8
Theoretical Hole
62
244
420
659967
6
ByLayer
370
-1
48
1.0
60
0
100
AcDbLine
10
748690.519000229
20
8930152.27900043
30
190.541999944687
11
748690.557519134
21
8930153.30983081
31
184.661795743942
39
0.0
210
0.0
220
0.0
230
1.0
0
TEXT
5
3CA
330
1A
100
AcDbEntity
67
0
8
Number
62
244
420
659967
6
ByLayer
370
-1
48
1.0
60
0
100
AcDbText
1
816
10
748690.519000229
20
8930152.66000044
30
190.541999944687
40
0.3
41
1.0
50
0.0
51
0.0
7
Standard
11
748690.519000229
21
8930152.66000044
31
190.541999944687
210
0.0
220
0.0
230
1.0
72
0
100
AcDbText
73
0
0
TEXT
5
3CB
330
1A
100
AcDbEntity
67
0
8
label
62
1
420
16711680
6
ByLayer
370
-1
48
1.0
60
0
100
AcDbText
1

10
748690.519000229
20
8930153.06000044
30
190.541999944687
40
0.3
41
1.0
50
0.0
51
0.0
7
Standard
11
748690.519000229
21
8930153.06000044
31
190.541999944687
210
0.0
220
0.0
230
1.0
72
0
100
AcDbText
73
0
0
TEXT
5
3CC
330
1A
100
AcDbEntity
67
0
8
Length
62
244
420
659967
6
ByLayer
370
-1
48
1.0
60
0
100
AcDbText
1
5.97
10
748690.519000229
20
8930151.52500042
30
190.541999944687
40
0.3
41
1.0
50
0.0
51
0.0
7
Standard
11
748690.519000229
21
8930151.52500042
31
190.541999944687
210
0.0
220
0.0
230
1.0
72
0
100
AcDbText
73
0
0
POLYLINE
5
3D3
330
1A
100
AcDbEntity
67
0
8
Real Hole
62
1
420
16711680
6
ByLayer
370
-1
48
1.0
60
0
100
AcDb3dPolyline
10
0.0
20
0.0
30
0.0
70
8
75
0
210
0.0
220
0.0
230
1.0
0
VERTEX
5
3CD
100
AcDbEntity
8
Real Hole
62
1
420
16711680
100
AcDbVertex
100
AcDb3dPolylineVertex
10
748690.519000229
20
8930152.27900043
30
190.541999944687
70
32
0
VERTEX
5
3CE
100
AcDbEntity
8
Real Hole
62
1
420
16711680
100
AcDbVertex
100
AcDb3dPolylineVertex
10
748690.521806464
20
8930152.43661648
30
189.55450344944
70
32
0
VERTEX
5
3CF
100
AcDbEntity
8
Real Hole
62
1
420
16711680
100
AcDbVertex
100
AcDb3dPolylineVertex
10
748690.526330225
20
8930152.58383855
30
188.565410384178
70
32
0
VERTEX
5
3D0
100
AcDbEntity
8
Real Hole
62
1
420
16711680
100
AcDbVertex
100
AcDb3dPolylineVertex
10
748690.480117698
20
8930152.73905339
30
187.578611024857
70
32
0
VERTEX
5
3D1
100
AcDbEntity
8
Real Hole
62
1
420
16711680
100
AcDbVertex
100
AcDb3dPolylineVertex
10
748690.446845156
20
8930152.88271483
30
186.589543708801
70
32
0
SEQEND
5
3D2
100
AcDbEntity
8
Real Hole
0
POINT
5
3D4
330
1A
100
AcDbEntity
67
0
8
Hole
62
244
420
659967
6
ByLayer
370
-1
48
1.0
60
0
100
AcDbPoint
10
748691.682000336
20
8930152.31900134
30
190.446999916077
39
0.0
210
0.0
220
0.0
230
1.0
50
360.0
0
LINE
5
3D5
330
1A
100
AcDbEntity
67
0
8
Theoretical Hole
62
244
420
659967
6
ByLayer
370
-1
48
1.0
60
0
100
AcDbLine
10
748691.682000336
20
8930152.31900134
30
190.446999916077
11
748691.732548889
21
8930153.39488712
31
184.442841180801
39
0.0
210
0.0
220
0.0
230
1.0
0
TEXT
5
3D6
330
1A
100
AcDbEntity
67
0
8
Number
62
244
420
659967
6
ByLayer
370
-1
48
1.0
60
0
100
AcDbText
1
817
10
748691.682000336
20
8930152.70000136
30
190.446999916077
40
0.3
41
1.0
50
0.0
51
0.0
7
Standard
11
748691.682000336
21
8930152.70000136
31
190.446999916077
210
0.0
220
0.0
230
1.0
72
0
100
AcDbText
73
0
0
TEXT
5
3D7
330
1A
100
AcDbEntity
67
0
8
label
62
1
420
16711680
6
ByLayer
370
-1
48
1.0
60
0
100
AcDbText
1

10
748691.682000336
20
8930153.10000136
30
190.446999916077
40
0.3
41
1.0
50
0.0
51
0.0
7
Standard
11
748691.682000336
21
8930153.10000136
31
190.446999916077
210
0.0
220
0.0
230
1.0
72
0
100
AcDbText
73
0
0
TEXT
5
3D8
330
1A
100
AcDbEntity
67
0
8
Length
62
244
420
659967
6
ByLayer
370
-1
48
1.0
60
0
100
AcDbText
1
6.10
10
748691.682000336
20
8930151.56500134
30
190.446999916077
40
0.3
41
1.0
50
0.0
51
0.0
7
Standard
11
748691.682000336
21
8930151.56500134
31
190.446999916077
210
0.0
220
0.0
230
1.0
72
0
100
AcDbText
73
0
0
POLYLINE
5
3E1
330
1A
100
AcDbEntity
67
0
8
Real Hole
62
1
420
16711680
6
ByLayer
370
-1
48
1.0
60
0
100
AcDb3dPolyline
10
0.0
20
0.0
30
0.0
70
8
75
0
210
0.0
220
0.0
230
1.0
0
VERTEX
5
3D9
100
AcDbEntity
8
Real Hole
62
1
420
16711680
100
AcDbVertex
100
AcDb3dPolylineVertex
10
748691.682000336
20
8930152.31900134
30
190.446999916077
70
32
0
VERTEX
5
3DA
100
AcDbEntity
8
Real Hole
62
1
420
16711680
100
AcDbVertex
100
AcDb3dPolylineVertex
10
748691.699258402
20
8930152.50610271
30
189.464810916424
70
32
0
VERTEX
5
3DB
100
AcDbEntity
8
Real Hole
62
1
420
16711680
100
AcDbVertex
100
AcDb3dPolylineVertex
10
748691.694329968
20
8930152.68706974
30
188.481334098816
70
32
0
VERTEX
5
3DC
100
AcDbEntity
8
Real Hole
62
1
420
16711680
100
AcDbVertex
100
AcDb3dPolylineVertex
10
748691.705434729
20
8930152.87343469
30
187.498916276932
70
32
0
VERTEX
5
3DD
100
AcDbEntity
8
Real Hole
62
1
420
16711680
100
AcDbVertex
100
AcDb3dPolylineVertex
10
748691.737922076
20
8930153.09585562
30
186.52450693512
70
32
0
VERTEX
5
3DE
100
AcDbEntity
8
Real Hole
62
1
420
16711680
100
AcDbVertex
100
AcDb3dPolylineVertex
10
748691.731618494
20
8930153.28587475
30
185.542746910095
70
32
0
VERTEX
5
3DF
100
AcDbEntity
8
Real Hole
62
1
420
16711680
100
AcDbVertex
100
AcDb3dPolylineVertex
10
748691.727903903
20
8930153.42586186
30
184.8568972435
70
32
0
SEQEND
5
3E0
100
AcDbEntity
8
Real Hole
0
POINT
5
3E2
330
1A
100
AcDbEntity
67
0
8
Hole
62
244
420
659967
6
ByLayer
370
-1
48
1.0
60
0
100
AcDbPoint
10
748693.311000046
20
8930152.252
30
190.363000043869
39
0.0
210
0.0
220
0.0
230
1.0
50
360.0
0
LINE
5
3E3
330
1A
100
AcDbEntity
67
0
8
Theoretical Hole
62
244
420
659967
6
ByLayer
370
-1
48
1.0
60
0
100
AcDbLine
10
748693.311000046
20
8930152.252
30
190.363000043869
11
748693.363627609
21
8930153.37210956
31
184.143274435043
39
0.0
210
0.0
220
0.0
230
1.0
0
TEXT
5
3E4
330
1A
100
AcDbEntity
67
0
8
Number
62
244
420
659967
6
ByLayer
370
-1
48
1.0
60
0
100
AcDbText
1
818
10
748693.311000046
20
8930152.63300001
30
190.363000043869
40
0.3
41
1.0
50
0.0
51
0.0
7
Standard
11
748693.311000046
21
8930152.63300001
31
190.363000043869
210
0.0
220
0.0
230
1.0
72
0
100
AcDbText
73
0
0
TEXT
5
3E5
330
1A
100
AcDbEntity
67
0
8
label
62
1
420
16711680
6
ByLayer
370
-1
48
1.0
60
0
100
AcDbText
1

10
748693.311000046
20
8930153.03300001
30
190.363000043869
40
0.3
41
1.0
50
0.0
51
0.0
7
Standard
11
748693.311000046
21
8930153.03300001
31
190.363000043869
210
0.0
220
0.0
230
1.0
72
0
100
AcDbText
73
0
0
TEXT
5
3E6
330
1A
100
AcDbEntity
67
0
8
Length
62
244
420
659967
6
ByLayer
370
-1
48
1.0
60
0
100
AcDbText
1
6.32
10
748693.311000046
20
8930151.49799999
30
190.363000043869
40
0.3
41
1.0
50
0.0
51
0.0
7
Standard
11
748693.311000046
21
8930151.49799999
31
190.363000043869
210
0.0
220
0.0
230
1.0
72
0
100
AcDbText
73
0
0
POLYLINE
5
3EF
330
1A
100
AcDbEntity
67
0
8
Real Hole
62
1
420
16711680
6
ByLayer
370
-1
48
1.0
60
0
100
AcDb3dPolyline
10
0.0
20
0.0
30
0.0
70
8
75
0
210
0.0
220
0.0
230
1.0
0
VERTEX
5
3E7
100
AcDbEntity
8
Real Hole
62
1
420
16711680
100
AcDbVertex
100
AcDb3dPolylineVertex
10
748693.311000046
20
8930152.252
30
190.363000043869
70
32
0
VERTEX
5
3E8
100
AcDbEntity
8
Real Hole
62
1
420
16711680
100
AcDbVertex
100
AcDb3dPolylineVertex
10
748693.323876655
20
8930152.4719804
30
189.387580760956
70
32
0
VERTEX
5
3E9
100
AcDbEntity
8
Real Hole
62
1
420
16711680
100
AcDbVertex
100
AcDb3dPolylineVertex
10
748693.342230549
20
8930152.69618147
30
188.413210639
70
32
0
VERTEX
5
3EA
100
AcDbEntity
8
Real Hole
62
1
420
16711680
100
AcDbVertex
100
AcDb3dPolylineVertex
10
748693.313603057
20
8930152.915701
30
187.438022741318
70
32
0
VERTEX
5
3EB
100
AcDbEntity
8
Real Hole
62
1
420
16711680
100
AcDbVertex
100
AcDb3dPolylineVertex
10
748693.285475139
20
8930153.11186519
30
186.457855113983
70
32
0
VERTEX
5
3EC
100
AcDbEntity
8
Real Hole
62
1
420
16711680
100
AcDbVertex
100
AcDb3dPolylineVertex
10
748693.27292395
20
8930153.31648913
30
185.47909510994
70
32
0
VERTEX
5
3ED
100
AcDbEntity
8
Real Hole
62
1
420
16711680
100
AcDbVertex
100
AcDb3dPolylineVertex
10
748693.275515855
20
8930153.36388769
30
185.284810194016
70
32
0
SEQEND
5
3EE
100
AcDbEntity
8
Real Hole
0
POINT
5
3F0
330
1A
100
AcDbEntity
67
0
8
Hole
62
244
420
659967
6
ByLayer
370
-1
48
1.0
60
0
100
AcDbPoint
10
748694.651999649
20
8930152.09399905
30
190.392000087738
39
0.0
210
0.0
220
0.0
230
1.0
50
360.0
0
LINE
5
3F1
330
1A
100
AcDbEntity
67
0
8
Theoretical Hole
62
244
420
659967
6
ByLayer
370
-1
48
1.0
60
0
100
AcDbLine
10
748694.651999649
20
8930152.09399905
30
190.392000087738
11
748694.706721481
21
8930153.25871005
31
183.956780323029
39
0.0
210
0.0
220
0.0
230
1.0
0
TEXT
5
3F2
330
1A
100
AcDbEntity
67
0
8
Number
62
244
420
659967
6
ByLayer
370
-1
48
1.0
60
0
100
AcDbText
1
819
10
748694.651999649
20
8930152.47499907
30
190.392000087738
40
0.3
41
1.0
50
0.0
51
0.0
7
Standard
11
748694.651999649
21
8930152.47499907
31
190.392000087738
210
0.0
220
0.0
230
1.0
72
0
100
AcDbText
73
0
0
TEXT
5
3F3
330
1A
100
AcDbEntity
67
0
8
label
62
1
420
16711680
6
ByLayer
370
-1
48
1.0
60
0
100
AcDbText
1

10
748694.651999649
20
8930152.87499907
30
190.392000087738
40
0.3
41
1.0
50
0.0
51
0.0
7
Standard
11
748694.651999649
21
8930152.87499907
31
190.392000087738
210
0.0
220
0.0
230
1.0
72
0
100
AcDbText
73
0
0
TEXT
5
3F4
330
1A
100
AcDbEntity
67
0
8
Length
62
244
420
659967
6
ByLayer
370
-1
48
1.0
60
0
100
AcDbText
1
6.54
10
748694.651999649
20
8930151.33999905
30
190.392000087738
40
0.3
41
1.0
50
0.0
51
0.0
7
Standard
11
748694.651999649
21
8930151.33999905
31
190.392000087738
210
0.0
220
0.0
230
1.0
72
0
100
AcDbText
73
0
0
POLYLINE
5
3FD
330
1A
100
AcDbEntity
67
0
8
Real Hole
62
1
420
16711680
6
ByLayer
370
-1
48
1.0
60
0
100
AcDb3dPolyline
10
0.0
20
0.0
30
0.0
70
8
75
0
210
0.0
220
0.0
230
1.0
0
VERTEX
5
3F5
100
AcDbEntity
8
Real Hole
62
1
420
16711680
100
AcDbVertex
100
AcDb3dPolylineVertex
10
748694.651999649
20
8930152.09399905
30
190.392000087738
70
32
0
VERTEX
5
3F6
100
AcDbEntity
8
Real Hole
62
1
420
16711680
100
AcDbVertex
100
AcDb3dPolylineVertex
10
748694.668179606
20
8930152.26516512
30
189.406890758514
70
32
0
VERTEX
5
3F7
100
AcDbEntity
8
Real Hole
62
1
420
16711680
100
AcDbVertex
100
AcDb3dPolylineVertex
10
748694.696754627
20
8930152.4565936
30
188.42580021286
70
32
0
VERTEX
5
3F8
100
AcDbEntity
8
Real Hole
62
1
420
16711680
100
AcDbVertex
100
AcDb3dPolylineVertex
10
748694.710031994
20
8930152.65808931
30
187.446400770187
70
32
0
VERTEX
5
3F9
100
AcDbEntity
8
Real Hole
62
1
420
16711680
100
AcDbVertex
100
AcDb3dPolylineVertex
10
748694.717976738
20
8930152.84530213
30
186.464113601685
70
32
0
VERTEX
5
3FA
100
AcDbEntity
8
Real Hole
62
1
420
16711680
100
AcDbVertex
100
AcDb3dPolylineVertex
10
748694.754962165
20
8930153.04781505
30
185.485532649994
70
32
0
VERTEX
5
3FB
100
AcDbEntity
8
Real Hole
62
1
420
16711680
100
AcDbVertex
100
AcDb3dPolylineVertex
10
748694.775462088
20
8930153.13340082
30
185.09533441925
70
32
0
SEQEND
5
3FC
100
AcDbEntity
8
Real Hole
0
POINT
5
3FE
330
1A
100
AcDbEntity
67
0
8
Hole
62
244
420
659967
6
ByLayer
370
-1
48
1.0
60
0
100
AcDbPoint
10
748696.394000229
20
8930152.07700076
30
190.235999950409
39
0.0
210
0.0
220
0.0
230
1.0
50
360.0
0
LINE
5
3FF
330
1A
100
AcDbEntity
67
0
8
Theoretical Hole
62
244
420
659967
6
ByLayer
370
-1
48
1.0
60
0
100
AcDbLine
10
748696.394000229
20
8930152.07700076
30
190.235999950409
11
748696.450894531
21
8930153.28794589
31
183.565259346008
39
0.0
210
0.0
220
0.0
230
1.0
0
TEXT
5
400
330
1A
100
AcDbEntity
67
0
8
Number
62
244
420
659967
6
ByLayer
370
-1
48
1.0
60
0
100
AcDbText
1
820
10
748696.394000229
20
8930152.45800078
30
190.235999950409
40
0.3
41
1.0
50
0.0
51
0.0
7
Standard
11
748696.394000229
21
8930152.45800078
31
190.235999950409
210
0.0
220
0.0
230
1.0
72
0
100
AcDbText
73
0
0
TEXT
5
401
330
1A
100
AcDbEntity
67
0
8
label
62
1
420
16711680
6
ByLayer
370
-1
48
1.0
60
0
100
AcDbText
1

10
748696.394000229
20
8930152.85800078
30
190.235999950409
40
0.3
41
1.0
50
0.0
51
0.0
7
Standard
11
748696.394000229
21
8930152.85800078
31
190.235999950409
210
0.0
220
0.0
230
1.0
72
0
100
AcDbText
73
0
0
TEXT
5
402
330
1A
100
AcDbEntity
67
0
8
Length
62
244
420
659967
6
ByLayer
370
-1
48
1.0
60
0
100
AcDbText
1
6.78
10
748696.394000229
20
8930151.32300076
30
190.235999950409
40
0.3
41
1.0
50
0.0
51
0.0
7
Standard
11
748696.394000229
21
8930151.32300076
31
190.235999950409
210
0.0
220
0.0
230
1.0
72
0
100
AcDbText
73
0
0
POLYLINE
5
409
330
1A
100
AcDbEntity
67
0
8
Real Hole
62
1
420
16711680
6
ByLayer
370
-1
48
1.0
60
0
100
AcDb3dPolyline
10
0.0
20
0.0
30
0.0
70
8
75
0
210
0.0
220
0.0
230
1.0
0
VERTEX
5
403
100
AcDbEntity
8
Real Hole
62
1
420
16711680
100
AcDbVertex
100
AcDb3dPolylineVertex
10
748696.394000229
20
8930152.07700076
30
190.235999950409
70
32
0
VERTEX
5
404
100
AcDbEntity
8
Real Hole
62
1
420
16711680
100
AcDbVertex
100
AcDb3dPolylineVertex
10
748696.35670406
20
8930152.27476352
30
189.25645978117
70
32
0
VERTEX
5
405
100
AcDbEntity
8
Real Hole
62
1
420
16711680
100
AcDbVertex
100
AcDb3dPolylineVertex
10
748696.33184097
20
8930152.49097085
30
188.280429014206
70
32
0
VERTEX
5
406
100
AcDbEntity
8
Real Hole
62
1
420
16711680
100
AcDbVertex
100
AcDb3dPolylineVertex
10
748696.315227498
20
8930152.72161182
30
187.307531961441
70
32
0
VERTEX
5
407
100
AcDbEntity
8
Real Hole
62
1
420
16711680
100
AcDbVertex
100
AcDb3dPolylineVertex
10
748696.290643972
20
8930152.92686131
30
186.329131015778
70
32
0
SEQEND
5
408
100
AcDbEntity
8
Real Hole
0
POINT
5
40A
330
1A
100
AcDbEntity
67
0
8
Hole
62
244
420
659967
6
ByLayer
370
-1
48
1.0
60
0
100
AcDbPoint
10
748697.762000259
20
8930151.93599811
30
190.116999992371
39
0.0
210
0.0
220
0.0
230
1.0
50
360.0
0
LINE
5
40B
330
1A
100
AcDbEntity
67
0
8
Theoretical Hole
62
244
420
659967
6
ByLayer
370
-1
48
1.0
60
0
100
AcDbLine
10
748697.762000259
20
8930151.93599811
30
190.116999992371
11
748697.820893463
21
8930153.18946185
31
183.372744688034
39
0.0
210
0.0
220
0.0
230
1.0
0
TEXT
5
40C
330
1A
100
AcDbEntity
67
0
8
Number
62
244
420
659967
6
ByLayer
370
-1
48
1.0
60
0
100
AcDbText
1
821
10
748697.762000259
20
8930152.31699812
30
190.116999992371
40
0.3
41
1.0
50
0.0
51
0.0
7
Standard
11
748697.762000259
21
8930152.31699812
31
190.116999992371
210
0.0
220
0.0
230
1.0
72
0
100
AcDbText
73
0
0
TEXT
5
40D
330
1A
100
AcDbEntity
67
0
8
label
62
1
420
16711680
6
ByLayer
370
-1
48
1.0
60
0
100
AcDbText
1

10
748697.762000259
20
8930152.71699812
30
190.116999992371
40
0.3
41
1.0
50
0.0
51
0.0
7
Standard
11
748697.762000259
21
8930152.71699812
31
190.116999992371
210
0.0
220
0.0
230
1.0
72
0
100
AcDbText
73
0
0
TEXT
5
40E
330
1A
100
AcDbEntity
67
0
8
Length
62
244
420
659967
6
ByLayer
370
-1
48
1.0
60
0
100
AcDbText
1
6.86
10
748697.762000259
20
8930151.1819981
30
190.116999992371
40
0.3
41
1.0
50
0.0
51
0.0
7
Standard
11
748697.762000259
21
8930151.1819981
31
190.116999992371
210
0.0
220
0.0
230
1.0
72
0
100
AcDbText
73
0
0
POLYLINE
5
418
330
1A
100
AcDbEntity
67
0
8
Real Hole
62
1
420
16711680
6
ByLayer
370
-1
48
1.0
60
0
100
AcDb3dPolyline
10
0.0
20
0.0
30
0.0
70
8
75
0
210
0.0
220
0.0
230
1.0
0
VERTEX
5
40F
100
AcDbEntity
8
Real Hole
62
1
420
16711680
100
AcDbVertex
100
AcDb3dPolylineVertex
10
748697.762000259
20
8930151.93599811
30
190.116999992371
70
32
0
VERTEX
5
410
100
AcDbEntity
8
Real Hole
62
1
420
16711680
100
AcDbVertex
100
AcDb3dPolylineVertex
10
748697.778515891
20
8930152.12746654
30
189.135640212536
70
32
0
VERTEX
5
411
100
AcDbEntity
8
Real Hole
62
1
420
16711680
100
AcDbVertex
100
AcDb3dPolylineVertex
10
748697.788580096
20
8930152.33547634
30
188.157565244675
70
32
0
VERTEX
5
412
100
AcDbEntity
8
Real Hole
62
1
420
16711680
100
AcDbVertex
100
AcDb3dPolylineVertex
10
748697.784442781
20
8930152.54710188
30
187.180223115921
70
32
0
VERTEX
5
413
100
AcDbEntity
8
Real Hole
62
1
420
16711680
100
AcDbVertex
100
AcDb3dPolylineVertex
10
748697.788811693
20
8930152.74111583
30
186.199234136581
70
32
0
VERTEX
5
414
100
AcDbEntity
8
Real Hole
62
1
420
16711680
100
AcDbVertex
100
AcDb3dPolylineVertex
10
748697.808989942
20
8930152.92447486
30
185.216395267487
70
32
0
VERTEX
5
415
100
AcDbEntity
8
Real Hole
62
1
420
16711680
100
AcDbVertex
100
AcDb3dPolylineVertex
10
748697.849871468
20
8930153.14809993
30
184.242577919006
70
32
0
VERTEX
5
416
100
AcDbEntity
8
Real Hole
62
1
420
16711680
100
AcDbVertex
100
AcDb3dPolylineVertex
10
748697.857210178
20
8930153.23832658
30
183.85295570755
70
32
0
SEQEND
5
417
100
AcDbEntity
8
Real Hole
0
POINT
5
419
330
1A
100
AcDbEntity
67
0
8
Hole
62
244
420
659967
6
ByLayer
370
-1
48
1.0
60
0
100
AcDbPoint
10
748699.060998138
20
8930151.87600055
30
189.910999902725
39
0.0
210
0.0
220
0.0
230
1.0
50
360.0
0
LINE
5
41A
330
1A
100
AcDbEntity
67
0
8
Theoretical Hole
62
244
420
659967
6
ByLayer
370
-1
48
1.0
60
0
100
AcDbLine
10
748699.060998138
20
8930151.87600055
30
189.910999902725
11
748699.135132965
21
8930153.17354694
31
183.562670597076
39
0.0
210
0.0
220
0.0
230
1.0
0
TEXT
5
41B
330
1A
100
AcDbEntity
67
0
8
Number
62
244
420
659967
6
ByLayer
370
-1
48
1.0
60
0
100
AcDbText
1
822
10
748699.060998138
20
8930152.25700056
30
189.910999902725
40
0.3
41
1.0
50
0.0
51
0.0
7
Standard
11
748699.060998138
21
8930152.25700056
31
189.910999902725
210
0.0
220
0.0
230
1.0
72
0
100
AcDbText
73
0
0
TEXT
5
41C
330
1A
100
AcDbEntity
67
0
8
label
62
1
420
16711680
6
ByLayer
370
-1
48
1.0
60
0
100
AcDbText
1

10
748699.060998138
20
8930152.65700056
30
189.910999902725
40
0.3
41
1.0
50
0.0
51
0.0
7
Standard
11
748699.060998138
21
8930152.65700056
31
189.910999902725
210
0.0
220
0.0
230
1.0
72
0
100
AcDbText
73
0
0
TEXT
5
41D
330
1A
100
AcDbEntity
67
0
8
Length
62
244
420
659967
6
ByLayer
370
-1
48
1.0
60
0
100
AcDbText
1
6.48
10
748699.060998138
20
8930151.12200054
30
189.910999902725
40
0.3
41
1.0
50
0.0
51
0.0
7
Standard
11
748699.060998138
21
8930151.12200054
31
189.910999902725
210
0.0
220
0.0
230
1.0
72
0
100
AcDbText
73
0
0
POLYLINE
5
426
330
1A
100
AcDbEntity
67
0
8
Real Hole
62
1
420
16711680
6
ByLayer
370
-1
48
1.0
60
0
100
AcDb3dPolyline
10
0.0
20
0.0
30
0.0
70
8
75
0
210
0.0
220
0.0
230
1.0
0
VERTEX
5
41E
100
AcDbEntity
8
Real Hole
62
1
420
16711680
100
AcDbVertex
100
AcDb3dPolylineVertex
10
748699.060998138
20
8930151.87600055
30
189.910999902725
70
32
0
VERTEX
5
41F
100
AcDbEntity
8
Real Hole
62
1
420
16711680
100
AcDbVertex
100
AcDb3dPolylineVertex
10
748699.119337011
20
8930152.14882397
30
188.950706192493
70
32
0
VERTEX
5
420
100
AcDbEntity
8
Real Hole
62
1
420
16711680
100
AcDbVertex
100
AcDb3dPolylineVertex
10
748699.152016227
20
8930152.4021708
30
187.983882793427
70
32
0
VERTEX
5
421
100
AcDbEntity
8
Real Hole
62
1
420
16711680
100
AcDbVertex
100
AcDb3dPolylineVertex
10
748699.173910562
20
8930152.65142205
30
187.015691408157
70
32
0
VERTEX
5
422
100
AcDbEntity
8
Real Hole
62
1
420
16711680
100
AcDbVertex
100
AcDb3dPolylineVertex
10
748699.225832042
20
8930152.9185349
30
186.053425916672
70
32
0
VERTEX
5
423
100
AcDbEntity
8
Real Hole
62
1
420
16711680
100
AcDbVertex
100
AcDb3dPolylineVertex
10
748699.279926192
20
8930153.21619573
30
185.100288042068
70
32
0
VERTEX
5
424
100
AcDbEntity
8
Real Hole
62
1
420
16711680
100
AcDbVertex
100
AcDb3dPolylineVertex
10
748699.313195851
20
8930153.46065667
30
184.234764226913
70
32
0
SEQEND
5
425
100
AcDbEntity
8
Real Hole
0
POINT
5
427
330
1A
100
AcDbEntity
67
0
8
Hole
62
244
420
659967
6
ByLayer
370
-1
48
1.0
60
0
100
AcDbPoint
10
748700.719998535
20
8930151.72100177
30
189.900999912262
39
0.0
210
0.0
220
0.0
230
1.0
50
360.0
0
LINE
5
428
330
1A
100
AcDbEntity
67
0
8
Theoretical Hole
62
244
420
659967
6
ByLayer
370
-1
48
1.0
60
0
100
AcDbLine
10
748700.719998535
20
8930151.72100177
30
189.900999912262
11
748700.829781708
21
8930153.05631747
31
183.509928592682
39
0.0
210
0.0
220
0.0
230
1.0
0
TEXT
5
429
330
1A
100
AcDbEntity
67
0
8
Number
62
244
420
659967
6
ByLayer
370
-1
48
1.0
60
0
100
AcDbText
1
823
10
748700.719998535
20
8930152.10200178
30
189.900999912262
40
0.3
41
1.0
50
0.0
51
0.0
7
Standard
11
748700.719998535
21
8930152.10200178
31
189.900999912262
210
0.0
220
0.0
230
1.0
72
0
100
AcDbText
73
0
0
TEXT
5
42A
330
1A
100
AcDbEntity
67
0
8
label
62
1
420
16711680
6
ByLayer
370
-1
48
1.0
60
0
100
AcDbText
1

10
748700.719998535
20
8930152.50200178
30
189.900999912262
40
0.3
41
1.0
50
0.0
51
0.0
7
Standard
11
748700.719998535
21
8930152.50200178
31
189.900999912262
210
0.0
220
0.0
230
1.0
72
0
100
AcDbText
73
0
0
TEXT
5
42B
330
1A
100
AcDbEntity
67
0
8
Length
62
244
420
659967
6
ByLayer
370
-1
48
1.0
60
0
100
AcDbText
1
6.53
10
748700.719998535
20
8930150.96700176
30
189.900999912262
40
0.3
41
1.0
50
0.0
51
0.0
7
Standard
11
748700.719998535
21
8930150.96700176
31
189.900999912262
210
0.0
220
0.0
230
1.0
72
0
100
AcDbText
73
0
0
POLYLINE
5
434
330
1A
100
AcDbEntity
67
0
8
Real Hole
62
1
420
16711680
6
ByLayer
370
-1
48
1.0
60
0
100
AcDb3dPolyline
10
0.0
20
0.0
30
0.0
70
8
75
0
210
0.0
220
0.0
230
1.0
0
VERTEX
5
42C
100
AcDbEntity
8
Real Hole
62
1
420
16711680
100
AcDbVertex
100
AcDb3dPolylineVertex
10
748700.719998535
20
8930151.72100177
30
189.900999912262
70
32
0
VERTEX
5
42D
100
AcDbEntity
8
Real Hole
62
1
420
16711680
100
AcDbVertex
100
AcDb3dPolylineVertex
10
748700.757492666
20
8930151.86504702
30
188.912139364719
70
32
0
VERTEX
5
42E
100
AcDbEntity
8
Real Hole
62
1
420
16711680
100
AcDbVertex
100
AcDb3dPolylineVertex
10
748700.791716729
20
8930151.99834093
30
187.921653875351
70
32
0
VERTEX
5
42F
100
AcDbEntity
8
Real Hole
62
1
420
16711680
100
AcDbVertex
100
AcDb3dPolylineVertex
10
748700.844021123
20
8930152.14778244
30
186.934267648697
70
32
0
VERTEX
5
430
100
AcDbEntity
8
Real Hole
62
1
420
16711680
100
AcDbVertex
100
AcDb3dPolylineVertex
10
748700.866861042
20
8930152.30706808
30
185.947299369812
70
32
0
VERTEX
5
431
100
AcDbEntity
8
Real Hole
62
1
420
16711680
100
AcDbVertex
100
AcDb3dPolylineVertex
10
748700.920993176
20
8930152.48161724
30
184.964140304565
70
32
0
VERTEX
5
432
100
AcDbEntity
8
Real Hole
62
1
420
16711680
100
AcDbVertex
100
AcDb3dPolylineVertex
10
748700.945277792
20
8930152.64257171
30
184.078982719421
70
32
0
SEQEND
5
433
100
AcDbEntity
8
Real Hole
0
POINT
5
435
330
1A
100
AcDbEntity
67
0
8
Hole
62
244
420
659967
6
ByLayer
370
-1
48
1.0
60
0
100
AcDbPoint
10
748702.28999823
20
8930151.69500079
30
189.938000091553
39
0.0
210
0.0
220
0.0
230
1.0
50
360.0
0
LINE
5
436
330
1A
100
AcDbEntity
67
0
8
Theoretical Hole
62
244
420
659967
6
ByLayer
370
-1
48
1.0
60
0
100
AcDbLine
10
748702.28999823
20
8930151.69500079
30
189.938000091553
11
748702.403153595
21
8930153.07132449
31
183.310344108582
39
0.0
210
0.0
220
0.0
230
1.0
0
TEXT
5
437
330
1A
100
AcDbEntity
67
0
8
Number
62
244
420
659967
6
ByLayer
370
-1
48
1.0
60
0
100
AcDbText
1
824
10
748702.28999823
20
8930152.07600081
30
189.938000091553
40
0.3
41
1.0
50
0.0
51
0.0
7
Standard
11
748702.28999823
21
8930152.07600081
31
189.938000091553
210
0.0
220
0.0
230
1.0
72
0
100
AcDbText
73
0
0
TEXT
5
438
330
1A
100
AcDbEntity
67
0
8
label
62
1
420
16711680
6
ByLayer
370
-1
48
1.0
60
0
100
AcDbText
1

10
748702.28999823
20
8930152.47600081
30
189.938000091553
40
0.3
41
1.0
50
0.0
51
0.0
7
Standard
11
748702.28999823
21
8930152.47600081
31
189.938000091553
210
0.0
220
0.0
230
1.0
72
0
100
AcDbText
73
0
0
TEXT
5
439
330
1A
100
AcDbEntity
67
0
8
Length
62
244
420
659967
6
ByLayer
370
-1
48
1.0
60
0
100
AcDbText
1
6.77
10
748702.28999823
20
8930150.94100079
30
189.938000091553
40
0.3
41
1.0
50
0.0
51
0.0
7
Standard
11
748702.28999823
21
8930150.94100079
31
189.938000091553
210
0.0
220
0.0
230
1.0
72
0
100
AcDbText
73
0
0
POLYLINE
5
442
330
1A
100
AcDbEntity
67
0
8
Real Hole
62
1
420
16711680
6
ByLayer
370
-1
48
1.0
60
0
100
AcDb3dPolyline
10
0.0
20
0.0
30
0.0
70
8
75
0
210
0.0
220
0.0
230
1.0
0
VERTEX
5
43A
100
AcDbEntity
8
Real Hole
62
1
420
16711680
100
AcDbVertex
100
AcDb3dPolylineVertex
10
748702.28999823
20
8930151.69500079
30
189.938000091553
70
32
0
VERTEX
5
43B
100
AcDbEntity
8
Real Hole
62
1
420
16711680
100
AcDbVertex
100
AcDb3dPolylineVertex
10
748702.306695829
20
8930151.90669152
30
188.960806020737
70
32
0
VERTEX
5
43C
100
AcDbEntity
8
Real Hole
62
1
420
16711680
100
AcDbVertex
100
AcDb3dPolylineVertex
10
748702.346832857
20
8930152.11590662
30
187.983760484695
70
32
0
VERTEX
5
43D
100
AcDbEntity
8
Real Hole
62
1
420
16711680
100
AcDbVertex
100
AcDb3dPolylineVertex
10
748702.425062772
20
8930152.3079864
30
187.005504020691
70
32
0
VERTEX
5
43E
100
AcDbEntity
8
Real Hole
62
1
420
16711680
100
AcDbVertex
100
AcDb3dPolylineVertex
10
748702.481939923
20
8930152.52070024
30
186.030046352386
70
32
0
VERTEX
5
43F
100
AcDbEntity
8
Real Hole
62
1
420
16711680
100
AcDbVertex
100
AcDb3dPolylineVertex
10
748702.527304199
20
8930152.74467304
30
185.056507476807
70
32
0
VERTEX
5
440
100
AcDbEntity
8
Real Hole
62
1
420
16711680
100
AcDbVertex
100
AcDb3dPolylineVertex
10
748702.566896823
20
8930152.90832939
30
184.274427303314
70
32
0
SEQEND
5
441
100
AcDbEntity
8
Real Hole
0
POINT
5
443
330
1A
100
AcDbEntity
67
0
8
Hole
62
244
420
659967
6
ByLayer
370
-1
48
1.0
60
0
100
AcDbPoint
10
748703.892998871
20
8930151.49300113
30
189.992999919891
39
0.0
210
0.0
220
0.0
230
1.0
50
360.0
0
LINE
5
444
330
1A
100
AcDbEntity
67
0
8
Theoretical Hole
62
244
420
659967
6
ByLayer
370
-1
48
1.0
60
0
100
AcDbLine
10
748703.892998871
20
8930151.49300113
30
189.992999919891
11
748704.009415802
21
8930152.90899005
31
183.46583927536
39
0.0
210
0.0
220
0.0
230
1.0
0
TEXT
5
445
330
1A
100
AcDbEntity
67
0
8
Number
62
244
420
659967
6
ByLayer
370
-1
48
1.0
60
0
100
AcDbText
1
825
10
748703.892998871
20
8930151.87400114
30
189.992999919891
40
0.3
41
1.0
50
0.0
51
0.0
7
Standard
11
748703.892998871
21
8930151.87400114
31
189.992999919891
210
0.0
220
0.0
230
1.0
72
0
100
AcDbText
73
0
0
TEXT
5
446
330
1A
100
AcDbEntity
67
0
8
label
62
1
420
16711680
6
ByLayer
370
-1
48
1.0
60
0
100
AcDbText
1

10
748703.892998871
20
8930152.27400114
30
189.992999919891
40
0.3
41
1.0
50
0.0
51
0.0
7
Standard
11
748703.892998871
21
8930152.27400114
31
189.992999919891
210
0.0
220
0.0
230
1.0
72
0
100
AcDbText
73
0
0
TEXT
5
447
330
1A
100
AcDbEntity
67
0
8
Length
62
244
420
659967
6
ByLayer
370
-1
48
1.0
60
0
100
AcDbText
1
6.68
10
748703.892998871
20
8930150.73900112
30
189.992999919891
40
0.3
41
1.0
50
0.0
51
0.0
7
Standard
11
748703.892998871
21
8930150.73900112
31
189.992999919891
210
0.0
220
0.0
230
1.0
72
0
100
AcDbText
73
0
0
POLYLINE
5
450
330
1A
100
AcDbEntity
67
0
8
Real Hole
62
1
420
16711680
6
ByLayer
370
-1
48
1.0
60
0
100
AcDb3dPolyline
10
0.0
20
0.0
30
0.0
70
8
75
0
210
0.0
220
0.0
230
1.0
0
VERTEX
5
448
100
AcDbEntity
8
Real Hole
62
1
420
16711680
100
AcDbVertex
100
AcDb3dPolylineVertex
10
748703.892998871
20
8930151.49300113
30
189.992999919891
70
32
0
VERTEX
5
449
100
AcDbEntity
8
Real Hole
62
1
420
16711680
100
AcDbVertex
100
AcDb3dPolylineVertex
10
748704.022878554
20
8930151.66762945
30
189.016969093323
70
32
0
VERTEX
5
44A
100
AcDbEntity
8
Real Hole
62
1
420
16711680
100
AcDbVertex
100
AcDb3dPolylineVertex
10
748704.158915993
20
8930151.83706799
30
188.040862330437
70
32
0
VERTEX
5
44B
100
AcDbEntity
8
Real Hole
62
1
420
16711680
100
AcDbVertex
100
AcDb3dPolylineVertex
10
748704.250315126
20
8930152.0302498
30
187.063965686798
70
32
0
VERTEX
5
44C
100
AcDbEntity
8
Real Hole
62
1
420
16711680
100
AcDbVertex
100
AcDb3dPolylineVertex
10
748704.340593096
20
8930152.2213206
30
186.086549886703
70
32
0
VERTEX
5
44D
100
AcDbEntity
8
Real Hole
62
1
420
16711680
100
AcDbVertex
100
AcDb3dPolylineVertex
10
748704.41394132
20
8930152.41111108
30
185.107468971252
70
32
0
VERTEX
5
44E
100
AcDbEntity
8
Real Hole
62
1
420
16711680
100
AcDbVertex
100
AcDb3dPolylineVertex
10
748704.5150938
20
8930152.60592106
30
184.131857761383
70
32
0
SEQEND
5
44F
100
AcDbEntity
8
Real Hole
0
POINT
5
451
330
1A
100
AcDbEntity
67
0
8
Hole
62
244
420
659967
6
ByLayer
370
-1
48
1.0
60
0
100
AcDbPoint
10
748705.127999481
20
8930151.35799899
30
190.078999885559
39
0.0
210
0.0
220
0.0
230
1.0
50
360.0
0
LINE
5
452
330
1A
100
AcDbEntity
67
0
8
Theoretical Hole
62
244
420
659967
6
ByLayer
370
-1
48
1.0
60
0
100
AcDbLine
10
748705.127999481
20
8930151.35799899
30
190.078999885559
11
748705.24771994
21
8930152.81418338
31
183.642758735657
39
0.0
210
0.0
220
0.0
230
1.0
0
TEXT
5
453
330
1A
100
AcDbEntity
67
0
8
Number
62
244
420
659967
6
ByLayer
370
-1
48
1.0
60
0
100
AcDbText
1
826
10
748705.127999481
20
8930151.73899901
30
190.078999885559
40
0.3
41
1.0
50
0.0
51
0.0
7
Standard
11
748705.127999481
21
8930151.73899901
31
190.078999885559
210
0.0
220
0.0
230
1.0
72
0
100
AcDbText
73
0
0
TEXT
5
454
330
1A
100
AcDbEntity
67
0
8
label
62
1
420
16711680
6
ByLayer
370
-1
48
1.0
60
0
100
AcDbText
1

10
748705.127999481
20
8930152.13899901
30
190.078999885559
40
0.3
41
1.0
50
0.0
51
0.0
7
Standard
11
748705.127999481
21
8930152.13899901
31
190.078999885559
210
0.0
220
0.0
230
1.0
72
0
100
AcDbText
73
0
0
TEXT
5
455
330
1A
100
AcDbEntity
67
0
8
Length
62
244
420
659967
6
ByLayer
370
-1
48
1.0
60
0
100
AcDbText
1
6.60
10
748705.127999481
20
8930150.60399899
30
190.078999885559
40
0.3
41
1.0
50
0.0
51
0.0
7
Standard
11
748705.127999481
21
8930150.60399899
31
190.078999885559
210
0.0
220
0.0
230
1.0
72
0
100
AcDbText
73
0
0
POLYLINE
5
45E
330
1A
100
AcDbEntity
67
0
8
Real Hole
62
1
420
16711680
6
ByLayer
370
-1
48
1.0
60
0
100
AcDb3dPolyline
10
0.0
20
0.0
30
0.0
70
8
75
0
210
0.0
220
0.0
230
1.0
0
VERTEX
5
456
100
AcDbEntity
8
Real Hole
62
1
420
16711680
100
AcDbVertex
100
AcDb3dPolylineVertex
10
748705.127999481
20
8930151.35799899
30
190.078999885559
70
32
0
VERTEX
5
457
100
AcDbEntity
8
Real Hole
62
1
420
16711680
100
AcDbVertex
100
AcDb3dPolylineVertex
10
748705.172922615
20
8930151.56029994
30
189.100707360744
70
32
0
VERTEX
5
458
100
AcDbEntity
8
Real Hole
62
1
420
16711680
100
AcDbVertex
100
AcDb3dPolylineVertex
10
748705.217216317
20
8930151.75976637
30
188.121804365158
70
32
0
VERTEX
5
459
100
AcDbEntity
8
Real Hole
62
1
420
16711680
100
AcDbVertex
100
AcDb3dPolylineVertex
10
748705.274475914
20
8930151.97361138
30
187.146616348267
70
32
0
VERTEX
5
45A
100
AcDbEntity
8
Real Hole
62
1
420
16711680
100
AcDbVertex
100
AcDb3dPolylineVertex
10
748705.358803954
20
8930152.20504936
30
186.177428373337
70
32
0
VERTEX
5
45B
100
AcDbEntity
8
Real Hole
62
1
420
16711680
100
AcDbVertex
100
AcDb3dPolylineVertex
10
748705.428203252
20
8930152.44755271
30
185.20976341629
70
32
0
VERTEX
5
45C
100
AcDbEntity
8
Real Hole
62
1
420
16711680
100
AcDbVertex
100
AcDb3dPolylineVertex
10
748705.492472735
20
8930152.68394056
30
184.240232357025
70
32
0
SEQEND
5
45D
100
AcDbEntity
8
Real Hole
0
POINT
5
45F
330
1A
100
AcDbEntity
67
0
8
Hole
62
244
420
659967
6
ByLayer
370
-1
48
1.0
60
0
100
AcDbPoint
10
748706.543000397
20
8930151.25299945
30
190.239999898911
39
0.0
210
0.0
220
0.0
230
1.0
50
360.0
0
LINE
5
460
330
1A
100
AcDbEntity
67
0
8
Theoretical Hole
62
244
420
659967
6
ByLayer
370
-1
48
1.0
60
0
100
AcDbLine
10
748706.543000397
20
8930151.25299945
30
190.239999898911
11
748706.661988434
21
8930152.70029941
31
183.678783306122
39
0.0
210
0.0
220
0.0
230
1.0
0
TEXT
5
461
330
1A
100
AcDbEntity
67
0
8
Number
62
244
420
659967
6
ByLayer
370
-1
48
1.0
60
0
100
AcDbText
1
827
10
748706.543000397
20
8930151.63399946
30
190.239999898911
40
0.3
41
1.0
50
0.0
51
0.0
7
Standard
11
748706.543000397
21
8930151.63399946
31
190.239999898911
210
0.0
220
0.0
230
1.0
72
0
100
AcDbText
73
0
0
TEXT
5
462
330
1A
100
AcDbEntity
67
0
8
label
62
1
420
16711680
6
ByLayer
370
-1
48
1.0
60
0
100
AcDbText
1

10
748706.543000397
20
8930152.03399946
30
190.239999898911
40
0.3
41
1.0
50
0.0
51
0.0
7
Standard
11
748706.543000397
21
8930152.03399946
31
190.239999898911
210
0.0
220
0.0
230
1.0
72
0
100
AcDbText
73
0
0
TEXT
5
463
330
1A
100
AcDbEntity
67
0
8
Length
62
244
420
659967
6
ByLayer
370
-1
48
1.0
60
0
100
AcDbText
1
6.72
10
748706.543000397
20
8930150.49899944
30
190.239999898911
40
0.3
41
1.0
50
0.0
51
0.0
7
Standard
11
748706.543000397
21
8930150.49899944
31
190.239999898911
210
0.0
220
0.0
230
1.0
72
0
100
AcDbText
73
0
0
POLYLINE
5
46C
330
1A
100
AcDbEntity
67
0
8
Real Hole
62
1
420
16711680
6
ByLayer
370
-1
48
1.0
60
0
100
AcDb3dPolyline
10
0.0
20
0.0
30
0.0
70
8
75
0
210
0.0
220
0.0
230
1.0
0
VERTEX
5
464
100
AcDbEntity
8
Real Hole
62
1
420
16711680
100
AcDbVertex
100
AcDb3dPolylineVertex
10
748706.543000397
20
8930151.25299945
30
190.239999898911
70
32
0
VERTEX
5
465
100
AcDbEntity
8
Real Hole
62
1
420
16711680
100
AcDbVertex
100
AcDb3dPolylineVertex
10
748706.647099737
20
8930151.48312544
30
189.272422858715
70
32
0
VERTEX
5
466
100
AcDbEntity
8
Real Hole
62
1
420
16711680
100
AcDbVertex
100
AcDb3dPolylineVertex
10
748706.744738412
20
8930151.70576366
30
188.302423366547
70
32
0
VERTEX
5
467
100
AcDbEntity
8
Real Hole
62
1
420
16711680
100
AcDbVertex
100
AcDb3dPolylineVertex
10
748706.844442275
20
8930151.94168087
30
187.3357786026
70
32
0
VERTEX
5
468
100
AcDbEntity
8
Real Hole
62
1
420
16711680
100
AcDbVertex
100
AcDb3dPolylineVertex
10
748706.929363009
20
8930152.19577691
30
186.372334846497
70
32
0
VERTEX
5
469
100
AcDbEntity
8
Real Hole
62
1
420
16711680
100
AcDbVertex
100
AcDb3dPolylineVertex
10
748707.021274623
20
8930152.44186762
30
185.407456048965
70
32
0
VERTEX
5
46A
100
AcDbEntity
8
Real Hole
62
1
420
16711680
100
AcDbVertex
100
AcDb3dPolylineVertex
10
748707.130171296
20
8930152.70308938
30
184.448339113235
70
32
0
SEQEND
5
46B
100
AcDbEntity
8
Real Hole
0
POINT
5
46D
330
1A
100
AcDbEntity
67
0
8
Hole
62
244
420
659967
6
ByLayer
370
-1
48
1.0
60
0
100
AcDbPoint
10
748708.363999542
20
8930151.21099963
30
190.341999897003
39
0.0
210
0.0
220
0.0
230
1.0
50
360.0
0
LINE
5
46E
330
1A
100
AcDbEntity
67
0
8
Theoretical Hole
62
244
420
659967
6
ByLayer
370
-1
48
1.0
60
0
100
AcDbLine
10
748708.363999542
20
8930151.21099963
30
190.341999897003
11
748708.527070221
21
8930152.67635074
31
183.591128715515
39
0.0
210
0.0
220
0.0
230
1.0
0
TEXT
5
46F
330
1A
100
AcDbEntity
67
0
8
Number
62
244
420
659967
6
ByLayer
370
-1
48
1.0
60
0
100
AcDbText
1
828
10
748708.363999542
20
8930151.59199965
30
190.341999897003
40
0.3
41
1.0
50
0.0
51
0.0
7
Standard
11
748708.363999542
21
8930151.59199965
31
190.341999897003
210
0.0
220
0.0
230
1.0
72
0
100
AcDbText
73
0
0
TEXT
5
470
330
1A
100
AcDbEntity
67
0
8
label
62
1
420
16711680
6
ByLayer
370
-1
48
1.0
60
0
100
AcDbText
1

10
748708.363999542
20
8930151.99199965
30
190.341999897003
40
0.3
41
1.0
50
0.0
51
0.0
7
Standard
11
748708.363999542
21
8930151.99199965
31
190.341999897003
210
0.0
220
0.0
230
1.0
72
0
100
AcDbText
73
0
0
TEXT
5
471
330
1A
100
AcDbEntity
67
0
8
Length
62
244
420
659967
6
ByLayer
370
-1
48
1.0
60
0
100
AcDbText
1
6.91
10
748708.363999542
20
8930150.45699963
30
190.341999897003
40
0.3
41
1.0
50
0.0
51
0.0
7
Standard
11
748708.363999542
21
8930150.45699963
31
190.341999897003
210
0.0
220
0.0
230
1.0
72
0
100
AcDbText
73
0
0
POLYLINE
5
47A
330
1A
100
AcDbEntity
67
0
8
Real Hole
62
1
420
16711680
6
ByLayer
370
-1
48
1.0
60
0
100
AcDb3dPolyline
10
0.0
20
0.0
30
0.0
70
8
75
0
210
0.0
220
0.0
230
1.0
0
VERTEX
5
472
100
AcDbEntity
8
Real Hole
62
1
420
16711680
100
AcDbVertex
100
AcDb3dPolylineVertex
10
748708.363999542
20
8930151.21099963
30
190.341999897003
70
32
0
VERTEX
5
473
100
AcDbEntity
8
Real Hole
62
1
420
16711680
100
AcDbVertex
100
AcDb3dPolylineVertex
10
748708.455983568
20
8930151.42315569
30
189.369102784634
70
32
0
VERTEX
5
474
100
AcDbEntity
8
Real Hole
62
1
420
16711680
100
AcDbVertex
100
AcDb3dPolylineVertex
10
748708.547958639
20
8930151.62695273
30
188.394419559479
70
32
0
VERTEX
5
475
100
AcDbEntity
8
Real Hole
62
1
420
16711680
100
AcDbVertex
100
AcDb3dPolylineVertex
10
748708.641425278
20
8930151.83025726
30
187.419775375366
70
32
0
VERTEX
5
476
100
AcDbEntity
8
Real Hole
62
1
420
16711680
100
AcDbVertex
100
AcDb3dPolylineVertex
10
748708.729915675
20
8930152.0477471
30
186.447732337952
70
32
0
VERTEX
5
477
100
AcDbEntity
8
Real Hole
62
1
420
16711680
100
AcDbVertex
100
AcDb3dPolylineVertex
10
748708.816055384
20
8930152.27308872
30
185.477268108368
70
32
0
VERTEX
5
478
100
AcDbEntity
8
Real Hole
62
1
420
16711680
100
AcDbVertex
100
AcDb3dPolylineVertex
10
748708.837625739
20
8930152.36512652
30
185.088599094391
70
32
0
SEQEND
5
479
100
AcDbEntity
8
Real Hole
0
POINT
5
47B
330
1A
100
AcDbEntity
67
0
8
Hole
62
244
420
659967
6
ByLayer
370
-1
48
1.0
60
0
100
AcDbPoint
10
748709.52399939
20
8930151.05299869
30
190.262999900818
39
0.0
210
0.0
220
0.0
230
1.0
50
360.0
0
LINE
5
47C
330
1A
100
AcDbEntity
67
0
8
Theoretical Hole
62
244
420
659967
6
ByLayer
370
-1
48
1.0
60
0
100
AcDbLine
10
748709.52399939
20
8930151.05299869
30
190.262999900818
11
748709.699303802
21
8930152.54981723
31
183.345254072189
39
0.0
210
0.0
220
0.0
230
1.0
0
TEXT
5
47D
330
1A
100
AcDbEntity
67
0
8
Number
62
244
420
659967
6
ByLayer
370
-1
48
1.0
60
0
100
AcDbText
1
829
10
748709.52399939
20
8930151.4339987
30
190.262999900818
40
0.3
41
1.0
50
0.0
51
0.0
7
Standard
11
748709.52399939
21
8930151.4339987
31
190.262999900818
210
0.0
220
0.0
230
1.0
72
0
100
AcDbText
73
0
0
TEXT
5
47E
330
1A
100
AcDbEntity
67
0
8
label
62
1
420
16711680
6
ByLayer
370
-1
48
1.0
60
0
100
AcDbText
1

10
748709.52399939
20
8930151.8339987
30
190.262999900818
40
0.3
41
1.0
50
0.0
51
0.0
7
Standard
11
748709.52399939
21
8930151.8339987
31
190.262999900818
210
0.0
220
0.0
230
1.0
72
0
100
AcDbText
73
0
0
TEXT
5
47F
330
1A
100
AcDbEntity
67
0
8
Length
62
244
420
659967
6
ByLayer
370
-1
48
1.0
60
0
100
AcDbText
1
7.08
10
748709.52399939
20
8930150.29899868
30
190.262999900818
40
0.3
41
1.0
50
0.0
51
0.0
7
Standard
11
748709.52399939
21
8930150.29899868
31
190.262999900818
210
0.0
220
0.0
230
1.0
72
0
100
AcDbText
73
0
0
POLYLINE
5
488
330
1A
100
AcDbEntity
67
0
8
Real Hole
62
1
420
16711680
6
ByLayer
370
-1
48
1.0
60
0
100
AcDb3dPolyline
10
0.0
20
0.0
30
0.0
70
8
75
0
210
0.0
220
0.0
230
1.0
0
VERTEX
5
480
100
AcDbEntity
8
Real Hole
62
1
420
16711680
100
AcDbVertex
100
AcDb3dPolylineVertex
10
748709.52399939
20
8930151.05299869
30
190.262999900818
70
32
0
VERTEX
5
481
100
AcDbEntity
8
Real Hole
62
1
420
16711680
100
AcDbVertex
100
AcDb3dPolylineVertex
10
748709.573508632
20
8930151.25563261
30
189.284997710228
70
32
0
VERTEX
5
482
100
AcDbEntity
8
Real Hole
62
1
420
16711680
100
AcDbVertex
100
AcDb3dPolylineVertex
10
748709.636529114
20
8930151.45250854
30
188.306596764565
70
32
0
VERTEX
5
483
100
AcDbEntity
8
Real Hole
62
1
420
16711680
100
AcDbVertex
100
AcDb3dPolylineVertex
10
748709.687836659
20
8930151.66820904
30
187.331486114502
70
32
0
VERTEX
5
484
100
AcDbEntity
8
Real Hole
62
1
420
16711680
100
AcDbVertex
100
AcDb3dPolylineVertex
10
748709.765873697
20
8930151.89092323
30
186.359730609894
70
32
0
VERTEX
5
485
100
AcDbEntity
8
Real Hole
62
1
420
16711680
100
AcDbVertex
100
AcDb3dPolylineVertex
10
748709.838375863
20
8930152.12615695
30
185.390499958038
70
32
0
VERTEX
5
486
100
AcDbEntity
8
Real Hole
62
1
420
16711680
100
AcDbVertex
100
AcDb3dPolylineVertex
10
748709.880947676
20
8930152.31203523
30
184.613559135437
70
32
0
SEQEND
5
487
100
AcDbEntity
8
Real Hole
0
POINT
5
489
330
1A
100
AcDbEntity
67
0
8
Hole
62
244
420
659967
6
ByLayer
370
-1
48
1.0
60
0
100
AcDbPoint
10
748711.208001312
20
8930150.69099918
30
190.024999984741
39
0.0
210
0.0
220
0.0
230
1.0
50
360.0
0
LINE
5
48A
330
1A
100
AcDbEntity
67
0
8
Theoretical Hole
62
244
420
659967
6
ByLayer
370
-1
48
1.0
60
0
100
AcDbLine
10
748711.208001312
20
8930150.69099918
30
190.024999984741
11
748711.387044128
21
8930152.21972385
31
182.930032142639
39
0.0
210
0.0
220
0.0
230
1.0
0
TEXT
5
48B
330
1A
100
AcDbEntity
67
0
8
Number
62
244
420
659967
6
ByLayer
370
-1
48
1.0
60
0
100
AcDbText
1
830
10
748711.208001312
20
8930151.07199919
30
190.024999984741
40
0.3
41
1.0
50
0.0
51
0.0
7
Standard
11
748711.208001312
21
8930151.07199919
31
190.024999984741
210
0.0
220
0.0
230
1.0
72
0
100
AcDbText
73
0
0
TEXT
5
48C
330
1A
100
AcDbEntity
67
0
8
label
62
1
420
16711680
6
ByLayer
370
-1
48
1.0
60
0
100
AcDbText
1

10
748711.208001312
20
8930151.47199919
30
190.024999984741
40
0.3
41
1.0
50
0.0
51
0.0
7
Standard
11
748711.208001312
21
8930151.47199919
31
190.024999984741
210
0.0
220
0.0
230
1.0
72
0
100
AcDbText
73
0
0
TEXT
5
48D
330
1A
100
AcDbEntity
67
0
8
Length
62
244
420
659967
6
ByLayer
370
-1
48
1.0
60
0
100
AcDbText
1
7.26
10
748711.208001312
20
8930149.93699917
30
190.024999984741
40
0.3
41
1.0
50
0.0
51
0.0
7
Standard
11
748711.208001312
21
8930149.93699917
31
190.024999984741
210
0.0
220
0.0
230
1.0
72
0
100
AcDbText
73
0
0
POLYLINE
5
496
330
1A
100
AcDbEntity
67
0
8
Real Hole
62
1
420
16711680
6
ByLayer
370
-1
48
1.0
60
0
100
AcDb3dPolyline
10
0.0
20
0.0
30
0.0
70
8
75
0
210
0.0
220
0.0
230
1.0
0
VERTEX
5
48E
100
AcDbEntity
8
Real Hole
62
1
420
16711680
100
AcDbVertex
100
AcDb3dPolylineVertex
10
748711.208001312
20
8930150.69099918
30
190.024999984741
70
32
0
VERTEX
5
48F
100
AcDbEntity
8
Real Hole
62
1
420
16711680
100
AcDbVertex
100
AcDb3dPolylineVertex
10
748711.261828516
20
8930150.84975104
30
189.039149829388
70
32
0
VERTEX
5
490
100
AcDbEntity
8
Real Hole
62
1
420
16711680
100
AcDbVertex
100
AcDb3dPolylineVertex
10
748711.329265889
20
8930151.00114676
30
188.052979716301
70
32
0
VERTEX
5
491
100
AcDbEntity
8
Real Hole
62
1
420
16711680
100
AcDbVertex
100
AcDb3dPolylineVertex
10
748711.425832522
20
8930151.14318692
30
187.067840465546
70
32
0
VERTEX
5
492
100
AcDbEntity
8
Real Hole
62
1
420
16711680
100
AcDbVertex
100
AcDb3dPolylineVertex
10
748711.498873022
20
8930151.27917882
30
186.079826482773
70
32
0
VERTEX
5
493
100
AcDbEntity
8
Real Hole
62
1
420
16711680
100
AcDbVertex
100
AcDb3dPolylineVertex
10
748711.564074185
20
8930151.42251476
30
185.092302688599
70
32
0
VERTEX
5
494
100
AcDbEntity
8
Real Hole
62
1
420
16711680
100
AcDbVertex
100
AcDb3dPolylineVertex
10
748711.62140983
20
8930151.54038342
30
184.303113349915
70
32
0
SEQEND
5
495
100
AcDbEntity
8
Real Hole
0
POINT
5
497
330
1A
100
AcDbEntity
67
0
8
Hole
62
244
420
659967
6
ByLayer
370
-1
48
1.0
60
0
100
AcDbPoint
10
748712.654000458
20
8930150.55099979
30
190.031999954224
39
0.0
210
0.0
220
0.0
230
1.0
50
360.0
0
LINE
5
498
330
1A
100
AcDbEntity
67
0
8
Theoretical Hole
62
244
420
659967
6
ByLayer
370
-1
48
1.0
60
0
100
AcDbLine
10
748712.654000458
20
8930150.55099979
30
190.031999954224
11
748712.836587128
21
8930152.10999027
31
182.820855506897
39
0.0
210
0.0
220
0.0
230
1.0
0
TEXT
5
499
330
1A
100
AcDbEntity
67
0
8
Number
62
244
420
659967
6
ByLayer
370
-1
48
1.0
60
0
100
AcDbText
1
831
10
748712.654000458
20
8930150.9319998
30
190.031999954224
40
0.3
41
1.0
50
0.0
51
0.0
7
Standard
11
748712.654000458
21
8930150.9319998
31
190.031999954224
210
0.0
220
0.0
230
1.0
72
0
100
AcDbText
73
0
0
TEXT
5
49A
330
1A
100
AcDbEntity
67
0
8
label
62
1
420
16711680
6
ByLayer
370
-1
48
1.0
60
0
100
AcDbText
1

10
748712.654000458
20
8930151.3319998
30
190.031999954224
40
0.3
41
1.0
50
0.0
51
0.0
7
Standard
11
748712.654000458
21
8930151.3319998
31
190.031999954224
210
0.0
220
0.0
230
1.0
72
0
100
AcDbText
73
0
0
TEXT
5
49B
330
1A
100
AcDbEntity
67
0
8
Length
62
244
420
659967
6
ByLayer
370
-1
48
1.0
60
0
100
AcDbText
1
7.38
10
748712.654000458
20
8930149.79699978
30
190.031999954224
40
0.3
41
1.0
50
0.0
51
0.0
7
Standard
11
748712.654000458
21
8930149.79699978
31
190.031999954224
210
0.0
220
0.0
230
1.0
72
0
100
AcDbText
73
0
0
POLYLINE
5
4A5
330
1A
100
AcDbEntity
67
0
8
Real Hole
62
1
420
16711680
6
ByLayer
370
-1
48
1.0
60
0
100
AcDb3dPolyline
10
0.0
20
0.0
30
0.0
70
8
75
0
210
0.0
220
0.0
230
1.0
0
VERTEX
5
49C
100
AcDbEntity
8
Real Hole
62
1
420
16711680
100
AcDbVertex
100
AcDb3dPolylineVertex
10
748712.654000458
20
8930150.55099979
30
190.031999954224
70
32
0
VERTEX
5
49D
100
AcDbEntity
8
Real Hole
62
1
420
16711680
100
AcDbVertex
100
AcDb3dPolylineVertex
10
748712.778831955
20
8930150.71534004
30
189.053526946545
70
32
0
VERTEX
5
49E
100
AcDbEntity
8
Real Hole
62
1
420
16711680
100
AcDbVertex
100
AcDb3dPolylineVertex
10
748712.895067256
20
8930150.86427512
30
188.071535238266
70
32
0
VERTEX
5
49F
100
AcDbEntity
8
Real Hole
62
1
420
16711680
100
AcDbVertex
100
AcDb3dPolylineVertex
10
748713.008225438
20
8930151.01190573
30
187.088987239838
70
32
0
VERTEX
5
4A0
100
AcDbEntity
8
Real Hole
62
1
420
16711680
100
AcDbVertex
100
AcDb3dPolylineVertex
10
748713.101962891
20
8930151.16133603
30
186.104668268204
70
32
0
VERTEX
5
4A1
100
AcDbEntity
8
Real Hole
62
1
420
16711680
100
AcDbVertex
100
AcDb3dPolylineVertex
10
748713.191622254
20
8930151.32743463
30
185.122643836975
70
32
0
VERTEX
5
4A2
100
AcDbEntity
8
Real Hole
62
1
420
16711680
100
AcDbVertex
100
AcDb3dPolylineVertex
10
748713.263907727
20
8930151.48001101
30
184.136999019623
70
32
0
VERTEX
5
4A3
100
AcDbEntity
8
Real Hole
62
1
420
16711680
100
AcDbVertex
100
AcDb3dPolylineVertex
10
748713.308439847
20
8930151.5285072
30
183.540622600555
70
32
0
SEQEND
5
4A4
100
AcDbEntity
8
Real Hole
0
POINT
5
4A6
330
1A
100
AcDbEntity
67
0
8
Hole
62
244
420
659967
6
ByLayer
370
-1
48
1.0
60
0
100
AcDbPoint
10
748714.145001587
20
8930150.42500034
30
190.132000097275
39
0.0
210
0.0
220
0.0
230
1.0
50
360.0
0
LINE
5
4A7
330
1A
100
AcDbEntity
67
0
8
Theoretical Hole
62
244
420
659967
6
ByLayer
370
-1
48
1.0
60
0
100
AcDbLine
10
748714.145001587
20
8930150.42500034
30
190.132000097275
11
748714.331387695
21
8930152.01643481
31
182.733519920349
39
0.0
210
0.0
220
0.0
230
1.0
0
TEXT
5
4A8
330
1A
100
AcDbEntity
67
0
8
Number
62
244
420
659967
6
ByLayer
370
-1
48
1.0
60
0
100
AcDbText
1
832
10
748714.145001587
20
8930150.80600035
30
190.132000097275
40
0.3
41
1.0
50
0.0
51
0.0
7
Standard
11
748714.145001587
21
8930150.80600035
31
190.132000097275
210
0.0
220
0.0
230
1.0
72
0
100
AcDbText
73
0
0
TEXT
5
4A9
330
1A
100
AcDbEntity
67
0
8
label
62
1
420
16711680
6
ByLayer
370
-1
48
1.0
60
0
100
AcDbText
1

10
748714.145001587
20
8930151.20600035
30
190.132000097275
40
0.3
41
1.0
50
0.0
51
0.0
7
Standard
11
748714.145001587
21
8930151.20600035
31
190.132000097275
210
0.0
220
0.0
230
1.0
72
0
100
AcDbText
73
0
0
TEXT
5
4AA
330
1A
100
AcDbEntity
67
0
8
Length
62
244
420
659967
6
ByLayer
370
-1
48
1.0
60
0
100
AcDbText
1
7.57
10
748714.145001587
20
8930149.67100033
30
190.132000097275
40
0.3
41
1.0
50
0.0
51
0.0
7
Standard
11
748714.145001587
21
8930149.67100033
31
190.132000097275
210
0.0
220
0.0
230
1.0
72
0
100
AcDbText
73
0
0
POLYLINE
5
4B4
330
1A
100
AcDbEntity
67
0
8
Real Hole
62
1
420
16711680
6
ByLayer
370
-1
48
1.0
60
0
100
AcDb3dPolyline
10
0.0
20
0.0
30
0.0
70
8
75
0
210
0.0
220
0.0
230
1.0
0
VERTEX
5
4AB
100
AcDbEntity
8
Real Hole
62
1
420
16711680
100
AcDbVertex
100
AcDb3dPolylineVertex
10
748714.145001587
20
8930150.42500034
30
190.132000097275
70
32
0
VERTEX
5
4AC
100
AcDbEntity
8
Real Hole
62
1
420
16711680
100
AcDbVertex
100
AcDb3dPolylineVertex
10
748714.204749227
20
8930150.62289407
30
189.153599211216
70
32
0
VERTEX
5
4AD
100
AcDbEntity
8
Real Hole
62
1
420
16711680
100
AcDbVertex
100
AcDb3dPolylineVertex
10
748714.260604989
20
8930150.82067936
30
188.174946555138
70
32
0
VERTEX
5
4AE
100
AcDbEntity
8
Real Hole
62
1
420
16711680
100
AcDbVertex
100
AcDb3dPolylineVertex
10
748714.329017129
20
8930151.01429876
30
187.196257957458
70
32
0
VERTEX
5
4AF
100
AcDbEntity
8
Real Hole
62
1
420
16711680
100
AcDbVertex
100
AcDb3dPolylineVertex
10
748714.380937588
20
8930151.20820394
30
186.216612466812
70
32
0
VERTEX
5
4B0
100
AcDbEntity
8
Real Hole
62
1
420
16711680
100
AcDbVertex
100
AcDb3dPolylineVertex
10
748714.424747941
20
8930151.40339985
30
185.236827501297
70
32
0
VERTEX
5
4B1
100
AcDbEntity
8
Real Hole
62
1
420
16711680
100
AcDbVertex
100
AcDb3dPolylineVertex
10
748714.447630313
20
8930151.604548
30
184.257533678055
70
32
0
VERTEX
5
4B2
100
AcDbEntity
8
Real Hole
62
1
420
16711680
100
AcDbVertex
100
AcDb3dPolylineVertex
10
748714.487719622
20
8930151.80664351
30
183.278988965988
70
32
0
SEQEND
5
4B3
100
AcDbEntity
8
Real Hole
0
POINT
5
4B5
330
1A
100
AcDbEntity
67
0
8
Hole
62
244
420
659967
6
ByLayer
370
-1
48
1.0
60
0
100
AcDbPoint
10
748715.717000183
20
8930150.16700092
30
190.083000072479
39
0.0
210
0.0
220
0.0
230
1.0
50
360.0
0
LINE
5
4B6
330
1A
100
AcDbEntity
67
0
8
Theoretical Hole
62
244
420
659967
6
ByLayer
370
-1
48
1.0
60
0
100
AcDbLine
10
748715.717000183
20
8930150.16700092
30
190.083000072479
11
748715.957604584
21
8930151.82642093
31
182.475599655151
39
0.0
210
0.0
220
0.0
230
1.0
0
TEXT
5
4B7
330
1A
100
AcDbEntity
67
0
8
Number
62
244
420
659967
6
ByLayer
370
-1
48
1.0
60
0
100
AcDbText
1
833
10
748715.717000183
20
8930150.54800093
30
190.083000072479
40
0.3
41
1.0
50
0.0
51
0.0
7
Standard
11
748715.717000183
21
8930150.54800093
31
190.083000072479
210
0.0
220
0.0
230
1.0
72
0
100
AcDbText
73
0
0
TEXT
5
4B8
330
1A
100
AcDbEntity
67
0
8
label
62
1
420
16711680
6
ByLayer
370
-1
48
1.0
60
0
100
AcDbText
1

10
748715.717000183
20
8930150.94800093
30
190.083000072479
40
0.3
41
1.0
50
0.0
51
0.0
7
Standard
11
748715.717000183
21
8930150.94800093
31
190.083000072479
210
0.0
220
0.0
230
1.0
72
0
100
AcDbText
73
0
0
TEXT
5
4B9
330
1A
100
AcDbEntity
67
0
8
Length
62
244
420
659967
6
ByLayer
370
-1
48
1.0
60
0
100
AcDbText
1
7.79
10
748715.717000183
20
8930149.41300091
30
190.083000072479
40
0.3
41
1.0
50
0.0
51
0.0
7
Standard
11
748715.717000183
21
8930149.41300091
31
190.083000072479
210
0.0
220
0.0
230
1.0
72
0
100
AcDbText
73
0
0
POLYLINE
5
4C4
330
1A
100
AcDbEntity
67
0
8
Real Hole
62
1
420
16711680
6
ByLayer
370
-1
48
1.0
60
0
100
AcDb3dPolyline
10
0.0
20
0.0
30
0.0
70
8
75
0
210
0.0
220
0.0
230
1.0
0
VERTEX
5
4BA
100
AcDbEntity
8
Real Hole
62
1
420
16711680
100
AcDbVertex
100
AcDb3dPolylineVertex
10
748715.717000183
20
8930150.16700092
30
190.083000072479
70
32
0
VERTEX
5
4BB
100
AcDbEntity
8
Real Hole
62
1
420
16711680
100
AcDbVertex
100
AcDb3dPolylineVertex
10
748715.813449476
20
8930150.36758689
30
189.108083256722
70
32
0
VERTEX
5
4BC
100
AcDbEntity
8
Real Hole
62
1
420
16711680
100
AcDbVertex
100
AcDb3dPolylineVertex
10
748715.908193346
20
8930150.5562922
30
188.130630501747
70
32
0
VERTEX
5
4BD
100
AcDbEntity
8
Real Hole
62
1
420
16711680
100
AcDbVertex
100
AcDb3dPolylineVertex
10
748716.020707902
20
8930150.75363126
30
187.156773218155
70
32
0
VERTEX
5
4BE
100
AcDbEntity
8
Real Hole
62
1
420
16711680
100
AcDbVertex
100
AcDb3dPolylineVertex
10
748716.111333903
20
8930150.95765957
30
186.182012208939
70
32
0
VERTEX
5
4BF
100
AcDbEntity
8
Real Hole
62
1
420
16711680
100
AcDbVertex
100
AcDb3dPolylineVertex
10
748716.172770646
20
8930151.18551233
30
185.210256942749
70
32
0
VERTEX
5
4C0
100
AcDbEntity
8
Real Hole
62
1
420
16711680
100
AcDbVertex
100
AcDb3dPolylineVertex
10
748716.216913816
20
8930151.39792469
30
184.234074005127
70
32
0
VERTEX
5
4C1
100
AcDbEntity
8
Real Hole
62
1
420
16711680
100
AcDbVertex
100
AcDb3dPolylineVertex
10
748716.255709585
20
8930151.59714046
30
183.254886993408
70
32
0
VERTEX
5
4C2
100
AcDbEntity
8
Real Hole
62
1
420
16711680
100
AcDbVertex
100
AcDb3dPolylineVertex
10
748716.270195421
20
8930151.70008209
30
182.765812763214
70
32
0
SEQEND
5
4C3
100
AcDbEntity
8
Real Hole
0
POINT
5
4C5
330
1A
100
AcDbEntity
67
0
8
Hole
62
244
420
659967
6
ByLayer
370
-1
48
1.0
60
0
100
AcDbPoint
10
748717.043000397
20
8930150.002
30
190.090999969482
39
0.0
210
0.0
220
0.0
230
1.0
50
360.0
0
LINE
5
4C6
330
1A
100
AcDbEntity
67
0
8
Theoretical Hole
62
244
420
659967
6
ByLayer
370
-1
48
1.0
60
0
100
AcDbLine
10
748717.043000397
20
8930150.002
30
190.090999969482
11
748717.319890198
21
8930151.75219455
31
182.228190311432
39
0.0
210
0.0
220
0.0
230
1.0
0
TEXT
5
4C7
330
1A
100
AcDbEntity
67
0
8
Number
62
244
420
659967
6
ByLayer
370
-1
48
1.0
60
0
100
AcDbText
1
834
10
748717.043000397
20
8930150.38300001
30
190.090999969482
40
0.3
41
1.0
50
0.0
51
0.0
7
Standard
11
748717.043000397
21
8930150.38300001
31
190.090999969482
210
0.0
220
0.0
230
1.0
72
0
100
AcDbText
73
0
0
TEXT
5
4C8
330
1A
100
AcDbEntity
67
0
8
label
62
1
420
16711680
6
ByLayer
370
-1
48
1.0
60
0
100
AcDbText
1

10
748717.043000397
20
8930150.78300001
30
190.090999969482
40
0.3
41
1.0
50
0.0
51
0.0
7
Standard
11
748717.043000397
21
8930150.78300001
31
190.090999969482
210
0.0
220
0.0
230
1.0
72
0
100
AcDbText
73
0
0
TEXT
5
4C9
330
1A
100
AcDbEntity
67
0
8
Length
62
244
420
659967
6
ByLayer
370
-1
48
1.0
60
0
100
AcDbText
1
8.06
10
748717.043000397
20
8930149.24799999
30
190.090999969482
40
0.3
41
1.0
50
0.0
51
0.0
7
Standard
11
748717.043000397
21
8930149.24799999
31
190.090999969482
210
0.0
220
0.0
230
1.0
72
0
100
AcDbText
73
0
0
POLYLINE
5
4D4
330
1A
100
AcDbEntity
67
0
8
Real Hole
62
1
420
16711680
6
ByLayer
370
-1
48
1.0
60
0
100
AcDb3dPolyline
10
0.0
20
0.0
30
0.0
70
8
75
0
210
0.0
220
0.0
230
1.0
0
VERTEX
5
4CA
100
AcDbEntity
8
Real Hole
62
1
420
16711680
100
AcDbVertex
100
AcDb3dPolylineVertex
10
748717.043000397
20
8930150.002
30
190.090999969482
70
32
0
VERTEX
5
4CB
100
AcDbEntity
8
Real Hole
62
1
420
16711680
100
AcDbVertex
100
AcDb3dPolylineVertex
10
748717.108208951
20
8930150.24233888
30
189.122503706455
70
32
0
VERTEX
5
4CC
100
AcDbEntity
8
Real Hole
62
1
420
16711680
100
AcDbVertex
100
AcDb3dPolylineVertex
10
748717.179015484
20
8930150.48214599
30
188.154268750191
70
32
0
VERTEX
5
4CD
100
AcDbEntity
8
Real Hole
62
1
420
16711680
100
AcDbVertex
100
AcDb3dPolylineVertex
10
748717.267557856
20
8930150.74388358
30
187.193199762344
70
32
0
VERTEX
5
4CE
100
AcDbEntity
8
Real Hole
62
1
420
16711680
100
AcDbVertex
100
AcDb3dPolylineVertex
10
748717.34488618
20
8930150.96935579
30
186.222023853302
70
32
0
VERTEX
5
4CF
100
AcDbEntity
8
Real Hole
62
1
420
16711680
100
AcDbVertex
100
AcDb3dPolylineVertex
10
748717.417234507
20
8930151.19202104
30
185.249817260742
70
32
0
VERTEX
5
4D0
100
AcDbEntity
8
Real Hole
62
1
420
16711680
100
AcDbVertex
100
AcDb3dPolylineVertex
10
748717.479333546
20
8930151.43370571
30
184.281451114655
70
32
0
VERTEX
5
4D1
100
AcDbEntity
8
Real Hole
62
1
420
16711680
100
AcDbVertex
100
AcDb3dPolylineVertex
10
748717.583161649
20
8930151.68686476
30
183.319614299774
70
32
0
VERTEX
5
4D2
100
AcDbEntity
8
Real Hole
62
1
420
16711680
100
AcDbVertex
100
AcDb3dPolylineVertex
10
748717.589714524
20
8930151.71413853
30
183.223628887177
70
32
0
SEQEND
5
4D3
100
AcDbEntity
8
Real Hole
0
POINT
5
4D5
330
1A
100
AcDbEntity
67
0
8
Hole
62
244
420
659967
6
ByLayer
370
-1
48
1.0
60
0
100
AcDbPoint
10
748718.627999481
20
8930149.62799945
30
189.889999994278
39
0.0
210
0.0
220
0.0
230
1.0
50
360.0
0
LINE
5
4D6
330
1A
100
AcDbEntity
67
0
8
Theoretical Hole
62
244
420
659967
6
ByLayer
370
-1
48
1.0
60
0
100
AcDbLine
10
748718.627999481
20
8930149.62799945
30
189.889999994278
11
748718.918034729
21
8930151.46128574
31
181.882293590546
39
0.0
210
0.0
220
0.0
230
1.0
0
TEXT
5
4D7
330
1A
100
AcDbEntity
67
0
8
Number
62
244
420
659967
6
ByLayer
370
-1
48
1.0
60
0
100
AcDbText
1
835
10
748718.627999481
20
8930150.00899946
30
189.889999994278
40
0.3
41
1.0
50
0.0
51
0.0
7
Standard
11
748718.627999481
21
8930150.00899946
31
189.889999994278
210
0.0
220
0.0
230
1.0
72
0
100
AcDbText
73
0
0
TEXT
5
4D8
330
1A
100
AcDbEntity
67
0
8
label
62
1
420
16711680
6
ByLayer
370
-1
48
1.0
60
0
100
AcDbText
1

10
748718.627999481
20
8930150.40899946
30
189.889999994278
40
0.3
41
1.0
50
0.0
51
0.0
7
Standard
11
748718.627999481
21
8930150.40899946
31
189.889999994278
210
0.0
220
0.0
230
1.0
72
0
100
AcDbText
73
0
0
TEXT
5
4D9
330
1A
100
AcDbEntity
67
0
8
Length
62
244
420
659967
6
ByLayer
370
-1
48
1.0
60
0
100
AcDbText
1
8.22
10
748718.627999481
20
8930148.87399944
30
189.889999994278
40
0.3
41
1.0
50
0.0
51
0.0
7
Standard
11
748718.627999481
21
8930148.87399944
31
189.889999994278
210
0.0
220
0.0
230
1.0
72
0
100
AcDbText
73
0
0
POLYLINE
5
4E4
330
1A
100
AcDbEntity
67
0
8
Real Hole
62
1
420
16711680
6
ByLayer
370
-1
48
1.0
60
0
100
AcDb3dPolyline
10
0.0
20
0.0
30
0.0
70
8
75
0
210
0.0
220
0.0
230
1.0
0
VERTEX
5
4DA
100
AcDbEntity
8
Real Hole
62
1
420
16711680
100
AcDbVertex
100
AcDb3dPolylineVertex
10
748718.627999481
20
8930149.62799945
30
189.889999994278
70
32
0
VERTEX
5
4DB
100
AcDbEntity
8
Real Hole
62
1
420
16711680
100
AcDbVertex
100
AcDb3dPolylineVertex
10
748718.652741248
20
8930149.86865283
30
188.919704267025
70
32
0
VERTEX
5
4DC
100
AcDbEntity
8
Real Hole
62
1
420
16711680
100
AcDbVertex
100
AcDb3dPolylineVertex
10
748718.695821334
20
8930150.09774336
30
187.947252878189
70
32
0
VERTEX
5
4DD
100
AcDbEntity
8
Real Hole
62
1
420
16711680
100
AcDbVertex
100
AcDb3dPolylineVertex
10
748718.769082886
20
8930150.34650448
30
186.981462844849
70
32
0
VERTEX
5
4DE
100
AcDbEntity
8
Real Hole
62
1
420
16711680
100
AcDbVertex
100
AcDb3dPolylineVertex
10
748718.838350933
20
8930150.59798053
30
186.016080984116
70
32
0
VERTEX
5
4DF
100
AcDbEntity
8
Real Hole
62
1
420
16711680
100
AcDbVertex
100
AcDb3dPolylineVertex
10
748718.900936272
20
8930150.85259059
30
185.051064619064
70
32
0
VERTEX
5
4E0
100
AcDbEntity
8
Real Hole
62
1
420
16711680
100
AcDbVertex
100
AcDb3dPolylineVertex
10
748718.983028289
20
8930151.08249667
30
184.081320413589
70
32
0
VERTEX
5
4E1
100
AcDbEntity
8
Real Hole
62
1
420
16711680
100
AcDbVertex
100
AcDb3dPolylineVertex
10
748719.069075402
20
8930151.30296865
30
183.109729894638
70
32
0
VERTEX
5
4E2
100
AcDbEntity
8
Real Hole
62
1
420
16711680
100
AcDbVertex
100
AcDb3dPolylineVertex
10
748719.178178545
20
8930151.51886251
30
182.347177156448
70
32
0
SEQEND
5
4E3
100
AcDbEntity
8
Real Hole
0
POINT
5
4E5
330
1A
100
AcDbEntity
67
0
8
Hole
62
244
420
659967
6
ByLayer
370
-1
48
1.0
60
0
100
AcDbPoint
10
748719.973000702
20
8930149.42599979
30
189.919999965668
39
0.0
210
0.0
220
0.0
230
1.0
50
360.0
0
LINE
5
4E6
330
1A
100
AcDbEntity
67
0
8
Theoretical Hole
62
244
420
659967
6
ByLayer
370
-1
48
1.0
60
0
100
AcDbLine
10
748719.973000702
20
8930149.42599979
30
189.919999965668
11
748720.267029938
21
8930151.28451648
31
181.743719467163
39
0.0
210
0.0
220
0.0
230
1.0
0
TEXT
5
4E7
330
1A
100
AcDbEntity
67
0
8
Number
62
244
420
659967
6
ByLayer
370
-1
48
1.0
60
0
100
AcDbText
1
836
10
748719.973000702
20
8930149.8069998
30
189.919999965668
40
0.3
41
1.0
50
0.0
51
0.0
7
Standard
11
748719.973000702
21
8930149.8069998
31
189.919999965668
210
0.0
220
0.0
230
1.0
72
0
100
AcDbText
73
0
0
TEXT
5
4E8
330
1A
100
AcDbEntity
67
0
8
label
62
1
420
16711680
6
ByLayer
370
-1
48
1.0
60
0
100
AcDbText
1

10
748719.973000702
20
8930150.2069998
30
189.919999965668
40
0.3
41
1.0
50
0.0
51
0.0
7
Standard
11
748719.973000702
21
8930150.2069998
31
189.919999965668
210
0.0
220
0.0
230
1.0
72
0
100
AcDbText
73
0
0
TEXT
5
4E9
330
1A
100
AcDbEntity
67
0
8
Length
62
244
420
659967
6
ByLayer
370
-1
48
1.0
60
0
100
AcDbText
1
8.39
10
748719.973000702
20
8930148.67199978
30
189.919999965668
40
0.3
41
1.0
50
0.0
51
0.0
7
Standard
11
748719.973000702
21
8930148.67199978
31
189.919999965668
210
0.0
220
0.0
230
1.0
72
0
100
AcDbText
73
0
0
POLYLINE
5
4F4
330
1A
100
AcDbEntity
67
0
8
Real Hole
62
1
420
16711680
6
ByLayer
370
-1
48
1.0
60
0
100
AcDb3dPolyline
10
0.0
20
0.0
30
0.0
70
8
75
0
210
0.0
220
0.0
230
1.0
0
VERTEX
5
4EA
100
AcDbEntity
8
Real Hole
62
1
420
16711680
100
AcDbVertex
100
AcDb3dPolylineVertex
10
748719.973000702
20
8930149.42599979
30
189.919999965668
70
32
0
VERTEX
5
4EB
100
AcDbEntity
8
Real Hole
62
1
420
16711680
100
AcDbVertex
100
AcDb3dPolylineVertex
10
748720.014199704
20
8930149.68407896
30
188.954755016804
70
32
0
VERTEX
5
4EC
100
AcDbEntity
8
Real Hole
62
1
420
16711680
100
AcDbVertex
100
AcDb3dPolylineVertex
10
748720.060763087
20
8930149.93678912
30
187.988334068298
70
32
0
VERTEX
5
4ED
100
AcDbEntity
8
Real Hole
62
1
420
16711680
100
AcDbVertex
100
AcDb3dPolylineVertex
10
748720.072991561
20
8930150.18771609
30
187.020405420303
70
32
0
VERTEX
5
4EE
100
AcDbEntity
8
Real Hole
62
1
420
16711680
100
AcDbVertex
100
AcDb3dPolylineVertex
10
748720.081728261
20
8930150.44301238
30
186.053581842422
70
32
0
VERTEX
5
4EF
100
AcDbEntity
8
Real Hole
62
1
420
16711680
100
AcDbVertex
100
AcDb3dPolylineVertex
10
748720.113994357
20
8930150.66391852
30
185.078820594788
70
32
0
VERTEX
5
4F0
100
AcDbEntity
8
Real Hole
62
1
420
16711680
100
AcDbVertex
100
AcDb3dPolylineVertex
10
748720.157805693
20
8930150.88681486
30
184.104963668823
70
32
0
VERTEX
5
4F1
100
AcDbEntity
8
Real Hole
62
1
420
16711680
100
AcDbVertex
100
AcDb3dPolylineVertex
10
748720.179682773
20
8930151.12042597
30
183.132879623413
70
32
0
VERTEX
5
4F2
100
AcDbEntity
8
Real Hole
62
1
420
16711680
100
AcDbVertex
100
AcDb3dPolylineVertex
10
748720.202590343
20
8930151.27207425
30
182.552812465668
70
32
0
SEQEND
5
4F3
100
AcDbEntity
8
Real Hole
0
POINT
5
4F5
330
1A
100
AcDbEntity
67
0
8
Hole
62
244
420
659967
6
ByLayer
370
-1
48
1.0
60
0
100
AcDbPoint
10
748721.620000061
20
8930149.22900119
30
190.201000102997
39
0.0
210
0.0
220
0.0
230
1.0
50
360.0
0
LINE
5
4F6
330
1A
100
AcDbEntity
67
0
8
Theoretical Hole
62
244
420
659967
6
ByLayer
370
-1
48
1.0
60
0
100
AcDbLine
10
748721.620000061
20
8930149.22900119
30
190.201000102997
11
748721.917496857
21
8930151.10944476
31
181.732362159729
39
0.0
210
0.0
220
0.0
230
1.0
0
TEXT
5
4F7
330
1A
100
AcDbEntity
67
0
8
Number
62
244
420
659967
6
ByLayer
370
-1
48
1.0
60
0
100
AcDbText
1
837
10
748721.620000061
20
8930149.6100012
30
190.201000102997
40
0.3
41
1.0
50
0.0
51
0.0
7
Standard
11
748721.620000061
21
8930149.6100012
31
190.201000102997
210
0.0
220
0.0
230
1.0
72
0
100
AcDbText
73
0
0
TEXT
5
4F8
330
1A
100
AcDbEntity
67
0
8
label
62
1
420
16711680
6
ByLayer
370
-1
48
1.0
60
0
100
AcDbText
1

10
748721.620000061
20
8930150.0100012
30
190.201000102997
40
0.3
41
1.0
50
0.0
51
0.0
7
Standard
11
748721.620000061
21
8930150.0100012
31
190.201000102997
210
0.0
220
0.0
230
1.0
72
0
100
AcDbText
73
0
0
TEXT
5
4F9
330
1A
100
AcDbEntity
67
0
8
Length
62
244
420
659967
6
ByLayer
370
-1
48
1.0
60
0
100
AcDbText
1
8.68
10
748721.620000061
20
8930148.47500118
30
190.201000102997
40
0.3
41
1.0
50
0.0
51
0.0
7
Standard
11
748721.620000061
21
8930148.47500118
31
190.201000102997
210
0.0
220
0.0
230
1.0
72
0
100
AcDbText
73
0
0
POLYLINE
5
504
330
1A
100
AcDbEntity
67
0
8
Real Hole
62
1
420
16711680
6
ByLayer
370
-1
48
1.0
60
0
100
AcDb3dPolyline
10
0.0
20
0.0
30
0.0
70
8
75
0
210
0.0
220
0.0
230
1.0
0
VERTEX
5
4FA
100
AcDbEntity
8
Real Hole
62
1
420
16711680
100
AcDbVertex
100
AcDb3dPolylineVertex
10
748721.620000061
20
8930149.22900119
30
190.201000102997
70
32
0
VERTEX
5
4FB
100
AcDbEntity
8
Real Hole
62
1
420
16711680
100
AcDbVertex
100
AcDb3dPolylineVertex
10
748721.723158021
20
8930149.4537992
30
189.232070633411
70
32
0
VERTEX
5
4FC
100
AcDbEntity
8
Real Hole
62
1
420
16711680
100
AcDbVertex
100
AcDb3dPolylineVertex
10
748721.839244526
20
8930149.66159671
30
188.26081157589
70
32
0
VERTEX
5
4FD
100
AcDbEntity
8
Real Hole
62
1
420
16711680
100
AcDbVertex
100
AcDb3dPolylineVertex
10
748721.931355473
20
8930149.90130379
30
187.294345745087
70
32
0
VERTEX
5
4FE
100
AcDbEntity
8
Real Hole
62
1
420
16711680
100
AcDbVertex
100
AcDb3dPolylineVertex
10
748722.024697122
20
8930150.1518903
30
186.330762037277
70
32
0
VERTEX
5
4FF
100
AcDbEntity
8
Real Hole
62
1
420
16711680
100
AcDbVertex
100
AcDb3dPolylineVertex
10
748722.10106593
20
8930150.39936235
30
185.364881404877
70
32
0
VERTEX
5
500
100
AcDbEntity
8
Real Hole
62
1
420
16711680
100
AcDbVertex
100
AcDb3dPolylineVertex
10
748722.171333727
20
8930150.63950386
30
184.396690258026
70
32
0
VERTEX
5
501
100
AcDbEntity
8
Real Hole
62
1
420
16711680
100
AcDbVertex
100
AcDb3dPolylineVertex
10
748722.25020307
20
8930150.89025572
30
183.431856998444
70
32
0
VERTEX
5
502
100
AcDbEntity
8
Real Hole
62
1
420
16711680
100
AcDbVertex
100
AcDb3dPolylineVertex
10
748722.315300402
20
8930151.10042134
30
182.456360706329
70
32
0
SEQEND
5
503
100
AcDbEntity
8
Real Hole
0
POINT
5
505
330
1A
100
AcDbEntity
67
0
8
Hole
62
244
420
659967
6
ByLayer
370
-1
48
1.0
60
0
100
AcDbPoint
10
748723.046998199
20
8930149.127
30
190.093000062943
39
0.0
210
0.0
220
0.0
230
1.0
50
360.0
0
LINE
5
506
330
1A
100
AcDbEntity
67
0
8
Theoretical Hole
62
244
420
659967
6
ByLayer
370
-1
48
1.0
60
0
100
AcDbLine
10
748723.046998199
20
8930149.127
30
190.093000062943
11
748723.348374542
21
8930151.03196063
31
181.506946453094
39
0.0
210
0.0
220
0.0
230
1.0
0
TEXT
5
507
330
1A
100
AcDbEntity
67
0
8
Number
62
244
420
659967
6
ByLayer
370
-1
48
1.0
60
0
100
AcDbText
1
838
10
748723.046998199
20
8930149.50800001
30
190.093000062943
40
0.3
41
1.0
50
0.0
51
0.0
7
Standard
11
748723.046998199
21
8930149.50800001
31
190.093000062943
210
0.0
220
0.0
230
1.0
72
0
100
AcDbText
73
0
0
TEXT
5
508
330
1A
100
AcDbEntity
67
0
8
label
62
1
420
16711680
6
ByLayer
370
-1
48
1.0
60
0
100
AcDbText
1

10
748723.046998199
20
8930149.90800001
30
190.093000062943
40
0.3
41
1.0
50
0.0
51
0.0
7
Standard
11
748723.046998199
21
8930149.90800001
31
190.093000062943
210
0.0
220
0.0
230
1.0
72
0
100
AcDbText
73
0
0
TEXT
5
509
330
1A
100
AcDbEntity
67
0
8
Length
62
244
420
659967
6
ByLayer
370
-1
48
1.0
60
0
100
AcDbText
1
8.80
10
748723.046998199
20
8930148.37299999
30
190.093000062943
40
0.3
41
1.0
50
0.0
51
0.0
7
Standard
11
748723.046998199
21
8930148.37299999
31
190.093000062943
210
0.0
220
0.0
230
1.0
72
0
100
AcDbText
73
0
0
POLYLINE
5
514
330
1A
100
AcDbEntity
67
0
8
Real Hole
62
1
420
16711680
6
ByLayer
370
-1
48
1.0
60
0
100
AcDb3dPolyline
10
0.0
20
0.0
30
0.0
70
8
75
0
210
0.0
220
0.0
230
1.0
0
VERTEX
5
50A
100
AcDbEntity
8
Real Hole
62
1
420
16711680
100
AcDbVertex
100
AcDb3dPolylineVertex
10
748723.046998199
20
8930149.127
30
190.093000062943
70
32
0
VERTEX
5
50B
100
AcDbEntity
8
Real Hole
62
1
420
16711680
100
AcDbVertex
100
AcDb3dPolylineVertex
10
748723.126359273
20
8930149.3524836
30
189.121990808487
70
32
0
VERTEX
5
50C
100
AcDbEntity
8
Real Hole
62
1
420
16711680
100
AcDbVertex
100
AcDb3dPolylineVertex
10
748723.192698431
20
8930149.57151851
30
188.148531564713
70
32
0
VERTEX
5
50D
100
AcDbEntity
8
Real Hole
62
1
420
16711680
100
AcDbVertex
100
AcDb3dPolylineVertex
10
748723.307566729
20
8930149.79170903
30
187.179861673355
70
32
0
VERTEX
5
50E
100
AcDbEntity
8
Real Hole
62
1
420
16711680
100
AcDbVertex
100
AcDb3dPolylineVertex
10
748723.416913029
20
8930150.00997343
30
186.21011746788
70
32
0
VERTEX
5
50F
100
AcDbEntity
8
Real Hole
62
1
420
16711680
100
AcDbVertex
100
AcDb3dPolylineVertex
10
748723.495096054
20
8930150.25899878
30
185.244781145096
70
32
0
VERTEX
5
510
100
AcDbEntity
8
Real Hole
62
1
420
16711680
100
AcDbVertex
100
AcDb3dPolylineVertex
10
748723.557955262
20
8930150.5011852
30
184.276589998245
70
32
0
VERTEX
5
511
100
AcDbEntity
8
Real Hole
62
1
420
16711680
100
AcDbVertex
100
AcDb3dPolylineVertex
10
748723.619688567
20
8930150.73141637
30
183.305413850784
70
32
0
VERTEX
5
512
100
AcDbEntity
8
Real Hole
62
1
420
16711680
100
AcDbVertex
100
AcDb3dPolylineVertex
10
748723.657228705
20
8930150.90019109
30
182.62710297966
70
32
0
SEQEND
5
513
100
AcDbEntity
8
Real Hole
0
POINT
5
515
330
1A
100
AcDbEntity
67
0
8
Hole
62
244
420
659967
6
ByLayer
370
-1
48
1.0
60
0
100
AcDbPoint
10
748724.346001801
20
8930148.92799869
30
190.251999982834
39
0.0
210
0.0
220
0.0
230
1.0
50
360.0
0
LINE
5
516
330
1A
100
AcDbEntity
67
0
8
Theoretical Hole
62
244
420
659967
6
ByLayer
370
-1
48
1.0
60
0
100
AcDbLine
10
748724.346001801
20
8930148.92799869
30
190.251999982834
11
748724.651444611
21
8930150.85866657
31
181.620561489105
39
0.0
210
0.0
220
0.0
230
1.0
0
TEXT
5
517
330
1A
100
AcDbEntity
67
0
8
Number
62
244
420
659967
6
ByLayer
370
-1
48
1.0
60
0
100
AcDbText
1
839
10
748724.346001801
20
8930149.3089987
30
190.251999982834
40
0.3
41
1.0
50
0.0
51
0.0
7
Standard
11
748724.346001801
21
8930149.3089987
31
190.251999982834
210
0.0
220
0.0
230
1.0
72
0
100
AcDbText
73
0
0
TEXT
5
518
330
1A
100
AcDbEntity
67
0
8
label
62
1
420
16711680
6
ByLayer
370
-1
48
1.0
60
0
100
AcDbText
1

10
748724.346001801
20
8930149.7089987
30
190.251999982834
40
0.3
41
1.0
50
0.0
51
0.0
7
Standard
11
748724.346001801
21
8930149.7089987
31
190.251999982834
210
0.0
220
0.0
230
1.0
72
0
100
AcDbText
73
0
0
TEXT
5
519
330
1A
100
AcDbEntity
67
0
8
Length
62
244
420
659967
6
ByLayer
370
-1
48
1.0
60
0
100
AcDbText
1
8.85
10
748724.346001801
20
8930148.17399868
30
190.251999982834
40
0.3
41
1.0
50
0.0
51
0.0
7
Standard
11
748724.346001801
21
8930148.17399868
31
190.251999982834
210
0.0
220
0.0
230
1.0
72
0
100
AcDbText
73
0
0
POLYLINE
5
525
330
1A
100
AcDbEntity
67
0
8
Real Hole
62
1
420
16711680
6
ByLayer
370
-1
48
1.0
60
0
100
AcDb3dPolyline
10
0.0
20
0.0
30
0.0
70
8
75
0
210
0.0
220
0.0
230
1.0
0
VERTEX
5
51A
100
AcDbEntity
8
Real Hole
62
1
420
16711680
100
AcDbVertex
100
AcDb3dPolylineVertex
10
748724.346001801
20
8930148.92799869
30
190.251999982834
70
32
0
VERTEX
5
51B
100
AcDbEntity
8
Real Hole
62
1
420
16711680
100
AcDbVertex
100
AcDb3dPolylineVertex
10
748724.366104475
20
8930149.15324472
30
189.277905472755
70
32
0
VERTEX
5
51C
100
AcDbEntity
8
Real Hole
62
1
420
16711680
100
AcDbVertex
100
AcDb3dPolylineVertex
10
748724.420951736
20
8930149.38782373
30
188.307356962204
70
32
0
VERTEX
5
51D
100
AcDbEntity
8
Real Hole
62
1
420
16711680
100
AcDbVertex
100
AcDb3dPolylineVertex
10
748724.492802333
20
8930149.63594314
30
187.341295608521
70
32
0
VERTEX
5
51E
100
AcDbEntity
8
Real Hole
62
1
420
16711680
100
AcDbVertex
100
AcDb3dPolylineVertex
10
748724.551775989
20
8930149.8695189
30
186.370747217178
70
32
0
VERTEX
5
51F
100
AcDbEntity
8
Real Hole
62
1
420
16711680
100
AcDbVertex
100
AcDb3dPolylineVertex
10
748724.614745792
20
8930150.10835638
30
185.401731618881
70
32
0
VERTEX
5
520
100
AcDbEntity
8
Real Hole
62
1
420
16711680
100
AcDbVertex
100
AcDb3dPolylineVertex
10
748724.680424895
20
8930150.35835459
30
184.435715326309
70
32
0
VERTEX
5
521
100
AcDbEntity
8
Real Hole
62
1
420
16711680
100
AcDbVertex
100
AcDb3dPolylineVertex
10
748724.75574207
20
8930150.60226777
30
183.468847402573
70
32
0
VERTEX
5
522
100
AcDbEntity
8
Real Hole
62
1
420
16711680
100
AcDbVertex
100
AcDb3dPolylineVertex
10
748724.831814137
20
8930150.84771362
30
182.502426275253
70
32
0
VERTEX
5
523
100
AcDbEntity
8
Real Hole
62
1
420
16711680
100
AcDbVertex
100
AcDb3dPolylineVertex
10
748724.840132799
20
8930150.89317241
30
182.307839044571
70
32
0
SEQEND
5
524
100
AcDbEntity
8
Real Hole
0
POINT
5
526
330
1A
100
AcDbEntity
67
0
8
Hole
62
244
420
659967
6
ByLayer
370
-1
48
1.0
60
0
100
AcDbPoint
10
748725.601998505
20
8930148.86700168
30
190.157999881744
39
0.0
210
0.0
220
0.0
230
1.0
50
360.0
0
LINE
5
527
330
1A
100
AcDbEntity
67
0
8
Theoretical Hole
62
244
420
659967
6
ByLayer
370
-1
48
1.0
60
0
100
AcDbLine
10
748725.601998505
20
8930148.86700168
30
190.157999881744
11
748725.91178244
21
8930150.82510867
31
181.502121814728
39
0.0
210
0.0
220
0.0
230
1.0
0
TEXT
5
528
330
1A
100
AcDbEntity
67
0
8
Number
62
244
420
659967
6
ByLayer
370
-1
48
1.0
60
0
100
AcDbText
1
840
10
748725.601998505
20
8930149.24800169
30
190.157999881744
40
0.3
41
1.0
50
0.0
51
0.0
7
Standard
11
748725.601998505
21
8930149.24800169
31
190.157999881744
210
0.0
220
0.0
230
1.0
72
0
100
AcDbText
73
0
0
TEXT
5
529
330
1A
100
AcDbEntity
67
0
8
label
62
1
420
16711680
6
ByLayer
370
-1
48
1.0
60
0
100
AcDbText
1

10
748725.601998505
20
8930149.64800169
30
190.157999881744
40
0.3
41
1.0
50
0.0
51
0.0
7
Standard
11
748725.601998505
21
8930149.64800169
31
190.157999881744
210
0.0
220
0.0
230
1.0
72
0
100
AcDbText
73
0
0
TEXT
5
52A
330
1A
100
AcDbEntity
67
0
8
Length
62
244
420
659967
6
ByLayer
370
-1
48
1.0
60
0
100
AcDbText
1
8.88
10
748725.601998505
20
8930148.11300167
30
190.157999881744
40
0.3
41
1.0
50
0.0
51
0.0
7
Standard
11
748725.601998505
21
8930148.11300167
31
190.157999881744
210
0.0
220
0.0
230
1.0
72
0
100
AcDbText
73
0
0
POLYLINE
5
535
330
1A
100
AcDbEntity
67
0
8
Real Hole
62
1
420
16711680
6
ByLayer
370
-1
48
1.0
60
0
100
AcDb3dPolyline
10
0.0
20
0.0
30
0.0
70
8
75
0
210
0.0
220
0.0
230
1.0
0
VERTEX
5
52B
100
AcDbEntity
8
Real Hole
62
1
420
16711680
100
AcDbVertex
100
AcDb3dPolylineVertex
10
748725.601998505
20
8930148.86700168
30
190.157999881744
70
32
0
VERTEX
5
52C
100
AcDbEntity
8
Real Hole
62
1
420
16711680
100
AcDbVertex
100
AcDb3dPolylineVertex
10
748725.67165513
20
8930149.13888722
30
189.198194571972
70
32
0
VERTEX
5
52D
100
AcDbEntity
8
Real Hole
62
1
420
16711680
100
AcDbVertex
100
AcDb3dPolylineVertex
10
748725.726098124
20
8930149.40155163
30
188.234844573975
70
32
0
VERTEX
5
52E
100
AcDbEntity
8
Real Hole
62
1
420
16711680
100
AcDbVertex
100
AcDb3dPolylineVertex
10
748725.773351964
20
8930149.69362858
30
187.279617675781
70
32
0
VERTEX
5
52F
100
AcDbEntity
8
Real Hole
62
1
420
16711680
100
AcDbVertex
100
AcDb3dPolylineVertex
10
748725.832165148
20
8930149.97490623
30
186.321795352936
70
32
0
VERTEX
5
530
100
AcDbEntity
8
Real Hole
62
1
420
16711680
100
AcDbVertex
100
AcDb3dPolylineVertex
10
748725.8739939
20
8930150.23373726
30
185.356778987885
70
32
0
VERTEX
5
531
100
AcDbEntity
8
Real Hole
62
1
420
16711680
100
AcDbVertex
100
AcDb3dPolylineVertex
10
748725.921016422
20
8930150.51145616
30
184.397267707825
70
32
0
VERTEX
5
532
100
AcDbEntity
8
Real Hole
62
1
420
16711680
100
AcDbVertex
100
AcDb3dPolylineVertex
10
748725.985585835
20
8930150.78270021
30
183.436925777435
70
32
0
VERTEX
5
533
100
AcDbEntity
8
Real Hole
62
1
420
16711680
100
AcDbVertex
100
AcDb3dPolylineVertex
10
748726.062848892
20
8930151.06017318
30
182.479303726196
70
32
0
SEQEND
5
534
100
AcDbEntity
8
Real Hole
0
POINT
5
536
330
1A
100
AcDbEntity
67
0
8
Hole
62
244
420
659967
6
ByLayer
370
-1
48
1.0
60
0
100
AcDbPoint
10
748726.863000092
20
8930148.73399844
30
190.27400005722
39
0.0
210
0.0
220
0.0
230
1.0
50
360.0
0
LINE
5
537
330
1A
100
AcDbEntity
67
0
8
Theoretical Hole
62
244
420
659967
6
ByLayer
370
-1
48
1.0
60
0
100
AcDbLine
10
748726.863000092
20
8930148.73399844
30
190.27400005722
11
748727.177079376
21
8930150.71925845
31
181.491050609589
39
0.0
210
0.0
220
0.0
230
1.0
0
TEXT
5
538
330
1A
100
AcDbEntity
67
0
8
Number
62
244
420
659967
6
ByLayer
370
-1
48
1.0
60
0
100
AcDbText
1
841
10
748726.863000092
20
8930149.11499846
30
190.27400005722
40
0.3
41
1.0
50
0.0
51
0.0
7
Standard
11
748726.863000092
21
8930149.11499846
31
190.27400005722
210
0.0
220
0.0
230
1.0
72
0
100
AcDbText
73
0
0
TEXT
5
539
330
1A
100
AcDbEntity
67
0
8
label
62
1
420
16711680
6
ByLayer
370
-1
48
1.0
60
0
100
AcDbText
1

10
748726.863000092
20
8930149.51499846
30
190.27400005722
40
0.3
41
1.0
50
0.0
51
0.0
7
Standard
11
748726.863000092
21
8930149.51499846
31
190.27400005722
210
0.0
220
0.0
230
1.0
72
0
100
AcDbText
73
0
0
TEXT
5
53A
330
1A
100
AcDbEntity
67
0
8
Length
62
244
420
659967
6
ByLayer
370
-1
48
1.0
60
0
100
AcDbText
1
9.01
10
748726.863000092
20
8930147.97999844
30
190.27400005722
40
0.3
41
1.0
50
0.0
51
0.0
7
Standard
11
748726.863000092
21
8930147.97999844
31
190.27400005722
210
0.0
220
0.0
230
1.0
72
0
100
AcDbText
73
0
0
POLYLINE
5
546
330
1A
100
AcDbEntity
67
0
8
Real Hole
62
1
420
16711680
6
ByLayer
370
-1
48
1.0
60
0
100
AcDb3dPolyline
10
0.0
20
0.0
30
0.0
70
8
75
0
210
0.0
220
0.0
230
1.0
0
VERTEX
5
53B
100
AcDbEntity
8
Real Hole
62
1
420
16711680
100
AcDbVertex
100
AcDb3dPolylineVertex
10
748726.863000092
20
8930148.73399844
30
190.27400005722
70
32
0
VERTEX
5
53C
100
AcDbEntity
8
Real Hole
62
1
420
16711680
100
AcDbVertex
100
AcDb3dPolylineVertex
10
748726.954063032
20
8930149.01813733
30
189.319551178455
70
32
0
VERTEX
5
53D
100
AcDbEntity
8
Real Hole
62
1
420
16711680
100
AcDbVertex
100
AcDb3dPolylineVertex
10
748727.041303408
20
8930149.29298743
30
188.362030157089
70
32
0
VERTEX
5
53E
100
AcDbEntity
8
Real Hole
62
1
420
16711680
100
AcDbVertex
100
AcDb3dPolylineVertex
10
748727.133041647
20
8930149.59137252
30
187.412003644943
70
32
0
VERTEX
5
53F
100
AcDbEntity
8
Real Hole
62
1
420
16711680
100
AcDbVertex
100
AcDb3dPolylineVertex
10
748727.212686118
20
8930149.87528732
30
186.456467517853
70
32
0
VERTEX
5
540
100
AcDbEntity
8
Real Hole
62
1
420
16711680
100
AcDbVertex
100
AcDb3dPolylineVertex
10
748727.270099666
20
8930150.1357688
30
185.492697128296
70
32
0
VERTEX
5
541
100
AcDbEntity
8
Real Hole
62
1
420
16711680
100
AcDbVertex
100
AcDb3dPolylineVertex
10
748727.329971191
20
8930150.40740171
30
184.532160648346
70
32
0
VERTEX
5
542
100
AcDbEntity
8
Real Hole
62
1
420
16711680
100
AcDbVertex
100
AcDb3dPolylineVertex
10
748727.403800961
20
8930150.69494977
30
183.577244171143
70
32
0
VERTEX
5
543
100
AcDbEntity
8
Real Hole
62
1
420
16711680
100
AcDbVertex
100
AcDb3dPolylineVertex
10
748727.484547314
20
8930150.97108093
30
182.6195219841
70
32
0
VERTEX
5
544
100
AcDbEntity
8
Real Hole
62
1
420
16711680
100
AcDbVertex
100
AcDb3dPolylineVertex
10
748727.531637367
20
8930151.13860884
30
182.045311817169
70
32
0
SEQEND
5
545
100
AcDbEntity
8
Real Hole
0
POINT
5
547
330
1A
100
AcDbEntity
67
0
8
Hole
62
244
420
659967
6
ByLayer
370
-1
48
1.0
60
0
100
AcDbPoint
10
748728.433999237
20
8930148.5929996
30
189.982999929428
39
0.0
210
0.0
220
0.0
230
1.0
50
360.0
0
LINE
5
548
330
1A
100
AcDbEntity
67
0
8
Theoretical Hole
62
244
420
659967
6
ByLayer
370
-1
48
1.0
60
0
100
AcDbLine
10
748728.433999237
20
8930148.5929996
30
189.982999929428
11
748728.807377991
21
8930150.63339725
31
181.194471725464
39
0.0
210
0.0
220
0.0
230
1.0
0
TEXT
5
549
330
1A
100
AcDbEntity
67
0
8
Number
62
244
420
659967
6
ByLayer
370
-1
48
1.0
60
0
100
AcDbText
1
842
10
748728.433999237
20
8930148.97399962
30
189.982999929428
40
0.3
41
1.0
50
0.0
51
0.0
7
Standard
11
748728.433999237
21
8930148.97399962
31
189.982999929428
210
0.0
220
0.0
230
1.0
72
0
100
AcDbText
73
0
0
TEXT
5
54A
330
1A
100
AcDbEntity
67
0
8
label
62
1
420
16711680
6
ByLayer
370
-1
48
1.0
60
0
100
AcDbText
1

10
748728.433999237
20
8930149.37399962
30
189.982999929428
40
0.3
41
1.0
50
0.0
51
0.0
7
Standard
11
748728.433999237
21
8930149.37399962
31
189.982999929428
210
0.0
220
0.0
230
1.0
72
0
100
AcDbText
73
0
0
TEXT
5
54B
330
1A
100
AcDbEntity
67
0
8
Length
62
244
420
659967
6
ByLayer
370
-1
48
1.0
60
0
100
AcDbText
1
9.03
10
748728.433999237
20
8930147.8389996
30
189.982999929428
40
0.3
41
1.0
50
0.0
51
0.0
7
Standard
11
748728.433999237
21
8930147.8389996
31
189.982999929428
210
0.0
220
0.0
230
1.0
72
0
100
AcDbText
73
0
0
POLYLINE
5
556
330
1A
100
AcDbEntity
67
0
8
Real Hole
62
1
420
16711680
6
ByLayer
370
-1
48
1.0
60
0
100
AcDb3dPolyline
10
0.0
20
0.0
30
0.0
70
8
75
0
210
0.0
220
0.0
230
1.0
0
VERTEX
5
54C
100
AcDbEntity
8
Real Hole
62
1
420
16711680
100
AcDbVertex
100
AcDb3dPolylineVertex
10
748728.433999237
20
8930148.5929996
30
189.982999929428
70
32
0
VERTEX
5
54D
100
AcDbEntity
8
Real Hole
62
1
420
16711680
100
AcDbVertex
100
AcDb3dPolylineVertex
10
748728.527221728
20
8930148.84273301
30
189.019183167458
70
32
0
VERTEX
5
54E
100
AcDbEntity
8
Real Hole
62
1
420
16711680
100
AcDbVertex
100
AcDb3dPolylineVertex
10
748728.619368729
20
8930149.08801609
30
188.05412090683
70
32
0
VERTEX
5
54F
100
AcDbEntity
8
Real Hole
62
1
420
16711680
100
AcDbVertex
100
AcDb3dPolylineVertex
10
748728.725925114
20
8930149.36867532
30
187.100246557236
70
32
0
VERTEX
5
550
100
AcDbEntity
8
Real Hole
62
1
420
16711680
100
AcDbVertex
100
AcDb3dPolylineVertex
10
748728.80302706
20
8930149.6536366
30
186.14481366539
70
32
0
VERTEX
5
551
100
AcDbEntity
8
Real Hole
62
1
420
16711680
100
AcDbVertex
100
AcDb3dPolylineVertex
10
748728.887520399
20
8930149.94465425
30
185.191834100723
70
32
0
VERTEX
5
552
100
AcDbEntity
8
Real Hole
62
1
420
16711680
100
AcDbVertex
100
AcDb3dPolylineVertex
10
748728.967009422
20
8930150.24172619
30
184.2402936306
70
32
0
VERTEX
5
553
100
AcDbEntity
8
Real Hole
62
1
420
16711680
100
AcDbVertex
100
AcDb3dPolylineVertex
10
748729.044704076
20
8930150.5397872
30
183.288913854599
70
32
0
VERTEX
5
554
100
AcDbEntity
8
Real Hole
62
1
420
16711680
100
AcDbVertex
100
AcDb3dPolylineVertex
10
748729.127005156
20
8930150.84417477
30
182.339927801132
70
32
0
SEQEND
5
555
100
AcDbEntity
8
Real Hole
0
POINT
5
557
330
1A
100
AcDbEntity
67
0
8
Hole
62
244
420
659967
6
ByLayer
370
-1
48
1.0
60
0
100
AcDbPoint
10
748731.018002686
20
8930147.94600024
30
189.945999988556
39
0.0
210
0.0
220
0.0
230
1.0
50
360.0
0
LINE
5
558
330
1A
100
AcDbEntity
67
0
8
Theoretical Hole
62
244
420
659967
6
ByLayer
370
-1
48
1.0
60
0
100
AcDbLine
10
748731.018002686
20
8930147.94600024
30
189.945999988556
11
748731.407590088
21
8930150.05212131
31
181.153106578827
39
0.0
210
0.0
220
0.0
230
1.0
0
TEXT
5
559
330
1A
100
AcDbEntity
67
0
8
Number
62
244
420
659967
6
ByLayer
370
-1
48
1.0
60
0
100
AcDbText
1
843
10
748731.018002686
20
8930148.32700026
30
189.945999988556
40
0.3
41
1.0
50
0.0
51
0.0
7
Standard
11
748731.018002686
21
8930148.32700026
31
189.945999988556
210
0.0
220
0.0
230
1.0
72
0
100
AcDbText
73
0
0
TEXT
5
55A
330
1A
100
AcDbEntity
67
0
8
label
62
1
420
16711680
6
ByLayer
370
-1
48
1.0
60
0
100
AcDbText
1

10
748731.018002686
20
8930148.72700026
30
189.945999988556
40
0.3
41
1.0
50
0.0
51
0.0
7
Standard
11
748731.018002686
21
8930148.72700026
31
189.945999988556
210
0.0
220
0.0
230
1.0
72
0
100
AcDbText
73
0
0
TEXT
5
55B
330
1A
100
AcDbEntity
67
0
8
Length
62
244
420
659967
6
ByLayer
370
-1
48
1.0
60
0
100
AcDbText
1
9.05
10
748731.018002686
20
8930147.19200024
30
189.945999988556
40
0.3
41
1.0
50
0.0
51
0.0
7
Standard
11
748731.018002686
21
8930147.19200024
31
189.945999988556
210
0.0
220
0.0
230
1.0
72
0
100
AcDbText
73
0
0
POLYLINE
5
566
330
1A
100
AcDbEntity
67
0
8
Real Hole
62
1
420
16711680
6
ByLayer
370
-1
48
1.0
60
0
100
AcDb3dPolyline
10
0.0
20
0.0
30
0.0
70
8
75
0
210
0.0
220
0.0
230
1.0
0
VERTEX
5
55C
100
AcDbEntity
8
Real Hole
62
1
420
16711680
100
AcDbVertex
100
AcDb3dPolylineVertex
10
748731.018002686
20
8930147.94600024
30
189.945999988556
70
32
0
VERTEX
5
55D
100
AcDbEntity
8
Real Hole
62
1
420
16711680
100
AcDbVertex
100
AcDb3dPolylineVertex
10
748731.080582451
20
8930148.23790875
30
188.99160320425
70
32
0
VERTEX
5
55E
100
AcDbEntity
8
Real Hole
62
1
420
16711680
100
AcDbVertex
100
AcDb3dPolylineVertex
10
748731.142222714
20
8930148.51943597
30
188.034031876564
70
32
0
VERTEX
5
55F
100
AcDbEntity
8
Real Hole
62
1
420
16711680
100
AcDbVertex
100
AcDb3dPolylineVertex
10
748731.221906241
20
8930148.7960495
30
187.076359876633
70
32
0
VERTEX
5
560
100
AcDbEntity
8
Real Hole
62
1
420
16711680
100
AcDbVertex
100
AcDb3dPolylineVertex
10
748731.293756601
20
8930149.06684366
30
186.11640776062
70
32
0
VERTEX
5
561
100
AcDbEntity
8
Real Hole
62
1
420
16711680
100
AcDbVertex
100
AcDb3dPolylineVertex
10
748731.3571493
20
8930149.33733216
30
185.15577400589
70
32
0
VERTEX
5
562
100
AcDbEntity
8
Real Hole
62
1
420
16711680
100
AcDbVertex
100
AcDb3dPolylineVertex
10
748731.432321545
20
8930149.59062233
30
184.191308864594
70
32
0
VERTEX
5
563
100
AcDbEntity
8
Real Hole
62
1
420
16711680
100
AcDbVertex
100
AcDb3dPolylineVertex
10
748731.521137115
20
8930149.84480849
30
183.228239902496
70
32
0
VERTEX
5
564
100
AcDbEntity
8
Real Hole
62
1
420
16711680
100
AcDbVertex
100
AcDb3dPolylineVertex
10
748731.625456926
20
8930150.13003006
30
182.275472530365
70
32
0
SEQEND
5
565
100
AcDbEntity
8
Real Hole
0
POINT
5
567
330
1A
100
AcDbEntity
67
0
8
Hole
62
244
420
659967
6
ByLayer
370
-1
48
1.0
60
0
100
AcDbPoint
10
748732.05599707
20
8930147.77100101
30
189.807000049591
39
0.0
210
0.0
220
0.0
230
1.0
50
360.0
0
LINE
5
568
330
1A
100
AcDbEntity
67
0
8
Theoretical Hole
62
244
420
659967
6
ByLayer
370
-1
48
1.0
60
0
100
AcDbLine
10
748732.05599707
20
8930147.77100101
30
189.807000049591
11
748732.458302673
21
8930149.94588199
31
180.856221565247
39
0.0
210
0.0
220
0.0
230
1.0
0
TEXT
5
569
330
1A
100
AcDbEntity
67
0
8
Number
62
244
420
659967
6
ByLayer
370
-1
48
1.0
60
0
100
AcDbText
1
844
10
748732.05599707
20
8930148.15200102
30
189.807000049591
40
0.3
41
1.0
50
0.0
51
0.0
7
Standard
11
748732.05599707
21
8930148.15200102
31
189.807000049591
210
0.0
220
0.0
230
1.0
72
0
100
AcDbText
73
0
0
TEXT
5
56A
330
1A
100
AcDbEntity
67
0
8
label
62
1
420
16711680
6
ByLayer
370
-1
48
1.0
60
0
100
AcDbText
1

10
748732.05599707
20
8930148.55200102
30
189.807000049591
40
0.3
41
1.0
50
0.0
51
0.0
7
Standard
11
748732.05599707
21
8930148.55200102
31
189.807000049591
210
0.0
220
0.0
230
1.0
72
0
100
AcDbText
73
0
0
TEXT
5
56B
330
1A
100
AcDbEntity
67
0
8
Length
62
244
420
659967
6
ByLayer
370
-1
48
1.0
60
0
100
AcDbText
1
9.22
10
748732.05599707
20
8930147.017001
30
189.807000049591
40
0.3
41
1.0
50
0.0
51
0.0
7
Standard
11
748732.05599707
21
8930147.017001
31
189.807000049591
210
0.0
220
0.0
230
1.0
72
0
100
AcDbText
73
0
0
POLYLINE
5
577
330
1A
100
AcDbEntity
67
0
8
Real Hole
62
1
420
16711680
6
ByLayer
370
-1
48
1.0
60
0
100
AcDb3dPolyline
10
0.0
20
0.0
30
0.0
70
8
75
0
210
0.0
220
0.0
230
1.0
0
VERTEX
5
56C
100
AcDbEntity
8
Real Hole
62
1
420
16711680
100
AcDbVertex
100
AcDb3dPolylineVertex
10
748732.05599707
20
8930147.77100101
30
189.807000049591
70
32
0
VERTEX
5
56D
100
AcDbEntity
8
Real Hole
62
1
420
16711680
100
AcDbVertex
100
AcDb3dPolylineVertex
10
748732.170859892
20
8930147.98602962
30
188.83717054987
70
32
0
VERTEX
5
56E
100
AcDbEntity
8
Real Hole
62
1
420
16711680
100
AcDbVertex
100
AcDb3dPolylineVertex
10
748732.2862163
20
8930148.18093136
30
187.863155015945
70
32
0
VERTEX
5
56F
100
AcDbEntity
8
Real Hole
62
1
420
16711680
100
AcDbVertex
100
AcDb3dPolylineVertex
10
748732.396887835
20
8930148.39452967
30
186.892522462845
70
32
0
VERTEX
5
570
100
AcDbEntity
8
Real Hole
62
1
420
16711680
100
AcDbVertex
100
AcDb3dPolylineVertex
10
748732.531544503
20
8930148.63176098
30
185.930447229385
70
32
0
VERTEX
5
571
100
AcDbEntity
8
Real Hole
62
1
420
16711680
100
AcDbVertex
100
AcDb3dPolylineVertex
10
748732.6712504
20
8930148.87344637
30
184.970202335358
70
32
0
VERTEX
5
572
100
AcDbEntity
8
Real Hole
62
1
420
16711680
100
AcDbVertex
100
AcDb3dPolylineVertex
10
748732.793048676
20
8930149.11677804
30
184.007936843872
70
32
0
VERTEX
5
573
100
AcDbEntity
8
Real Hole
62
1
420
16711680
100
AcDbVertex
100
AcDb3dPolylineVertex
10
748732.881655034
20
8930149.37352708
30
183.045528778076
70
32
0
VERTEX
5
574
100
AcDbEntity
8
Real Hole
62
1
420
16711680
100
AcDbVertex
100
AcDb3dPolylineVertex
10
748732.963547822
20
8930149.62631753
30
182.081479915619
70
32
0
VERTEX
5
575
100
AcDbEntity
8
Real Hole
62
1
420
16711680
100
AcDbVertex
100
AcDb3dPolylineVertex
10
748733.051936981
20
8930149.85730186
30
181.216128238678
70
32
0
SEQEND
5
576
100
AcDbEntity
8
Real Hole
0
POINT
5
578
330
1A
100
AcDbEntity
67
0
8
Hole
62
244
420
659967
6
ByLayer
370
-1
48
1.0
60
0
100
AcDbPoint
10
748733.691998657
20
8930147.48399844
30
189.778999933243
39
0.0
210
0.0
220
0.0
230
1.0
50
360.0
0
LINE
5
579
330
1A
100
AcDbEntity
67
0
8
Theoretical Hole
62
244
420
659967
6
ByLayer
370
-1
48
1.0
60
0
100
AcDbLine
10
748733.691998657
20
8930147.48399844
30
189.778999933243
11
748734.106755432
21
8930149.72619739
31
180.700998672485
39
0.0
210
0.0
220
0.0
230
1.0
0
TEXT
5
57A
330
1A
100
AcDbEntity
67
0
8
Number
62
244
420
659967
6
ByLayer
370
-1
48
1.0
60
0
100
AcDbText
1
845
10
748733.691998657
20
8930147.86499846
30
189.778999933243
40
0.3
41
1.0
50
0.0
51
0.0
7
Standard
11
748733.691998657
21
8930147.86499846
31
189.778999933243
210
0.0
220
0.0
230
1.0
72
0
100
AcDbText
73
0
0
TEXT
5
57B
330
1A
100
AcDbEntity
67
0
8
label
62
1
420
16711680
6
ByLayer
370
-1
48
1.0
60
0
100
AcDbText
1

10
748733.691998657
20
8930148.26499846
30
189.778999933243
40
0.3
41
1.0
50
0.0
51
0.0
7
Standard
11
748733.691998657
21
8930148.26499846
31
189.778999933243
210
0.0
220
0.0
230
1.0
72
0
100
AcDbText
73
0
0
TEXT
5
57C
330
1A
100
AcDbEntity
67
0
8
Length
62
244
420
659967
6
ByLayer
370
-1
48
1.0
60
0
100
AcDbText
1
9.36
10
748733.691998657
20
8930146.72999844
30
189.778999933243
40
0.3
41
1.0
50
0.0
51
0.0
7
Standard
11
748733.691998657
21
8930146.72999844
31
189.778999933243
210
0.0
220
0.0
230
1.0
72
0
100
AcDbText
73
0
0
POLYLINE
5
588
330
1A
100
AcDbEntity
67
0
8
Real Hole
62
1
420
16711680
6
ByLayer
370
-1
48
1.0
60
0
100
AcDb3dPolyline
10
0.0
20
0.0
30
0.0
70
8
75
0
210
0.0
220
0.0
230
1.0
0
VERTEX
5
57D
100
AcDbEntity
8
Real Hole
62
1
420
16711680
100
AcDbVertex
100
AcDb3dPolylineVertex
10
748733.691998657
20
8930147.48399844
30
189.778999933243
70
32
0
VERTEX
5
57E
100
AcDbEntity
8
Real Hole
62
1
420
16711680
100
AcDbVertex
100
AcDb3dPolylineVertex
10
748733.750923872
20
8930147.7123385
30
188.80720330143
70
32
0
VERTEX
5
57F
100
AcDbEntity
8
Real Hole
62
1
420
16711680
100
AcDbVertex
100
AcDb3dPolylineVertex
10
748733.799761605
20
8930147.93557968
30
187.833664306641
70
32
0
VERTEX
5
580
100
AcDbEntity
8
Real Hole
62
1
420
16711680
100
AcDbVertex
100
AcDb3dPolylineVertex
10
748733.864393529
20
8930148.16659817
30
186.86286390686
70
32
0
VERTEX
5
581
100
AcDbEntity
8
Real Hole
62
1
420
16711680
100
AcDbVertex
100
AcDb3dPolylineVertex
10
748733.952807363
20
8930148.40535566
30
185.895818122864
70
32
0
VERTEX
5
582
100
AcDbEntity
8
Real Hole
62
1
420
16711680
100
AcDbVertex
100
AcDb3dPolylineVertex
10
748734.00434601
20
8930148.65227249
30
184.92815268898
70
32
0
VERTEX
5
583
100
AcDbEntity
8
Real Hole
62
1
420
16711680
100
AcDbVertex
100
AcDb3dPolylineVertex
10
748734.076889929
20
8930148.8956162
30
183.960929521561
70
32
0
VERTEX
5
584
100
AcDbEntity
8
Real Hole
62
1
420
16711680
100
AcDbVertex
100
AcDb3dPolylineVertex
10
748734.16353133
20
8930149.15622165
30
182.99937976265
70
32
0
VERTEX
5
585
100
AcDbEntity
8
Real Hole
62
1
420
16711680
100
AcDbVertex
100
AcDb3dPolylineVertex
10
748734.259011325
20
8930149.39242437
30
182.032378324509
70
32
0
VERTEX
5
586
100
AcDbEntity
8
Real Hole
62
1
420
16711680
100
AcDbVertex
100
AcDb3dPolylineVertex
10
748734.347703215
20
8930149.59004941
30
181.26226294899
70
32
0
SEQEND
5
587
100
AcDbEntity
8
Real Hole
0
POINT
5
589
330
1A
100
AcDbEntity
67
0
8
Hole
62
244
420
659967
6
ByLayer
370
-1
48
1.0
60
0
100
AcDbPoint
10
748735.098996338
20
8930147.14099994
30
189.823000082016
39
0.0
210
0.0
220
0.0
230
1.0
50
360.0
0
LINE
5
58A
330
1A
100
AcDbEntity
67
0
8
Theoretical Hole
62
244
420
659967
6
ByLayer
370
-1
48
1.0
60
0
100
AcDbLine
10
748735.098996338
20
8930147.14099994
30
189.823000082016
11
748735.511227783
21
8930149.40934863
31
180.555467494965
39
0.0
210
0.0
220
0.0
230
1.0
0
TEXT
5
58B
330
1A
100
AcDbEntity
67
0
8
Number
62
244
420
659967
6
ByLayer
370
-1
48
1.0
60
0
100
AcDbText
1
846
10
748735.098996338
20
8930147.52199995
30
189.823000082016
40
0.3
41
1.0
50
0.0
51
0.0
7
Standard
11
748735.098996338
21
8930147.52199995
31
189.823000082016
210
0.0
220
0.0
230
1.0
72
0
100
AcDbText
73
0
0
TEXT
5
58C
330
1A
100
AcDbEntity
67
0
8
label
62
1
420
16711680
6
ByLayer
370
-1
48
1.0
60
0
100
AcDbText
1

10
748735.098996338
20
8930147.92199995
30
189.823000082016
40
0.3
41
1.0
50
0.0
51
0.0
7
Standard
11
748735.098996338
21
8930147.92199995
31
189.823000082016
210
0.0
220
0.0
230
1.0
72
0
100
AcDbText
73
0
0
TEXT
5
58D
330
1A
100
AcDbEntity
67
0
8
Length
62
244
420
659967
6
ByLayer
370
-1
48
1.0
60
0
100
AcDbText
1
9.55
10
748735.098996338
20
8930146.38699993
30
189.823000082016
40
0.3
41
1.0
50
0.0
51
0.0
7
Standard
11
748735.098996338
21
8930146.38699993
31
189.823000082016
210
0.0
220
0.0
230
1.0
72
0
100
AcDbText
73
0
0
POLYLINE
5
599
330
1A
100
AcDbEntity
67
0
8
Real Hole
62
1
420
16711680
6
ByLayer
370
-1
48
1.0
60
0
100
AcDb3dPolyline
10
0.0
20
0.0
30
0.0
70
8
75
0
210
0.0
220
0.0
230
1.0
0
VERTEX
5
58E
100
AcDbEntity
8
Real Hole
62
1
420
16711680
100
AcDbVertex
100
AcDb3dPolylineVertex
10
748735.098996338
20
8930147.14099994
30
189.823000082016
70
32
0
VERTEX
5
58F
100
AcDbEntity
8
Real Hole
62
1
420
16711680
100
AcDbVertex
100
AcDb3dPolylineVertex
10
748735.148408026
20
8930147.41506964
30
188.862560459614
70
32
0
VERTEX
5
590
100
AcDbEntity
8
Real Hole
62
1
420
16711680
100
AcDbVertex
100
AcDb3dPolylineVertex
10
748735.187287059
20
8930147.67214527
30
187.896951564789
70
32
0
VERTEX
5
591
100
AcDbEntity
8
Real Hole
62
1
420
16711680
100
AcDbVertex
100
AcDb3dPolylineVertex
10
748735.24254432
20
8930147.9354985
30
186.93383587265
70
32
0
VERTEX
5
592
100
AcDbEntity
8
Real Hole
62
1
420
16711680
100
AcDbVertex
100
AcDb3dPolylineVertex
10
748735.319028449
20
8930148.20013728
30
185.972526201248
70
32
0
VERTEX
5
593
100
AcDbEntity
8
Real Hole
62
1
420
16711680
100
AcDbVertex
100
AcDb3dPolylineVertex
10
748735.389765617
20
8930148.48640135
30
185.016990312576
70
32
0
VERTEX
5
594
100
AcDbEntity
8
Real Hole
62
1
420
16711680
100
AcDbVertex
100
AcDb3dPolylineVertex
10
748735.434225466
20
8930148.78531649
30
184.063746580124
70
32
0
VERTEX
5
595
100
AcDbEntity
8
Real Hole
62
1
420
16711680
100
AcDbVertex
100
AcDb3dPolylineVertex
10
748735.481164571
20
8930149.05454293
30
183.101814397812
70
32
0
VERTEX
5
596
100
AcDbEntity
8
Real Hole
62
1
420
16711680
100
AcDbVertex
100
AcDb3dPolylineVertex
10
748735.540846672
20
8930149.3208901
30
182.139786848068
70
32
0
VERTEX
5
597
100
AcDbEntity
8
Real Hole
62
1
420
16711680
100
AcDbVertex
100
AcDb3dPolylineVertex
10
748735.62769669
20
8930149.60407987
30
181.184662946701
70
32
0
SEQEND
5
598
100
AcDbEntity
8
Real Hole
0
POINT
5
59A
330
1A
100
AcDbEntity
67
0
8
Hole
62
244
420
659967
6
ByLayer
370
-1
48
1.0
60
0
100
AcDbPoint
10
748736.389996704
20
8930146.96000018
30
189.795999893188
39
0.0
210
0.0
220
0.0
230
1.0
50
360.0
0
LINE
5
59B
330
1A
100
AcDbEntity
67
0
8
Theoretical Hole
62
244
420
659967
6
ByLayer
370
-1
48
1.0
60
0
100
AcDbLine
10
748736.389996704
20
8930146.96000018
30
189.795999893188
11
748736.784024414
21
8930149.18105426
31
180.464781173706
39
0.0
210
0.0
220
0.0
230
1.0
0
TEXT
5
59C
330
1A
100
AcDbEntity
67
0
8
Number
62
244
420
659967
6
ByLayer
370
-1
48
1.0
60
0
100
AcDbText
1
847
10
748736.389996704
20
8930147.3410002
30
189.795999893188
40
0.3
41
1.0
50
0.0
51
0.0
7
Standard
11
748736.389996704
21
8930147.3410002
31
189.795999893188
210
0.0
220
0.0
230
1.0
72
0
100
AcDbText
73
0
0
TEXT
5
59D
330
1A
100
AcDbEntity
67
0
8
label
62
1
420
16711680
6
ByLayer
370
-1
48
1.0
60
0
100
AcDbText
1

10
748736.389996704
20
8930147.7410002
30
189.795999893188
40
0.3
41
1.0
50
0.0
51
0.0
7
Standard
11
748736.389996704
21
8930147.7410002
31
189.795999893188
210
0.0
220
0.0
230
1.0
72
0
100
AcDbText
73
0
0
TEXT
5
59E
330
1A
100
AcDbEntity
67
0
8
Length
62
244
420
659967
6
ByLayer
370
-1
48
1.0
60
0
100
AcDbText
1
9.60
10
748736.389996704
20
8930146.20600018
30
189.795999893188
40
0.3
41
1.0
50
0.0
51
0.0
7
Standard
11
748736.389996704
21
8930146.20600018
31
189.795999893188
210
0.0
220
0.0
230
1.0
72
0
100
AcDbText
73
0
0
POLYLINE
5
5AA
330
1A
100
AcDbEntity
67
0
8
Real Hole
62
1
420
16711680
6
ByLayer
370
-1
48
1.0
60
0
100
AcDb3dPolyline
10
0.0
20
0.0
30
0.0
70
8
75
0
210
0.0
220
0.0
230
1.0
0
VERTEX
5
59F
100
AcDbEntity
8
Real Hole
62
1
420
16711680
100
AcDbVertex
100
AcDb3dPolylineVertex
10
748736.389996704
20
8930146.96000018
30
189.795999893188
70
32
0
VERTEX
5
5A0
100
AcDbEntity
8
Real Hole
62
1
420
16711680
100
AcDbVertex
100
AcDb3dPolylineVertex
10
748736.49277163
20
8930147.1696047
30
188.823629983902
70
32
0
VERTEX
5
5A1
100
AcDbEntity
8
Real Hole
62
1
420
16711680
100
AcDbVertex
100
AcDb3dPolylineVertex
10
748736.60486522
20
8930147.36620539
30
187.849574932098
70
32
0
VERTEX
5
5A2
100
AcDbEntity
8
Real Hole
62
1
420
16711680
100
AcDbVertex
100
AcDb3dPolylineVertex
10
748736.731959816
20
8930147.59166994
30
186.883649238586
70
32
0
VERTEX
5
5A3
100
AcDbEntity
8
Real Hole
62
1
420
16711680
100
AcDbVertex
100
AcDb3dPolylineVertex
10
748736.867563006
20
8930147.82233855
30
185.9201120224
70
32
0
VERTEX
5
5A4
100
AcDbEntity
8
Real Hole
62
1
420
16711680
100
AcDbVertex
100
AcDb3dPolylineVertex
10
748736.972918745
20
8930148.06591788
30
184.955970176697
70
32
0
VERTEX
5
5A5
100
AcDbEntity
8
Real Hole
62
1
420
16711680
100
AcDbVertex
100
AcDb3dPolylineVertex
10
748737.061753568
20
8930148.30163434
30
183.988217243195
70
32
0
VERTEX
5
5A6
100
AcDbEntity
8
Real Hole
62
1
420
16711680
100
AcDbVertex
100
AcDb3dPolylineVertex
10
748737.175126311
20
8930148.52922383
30
183.021082290649
70
32
0
VERTEX
5
5A7
100
AcDbEntity
8
Real Hole
62
1
420
16711680
100
AcDbVertex
100
AcDb3dPolylineVertex
10
748737.323583898
20
8930148.78823569
30
182.066685565948
70
32
0
VERTEX
5
5A8
100
AcDbEntity
8
Real Hole
62
1
420
16711680
100
AcDbVertex
100
AcDb3dPolylineVertex
10
748737.407246884
20
8930148.96223011
30
181.393836387634
70
32
0
SEQEND
5
5A9
100
AcDbEntity
8
Real Hole
0
POINT
5
5AB
330
1A
100
AcDbEntity
67
0
8
Hole
62
244
420
659967
6
ByLayer
370
-1
48
1.0
60
0
100
AcDbPoint
10
748737.884
20
8930146.71999851
30
189.886999973297
39
0.0
210
0.0
220
0.0
230
1.0
50
360.0
0
LINE
5
5AC
330
1A
100
AcDbEntity
67
0
8
Theoretical Hole
62
244
420
659967
6
ByLayer
370
-1
48
1.0
60
0
100
AcDbLine
10
748737.884
20
8930146.71999851
30
189.886999973297
11
748738.304974731
21
8930148.85979953
31
180.455858119965
39
0.0
210
0.0
220
0.0
230
1.0
0
TEXT
5
5AD
330
1A
100
AcDbEntity
67
0
8
Number
62
244
420
659967
6
ByLayer
370
-1
48
1.0
60
0
100
AcDbText
1
848
10
748737.884
20
8930147.10099852
30
189.886999973297
40
0.3
41
1.0
50
0.0
51
0.0
7
Standard
11
748737.884
21
8930147.10099852
31
189.886999973297
210
0.0
220
0.0
230
1.0
72
0
100
AcDbText
73
0
0
TEXT
5
5AE
330
1A
100
AcDbEntity
67
0
8
label
62
1
420
16711680
6
ByLayer
370
-1
48
1.0
60
0
100
AcDbText
1

10
748737.884
20
8930147.50099852
30
189.886999973297
40
0.3
41
1.0
50
0.0
51
0.0
7
Standard
11
748737.884
21
8930147.50099852
31
189.886999973297
210
0.0
220
0.0
230
1.0
72
0
100
AcDbText
73
0
0
TEXT
5
5AF
330
1A
100
AcDbEntity
67
0
8
Length
62
244
420
659967
6
ByLayer
370
-1
48
1.0
60
0
100
AcDbText
1
9.68
10
748737.884
20
8930145.9659985
30
189.886999973297
40
0.3
41
1.0
50
0.0
51
0.0
7
Standard
11
748737.884
21
8930145.9659985
31
189.886999973297
210
0.0
220
0.0
230
1.0
72
0
100
AcDbText
73
0
0
POLYLINE
5
5BC
330
1A
100
AcDbEntity
67
0
8
Real Hole
62
1
420
16711680
6
ByLayer
370
-1
48
1.0
60
0
100
AcDb3dPolyline
10
0.0
20
0.0
30
0.0
70
8
75
0
210
0.0
220
0.0
230
1.0
0
VERTEX
5
5B0
100
AcDbEntity
8
Real Hole
62
1
420
16711680
100
AcDbVertex
100
AcDb3dPolylineVertex
10
748737.884
20
8930146.71999851
30
189.886999973297
70
32
0
VERTEX
5
5B1
100
AcDbEntity
8
Real Hole
62
1
420
16711680
100
AcDbVertex
100
AcDb3dPolylineVertex
10
748737.930052076
20
8930146.91696094
30
188.907671102524
70
32
0
VERTEX
5
5B2
100
AcDbEntity
8
Real Hole
62
1
420
16711680
100
AcDbVertex
100
AcDb3dPolylineVertex
10
748737.982821543
20
8930147.10050621
30
187.926077255249
70
32
0
VERTEX
5
5B3
100
AcDbEntity
8
Real Hole
62
1
420
16711680
100
AcDbVertex
100
AcDb3dPolylineVertex
10
748738.063070696
20
8930147.30298593
30
186.950084337235
70
32
0
VERTEX
5
5B4
100
AcDbEntity
8
Real Hole
62
1
420
16711680
100
AcDbVertex
100
AcDb3dPolylineVertex
10
748738.1711207
20
8930147.5173532
30
185.979325899124
70
32
0
VERTEX
5
5B5
100
AcDbEntity
8
Real Hole
62
1
420
16711680
100
AcDbVertex
100
AcDb3dPolylineVertex
10
748738.245181945
20
8930147.71180942
30
185.001214870453
70
32
0
VERTEX
5
5B6
100
AcDbEntity
8
Real Hole
62
1
420
16711680
100
AcDbVertex
100
AcDb3dPolylineVertex
10
748738.32575747
20
8930147.9130589
30
184.024994262695
70
32
0
VERTEX
5
5B7
100
AcDbEntity
8
Real Hole
62
1
420
16711680
100
AcDbVertex
100
AcDb3dPolylineVertex
10
748738.42570227
20
8930148.10887351
30
183.049459823608
70
32
0
VERTEX
5
5B8
100
AcDbEntity
8
Real Hole
62
1
420
16711680
100
AcDbVertex
100
AcDb3dPolylineVertex
10
748738.545271751
20
8930148.3342252
30
182.082547077179
70
32
0
VERTEX
5
5B9
100
AcDbEntity
8
Real Hole
62
1
420
16711680
100
AcDbVertex
100
AcDb3dPolylineVertex
10
748738.633080896
20
8930148.54372885
30
181.108690151215
70
32
0
VERTEX
5
5BA
100
AcDbEntity
8
Real Hole
62
1
420
16711680
100
AcDbVertex
100
AcDb3dPolylineVertex
10
748738.65063214
20
8930148.58732286
30
180.914289363861
70
32
0
SEQEND
5
5BB
100
AcDbEntity
8
Real Hole
0
POINT
5
5BD
330
1A
100
AcDbEntity
67
0
8
Hole
62
244
420
659967
6
ByLayer
370
-1
48
1.0
60
0
100
AcDbPoint
10
748739.385998901
20
8930146.45399966
30
189.909000047684
39
0.0
210
0.0
220
0.0
230
1.0
50
360.0
0
LINE
5
5BE
330
1A
100
AcDbEntity
67
0
8
Theoretical Hole
62
244
420
659967
6
ByLayer
370
-1
48
1.0
60
0
100
AcDbLine
10
748739.385998901
20
8930146.45399966
30
189.909000047684
11
748739.867940124
21
8930148.53986087
31
180.284214385986
39
0.0
210
0.0
220
0.0
230
1.0
0
TEXT
5
5BF
330
1A
100
AcDbEntity
67
0
8
Number
62
244
420
659967
6
ByLayer
370
-1
48
1.0
60
0
100
AcDbText
1
849
10
748739.385998901
20
8930146.83499968
30
189.909000047684
40
0.3
41
1.0
50
0.0
51
0.0
7
Standard
11
748739.385998901
21
8930146.83499968
31
189.909000047684
210
0.0
220
0.0
230
1.0
72
0
100
AcDbText
73
0
0
TEXT
5
5C0
330
1A
100
AcDbEntity
67
0
8
label
62
1
420
16711680
6
ByLayer
370
-1
48
1.0
60
0
100
AcDbText
1

10
748739.385998901
20
8930147.23499968
30
189.909000047684
40
0.3
41
1.0
50
0.0
51
0.0
7
Standard
11
748739.385998901
21
8930147.23499968
31
189.909000047684
210
0.0
220
0.0
230
1.0
72
0
100
AcDbText
73
0
0
TEXT
5
5C1
330
1A
100
AcDbEntity
67
0
8
Length
62
244
420
659967
6
ByLayer
370
-1
48
1.0
60
0
100
AcDbText
1
9.86
10
748739.385998901
20
8930145.69999966
30
189.909000047684
40
0.3
41
1.0
50
0.0
51
0.0
7
Standard
11
748739.385998901
21
8930145.69999966
31
189.909000047684
210
0.0
220
0.0
230
1.0
72
0
100
AcDbText
73
0
0
POLYLINE
5
5CE
330
1A
100
AcDbEntity
67
0
8
Real Hole
62
1
420
16711680
6
ByLayer
370
-1
48
1.0
60
0
100
AcDb3dPolyline
10
0.0
20
0.0
30
0.0
70
8
75
0
210
0.0
220
0.0
230
1.0
0
VERTEX
5
5C2
100
AcDbEntity
8
Real Hole
62
1
420
16711680
100
AcDbVertex
100
AcDb3dPolylineVertex
10
748739.385998901
20
8930146.45399966
30
189.909000047684
70
32
0
VERTEX
5
5C3
100
AcDbEntity
8
Real Hole
62
1
420
16711680
100
AcDbVertex
100
AcDb3dPolylineVertex
10
748739.445736308
20
8930146.66274121
30
188.932855376244
70
32
0
VERTEX
5
5C4
100
AcDbEntity
8
Real Hole
62
1
420
16711680
100
AcDbVertex
100
AcDb3dPolylineVertex
10
748739.516268205
20
8930146.86158621
30
187.955365785599
70
32
0
VERTEX
5
5C5
100
AcDbEntity
8
Real Hole
62
1
420
16711680
100
AcDbVertex
100
AcDb3dPolylineVertex
10
748739.618259963
20
8930147.08580139
30
186.986177810669
70
32
0
VERTEX
5
5C6
100
AcDbEntity
8
Real Hole
62
1
420
16711680
100
AcDbVertex
100
AcDb3dPolylineVertex
10
748739.709905412
20
8930147.32134559
30
186.018644937515
70
32
0
VERTEX
5
5C7
100
AcDbEntity
8
Real Hole
62
1
420
16711680
100
AcDbVertex
100
AcDb3dPolylineVertex
10
748739.79027557
20
8930147.54755082
30
185.047886499405
70
32
0
VERTEX
5
5C8
100
AcDbEntity
8
Real Hole
62
1
420
16711680
100
AcDbVertex
100
AcDb3dPolylineVertex
10
748739.858928886
20
8930147.76729563
30
184.074747690201
70
32
0
VERTEX
5
5C9
100
AcDbEntity
8
Real Hole
62
1
420
16711680
100
AcDbVertex
100
AcDb3dPolylineVertex
10
748739.955180046
20
8930147.99660411
30
183.106164583206
70
32
0
VERTEX
5
5CA
100
AcDbEntity
8
Real Hole
62
1
420
16711680
100
AcDbVertex
100
AcDb3dPolylineVertex
10
748740.015166458
20
8930148.21393874
30
182.131912359238
70
32
0
VERTEX
5
5CB
100
AcDbEntity
8
Real Hole
62
1
420
16711680
100
AcDbVertex
100
AcDb3dPolylineVertex
10
748740.107409414
20
8930148.44179013
30
181.162595399857
70
32
0
VERTEX
5
5CC
100
AcDbEntity
8
Real Hole
62
1
420
16711680
100
AcDbVertex
100
AcDb3dPolylineVertex
10
748740.172798749
20
8930148.60146394
30
180.484194406509
70
32
0
SEQEND
5
5CD
100
AcDbEntity
8
Real Hole
0
POINT
5
5CF
330
1A
100
AcDbEntity
67
0
8
Hole
62
244
420
659967
6
ByLayer
370
-1
48
1.0
60
0
100
AcDbPoint
10
748740.921002563
20
8930146.18399921
30
189.916999944687
39
0.0
210
0.0
220
0.0
230
1.0
50
360.0
0
LINE
5
5D0
330
1A
100
AcDbEntity
67
0
8
Theoretical Hole
62
244
420
659967
6
ByLayer
370
-1
48
1.0
60
0
100
AcDbLine
10
748740.921002563
20
8930146.18399921
30
189.916999944687
11
748741.553418335
21
8930148.29328265
31
180.008747467041
39
0.0
210
0.0
220
0.0
230
1.0
0
TEXT
5
5D1
330
1A
100
AcDbEntity
67
0
8
Number
62
244
420
659967
6
ByLayer
370
-1
48
1.0
60
0
100
AcDbText
1
850
10
748740.921002563
20
8930146.56499922
30
189.916999944687
40
0.3
41
1.0
50
0.0
51
0.0
7
Standard
11
748740.921002563
21
8930146.56499922
31
189.916999944687
210
0.0
220
0.0
230
1.0
72
0
100
AcDbText
73
0
0
TEXT
5
5D2
330
1A
100
AcDbEntity
67
0
8
label
62
1
420
16711680
6
ByLayer
370
-1
48
1.0
60
0
100
AcDbText
1

10
748740.921002563
20
8930146.96499922
30
189.916999944687
40
0.3
41
1.0
50
0.0
51
0.0
7
Standard
11
748740.921002563
21
8930146.96499922
31
189.916999944687
210
0.0
220
0.0
230
1.0
72
0
100
AcDbText
73
0
0
TEXT
5
5D3
330
1A
100
AcDbEntity
67
0
8
Length
62
244
420
659967
6
ByLayer
370
-1
48
1.0
60
0
100
AcDbText
1
10.15
10
748740.921002563
20
8930145.4299992
30
189.916999944687
40
0.3
41
1.0
50
0.0
51
0.0
7
Standard
11
748740.921002563
21
8930145.4299992
31
189.916999944687
210
0.0
220
0.0
230
1.0
72
0
100
AcDbText
73
0
0
POLYLINE
5
5E0
330
1A
100
AcDbEntity
67
0
8
Real Hole
62
1
420
16711680
6
ByLayer
370
-1
48
1.0
60
0
100
AcDb3dPolyline
10
0.0
20
0.0
30
0.0
70
8
75
0
210
0.0
220
0.0
230
1.0
0
VERTEX
5
5D4
100
AcDbEntity
8
Real Hole
62
1
420
16711680
100
AcDbVertex
100
AcDb3dPolylineVertex
10
748740.921002563
20
8930146.18399921
30
189.916999944687
70
32
0
VERTEX
5
5D5
100
AcDbEntity
8
Real Hole
62
1
420
16711680
100
AcDbVertex
100
AcDb3dPolylineVertex
10
748741.002291743
20
8930146.39720945
30
188.943381198883
70
32
0
VERTEX
5
5D6
100
AcDbEntity
8
Real Hole
62
1
420
16711680
100
AcDbVertex
100
AcDb3dPolylineVertex
10
748741.08833107
20
8930146.60339829
30
187.968658932686
70
32
0
VERTEX
5
5D7
100
AcDbEntity
8
Real Hole
62
1
420
16711680
100
AcDbVertex
100
AcDb3dPolylineVertex
10
748741.185956773
20
8930146.83908757
30
187.001746543884
70
32
0
VERTEX
5
5D8
100
AcDbEntity
8
Real Hole
62
1
420
16711680
100
AcDbVertex
100
AcDb3dPolylineVertex
10
748741.295812186
20
8930147.08307126
30
186.038209327698
70
32
0
VERTEX
5
5D9
100
AcDbEntity
8
Real Hole
62
1
420
16711680
100
AcDbVertex
100
AcDb3dPolylineVertex
10
748741.383516696
20
8930147.34473696
30
185.077044137955
70
32
0
VERTEX
5
5DA
100
AcDbEntity
8
Real Hole
62
1
420
16711680
100
AcDbVertex
100
AcDb3dPolylineVertex
10
748741.454736706
20
8930147.58987787
30
184.110176214218
70
32
0
VERTEX
5
5DB
100
AcDbEntity
8
Real Hole
62
1
420
16711680
100
AcDbVertex
100
AcDb3dPolylineVertex
10
748741.53922784
20
8930147.83665624
30
183.144794591904
70
32
0
VERTEX
5
5DC
100
AcDbEntity
8
Real Hole
62
1
420
16711680
100
AcDbVertex
100
AcDb3dPolylineVertex
10
748741.653324481
20
8930148.08609488
30
182.183148511887
70
32
0
VERTEX
5
5DD
100
AcDbEntity
8
Real Hole
62
1
420
16711680
100
AcDbVertex
100
AcDb3dPolylineVertex
10
748741.73691028
20
8930148.33389273
30
181.217949041367
70
32
0
VERTEX
5
5DE
100
AcDbEntity
8
Real Hole
62
1
420
16711680
100
AcDbVertex
100
AcDb3dPolylineVertex
10
748741.799706515
20
8930148.55804816
30
180.348575719833
70
32
0
SEQEND
5
5DF
100
AcDbEntity
8
Real Hole
0
POINT
5
5E1
330
1A
100
AcDbEntity
67
0
8
Hole
62
244
420
659967
6
ByLayer
370
-1
48
1.0
60
0
100
AcDbPoint
10
748742.159001526
20
8930145.45800128
30
189.885000118256
39
0.0
210
0.0
220
0.0
230
1.0
50
360.0
0
LINE
5
5E2
330
1A
100
AcDbEntity
67
0
8
Theoretical Hole
62
244
420
659967
6
ByLayer
370
-1
48
1.0
60
0
100
AcDbLine
10
748742.159001526
20
8930145.45800128
30
189.885000118256
11
748742.949040588
21
8930147.68776431
31
179.572852024078
39
0.0
210
0.0
220
0.0
230
1.0
0
TEXT
5
5E3
330
1A
100
AcDbEntity
67
0
8
Number
62
244
420
659967
6
ByLayer
370
-1
48
1.0
60
0
100
AcDbText
1
851
10
748742.159001526
20
8930145.83900129
30
189.885000118256
40
0.3
41
1.0
50
0.0
51
0.0
7
Standard
11
748742.159001526
21
8930145.83900129
31
189.885000118256
210
0.0
220
0.0
230
1.0
72
0
100
AcDbText
73
0
0
TEXT
5
5E4
330
1A
100
AcDbEntity
67
0
8
label
62
1
420
16711680
6
ByLayer
370
-1
48
1.0
60
0
100
AcDbText
1

10
748742.159001526
20
8930146.23900129
30
189.885000118256
40
0.3
41
1.0
50
0.0
51
0.0
7
Standard
11
748742.159001526
21
8930146.23900129
31
189.885000118256
210
0.0
220
0.0
230
1.0
72
0
100
AcDbText
73
0
0
TEXT
5
5E5
330
1A
100
AcDbEntity
67
0
8
Length
62
244
420
659967
6
ByLayer
370
-1
48
1.0
60
0
100
AcDbText
1
10.58
10
748742.159001526
20
8930144.70400127
30
189.885000118256
40
0.3
41
1.0
50
0.0
51
0.0
7
Standard
11
748742.159001526
21
8930144.70400127
31
189.885000118256
210
0.0
220
0.0
230
1.0
72
0
100
AcDbText
73
0
0
POLYLINE
5
5F2
330
1A
100
AcDbEntity
67
0
8
Real Hole
62
1
420
16711680
6
ByLayer
370
-1
48
1.0
60
0
100
AcDb3dPolyline
10
0.0
20
0.0
30
0.0
70
8
75
0
210
0.0
220
0.0
230
1.0
0
VERTEX
5
5E6
100
AcDbEntity
8
Real Hole
62
1
420
16711680
100
AcDbVertex
100
AcDb3dPolylineVertex
10
748742.159001526
20
8930145.45800128
30
189.885000118256
70
32
0
VERTEX
5
5E7
100
AcDbEntity
8
Real Hole
62
1
420
16711680
100
AcDbVertex
100
AcDb3dPolylineVertex
10
748742.247270543
20
8930145.69086071
30
188.916503855228
70
32
0
VERTEX
5
5E8
100
AcDbEntity
8
Real Hole
62
1
420
16711680
100
AcDbVertex
100
AcDb3dPolylineVertex
10
748742.3092619
20
8930145.90054315
30
187.940701374054
70
32
0
VERTEX
5
5E9
100
AcDbEntity
8
Real Hole
62
1
420
16711680
100
AcDbVertex
100
AcDb3dPolylineVertex
10
748742.395708319
20
8930146.12739905
30
186.970617183685
70
32
0
VERTEX
5
5EA
100
AcDbEntity
8
Real Hole
62
1
420
16711680
100
AcDbVertex
100
AcDb3dPolylineVertex
10
748742.497558829
20
8930146.36606881
30
186.004872211456
70
32
0
VERTEX
5
5EB
100
AcDbEntity
8
Real Hole
62
1
420
16711680
100
AcDbVertex
100
AcDb3dPolylineVertex
10
748742.588675883
20
8930146.62068882
30
185.042133220673
70
32
0
VERTEX
5
5EC
100
AcDbEntity
8
Real Hole
62
1
420
16711680
100
AcDbVertex
100
AcDb3dPolylineVertex
10
748742.667367693
20
8930146.85052886
30
184.072091468811
70
32
0
VERTEX
5
5ED
100
AcDbEntity
8
Real Hole
62
1
420
16711680
100
AcDbVertex
100
AcDb3dPolylineVertex
10
748742.75012463
20
8930147.11380115
30
183.110926040649
70
32
0
VERTEX
5
5EE
100
AcDbEntity
8
Real Hole
62
1
420
16711680
100
AcDbVertex
100
AcDb3dPolylineVertex
10
748742.8317368
20
8930147.36438217
30
182.146276363373
70
32
0
VERTEX
5
5EF
100
AcDbEntity
8
Real Hole
62
1
420
16711680
100
AcDbVertex
100
AcDb3dPolylineVertex
10
748742.92897695
20
8930147.6239101
30
181.185449489594
70
32
0
VERTEX
5
5F0
100
AcDbEntity
8
Real Hole
62
1
420
16711680
100
AcDbVertex
100
AcDb3dPolylineVertex
10
748743.040425655
20
8930147.88368907
30
180.226233371735
70
32
0
SEQEND
5
5F1
100
AcDbEntity
8
Real Hole
0
POINT
5
5F3
330
1A
100
AcDbEntity
67
0
8
Hole
62
244
420
659967
6
ByLayer
370
-1
48
1.0
60
0
100
AcDbPoint
10
748743.57099646
20
8930145.14299884
30
189.992999919891
39
0.0
210
0.0
220
0.0
230
1.0
50
360.0
0
LINE
5
5F4
330
1A
100
AcDbEntity
67
0
8
Theoretical Hole
62
244
420
659967
6
ByLayer
370
-1
48
1.0
60
0
100
AcDbLine
10
748743.57099646
20
8930145.14299884
30
189.992999919891
11
748744.475766357
21
8930147.50245776
31
178.82533014679
39
0.0
210
0.0
220
0.0
230
1.0
0
TEXT
5
5F5
330
1A
100
AcDbEntity
67
0
8
Number
62
244
420
659967
6
ByLayer
370
-1
48
1.0
60
0
100
AcDbText
1
852
10
748743.57099646
20
8930145.52399885
30
189.992999919891
40
0.3
41
1.0
50
0.0
51
0.0
7
Standard
11
748743.57099646
21
8930145.52399885
31
189.992999919891
210
0.0
220
0.0
230
1.0
72
0
100
AcDbText
73
0
0
TEXT
5
5F6
330
1A
100
AcDbEntity
67
0
8
label
62
1
420
16711680
6
ByLayer
370
-1
48
1.0
60
0
100
AcDbText
1

10
748743.57099646
20
8930145.92399885
30
189.992999919891
40
0.3
41
1.0
50
0.0
51
0.0
7
Standard
11
748743.57099646
21
8930145.92399885
31
189.992999919891
210
0.0
220
0.0
230
1.0
72
0
100
AcDbText
73
0
0
TEXT
5
5F7
330
1A
100
AcDbEntity
67
0
8
Length
62
244
420
659967
6
ByLayer
370
-1
48
1.0
60
0
100
AcDbText
1
11.45
10
748743.57099646
20
8930144.38899883
30
189.992999919891
40
0.3
41
1.0
50
0.0
51
0.0
7
Standard
11
748743.57099646
21
8930144.38899883
31
189.992999919891
210
0.0
220
0.0
230
1.0
72
0
100
AcDbText
73
0
0
POLYLINE
5
602
330
1A
100
AcDbEntity
67
0
8
Real Hole
62
1
420
16711680
6
ByLayer
370
-1
48
1.0
60
0
100
AcDb3dPolyline
10
0.0
20
0.0
30
0.0
70
8
75
0
210
0.0
220
0.0
230
1.0
0
VERTEX
5
5F8
100
AcDbEntity
8
Real Hole
62
1
420
16711680
100
AcDbVertex
100
AcDb3dPolylineVertex
10
748743.57099646
20
8930145.14299884
30
189.992999919891
70
32
0
VERTEX
5
5F9
100
AcDbEntity
8
Real Hole
62
1
420
16711680
100
AcDbVertex
100
AcDb3dPolylineVertex
10
748743.667176891
20
8930145.37891715
30
189.025998422146
70
32
0
VERTEX
5
5FA
100
AcDbEntity
8
Real Hole
62
1
420
16711680
100
AcDbVertex
100
AcDb3dPolylineVertex
10
748743.765918251
20
8930145.60753271
30
188.057502159119
70
32
0
VERTEX
5
5FB
100
AcDbEntity
8
Real Hole
62
1
420
16711680
100
AcDbVertex
100
AcDb3dPolylineVertex
10
748743.891331431
20
8930145.85918262
30
187.097844013214
70
32
0
VERTEX
5
5FC
100
AcDbEntity
8
Real Hole
62
1
420
16711680
100
AcDbVertex
100
AcDb3dPolylineVertex
10
748744.047662225
20
8930146.09890213
30
186.139670976639
70
32
0
VERTEX
5
5FD
100
AcDbEntity
8
Real Hole
62
1
420
16711680
100
AcDbVertex
100
AcDb3dPolylineVertex
10
748744.18417221
20
8930146.3557482
30
185.182908424377
70
32
0
VERTEX
5
5FE
100
AcDbEntity
8
Real Hole
62
1
420
16711680
100
AcDbVertex
100
AcDb3dPolylineVertex
10
748744.288872715
20
8930146.61090746
30
184.221694835663
70
32
0
VERTEX
5
5FF
100
AcDbEntity
8
Real Hole
62
1
420
16711680
100
AcDbVertex
100
AcDb3dPolylineVertex
10
748744.437129613
20
8930146.88694253
30
183.272050270081
70
32
0
VERTEX
5
600
100
AcDbEntity
8
Real Hole
62
1
420
16711680
100
AcDbVertex
100
AcDb3dPolylineVertex
10
748744.572860059
20
8930147.15657773
30
182.318701156616
70
32
0
SEQEND
5
601
100
AcDbEntity
8
Real Hole
0
POINT
5
603
330
1A
100
AcDbEntity
67
0
8
Hole
62
244
420
659967
6
ByLayer
370
-1
48
1.0
60
0
100
AcDbPoint
10
748745.025998291
20
8930144.4469997
30
190.084
39
0.0
210
0.0
220
0.0
230
1.0
50
360.0
0
LINE
5
604
330
1A
100
AcDbEntity
67
0
8
Theoretical Hole
62
244
420
659967
6
ByLayer
370
-1
48
1.0
60
0
100
AcDbLine
10
748745.025998291
20
8930144.4469997
30
190.084
11
748745.944874939
21
8930146.84325519
31
179.459569343567
39
0.0
210
0.0
220
0.0
230
1.0
0
TEXT
5
605
330
1A
100
AcDbEntity
67
0
8
Number
62
244
420
659967
6
ByLayer
370
-1
48
1.0
60
0
100
AcDbText
1
853
10
748745.025998291
20
8930144.82799971
30
190.084
40
0.3
41
1.0
50
0.0
51
0.0
7
Standard
11
748745.025998291
21
8930144.82799971
31
190.084
210
0.0
220
0.0
230
1.0
72
0
100
AcDbText
73
0
0
TEXT
5
606
330
1A
100
AcDbEntity
67
0
8
label
62
1
420
16711680
6
ByLayer
370
-1
48
1.0
60
0
100
AcDbText
1

10
748745.025998291
20
8930145.22799971
30
190.084
40
0.3
41
1.0
50
0.0
51
0.0
7
Standard
11
748745.025998291
21
8930145.22799971
31
190.084
210
0.0
220
0.0
230
1.0
72
0
100
AcDbText
73
0
0
TEXT
5
607
330
1A
100
AcDbEntity
67
0
8
Length
62
244
420
659967
6
ByLayer
370
-1
48
1.0
60
0
100
AcDbText
1
10.93
10
748745.025998291
20
8930143.69299969
30
190.084
40
0.3
41
1.0
50
0.0
51
0.0
7
Standard
11
748745.025998291
21
8930143.69299969
31
190.084
210
0.0
220
0.0
230
1.0
72
0
100
AcDbText
73
0
0
POLYLINE
5
615
330
1A
100
AcDbEntity
67
0
8
Real Hole
62
1
420
16711680
6
ByLayer
370
-1
48
1.0
60
0
100
AcDb3dPolyline
10
0.0
20
0.0
30
0.0
70
8
75
0
210
0.0
220
0.0
230
1.0
0
VERTEX
5
608
100
AcDbEntity
8
Real Hole
62
1
420
16711680
100
AcDbVertex
100
AcDb3dPolylineVertex
10
748745.025998291
20
8930144.4469997
30
190.084
70
32
0
VERTEX
5
609
100
AcDbEntity
8
Real Hole
62
1
420
16711680
100
AcDbVertex
100
AcDb3dPolylineVertex
10
748745.153595325
20
8930144.6616415
30
189.115677782536
70
32
0
VERTEX
5
60A
100
AcDbEntity
8
Real Hole
62
1
420
16711680
100
AcDbVertex
100
AcDb3dPolylineVertex
10
748745.26147933
20
8930144.86713025
30
188.142982849121
70
32
0
VERTEX
5
60B
100
AcDbEntity
8
Real Hole
62
1
420
16711680
100
AcDbVertex
100
AcDb3dPolylineVertex
10
748745.364854094
20
8930145.08641526
30
187.172814020157
70
32
0
VERTEX
5
60C
100
AcDbEntity
8
Real Hole
62
1
420
16711680
100
AcDbVertex
100
AcDb3dPolylineVertex
10
748745.465342757
20
8930145.30722382
30
186.202687391281
70
32
0
VERTEX
5
60D
100
AcDbEntity
8
Real Hole
62
1
420
16711680
100
AcDbVertex
100
AcDb3dPolylineVertex
10
748745.585742649
20
8930145.52559796
30
185.234278091431
70
32
0
VERTEX
5
60E
100
AcDbEntity
8
Real Hole
62
1
420
16711680
100
AcDbVertex
100
AcDb3dPolylineVertex
10
748745.695447918
20
8930145.75385454
30
184.266877540588
70
32
0
VERTEX
5
60F
100
AcDbEntity
8
Real Hole
62
1
420
16711680
100
AcDbVertex
100
AcDb3dPolylineVertex
10
748745.78697699
20
8930145.98108175
30
183.297346481323
70
32
0
VERTEX
5
610
100
AcDbEntity
8
Real Hole
62
1
420
16711680
100
AcDbVertex
100
AcDb3dPolylineVertex
10
748745.873387274
20
8930146.19538536
30
182.324409374237
70
32
0
VERTEX
5
611
100
AcDbEntity
8
Real Hole
62
1
420
16711680
100
AcDbVertex
100
AcDb3dPolylineVertex
10
748745.977733489
20
8930146.43536523
30
181.359255203247
70
32
0
VERTEX
5
612
100
AcDbEntity
8
Real Hole
62
1
420
16711680
100
AcDbVertex
100
AcDb3dPolylineVertex
10
748746.087253269
20
8930146.65637865
30
180.390153297424
70
32
0
VERTEX
5
613
100
AcDbEntity
8
Real Hole
62
1
420
16711680
100
AcDbVertex
100
AcDb3dPolylineVertex
10
748746.098951038
20
8930146.67884031
30
180.293413528442
70
32
0
SEQEND
5
614
100
AcDbEntity
8
Real Hole
0
POINT
5
616
330
1A
100
AcDbEntity
67
0
8
Hole
62
244
420
659967
6
ByLayer
370
-1
48
1.0
60
0
100
AcDbPoint
10
748746.392003235
20
8930143.81699863
30
190.214000114441
39
0.0
210
0.0
220
0.0
230
1.0
50
360.0
0
LINE
5
617
330
1A
100
AcDbEntity
67
0
8
Theoretical Hole
62
244
420
659967
6
ByLayer
370
-1
48
1.0
60
0
100
AcDbLine
10
748746.392003235
20
8930143.81699863
30
190.214000114441
11
748747.299588379
21
8930146.1838161
31
179.839181312561
39
0.0
210
0.0
220
0.0
230
1.0
0
TEXT
5
618
330
1A
100
AcDbEntity
67
0
8
Number
62
244
420
659967
6
ByLayer
370
-1
48
1.0
60
0
100
AcDbText
1
854
10
748746.392003235
20
8930144.19799864
30
190.214000114441
40
0.3
41
1.0
50
0.0
51
0.0
7
Standard
11
748746.392003235
21
8930144.19799864
31
190.214000114441
210
0.0
220
0.0
230
1.0
72
0
100
AcDbText
73
0
0
TEXT
5
619
330
1A
100
AcDbEntity
67
0
8
label
62
1
420
16711680
6
ByLayer
370
-1
48
1.0
60
0
100
AcDbText
1

10
748746.392003235
20
8930144.59799864
30
190.214000114441
40
0.3
41
1.0
50
0.0
51
0.0
7
Standard
11
748746.392003235
21
8930144.59799864
31
190.214000114441
210
0.0
220
0.0
230
1.0
72
0
100
AcDbText
73
0
0
TEXT
5
61A
330
1A
100
AcDbEntity
67
0
8
Length
62
244
420
659967
6
ByLayer
370
-1
48
1.0
60
0
100
AcDbText
1
10.68
10
748746.392003235
20
8930143.06299862
30
190.214000114441
40
0.3
41
1.0
50
0.0
51
0.0
7
Standard
11
748746.392003235
21
8930143.06299862
31
190.214000114441
210
0.0
220
0.0
230
1.0
72
0
100
AcDbText
73
0
0
POLYLINE
5
628
330
1A
100
AcDbEntity
67
0
8
Real Hole
62
1
420
16711680
6
ByLayer
370
-1
48
1.0
60
0
100
AcDb3dPolyline
10
0.0
20
0.0
30
0.0
70
8
75
0
210
0.0
220
0.0
230
1.0
0
VERTEX
5
61B
100
AcDbEntity
8
Real Hole
62
1
420
16711680
100
AcDbVertex
100
AcDb3dPolylineVertex
10
748746.392003235
20
8930143.81699863
30
190.214000114441
70
32
0
VERTEX
5
61C
100
AcDbEntity
8
Real Hole
62
1
420
16711680
100
AcDbVertex
100
AcDb3dPolylineVertex
10
748746.529264521
20
8930144.07439047
30
189.257491477966
70
32
0
VERTEX
5
61D
100
AcDbEntity
8
Real Hole
62
1
420
16711680
100
AcDbVertex
100
AcDb3dPolylineVertex
10
748746.64643642
20
8930144.33805808
30
188.300020822525
70
32
0
VERTEX
5
61E
100
AcDbEntity
8
Real Hole
62
1
420
16711680
100
AcDbVertex
100
AcDb3dPolylineVertex
10
748746.746668574
20
8930144.59031477
30
187.33756554985
70
32
0
VERTEX
5
61F
100
AcDbEntity
8
Real Hole
62
1
420
16711680
100
AcDbVertex
100
AcDb3dPolylineVertex
10
748746.858888772
20
8930144.85176602
30
186.378894695282
70
32
0
VERTEX
5
620
100
AcDbEntity
8
Real Hole
62
1
420
16711680
100
AcDbVertex
100
AcDb3dPolylineVertex
10
748746.987762984
20
8930145.13299229
30
185.427945980072
70
32
0
VERTEX
5
621
100
AcDbEntity
8
Real Hole
62
1
420
16711680
100
AcDbVertex
100
AcDb3dPolylineVertex
10
748747.09323847
20
8930145.40978494
30
184.472822555542
70
32
0
VERTEX
5
622
100
AcDbEntity
8
Real Hole
62
1
420
16711680
100
AcDbVertex
100
AcDb3dPolylineVertex
10
748747.202132699
20
8930145.6952497
30
183.520639785767
70
32
0
VERTEX
5
623
100
AcDbEntity
8
Real Hole
62
1
420
16711680
100
AcDbVertex
100
AcDb3dPolylineVertex
10
748747.323002216
20
8930145.96220031
30
182.564539321899
70
32
0
VERTEX
5
624
100
AcDbEntity
8
Real Hole
62
1
420
16711680
100
AcDbVertex
100
AcDb3dPolylineVertex
10
748747.465874132
20
8930146.23900953
30
181.614295372009
70
32
0
VERTEX
5
625
100
AcDbEntity
8
Real Hole
62
1
420
16711680
100
AcDbVertex
100
AcDb3dPolylineVertex
10
748747.589318332
20
8930146.534547
30
180.666973480225
70
32
0
VERTEX
5
626
100
AcDbEntity
8
Real Hole
62
1
420
16711680
100
AcDbVertex
100
AcDb3dPolylineVertex
10
748747.638787803
20
8930146.6560103
30
180.28908480072
70
32
0
SEQEND
5
627
100
AcDbEntity
8
Real Hole
0
POINT
5
629
330
1A
100
AcDbEntity
67
0
8
Hole
62
244
420
659967
6
ByLayer
370
-1
48
1.0
60
0
100
AcDbPoint
10
748747.742001709
20
8930143.54599872
30
190.070000061035
39
0.0
210
0.0
220
0.0
230
1.0
50
360.0
0
LINE
5
62A
330
1A
100
AcDbEntity
67
0
8
Theoretical Hole
62
244
420
659967
6
ByLayer
370
-1
48
1.0
60
0
100
AcDbLine
10
748747.742001709
20
8930143.54599872
30
190.070000061035
11
748748.646588501
21
8930145.90498462
31
179.61081684494
39
0.0
210
0.0
220
0.0
230
1.0
0
TEXT
5
62B
330
1A
100
AcDbEntity
67
0
8
Number
62
244
420
659967
6
ByLayer
370
-1
48
1.0
60
0
100
AcDbText
1
855
10
748747.742001709
20
8930143.92699873
30
190.070000061035
40
0.3
41
1.0
50
0.0
51
0.0
7
Standard
11
748747.742001709
21
8930143.92699873
31
190.070000061035
210
0.0
220
0.0
230
1.0
72
0
100
AcDbText
73
0
0
TEXT
5
62C
330
1A
100
AcDbEntity
67
0
8
label
62
1
420
16711680
6
ByLayer
370
-1
48
1.0
60
0
100
AcDbText
1

10
748747.742001709
20
8930144.32699873
30
190.070000061035
40
0.3
41
1.0
50
0.0
51
0.0
7
Standard
11
748747.742001709
21
8930144.32699873
31
190.070000061035
210
0.0
220
0.0
230
1.0
72
0
100
AcDbText
73
0
0
TEXT
5
62D
330
1A
100
AcDbEntity
67
0
8
Length
62
244
420
659967
6
ByLayer
370
-1
48
1.0
60
0
100
AcDbText
1
10.76
10
748747.742001709
20
8930142.79199871
30
190.070000061035
40
0.3
41
1.0
50
0.0
51
0.0
7
Standard
11
748747.742001709
21
8930142.79199871
31
190.070000061035
210
0.0
220
0.0
230
1.0
72
0
100
AcDbText
73
0
0
POLYLINE
5
63B
330
1A
100
AcDbEntity
67
0
8
Real Hole
62
1
420
16711680
6
ByLayer
370
-1
48
1.0
60
0
100
AcDb3dPolyline
10
0.0
20
0.0
30
0.0
70
8
75
0
210
0.0
220
0.0
230
1.0
0
VERTEX
5
62E
100
AcDbEntity
8
Real Hole
62
1
420
16711680
100
AcDbVertex
100
AcDb3dPolylineVertex
10
748747.742001709
20
8930143.54599872
30
190.070000061035
70
32
0
VERTEX
5
62F
100
AcDbEntity
8
Real Hole
62
1
420
16711680
100
AcDbVertex
100
AcDb3dPolylineVertex
10
748747.856689569
20
8930143.8156628
30
189.113899656773
70
32
0
VERTEX
5
630
100
AcDbEntity
8
Real Hole
62
1
420
16711680
100
AcDbVertex
100
AcDb3dPolylineVertex
10
748747.991545182
20
8930144.0885224
30
188.161344298363
70
32
0
VERTEX
5
631
100
AcDbEntity
8
Real Hole
62
1
420
16711680
100
AcDbVertex
100
AcDb3dPolylineVertex
10
748748.125750836
20
8930144.36503085
30
187.20975006485
70
32
0
VERTEX
5
632
100
AcDbEntity
8
Real Hole
62
1
420
16711680
100
AcDbVertex
100
AcDb3dPolylineVertex
10
748748.279406723
20
8930144.63332918
30
186.258747467041
70
32
0
VERTEX
5
633
100
AcDbEntity
8
Real Hole
62
1
420
16711680
100
AcDbVertex
100
AcDb3dPolylineVertex
10
748748.448488411
20
8930144.93364587
30
185.320013412476
70
32
0
VERTEX
5
634
100
AcDbEntity
8
Real Hole
62
1
420
16711680
100
AcDbVertex
100
AcDb3dPolylineVertex
10
748748.57920092
20
8930145.22875455
30
184.373533138275
70
32
0
VERTEX
5
635
100
AcDbEntity
8
Real Hole
62
1
420
16711680
100
AcDbVertex
100
AcDb3dPolylineVertex
10
748748.703843292
20
8930145.52396801
30
183.426267036438
70
32
0
VERTEX
5
636
100
AcDbEntity
8
Real Hole
62
1
420
16711680
100
AcDbVertex
100
AcDb3dPolylineVertex
10
748748.842270907
20
8930145.82355299
30
182.482293018341
70
32
0
VERTEX
5
637
100
AcDbEntity
8
Real Hole
62
1
420
16711680
100
AcDbVertex
100
AcDb3dPolylineVertex
10
748749.003867682
20
8930146.13664093
30
181.546417602539
70
32
0
VERTEX
5
638
100
AcDbEntity
8
Real Hole
62
1
420
16711680
100
AcDbVertex
100
AcDb3dPolylineVertex
10
748749.163372454
20
8930146.44122734
30
180.607383140564
70
32
0
VERTEX
5
639
100
AcDbEntity
8
Real Hole
62
1
420
16711680
100
AcDbVertex
100
AcDb3dPolylineVertex
10
748749.199493345
20
8930146.5027937
30
180.420555480957
70
32
0
SEQEND
5
63A
100
AcDbEntity
8
Real Hole
0
POINT
5
63C
330
1A
100
AcDbEntity
67
0
8
Hole
62
244
420
659967
6
ByLayer
370
-1
48
1.0
60
0
100
AcDbPoint
10
748748.971997436
20
8930142.77200046
30
190.140999921799
39
0.0
210
0.0
220
0.0
230
1.0
50
360.0
0
LINE
5
63D
330
1A
100
AcDbEntity
67
0
8
Theoretical Hole
62
244
420
659967
6
ByLayer
370
-1
48
1.0
60
0
100
AcDbLine
10
748748.971997436
20
8930142.77200046
30
190.140999921799
11
748749.876012024
21
8930145.12951007
31
179.712299713135
39
0.0
210
0.0
220
0.0
230
1.0
0
TEXT
5
63E
330
1A
100
AcDbEntity
67
0
8
Number
62
244
420
659967
6
ByLayer
370
-1
48
1.0
60
0
100
AcDbText
1
856
10
748748.971997436
20
8930143.15300047
30
190.140999921799
40
0.3
41
1.0
50
0.0
51
0.0
7
Standard
11
748748.971997436
21
8930143.15300047
31
190.140999921799
210
0.0
220
0.0
230
1.0
72
0
100
AcDbText
73
0
0
TEXT
5
63F
330
1A
100
AcDbEntity
67
0
8
label
62
1
420
16711680
6
ByLayer
370
-1
48
1.0
60
0
100
AcDbText
1

10
748748.971997436
20
8930143.55300047
30
190.140999921799
40
0.3
41
1.0
50
0.0
51
0.0
7
Standard
11
748748.971997436
21
8930143.55300047
31
190.140999921799
210
0.0
220
0.0
230
1.0
72
0
100
AcDbText
73
0
0
TEXT
5
640
330
1A
100
AcDbEntity
67
0
8
Length
62
244
420
659967
6
ByLayer
370
-1
48
1.0
60
0
100
AcDbText
1
10.73
10
748748.971997436
20
8930142.01800045
30
190.140999921799
40
0.3
41
1.0
50
0.0
51
0.0
7
Standard
11
748748.971997436
21
8930142.01800045
31
190.140999921799
210
0.0
220
0.0
230
1.0
72
0
100
AcDbText
73
0
0
POLYLINE
5
64E
330
1A
100
AcDbEntity
67
0
8
Real Hole
62
1
420
16711680
6
ByLayer
370
-1
48
1.0
60
0
100
AcDb3dPolyline
10
0.0
20
0.0
30
0.0
70
8
75
0
210
0.0
220
0.0
230
1.0
0
VERTEX
5
641
100
AcDbEntity
8
Real Hole
62
1
420
16711680
100
AcDbVertex
100
AcDb3dPolylineVertex
10
748748.971997436
20
8930142.77200046
30
190.140999921799
70
32
0
VERTEX
5
642
100
AcDbEntity
8
Real Hole
62
1
420
16711680
100
AcDbVertex
100
AcDb3dPolylineVertex
10
748749.113288354
20
8930143.04645136
30
189.189835616589
70
32
0
VERTEX
5
643
100
AcDbEntity
8
Real Hole
62
1
420
16711680
100
AcDbVertex
100
AcDb3dPolylineVertex
10
748749.230092701
20
8930143.32733205
30
188.237227210045
70
32
0
VERTEX
5
644
100
AcDbEntity
8
Real Hole
62
1
420
16711680
100
AcDbVertex
100
AcDb3dPolylineVertex
10
748749.362592932
20
8930143.61199841
30
187.287801631927
70
32
0
VERTEX
5
645
100
AcDbEntity
8
Real Hole
62
1
420
16711680
100
AcDbVertex
100
AcDb3dPolylineVertex
10
748749.509573814
20
8930143.91973558
30
186.347751506805
70
32
0
VERTEX
5
646
100
AcDbEntity
8
Real Hole
62
1
420
16711680
100
AcDbVertex
100
AcDb3dPolylineVertex
10
748749.680523452
20
8930144.22762969
30
185.411814817429
70
32
0
VERTEX
5
647
100
AcDbEntity
8
Real Hole
62
1
420
16711680
100
AcDbVertex
100
AcDb3dPolylineVertex
10
748749.824765798
20
8930144.55069235
30
184.476493963242
70
32
0
VERTEX
5
648
100
AcDbEntity
8
Real Hole
62
1
420
16711680
100
AcDbVertex
100
AcDb3dPolylineVertex
10
748749.946639356
20
8930144.87254181
30
183.537580141068
70
32
0
VERTEX
5
649
100
AcDbEntity
8
Real Hole
62
1
420
16711680
100
AcDbVertex
100
AcDb3dPolylineVertex
10
748750.088960465
20
8930145.21800962
30
182.610004552841
70
32
0
VERTEX
5
64A
100
AcDbEntity
8
Real Hole
62
1
420
16711680
100
AcDbVertex
100
AcDb3dPolylineVertex
10
748750.241759953
20
8930145.55006709
30
181.67920316124
70
32
0
VERTEX
5
64B
100
AcDbEntity
8
Real Hole
62
1
420
16711680
100
AcDbVertex
100
AcDb3dPolylineVertex
10
748750.380141195
20
8930145.86695996
30
180.740891584396
70
32
0
VERTEX
5
64C
100
AcDbEntity
8
Real Hole
62
1
420
16711680
100
AcDbVertex
100
AcDb3dPolylineVertex
10
748750.393618759
20
8930145.89857283
30
180.646982320786
70
32
0
SEQEND
5
64D
100
AcDbEntity
8
Real Hole
0
POINT
5
64F
330
1A
100
AcDbEntity
67
0
8
Hole
62
244
420
659967
6
ByLayer
370
-1
48
1.0
60
0
100
AcDbPoint
10
748750.675000366
20
8930142.31800189
30
190.172000059128
39
0.0
210
0.0
220
0.0
230
1.0
50
360.0
0
LINE
5
650
330
1A
100
AcDbEntity
67
0
8
Theoretical Hole
62
244
420
659967
6
ByLayer
370
-1
48
1.0
60
0
100
AcDbLine
10
748750.675000366
20
8930142.31800189
30
190.172000059128
11
748751.577252563
21
8930144.67089954
31
179.83471811676
39
0.0
210
0.0
220
0.0
230
1.0
0
TEXT
5
651
330
1A
100
AcDbEntity
67
0
8
Number
62
244
420
659967
6
ByLayer
370
-1
48
1.0
60
0
100
AcDbText
1
857
10
748750.675000366
20
8930142.6990019
30
190.172000059128
40
0.3
41
1.0
50
0.0
51
0.0
7
Standard
11
748750.675000366
21
8930142.6990019
31
190.172000059128
210
0.0
220
0.0
230
1.0
72
0
100
AcDbText
73
0
0
TEXT
5
652
330
1A
100
AcDbEntity
67
0
8
label
62
1
420
16711680
6
ByLayer
370
-1
48
1.0
60
0
100
AcDbText
1

10
748750.675000366
20
8930143.0990019
30
190.172000059128
40
0.3
41
1.0
50
0.0
51
0.0
7
Standard
11
748750.675000366
21
8930143.0990019
31
190.172000059128
210
0.0
220
0.0
230
1.0
72
0
100
AcDbText
73
0
0
TEXT
5
653
330
1A
100
AcDbEntity
67
0
8
Length
62
244
420
659967
6
ByLayer
370
-1
48
1.0
60
0
100
AcDbText
1
10.64
10
748750.675000366
20
8930141.56400188
30
190.172000059128
40
0.3
41
1.0
50
0.0
51
0.0
7
Standard
11
748750.675000366
21
8930141.56400188
31
190.172000059128
210
0.0
220
0.0
230
1.0
72
0
100
AcDbText
73
0
0
POLYLINE
5
661
330
1A
100
AcDbEntity
67
0
8
Real Hole
62
1
420
16711680
6
ByLayer
370
-1
48
1.0
60
0
100
AcDb3dPolyline
10
0.0
20
0.0
30
0.0
70
8
75
0
210
0.0
220
0.0
230
1.0
0
VERTEX
5
654
100
AcDbEntity
8
Real Hole
62
1
420
16711680
100
AcDbVertex
100
AcDb3dPolylineVertex
10
748750.675000366
20
8930142.31800189
30
190.172000059128
70
32
0
VERTEX
5
655
100
AcDbEntity
8
Real Hole
62
1
420
16711680
100
AcDbVertex
100
AcDb3dPolylineVertex
10
748750.691420196
20
8930142.55885666
30
189.201577791214
70
32
0
VERTEX
5
656
100
AcDbEntity
8
Real Hole
62
1
420
16711680
100
AcDbVertex
100
AcDb3dPolylineVertex
10
748750.69563078
20
8930142.79769197
30
188.230526813507
70
32
0
VERTEX
5
657
100
AcDbEntity
8
Real Hole
62
1
420
16711680
100
AcDbVertex
100
AcDb3dPolylineVertex
10
748750.727155742
20
8930143.04829296
30
187.262949832916
70
32
0
VERTEX
5
658
100
AcDbEntity
8
Real Hole
62
1
420
16711680
100
AcDbVertex
100
AcDb3dPolylineVertex
10
748750.766231116
20
8930143.3201293
30
186.301400074005
70
32
0
VERTEX
5
659
100
AcDbEntity
8
Real Hole
62
1
420
16711680
100
AcDbVertex
100
AcDb3dPolylineVertex
10
748750.787392032
20
8930143.59327021
30
185.339658864975
70
32
0
VERTEX
5
65A
100
AcDbEntity
8
Real Hole
62
1
420
16711680
100
AcDbVertex
100
AcDb3dPolylineVertex
10
748750.790989559
20
8930143.84159591
30
184.370988973618
70
32
0
VERTEX
5
65B
100
AcDbEntity
8
Real Hole
62
1
420
16711680
100
AcDbVertex
100
AcDb3dPolylineVertex
10
748750.777155709
20
8930144.10122659
30
183.405379899979
70
32
0
VERTEX
5
65C
100
AcDbEntity
8
Real Hole
62
1
420
16711680
100
AcDbVertex
100
AcDb3dPolylineVertex
10
748750.778782454
20
8930144.37534871
30
182.443686136246
70
32
0
VERTEX
5
65D
100
AcDbEntity
8
Real Hole
62
1
420
16711680
100
AcDbVertex
100
AcDb3dPolylineVertex
10
748750.799017597
20
8930144.65024247
30
181.482424863815
70
32
0
VERTEX
5
65E
100
AcDbEntity
8
Real Hole
62
1
420
16711680
100
AcDbVertex
100
AcDb3dPolylineVertex
10
748750.81619775
20
8930144.93356982
30
180.523554929733
70
32
0
VERTEX
5
65F
100
AcDbEntity
8
Real Hole
62
1
420
16711680
100
AcDbVertex
100
AcDb3dPolylineVertex
10
748750.835215342
20
8930145.06837526
30
180.042446264267
70
32
0
SEQEND
5
660
100
AcDbEntity
8
Real Hole
0
POINT
5
662
330
1A
100
AcDbEntity
67
0
8
Hole
62
244
420
659967
6
ByLayer
370
-1
48
1.0
60
0
100
AcDbPoint
10
748751.86800116
20
8930141.78899875
30
190.106000074387
39
0.0
210
0.0
220
0.0
230
1.0
50
360.0
0
LINE
5
663
330
1A
100
AcDbEntity
67
0
8
Theoretical Hole
62
244
420
659967
6
ByLayer
370
-1
48
1.0
60
0
100
AcDbLine
10
748751.86800116
20
8930141.78899875
30
190.106000074387
11
748752.76895636
21
8930144.13852802
31
179.767837890625
39
0.0
210
0.0
220
0.0
230
1.0
0
TEXT
5
664
330
1A
100
AcDbEntity
67
0
8
Number
62
244
420
659967
6
ByLayer
370
-1
48
1.0
60
0
100
AcDbText
1
858
10
748751.86800116
20
8930142.16999876
30
190.106000074387
40
0.3
41
1.0
50
0.0
51
0.0
7
Standard
11
748751.86800116
21
8930142.16999876
31
190.106000074387
210
0.0
220
0.0
230
1.0
72
0
100
AcDbText
73
0
0
TEXT
5
665
330
1A
100
AcDbEntity
67
0
8
label
62
1
420
16711680
6
ByLayer
370
-1
48
1.0
60
0
100
AcDbText
1

10
748751.86800116
20
8930142.56999876
30
190.106000074387
40
0.3
41
1.0
50
0.0
51
0.0
7
Standard
11
748751.86800116
21
8930142.56999876
31
190.106000074387
210
0.0
220
0.0
230
1.0
72
0
100
AcDbText
73
0
0
TEXT
5
666
330
1A
100
AcDbEntity
67
0
8
Length
62
244
420
659967
6
ByLayer
370
-1
48
1.0
60
0
100
AcDbText
1
10.64
10
748751.86800116
20
8930141.03499874
30
190.106000074387
40
0.3
41
1.0
50
0.0
51
0.0
7
Standard
11
748751.86800116
21
8930141.03499874
31
190.106000074387
210
0.0
220
0.0
230
1.0
72
0
100
AcDbText
73
0
0
POLYLINE
5
674
330
1A
100
AcDbEntity
67
0
8
Real Hole
62
1
420
16711680
6
ByLayer
370
-1
48
1.0
60
0
100
AcDb3dPolyline
10
0.0
20
0.0
30
0.0
70
8
75
0
210
0.0
220
0.0
230
1.0
0
VERTEX
5
667
100
AcDbEntity
8
Real Hole
62
1
420
16711680
100
AcDbVertex
100
AcDb3dPolylineVertex
10
748751.86800116
20
8930141.78899875
30
190.106000074387
70
32
0
VERTEX
5
668
100
AcDbEntity
8
Real Hole
62
1
420
16711680
100
AcDbVertex
100
AcDb3dPolylineVertex
10
748751.941879582
20
8930142.01330532
30
189.134285875797
70
32
0
VERTEX
5
669
100
AcDbEntity
8
Real Hole
62
1
420
16711680
100
AcDbVertex
100
AcDb3dPolylineVertex
10
748752.019917067
20
8930142.23942971
30
188.163318284988
70
32
0
VERTEX
5
66A
100
AcDbEntity
8
Real Hole
62
1
420
16711680
100
AcDbVertex
100
AcDb3dPolylineVertex
10
748752.108541947
20
8930142.48886814
30
187.198991664886
70
32
0
VERTEX
5
66B
100
AcDbEntity
8
Real Hole
62
1
420
16711680
100
AcDbVertex
100
AcDb3dPolylineVertex
10
748752.205631759
20
8930142.73983004
30
186.235875972748
70
32
0
VERTEX
5
66C
100
AcDbEntity
8
Real Hole
62
1
420
16711680
100
AcDbVertex
100
AcDb3dPolylineVertex
10
748752.2724224
20
8930142.98481527
30
185.26865256691
70
32
0
VERTEX
5
66D
100
AcDbEntity
8
Real Hole
62
1
420
16711680
100
AcDbVertex
100
AcDb3dPolylineVertex
10
748752.34153476
20
8930143.23003283
30
184.301651128769
70
32
0
VERTEX
5
66E
100
AcDbEntity
8
Real Hole
62
1
420
16711680
100
AcDbVertex
100
AcDb3dPolylineVertex
10
748752.436890599
20
8930143.48990193
30
183.340726980209
70
32
0
VERTEX
5
66F
100
AcDbEntity
8
Real Hole
62
1
420
16711680
100
AcDbVertex
100
AcDb3dPolylineVertex
10
748752.502312418
20
8930143.75074246
30
182.377564081192
70
32
0
VERTEX
5
670
100
AcDbEntity
8
Real Hole
62
1
420
16711680
100
AcDbVertex
100
AcDb3dPolylineVertex
10
748752.570350584
20
8930144.01611867
30
181.41582311058
70
32
0
VERTEX
5
671
100
AcDbEntity
8
Real Hole
62
1
420
16711680
100
AcDbVertex
100
AcDb3dPolylineVertex
10
748752.666138169
20
8930144.27886405
30
180.455723890305
70
32
0
VERTEX
5
672
100
AcDbEntity
8
Real Hole
62
1
420
16711680
100
AcDbVertex
100
AcDb3dPolylineVertex
10
748752.685822007
20
8930144.33268252
30
180.264109739304
70
32
0
SEQEND
5
673
100
AcDbEntity
8
Real Hole
0
POINT
5
675
330
1A
100
AcDbEntity
67
0
8
Hole
62
244
420
659967
6
ByLayer
370
-1
48
1.0
60
0
100
AcDbPoint
10
748753.061001953
20
8930141.3750011
30
190.061999925613
39
0.0
210
0.0
220
0.0
230
1.0
50
360.0
0
LINE
5
676
330
1A
100
AcDbEntity
67
0
8
Theoretical Hole
62
244
420
659967
6
ByLayer
370
-1
48
1.0
60
0
100
AcDbLine
10
748753.061001953
20
8930141.3750011
30
190.061999925613
11
748753.960805115
21
8930143.72152438
31
179.681893714905
39
0.0
210
0.0
220
0.0
230
1.0
0
TEXT
5
677
330
1A
100
AcDbEntity
67
0
8
Number
62
244
420
659967
6
ByLayer
370
-1
48
1.0
60
0
100
AcDbText
1
859
10
748753.061001953
20
8930141.75600111
30
190.061999925613
40
0.3
41
1.0
50
0.0
51
0.0
7
Standard
11
748753.061001953
21
8930141.75600111
31
190.061999925613
210
0.0
220
0.0
230
1.0
72
0
100
AcDbText
73
0
0
TEXT
5
678
330
1A
100
AcDbEntity
67
0
8
label
62
1
420
16711680
6
ByLayer
370
-1
48
1.0
60
0
100
AcDbText
1

10
748753.061001953
20
8930142.15600111
30
190.061999925613
40
0.3
41
1.0
50
0.0
51
0.0
7
Standard
11
748753.061001953
21
8930142.15600111
31
190.061999925613
210
0.0
220
0.0
230
1.0
72
0
100
AcDbText
73
0
0
TEXT
5
679
330
1A
100
AcDbEntity
67
0
8
Length
62
244
420
659967
6
ByLayer
370
-1
48
1.0
60
0
100
AcDbText
1
10.68
10
748753.061001953
20
8930140.62100109
30
190.061999925613
40
0.3
41
1.0
50
0.0
51
0.0
7
Standard
11
748753.061001953
21
8930140.62100109
31
190.061999925613
210
0.0
220
0.0
230
1.0
72
0
100
AcDbText
73
0
0
POLYLINE
5
687
330
1A
100
AcDbEntity
67
0
8
Real Hole
62
1
420
16711680
6
ByLayer
370
-1
48
1.0
60
0
100
AcDb3dPolyline
10
0.0
20
0.0
30
0.0
70
8
75
0
210
0.0
220
0.0
230
1.0
0
VERTEX
5
67A
100
AcDbEntity
8
Real Hole
62
1
420
16711680
100
AcDbVertex
100
AcDb3dPolylineVertex
10
748753.061001953
20
8930141.3750011
30
190.061999925613
70
32
0
VERTEX
5
67B
100
AcDbEntity
8
Real Hole
62
1
420
16711680
100
AcDbVertex
100
AcDb3dPolylineVertex
10
748753.150133003
20
8930141.5971696
30
189.091074177265
70
32
0
VERTEX
5
67C
100
AcDbEntity
8
Real Hole
62
1
420
16711680
100
AcDbVertex
100
AcDb3dPolylineVertex
10
748753.249324631
20
8930141.81726426
30
188.120651968956
70
32
0
VERTEX
5
67D
100
AcDbEntity
8
Real Hole
62
1
420
16711680
100
AcDbVertex
100
AcDb3dPolylineVertex
10
748753.362997707
20
8930142.03978386
30
187.152373203278
70
32
0
VERTEX
5
67E
100
AcDbEntity
8
Real Hole
62
1
420
16711680
100
AcDbVertex
100
AcDb3dPolylineVertex
10
748753.448120769
20
8930142.29026112
30
186.188000329971
70
32
0
VERTEX
5
67F
100
AcDbEntity
8
Real Hole
62
1
420
16711680
100
AcDbVertex
100
AcDb3dPolylineVertex
10
748753.521996018
20
8930142.52542188
30
185.218855508804
70
32
0
VERTEX
5
680
100
AcDbEntity
8
Real Hole
62
1
420
16711680
100
AcDbVertex
100
AcDb3dPolylineVertex
10
748753.605533
20
8930142.78686276
30
184.25725758934
70
32
0
VERTEX
5
681
100
AcDbEntity
8
Real Hole
62
1
420
16711680
100
AcDbVertex
100
AcDb3dPolylineVertex
10
748753.694371816
20
8930143.01914349
30
183.288674482346
70
32
0
VERTEX
5
682
100
AcDbEntity
8
Real Hole
62
1
420
16711680
100
AcDbVertex
100
AcDb3dPolylineVertex
10
748753.810365495
20
8930143.27508774
30
182.328967222214
70
32
0
VERTEX
5
683
100
AcDbEntity
8
Real Hole
62
1
420
16711680
100
AcDbVertex
100
AcDb3dPolylineVertex
10
748753.92488676
20
8930143.53242746
30
181.369455942154
70
32
0
VERTEX
5
684
100
AcDbEntity
8
Real Hole
62
1
420
16711680
100
AcDbVertex
100
AcDb3dPolylineVertex
10
748754.038638231
20
8930143.7950398
30
180.411283143997
70
32
0
VERTEX
5
685
100
AcDbEntity
8
Real Hole
62
1
420
16711680
100
AcDbVertex
100
AcDb3dPolylineVertex
10
748754.117901143
20
8930144.00726404
30
179.644030221939
70
32
0
SEQEND
5
686
100
AcDbEntity
8
Real Hole
0
POINT
5
688
330
1A
100
AcDbEntity
67
0
8
Hole
62
244
420
659967
6
ByLayer
370
-1
48
1.0
60
0
100
AcDbPoint
10
748754.629002747
20
8930140.59800067
30
190.089000114441
39
0.0
210
0.0
220
0.0
230
1.0
50
360.0
0
LINE
5
689
330
1A
100
AcDbEntity
67
0
8
Theoretical Hole
62
244
420
659967
6
ByLayer
370
-1
48
1.0
60
0
100
AcDbLine
10
748754.629002747
20
8930140.59800067
30
190.089000114441
11
748755.527157959
21
8930142.94020953
31
179.656345733643
39
0.0
210
0.0
220
0.0
230
1.0
0
TEXT
5
68A
330
1A
100
AcDbEntity
67
0
8
Number
62
244
420
659967
6
ByLayer
370
-1
48
1.0
60
0
100
AcDbText
1
860
10
748754.629002747
20
8930140.97900068
30
190.089000114441
40
0.3
41
1.0
50
0.0
51
0.0
7
Standard
11
748754.629002747
21
8930140.97900068
31
190.089000114441
210
0.0
220
0.0
230
1.0
72
0
100
AcDbText
73
0
0
TEXT
5
68B
330
1A
100
AcDbEntity
67
0
8
label
62
1
420
16711680
6
ByLayer
370
-1
48
1.0
60
0
100
AcDbText
1

10
748754.629002747
20
8930141.37900068
30
190.089000114441
40
0.3
41
1.0
50
0.0
51
0.0
7
Standard
11
748754.629002747
21
8930141.37900068
31
190.089000114441
210
0.0
220
0.0
230
1.0
72
0
100
AcDbText
73
0
0
TEXT
5
68C
330
1A
100
AcDbEntity
67
0
8
Length
62
244
420
659967
6
ByLayer
370
-1
48
1.0
60
0
100
AcDbText
1
10.73
10
748754.629002747
20
8930139.84400066
30
190.089000114441
40
0.3
41
1.0
50
0.0
51
0.0
7
Standard
11
748754.629002747
21
8930139.84400066
31
190.089000114441
210
0.0
220
0.0
230
1.0
72
0
100
AcDbText
73
0
0
POLYLINE
5
69A
330
1A
100
AcDbEntity
67
0
8
Real Hole
62
1
420
16711680
6
ByLayer
370
-1
48
1.0
60
0
100
AcDb3dPolyline
10
0.0
20
0.0
30
0.0
70
8
75
0
210
0.0
220
0.0
230
1.0
0
VERTEX
5
68D
100
AcDbEntity
8
Real Hole
62
1
420
16711680
100
AcDbVertex
100
AcDb3dPolylineVertex
10
748754.629002747
20
8930140.59800067
30
190.089000114441
70
32
0
VERTEX
5
68E
100
AcDbEntity
8
Real Hole
62
1
420
16711680
100
AcDbVertex
100
AcDb3dPolylineVertex
10
748754.710402657
20
8930140.88020214
30
189.133104511738
70
32
0
VERTEX
5
68F
100
AcDbEntity
8
Real Hole
62
1
420
16711680
100
AcDbVertex
100
AcDb3dPolylineVertex
10
748754.758714121
20
8930141.16313323
30
188.175181755066
70
32
0
VERTEX
5
690
100
AcDbEntity
8
Real Hole
62
1
420
16711680
100
AcDbVertex
100
AcDb3dPolylineVertex
10
748754.824782204
20
8930141.43436113
30
187.214936861038
70
32
0
VERTEX
5
691
100
AcDbEntity
8
Real Hole
62
1
420
16711680
100
AcDbVertex
100
AcDb3dPolylineVertex
10
748754.86295506
20
8930141.70666471
30
186.253482946396
70
32
0
VERTEX
5
692
100
AcDbEntity
8
Real Hole
62
1
420
16711680
100
AcDbVertex
100
AcDb3dPolylineVertex
10
748754.902602282
20
8930141.96277037
30
185.287647613525
70
32
0
VERTEX
5
693
100
AcDbEntity
8
Real Hole
62
1
420
16711680
100
AcDbVertex
100
AcDb3dPolylineVertex
10
748754.980109599
20
8930142.23147681
30
184.327548870087
70
32
0
VERTEX
5
694
100
AcDbEntity
8
Real Hole
62
1
420
16711680
100
AcDbVertex
100
AcDb3dPolylineVertex
10
748755.065134611
20
8930142.52528277
30
183.375472911835
70
32
0
VERTEX
5
695
100
AcDbEntity
8
Real Hole
62
1
420
16711680
100
AcDbVertex
100
AcDb3dPolylineVertex
10
748755.144585368
20
8930142.8090786
30
182.419885047913
70
32
0
VERTEX
5
696
100
AcDbEntity
8
Real Hole
62
1
420
16711680
100
AcDbVertex
100
AcDb3dPolylineVertex
10
748755.210049387
20
8930143.09932914
30
181.465175994873
70
32
0
VERTEX
5
697
100
AcDbEntity
8
Real Hole
62
1
420
16711680
100
AcDbVertex
100
AcDb3dPolylineVertex
10
748755.259943899
20
8930143.38028708
30
180.50675428772
70
32
0
VERTEX
5
698
100
AcDbEntity
8
Real Hole
62
1
420
16711680
100
AcDbVertex
100
AcDb3dPolylineVertex
10
748755.26357263
20
8930143.40997019
30
180.41132963562
70
32
0
SEQEND
5
699
100
AcDbEntity
8
Real Hole
0
POINT
5
69B
330
1A
100
AcDbEntity
67
0
8
Hole
62
244
420
659967
6
ByLayer
370
-1
48
1.0
60
0
100
AcDbPoint
10
748756.284001526
20
8930140.01099887
30
190.070000061035
39
0.0
210
0.0
220
0.0
230
1.0
50
360.0
0
LINE
5
69C
330
1A
100
AcDbEntity
67
0
8
Theoretical Hole
62
244
420
659967
6
ByLayer
370
-1
48
1.0
60
0
100
AcDbLine
10
748756.284001526
20
8930140.01099887
30
190.070000061035
11
748757.181332764
21
8930142.35106769
31
179.749957450867
39
0.0
210
0.0
220
0.0
230
1.0
0
TEXT
5
69D
330
1A
100
AcDbEntity
67
0
8
Number
62
244
420
659967
6
ByLayer
370
-1
48
1.0
60
0
100
AcDbText
1
861
10
748756.284001526
20
8930140.39199888
30
190.070000061035
40
0.3
41
1.0
50
0.0
51
0.0
7
Standard
11
748756.284001526
21
8930140.39199888
31
190.070000061035
210
0.0
220
0.0
230
1.0
72
0
100
AcDbText
73
0
0
TEXT
5
69E
330
1A
100
AcDbEntity
67
0
8
label
62
1
420
16711680
6
ByLayer
370
-1
48
1.0
60
0
100
AcDbText
1

10
748756.284001526
20
8930140.79199888
30
190.070000061035
40
0.3
41
1.0
50
0.0
51
0.0
7
Standard
11
748756.284001526
21
8930140.79199888
31
190.070000061035
210
0.0
220
0.0
230
1.0
72
0
100
AcDbText
73
0
0
TEXT
5
69F
330
1A
100
AcDbEntity
67
0
8
Length
62
244
420
659967
6
ByLayer
370
-1
48
1.0
60
0
100
AcDbText
1
10.62
10
748756.284001526
20
8930139.25699886
30
190.070000061035
40
0.3
41
1.0
50
0.0
51
0.0
7
Standard
11
748756.284001526
21
8930139.25699886
31
190.070000061035
210
0.0
220
0.0
230
1.0
72
0
100
AcDbText
73
0
0
POLYLINE
5
6AD
330
1A
100
AcDbEntity
67
0
8
Real Hole
62
1
420
16711680
6
ByLayer
370
-1
48
1.0
60
0
100
AcDb3dPolyline
10
0.0
20
0.0
30
0.0
70
8
75
0
210
0.0
220
0.0
230
1.0
0
VERTEX
5
6A0
100
AcDbEntity
8
Real Hole
62
1
420
16711680
100
AcDbVertex
100
AcDb3dPolylineVertex
10
748756.284001526
20
8930140.01099887
30
190.070000061035
70
32
0
VERTEX
5
6A1
100
AcDbEntity
8
Real Hole
62
1
420
16711680
100
AcDbVertex
100
AcDb3dPolylineVertex
10
748756.318489652
20
8930140.2518183
30
189.100043066978
70
32
0
VERTEX
5
6A2
100
AcDbEntity
8
Real Hole
62
1
420
16711680
100
AcDbVertex
100
AcDb3dPolylineVertex
10
748756.36738037
20
8930140.49582746
30
188.131503352165
70
32
0
VERTEX
5
6A3
100
AcDbEntity
8
Real Hole
62
1
420
16711680
100
AcDbVertex
100
AcDb3dPolylineVertex
10
748756.439910736
20
8930140.74760952
30
187.166441091537
70
32
0
VERTEX
5
6A4
100
AcDbEntity
8
Real Hole
62
1
420
16711680
100
AcDbVertex
100
AcDb3dPolylineVertex
10
748756.543365982
20
8930141.00073984
30
186.204556354523
70
32
0
VERTEX
5
6A5
100
AcDbEntity
8
Real Hole
62
1
420
16711680
100
AcDbVertex
100
AcDb3dPolylineVertex
10
748756.62734532
20
8930141.25797918
30
185.241864570618
70
32
0
VERTEX
5
6A6
100
AcDbEntity
8
Real Hole
62
1
420
16711680
100
AcDbVertex
100
AcDb3dPolylineVertex
10
748756.657384571
20
8930141.50621023
30
184.273629554749
70
32
0
VERTEX
5
6A7
100
AcDbEntity
8
Real Hole
62
1
420
16711680
100
AcDbVertex
100
AcDb3dPolylineVertex
10
748756.736008104
20
8930141.77232077
30
183.312899002075
70
32
0
VERTEX
5
6A8
100
AcDbEntity
8
Real Hole
62
1
420
16711680
100
AcDbVertex
100
AcDb3dPolylineVertex
10
748756.82308745
20
8930142.04160228
30
182.353782543182
70
32
0
VERTEX
5
6A9
100
AcDbEntity
8
Real Hole
62
1
420
16711680
100
AcDbVertex
100
AcDb3dPolylineVertex
10
748756.886662361
20
8930142.30825534
30
181.392089256287
70
32
0
VERTEX
5
6AA
100
AcDbEntity
8
Real Hole
62
1
420
16711680
100
AcDbVertex
100
AcDb3dPolylineVertex
10
748756.952094254
20
8930142.57324853
30
180.430060752869
70
32
0
VERTEX
5
6AB
100
AcDbEntity
8
Real Hole
62
1
420
16711680
100
AcDbVertex
100
AcDb3dPolylineVertex
10
748756.977785465
20
8930142.65227094
30
180.14179838562
70
32
0
SEQEND
5
6AC
100
AcDbEntity
8
Real Hole
0
POINT
5
6AE
330
1A
100
AcDbEntity
67
0
8
Hole
62
244
420
659967
6
ByLayer
370
-1
48
1.0
60
0
100
AcDbPoint
10
748757.517003235
20
8930139.71999851
30
190.080000051498
39
0.0
210
0.0
220
0.0
230
1.0
50
360.0
0
LINE
5
6AF
330
1A
100
AcDbEntity
67
0
8
Theoretical Hole
62
244
420
659967
6
ByLayer
370
-1
48
1.0
60
0
100
AcDbLine
10
748757.517003235
20
8930139.71999851
30
190.080000051498
11
748758.412884888
21
8930142.05627933
31
179.800136455536
39
0.0
210
0.0
220
0.0
230
1.0
0
TEXT
5
6B0
330
1A
100
AcDbEntity
67
0
8
Number
62
244
420
659967
6
ByLayer
370
-1
48
1.0
60
0
100
AcDbText
1
862
10
748757.517003235
20
8930140.10099852
30
190.080000051498
40
0.3
41
1.0
50
0.0
51
0.0
7
Standard
11
748757.517003235
21
8930140.10099852
31
190.080000051498
210
0.0
220
0.0
230
1.0
72
0
100
AcDbText
73
0
0
TEXT
5
6B1
330
1A
100
AcDbEntity
67
0
8
label
62
1
420
16711680
6
ByLayer
370
-1
48
1.0
60
0
100
AcDbText
1

10
748757.517003235
20
8930140.50099852
30
190.080000051498
40
0.3
41
1.0
50
0.0
51
0.0
7
Standard
11
748757.517003235
21
8930140.50099852
31
190.080000051498
210
0.0
220
0.0
230
1.0
72
0
100
AcDbText
73
0
0
TEXT
5
6B2
330
1A
100
AcDbEntity
67
0
8
Length
62
244
420
659967
6
ByLayer
370
-1
48
1.0
60
0
100
AcDbText
1
10.58
10
748757.517003235
20
8930138.9659985
30
190.080000051498
40
0.3
41
1.0
50
0.0
51
0.0
7
Standard
11
748757.517003235
21
8930138.9659985
31
190.080000051498
210
0.0
220
0.0
230
1.0
72
0
100
AcDbText
73
0
0
POLYLINE
5
6C0
330
1A
100
AcDbEntity
67
0
8
Real Hole
62
1
420
16711680
6
ByLayer
370
-1
48
1.0
60
0
100
AcDb3dPolyline
10
0.0
20
0.0
30
0.0
70
8
75
0
210
0.0
220
0.0
230
1.0
0
VERTEX
5
6B3
100
AcDbEntity
8
Real Hole
62
1
420
16711680
100
AcDbVertex
100
AcDb3dPolylineVertex
10
748757.517003235
20
8930139.71999851
30
190.080000051498
70
32
0
VERTEX
5
6B4
100
AcDbEntity
8
Real Hole
62
1
420
16711680
100
AcDbVertex
100
AcDb3dPolylineVertex
10
748757.514921286
20
8930139.96343533
30
189.110085555553
70
32
0
VERTEX
5
6B5
100
AcDbEntity
8
Real Hole
62
1
420
16711680
100
AcDbVertex
100
AcDb3dPolylineVertex
10
748757.542544492
20
8930140.23211541
30
188.147252210617
70
32
0
VERTEX
5
6B6
100
AcDbEntity
8
Real Hole
62
1
420
16711680
100
AcDbVertex
100
AcDb3dPolylineVertex
10
748757.580486525
20
8930140.51274058
30
187.18818510437
70
32
0
VERTEX
5
6B7
100
AcDbEntity
8
Real Hole
62
1
420
16711680
100
AcDbVertex
100
AcDb3dPolylineVertex
10
748757.614201691
20
8930140.798453
30
186.230462917328
70
32
0
VERTEX
5
6B8
100
AcDbEntity
8
Real Hole
62
1
420
16711680
100
AcDbVertex
100
AcDb3dPolylineVertex
10
748757.59408686
20
8930141.07906976
30
185.270853647232
70
32
0
VERTEX
5
6B9
100
AcDbEntity
8
Real Hole
62
1
420
16711680
100
AcDbVertex
100
AcDb3dPolylineVertex
10
748757.598097157
20
8930141.36272207
30
184.31193507576
70
32
0
VERTEX
5
6BA
100
AcDbEntity
8
Real Hole
62
1
420
16711680
100
AcDbVertex
100
AcDb3dPolylineVertex
10
748757.624622684
20
8930141.66409316
30
183.358797201157
70
32
0
VERTEX
5
6BB
100
AcDbEntity
8
Real Hole
62
1
420
16711680
100
AcDbVertex
100
AcDb3dPolylineVertex
10
748757.662603286
20
8930141.95533386
30
182.40290130043
70
32
0
VERTEX
5
6BC
100
AcDbEntity
8
Real Hole
62
1
420
16711680
100
AcDbVertex
100
AcDb3dPolylineVertex
10
748757.689102885
20
8930142.26571026
30
181.452656873703
70
32
0
VERTEX
5
6BD
100
AcDbEntity
8
Real Hole
62
1
420
16711680
100
AcDbVertex
100
AcDb3dPolylineVertex
10
748757.699721229
20
8930142.57919159
30
180.503122457504
70
32
0
VERTEX
5
6BE
100
AcDbEntity
8
Real Hole
62
1
420
16711680
100
AcDbVertex
100
AcDb3dPolylineVertex
10
748757.704679277
20
8930142.70210066
30
180.122506269455
70
32
0
SEQEND
5
6BF
100
AcDbEntity
8
Real Hole
0
POINT
5
6C1
330
1A
100
AcDbEntity
67
0
8
Hole
62
244
420
659967
6
ByLayer
370
-1
48
1.0
60
0
100
AcDbPoint
10
748758.832997498
20
8930138.9300014
30
190.007000097275
39
0.0
210
0.0
220
0.0
230
1.0
50
360.0
0
LINE
5
6C2
330
1A
100
AcDbEntity
67
0
8
Theoretical Hole
62
244
420
659967
6
ByLayer
370
-1
48
1.0
60
0
100
AcDbLine
10
748758.832997498
20
8930138.9300014
30
190.007000097275
11
748759.727589783
21
8930141.26292911
31
179.72626436615
39
0.0
210
0.0
220
0.0
230
1.0
0
TEXT
5
6C3
330
1A
100
AcDbEntity
67
0
8
Number
62
244
420
659967
6
ByLayer
370
-1
48
1.0
60
0
100
AcDbText
1
863
10
748758.832997498
20
8930139.31100142
30
190.007000097275
40
0.3
41
1.0
50
0.0
51
0.0
7
Standard
11
748758.832997498
21
8930139.31100142
31
190.007000097275
210
0.0
220
0.0
230
1.0
72
0
100
AcDbText
73
0
0
TEXT
5
6C4
330
1A
100
AcDbEntity
67
0
8
label
62
1
420
16711680
6
ByLayer
370
-1
48
1.0
60
0
100
AcDbText
1

10
748758.832997498
20
8930139.71100142
30
190.007000097275
40
0.3
41
1.0
50
0.0
51
0.0
7
Standard
11
748758.832997498
21
8930139.71100142
31
190.007000097275
210
0.0
220
0.0
230
1.0
72
0
100
AcDbText
73
0
0
TEXT
5
6C5
330
1A
100
AcDbEntity
67
0
8
Length
62
244
420
659967
6
ByLayer
370
-1
48
1.0
60
0
100
AcDbText
1
10.58
10
748758.832997498
20
8930138.1760014
30
190.007000097275
40
0.3
41
1.0
50
0.0
51
0.0
7
Standard
11
748758.832997498
21
8930138.1760014
31
190.007000097275
210
0.0
220
0.0
230
1.0
72
0
100
AcDbText
73
0
0
POLYLINE
5
6D3
330
1A
100
AcDbEntity
67
0
8
Real Hole
62
1
420
16711680
6
ByLayer
370
-1
48
1.0
60
0
100
AcDb3dPolyline
10
0.0
20
0.0
30
0.0
70
8
75
0
210
0.0
220
0.0
230
1.0
0
VERTEX
5
6C6
100
AcDbEntity
8
Real Hole
62
1
420
16711680
100
AcDbVertex
100
AcDb3dPolylineVertex
10
748758.832997498
20
8930138.9300014
30
190.007000097275
70
32
0
VERTEX
5
6C7
100
AcDbEntity
8
Real Hole
62
1
420
16711680
100
AcDbVertex
100
AcDb3dPolylineVertex
10
748758.995693472
20
8930139.14073336
30
189.043090292454
70
32
0
VERTEX
5
6C8
100
AcDbEntity
8
Real Hole
62
1
420
16711680
100
AcDbVertex
100
AcDb3dPolylineVertex
10
748759.127846446
20
8930139.35894385
30
188.076177844048
70
32
0
VERTEX
5
6C9
100
AcDbEntity
8
Real Hole
62
1
420
16711680
100
AcDbVertex
100
AcDb3dPolylineVertex
10
748759.240775016
20
8930139.58524564
30
187.108688959122
70
32
0
VERTEX
5
6CA
100
AcDbEntity
8
Real Hole
62
1
420
16711680
100
AcDbVertex
100
AcDb3dPolylineVertex
10
748759.363498863
20
8930139.79901412
30
186.139544137955
70
32
0
VERTEX
5
6CB
100
AcDbEntity
8
Real Hole
62
1
420
16711680
100
AcDbVertex
100
AcDb3dPolylineVertex
10
748759.525378581
20
8930140.02520874
30
185.179007181168
70
32
0
VERTEX
5
6CC
100
AcDbEntity
8
Real Hole
62
1
420
16711680
100
AcDbVertex
100
AcDb3dPolylineVertex
10
748759.658913967
20
8930140.26345816
30
184.21702731514
70
32
0
VERTEX
5
6CD
100
AcDbEntity
8
Real Hole
62
1
420
16711680
100
AcDbVertex
100
AcDb3dPolylineVertex
10
748759.791546461
20
8930140.49990323
30
183.254477151871
70
32
0
VERTEX
5
6CE
100
AcDbEntity
8
Real Hole
62
1
420
16711680
100
AcDbVertex
100
AcDb3dPolylineVertex
10
748759.937231001
20
8930140.75011387
30
182.297309526443
70
32
0
VERTEX
5
6CF
100
AcDbEntity
8
Real Hole
62
1
420
16711680
100
AcDbVertex
100
AcDb3dPolylineVertex
10
748760.114408311
20
8930140.98894444
30
181.342548498154
70
32
0
VERTEX
5
6D0
100
AcDbEntity
8
Real Hole
62
1
420
16711680
100
AcDbVertex
100
AcDb3dPolylineVertex
10
748760.30303162
20
8930141.23726645
30
180.392413267136
70
32
0
VERTEX
5
6D1
100
AcDbEntity
8
Real Hole
62
1
420
16711680
100
AcDbVertex
100
AcDb3dPolylineVertex
10
748760.434374031
20
8930141.4218103
30
179.730074056625
70
32
0
SEQEND
5
6D2
100
AcDbEntity
8
Real Hole
0
POINT
5
6D4
330
1A
100
AcDbEntity
67
0
8
Hole
62
244
420
659967
6
ByLayer
370
-1
48
1.0
60
0
100
AcDbPoint
10
748760.246998962
20
8930138.49400058
30
189.985999950409
39
0.0
210
0.0
220
0.0
230
1.0
50
360.0
0
LINE
5
6D5
330
1A
100
AcDbEntity
67
0
8
Theoretical Hole
62
244
420
659967
6
ByLayer
370
-1
48
1.0
60
0
100
AcDbLine
10
748760.246998962
20
8930138.49400058
30
189.985999950409
11
748761.140904602
21
8930140.82514301
31
179.673929580688
39
0.0
210
0.0
220
0.0
230
1.0
0
TEXT
5
6D6
330
1A
100
AcDbEntity
67
0
8
Number
62
244
420
659967
6
ByLayer
370
-1
48
1.0
60
0
100
AcDbText
1
864
10
748760.246998962
20
8930138.87500059
30
189.985999950409
40
0.3
41
1.0
50
0.0
51
0.0
7
Standard
11
748760.246998962
21
8930138.87500059
31
189.985999950409
210
0.0
220
0.0
230
1.0
72
0
100
AcDbText
73
0
0
TEXT
5
6D7
330
1A
100
AcDbEntity
67
0
8
label
62
1
420
16711680
6
ByLayer
370
-1
48
1.0
60
0
100
AcDbText
1

10
748760.246998962
20
8930139.27500059
30
189.985999950409
40
0.3
41
1.0
50
0.0
51
0.0
7
Standard
11
748760.246998962
21
8930139.27500059
31
189.985999950409
210
0.0
220
0.0
230
1.0
72
0
100
AcDbText
73
0
0
TEXT
5
6D8
330
1A
100
AcDbEntity
67
0
8
Length
62
244
420
659967
6
ByLayer
370
-1
48
1.0
60
0
100
AcDbText
1
10.61
10
748760.246998962
20
8930137.74000057
30
189.985999950409
40
0.3
41
1.0
50
0.0
51
0.0
7
Standard
11
748760.246998962
21
8930137.74000057
31
189.985999950409
210
0.0
220
0.0
230
1.0
72
0
100
AcDbText
73
0
0
POLYLINE
5
6E6
330
1A
100
AcDbEntity
67
0
8
Real Hole
62
1
420
16711680
6
ByLayer
370
-1
48
1.0
60
0
100
AcDb3dPolyline
10
0.0
20
0.0
30
0.0
70
8
75
0
210
0.0
220
0.0
230
1.0
0
VERTEX
5
6D9
100
AcDbEntity
8
Real Hole
62
1
420
16711680
100
AcDbVertex
100
AcDb3dPolylineVertex
10
748760.246998962
20
8930138.49400058
30
189.985999950409
70
32
0
VERTEX
5
6DA
100
AcDbEntity
8
Real Hole
62
1
420
16711680
100
AcDbVertex
100
AcDb3dPolylineVertex
10
748760.365807128
20
8930138.6685592
30
189.008547195435
70
32
0
VERTEX
5
6DB
100
AcDbEntity
8
Real Hole
62
1
420
16711680
100
AcDbVertex
100
AcDb3dPolylineVertex
10
748760.467048046
20
8930138.84327924
30
188.029147752762
70
32
0
VERTEX
5
6DC
100
AcDbEntity
8
Real Hole
62
1
420
16711680
100
AcDbVertex
100
AcDb3dPolylineVertex
10
748760.560140904
20
8930139.03147289
30
187.051437744141
70
32
0
VERTEX
5
6DD
100
AcDbEntity
8
Real Hole
62
1
420
16711680
100
AcDbVertex
100
AcDb3dPolylineVertex
10
748760.680989828
20
8930139.22562483
30
186.077938684464
70
32
0
VERTEX
5
6DE
100
AcDbEntity
8
Real Hole
62
1
420
16711680
100
AcDbVertex
100
AcDb3dPolylineVertex
10
748760.816327807
20
8930139.42122349
30
185.106637844086
70
32
0
VERTEX
5
6DF
100
AcDbEntity
8
Real Hole
62
1
420
16711680
100
AcDbVertex
100
AcDb3dPolylineVertex
10
748760.926809725
20
8930139.61089816
30
184.131026634216
70
32
0
VERTEX
5
6E0
100
AcDbEntity
8
Real Hole
62
1
420
16711680
100
AcDbVertex
100
AcDb3dPolylineVertex
10
748761.028168019
20
8930139.80233064
30
183.15476883316
70
32
0
VERTEX
5
6E1
100
AcDbEntity
8
Real Hole
62
1
420
16711680
100
AcDbVertex
100
AcDb3dPolylineVertex
10
748761.142557796
20
8930140.00835588
30
182.182930835724
70
32
0
VERTEX
5
6E2
100
AcDbEntity
8
Real Hole
62
1
420
16711680
100
AcDbVertex
100
AcDb3dPolylineVertex
10
748761.266728457
20
8930140.21991518
30
181.213485607147
70
32
0
VERTEX
5
6E3
100
AcDbEntity
8
Real Hole
62
1
420
16711680
100
AcDbVertex
100
AcDb3dPolylineVertex
10
748761.391974267
20
8930140.4282768
30
180.243486293793
70
32
0
VERTEX
5
6E4
100
AcDbEntity
8
Real Hole
62
1
420
16711680
100
AcDbVertex
100
AcDb3dPolylineVertex
10
748761.459593948
20
8930140.52959147
30
179.758550533295
70
32
0
SEQEND
5
6E5
100
AcDbEntity
8
Real Hole
0
POINT
5
6E7
330
1A
100
AcDbEntity
67
0
8
Hole
62
244
420
659967
6
ByLayer
370
-1
48
1.0
60
0
100
AcDbPoint
10
748761.097996887
20
8930138.39600101
30
189.916999944687
39
0.0
210
0.0
220
0.0
230
1.0
50
360.0
0
LINE
5
6E8
330
1A
100
AcDbEntity
67
0
8
Theoretical Hole
62
244
420
659967
6
ByLayer
370
-1
48
1.0
60
0
100
AcDbLine
10
748761.097996887
20
8930138.39600101
30
189.916999944687
11
748761.990018066
21
8930140.72221866
31
179.531654724121
39
0.0
210
0.0
220
0.0
230
1.0
0
TEXT
5
6E9
330
1A
100
AcDbEntity
67
0
8
Number
62
244
420
659967
6
ByLayer
370
-1
48
1.0
60
0
100
AcDbText
1
865
10
748761.097996887
20
8930138.77700102
30
189.916999944687
40
0.3
41
1.0
50
0.0
51
0.0
7
Standard
11
748761.097996887
21
8930138.77700102
31
189.916999944687
210
0.0
220
0.0
230
1.0
72
0
100
AcDbText
73
0
0
TEXT
5
6EA
330
1A
100
AcDbEntity
67
0
8
label
62
1
420
16711680
6
ByLayer
370
-1
48
1.0
60
0
100
AcDbText
1

10
748761.097996887
20
8930139.17700102
30
189.916999944687
40
0.3
41
1.0
50
0.0
51
0.0
7
Standard
11
748761.097996887
21
8930139.17700102
31
189.916999944687
210
0.0
220
0.0
230
1.0
72
0
100
AcDbText
73
0
0
TEXT
5
6EB
330
1A
100
AcDbEntity
67
0
8
Length
62
244
420
659967
6
ByLayer
370
-1
48
1.0
60
0
100
AcDbText
1
10.68
10
748761.097996887
20
8930137.642001
30
189.916999944687
40
0.3
41
1.0
50
0.0
51
0.0
7
Standard
11
748761.097996887
21
8930137.642001
31
189.916999944687
210
0.0
220
0.0
230
1.0
72
0
100
AcDbText
73
0
0
POLYLINE
5
6F9
330
1A
100
AcDbEntity
67
0
8
Real Hole
62
1
420
16711680
6
ByLayer
370
-1
48
1.0
60
0
100
AcDb3dPolyline
10
0.0
20
0.0
30
0.0
70
8
75
0
210
0.0
220
0.0
230
1.0
0
VERTEX
5
6EC
100
AcDbEntity
8
Real Hole
62
1
420
16711680
100
AcDbVertex
100
AcDb3dPolylineVertex
10
748761.097996887
20
8930138.39600101
30
189.916999944687
70
32
0
VERTEX
5
6ED
100
AcDbEntity
8
Real Hole
62
1
420
16711680
100
AcDbVertex
100
AcDb3dPolylineVertex
10
748761.181816105
20
8930138.63283054
30
188.949071177483
70
32
0
VERTEX
5
6EE
100
AcDbEntity
8
Real Hole
62
1
420
16711680
100
AcDbVertex
100
AcDb3dPolylineVertex
10
748761.266704735
20
8930138.86442381
30
187.97996927166
70
32
0
VERTEX
5
6EF
100
AcDbEntity
8
Real Hole
62
1
420
16711680
100
AcDbVertex
100
AcDb3dPolylineVertex
10
748761.351876464
20
8930139.08723309
30
187.00883496666
70
32
0
VERTEX
5
6F0
100
AcDbEntity
8
Real Hole
62
1
420
16711680
100
AcDbVertex
100
AcDb3dPolylineVertex
10
748761.42315441
20
8930139.28054431
30
186.030290016174
70
32
0
VERTEX
5
6F1
100
AcDbEntity
8
Real Hole
62
1
420
16711680
100
AcDbVertex
100
AcDb3dPolylineVertex
10
748761.524548259
20
8930139.49739101
30
185.05936444664
70
32
0
VERTEX
5
6F2
100
AcDbEntity
8
Real Hole
62
1
420
16711680
100
AcDbVertex
100
AcDb3dPolylineVertex
10
748761.608536002
20
8930139.72119251
30
184.088355192184
70
32
0
VERTEX
5
6F3
100
AcDbEntity
8
Real Hole
62
1
420
16711680
100
AcDbVertex
100
AcDb3dPolylineVertex
10
748761.691145417
20
8930139.93935111
30
183.115944513321
70
32
0
VERTEX
5
6F4
100
AcDbEntity
8
Real Hole
62
1
420
16711680
100
AcDbVertex
100
AcDb3dPolylineVertex
10
748761.799382981
20
8930140.16325131
30
182.147361406326
70
32
0
VERTEX
5
6F5
100
AcDbEntity
8
Real Hole
62
1
420
16711680
100
AcDbVertex
100
AcDb3dPolylineVertex
10
748761.920870897
20
8930140.38719061
30
181.180359968185
70
32
0
VERTEX
5
6F6
100
AcDbEntity
8
Real Hole
62
1
420
16711680
100
AcDbVertex
100
AcDb3dPolylineVertex
10
748762.05952644
20
8930140.6346766
30
180.221441396713
70
32
0
VERTEX
5
6F7
100
AcDbEntity
8
Real Hole
62
1
420
16711680
100
AcDbVertex
100
AcDb3dPolylineVertex
10
748762.148169216
20
8930140.79173579
30
179.54507172966
70
32
0
SEQEND
5
6F8
100
AcDbEntity
8
Real Hole
0
POINT
5
6FA
330
1A
100
AcDbEntity
67
0
8
Hole
62
244
420
659967
6
ByLayer
370
-1
48
1.0
60
0
100
AcDbPoint
10
748763.120000061
20
8930137.32999912
30
190.330000051498
39
0.0
210
0.0
220
0.0
230
1.0
50
360.0
0
LINE
5
6FB
330
1A
100
AcDbEntity
67
0
8
Theoretical Hole
62
244
420
659967
6
ByLayer
370
-1
48
1.0
60
0
100
AcDbLine
10
748763.120000061
20
8930137.32999912
30
190.330000051498
11
748764.00332373
21
8930139.65170779
31
179.829833873749
39
0.0
210
0.0
220
0.0
230
1.0
0
TEXT
5
6FC
330
1A
100
AcDbEntity
67
0
8
Number
62
244
420
659967
6
ByLayer
370
-1
48
1.0
60
0
100
AcDbText
1
866
10
748763.120000061
20
8930137.71099913
30
190.330000051498
40
0.3
41
1.0
50
0.0
51
0.0
7
Standard
11
748763.120000061
21
8930137.71099913
31
190.330000051498
210
0.0
220
0.0
230
1.0
72
0
100
AcDbText
73
0
0
TEXT
5
6FD
330
1A
100
AcDbEntity
67
0
8
label
62
1
420
16711680
6
ByLayer
370
-1
48
1.0
60
0
100
AcDbText
1

10
748763.120000061
20
8930138.11099913
30
190.330000051498
40
0.3
41
1.0
50
0.0
51
0.0
7
Standard
11
748763.120000061
21
8930138.11099913
31
190.330000051498
210
0.0
220
0.0
230
1.0
72
0
100
AcDbText
73
0
0
TEXT
5
6FE
330
1A
100
AcDbEntity
67
0
8
Length
62
244
420
659967
6
ByLayer
370
-1
48
1.0
60
0
100
AcDbText
1
10.79
10
748763.120000061
20
8930136.57599911
30
190.330000051498
40
0.3
41
1.0
50
0.0
51
0.0
7
Standard
11
748763.120000061
21
8930136.57599911
31
190.330000051498
210
0.0
220
0.0
230
1.0
72
0
100
AcDbText
73
0
0
POLYLINE
5
70C
330
1A
100
AcDbEntity
67
0
8
Real Hole
62
1
420
16711680
6
ByLayer
370
-1
48
1.0
60
0
100
AcDb3dPolyline
10
0.0
20
0.0
30
0.0
70
8
75
0
210
0.0
220
0.0
230
1.0
0
VERTEX
5
6FF
100
AcDbEntity
8
Real Hole
62
1
420
16711680
100
AcDbVertex
100
AcDb3dPolylineVertex
10
748763.120000061
20
8930137.32999912
30
190.330000051498
70
32
0
VERTEX
5
700
100
AcDbEntity
8
Real Hole
62
1
420
16711680
100
AcDbVertex
100
AcDb3dPolylineVertex
10
748763.175673835
20
8930137.56699332
30
189.360085555553
70
32
0
VERTEX
5
701
100
AcDbEntity
8
Real Hole
62
1
420
16711680
100
AcDbVertex
100
AcDb3dPolylineVertex
10
748763.227892544
20
8930137.79121256
30
188.386946805954
70
32
0
VERTEX
5
702
100
AcDbEntity
8
Real Hole
62
1
420
16711680
100
AcDbVertex
100
AcDb3dPolylineVertex
10
748763.285882529
20
8930138.02712771
30
187.416905054092
70
32
0
VERTEX
5
703
100
AcDbEntity
8
Real Hole
62
1
420
16711680
100
AcDbVertex
100
AcDb3dPolylineVertex
10
748763.339615908
20
8930138.26890418
30
186.448061832428
70
32
0
VERTEX
5
704
100
AcDbEntity
8
Real Hole
62
1
420
16711680
100
AcDbVertex
100
AcDb3dPolylineVertex
10
748763.423479941
20
8930138.50625541
30
185.480264791489
70
32
0
VERTEX
5
705
100
AcDbEntity
8
Real Hole
62
1
420
16711680
100
AcDbVertex
100
AcDb3dPolylineVertex
10
748763.500648853
20
8930138.76544383
30
184.517525800705
70
32
0
VERTEX
5
706
100
AcDbEntity
8
Real Hole
62
1
420
16711680
100
AcDbVertex
100
AcDb3dPolylineVertex
10
748763.553582486
20
8930138.98407831
30
183.543155797958
70
32
0
VERTEX
5
707
100
AcDbEntity
8
Real Hole
62
1
420
16711680
100
AcDbVertex
100
AcDb3dPolylineVertex
10
748763.62089872
20
8930139.23922041
30
182.578598150253
70
32
0
VERTEX
5
708
100
AcDbEntity
8
Real Hole
62
1
420
16711680
100
AcDbVertex
100
AcDb3dPolylineVertex
10
748763.684654232
20
8930139.46942749
30
181.607547887802
70
32
0
VERTEX
5
709
100
AcDbEntity
8
Real Hole
62
1
420
16711680
100
AcDbVertex
100
AcDb3dPolylineVertex
10
748763.776263293
20
8930139.71059003
30
180.64139569664
70
32
0
VERTEX
5
70A
100
AcDbEntity
8
Real Hole
62
1
420
16711680
100
AcDbVertex
100
AcDb3dPolylineVertex
10
748763.842656132
20
8930139.9166378
30
179.871242650986
70
32
0
SEQEND
5
70B
100
AcDbEntity
8
Real Hole
0
POINT
5
70D
330
1A
100
AcDbEntity
67
0
8
Hole
62
244
420
659967
6
ByLayer
370
-1
48
1.0
60
0
100
AcDbPoint
10
748764.534001526
20
8930137.09600177
30
190.725000032425
39
0.0
210
0.0
220
0.0
230
1.0
50
360.0
0
LINE
5
70E
330
1A
100
AcDbEntity
67
0
8
Theoretical Hole
62
244
420
659967
6
ByLayer
370
-1
48
1.0
60
0
100
AcDbLine
10
748764.534001526
20
8930137.09600177
30
190.725000032425
11
748765.367032227
21
8930139.42001453
31
180.056937583923
39
0.0
210
0.0
220
0.0
230
1.0
0
TEXT
5
70F
330
1A
100
AcDbEntity
67
0
8
Number
62
244
420
659967
6
ByLayer
370
-1
48
1.0
60
0
100
AcDbText
1
867
10
748764.534001526
20
8930137.47700178
30
190.725000032425
40
0.3
41
1.0
50
0.0
51
0.0
7
Standard
11
748764.534001526
21
8930137.47700178
31
190.725000032425
210
0.0
220
0.0
230
1.0
72
0
100
AcDbText
73
0
0
TEXT
5
710
330
1A
100
AcDbEntity
67
0
8
label
62
1
420
16711680
6
ByLayer
370
-1
48
1.0
60
0
100
AcDbText
1

10
748764.534001526
20
8930137.87700178
30
190.725000032425
40
0.3
41
1.0
50
0.0
51
0.0
7
Standard
11
748764.534001526
21
8930137.87700178
31
190.725000032425
210
0.0
220
0.0
230
1.0
72
0
100
AcDbText
73
0
0
TEXT
5
711
330
1A
100
AcDbEntity
67
0
8
Length
62
244
420
659967
6
ByLayer
370
-1
48
1.0
60
0
100
AcDbText
1
10.95
10
748764.534001526
20
8930136.34200176
30
190.725000032425
40
0.3
41
1.0
50
0.0
51
0.0
7
Standard
11
748764.534001526
21
8930136.34200176
31
190.725000032425
210
0.0
220
0.0
230
1.0
72
0
100
AcDbText
73
0
0
POLYLINE
5
71F
330
1A
100
AcDbEntity
67
0
8
Real Hole
62
1
420
16711680
6
ByLayer
370
-1
48
1.0
60
0
100
AcDb3dPolyline
10
0.0
20
0.0
30
0.0
70
8
75
0
210
0.0
220
0.0
230
1.0
0
VERTEX
5
712
100
AcDbEntity
8
Real Hole
62
1
420
16711680
100
AcDbVertex
100
AcDb3dPolylineVertex
10
748764.534001526
20
8930137.09600177
30
190.725000032425
70
32
0
VERTEX
5
713
100
AcDbEntity
8
Real Hole
62
1
420
16711680
100
AcDbVertex
100
AcDb3dPolylineVertex
10
748764.585716196
20
8930137.30862765
30
189.749235817432
70
32
0
VERTEX
5
714
100
AcDbEntity
8
Real Hole
62
1
420
16711680
100
AcDbVertex
100
AcDb3dPolylineVertex
10
748764.627075423
20
8930137.51029276
30
188.770654925346
70
32
0
VERTEX
5
715
100
AcDbEntity
8
Real Hole
62
1
420
16711680
100
AcDbVertex
100
AcDb3dPolylineVertex
10
748764.684525665
20
8930137.69350466
30
187.789261468887
70
32
0
VERTEX
5
716
100
AcDbEntity
8
Real Hole
62
1
420
16711680
100
AcDbVertex
100
AcDb3dPolylineVertex
10
748764.74472664
20
8930137.8788943
30
186.808442243576
70
32
0
VERTEX
5
717
100
AcDbEntity
8
Real Hole
62
1
420
16711680
100
AcDbVertex
100
AcDb3dPolylineVertex
10
748764.830108371
20
8930138.07238915
30
185.831063398361
70
32
0
VERTEX
5
718
100
AcDbEntity
8
Real Hole
62
1
420
16711680
100
AcDbVertex
100
AcDb3dPolylineVertex
10
748764.91761091
20
8930138.29027822
30
184.859020360947
70
32
0
VERTEX
5
719
100
AcDbEntity
8
Real Hole
62
1
420
16711680
100
AcDbVertex
100
AcDb3dPolylineVertex
10
748764.976077523
20
8930138.4981406
30
183.882610925674
70
32
0
VERTEX
5
71A
100
AcDbEntity
8
Real Hole
62
1
420
16711680
100
AcDbVertex
100
AcDb3dPolylineVertex
10
748765.011052367
20
8930138.6883296
30
182.901486524582
70
32
0
VERTEX
5
71B
100
AcDbEntity
8
Real Hole
62
1
420
16711680
100
AcDbVertex
100
AcDb3dPolylineVertex
10
748765.068307277
20
8930138.88161888
30
181.922016748428
70
32
0
VERTEX
5
71C
100
AcDbEntity
8
Real Hole
62
1
420
16711680
100
AcDbVertex
100
AcDb3dPolylineVertex
10
748765.164004561
20
8930139.07878723
30
180.946328767776
70
32
0
VERTEX
5
71D
100
AcDbEntity
8
Real Hole
62
1
420
16711680
100
AcDbVertex
100
AcDb3dPolylineVertex
10
748765.237488743
20
8930139.25454297
30
180.066721567154
70
32
0
SEQEND
5
71E
100
AcDbEntity
8
Real Hole
0
POINT
5
720
330
1A
100
AcDbEntity
67
0
8
Hole
62
244
420
659967
6
ByLayer
370
-1
48
1.0
60
0
100
AcDbPoint
10
748765.981999573
20
8930136.56599918
30
190.751000055313
39
0.0
210
0.0
220
0.0
230
1.0
50
360.0
0
LINE
5
721
330
1A
100
AcDbEntity
67
0
8
Theoretical Hole
62
244
420
659967
6
ByLayer
370
-1
48
1.0
60
0
100
AcDbLine
10
748765.981999573
20
8930136.56599918
30
190.751000055313
11
748766.460278686
21
8930139.07561221
31
179.918178924561
39
0.0
210
0.0
220
0.0
230
1.0
0
TEXT
5
722
330
1A
100
AcDbEntity
67
0
8
Number
62
244
420
659967
6
ByLayer
370
-1
48
1.0
60
0
100
AcDbText
1
868
10
748765.981999573
20
8930136.94699919
30
190.751000055313
40
0.3
41
1.0
50
0.0
51
0.0
7
Standard
11
748765.981999573
21
8930136.94699919
31
190.751000055313
210
0.0
220
0.0
230
1.0
72
0
100
AcDbText
73
0
0
TEXT
5
723
330
1A
100
AcDbEntity
67
0
8
label
62
1
420
16711680
6
ByLayer
370
-1
48
1.0
60
0
100
AcDbText
1

10
748765.981999573
20
8930137.34699919
30
190.751000055313
40
0.3
41
1.0
50
0.0
51
0.0
7
Standard
11
748765.981999573
21
8930137.34699919
31
190.751000055313
210
0.0
220
0.0
230
1.0
72
0
100
AcDbText
73
0
0
TEXT
5
724
330
1A
100
AcDbEntity
67
0
8
Length
62
244
420
659967
6
ByLayer
370
-1
48
1.0
60
0
100
AcDbText
1
11.13
10
748765.981999573
20
8930135.81199917
30
190.751000055313
40
0.3
41
1.0
50
0.0
51
0.0
7
Standard
11
748765.981999573
21
8930135.81199917
31
190.751000055313
210
0.0
220
0.0
230
1.0
72
0
100
AcDbText
73
0
0
POLYLINE
5
732
330
1A
100
AcDbEntity
67
0
8
Real Hole
62
1
420
16711680
6
ByLayer
370
-1
48
1.0
60
0
100
AcDb3dPolyline
10
0.0
20
0.0
30
0.0
70
8
75
0
210
0.0
220
0.0
230
1.0
0
VERTEX
5
725
100
AcDbEntity
8
Real Hole
62
1
420
16711680
100
AcDbVertex
100
AcDb3dPolylineVertex
10
748765.981999573
20
8930136.56599918
30
190.751000055313
70
32
0
VERTEX
5
726
100
AcDbEntity
8
Real Hole
62
1
420
16711680
100
AcDbVertex
100
AcDb3dPolylineVertex
10
748766.084094439
20
8930136.78756174
30
189.781213113308
70
32
0
VERTEX
5
727
100
AcDbEntity
8
Real Hole
62
1
420
16711680
100
AcDbVertex
100
AcDb3dPolylineVertex
10
748766.167811837
20
8930137.0237104
30
188.813109168053
70
32
0
VERTEX
5
728
100
AcDbEntity
8
Real Hole
62
1
420
16711680
100
AcDbVertex
100
AcDb3dPolylineVertex
10
748766.226741996
20
8930137.26618716
30
187.844743379593
70
32
0
VERTEX
5
729
100
AcDbEntity
8
Real Hole
62
1
420
16711680
100
AcDbVertex
100
AcDb3dPolylineVertex
10
748766.304328647
20
8930137.50175258
30
186.875986942291
70
32
0
VERTEX
5
72A
100
AcDbEntity
8
Real Hole
62
1
420
16711680
100
AcDbVertex
100
AcDb3dPolylineVertex
10
748766.41380572
20
8930137.73999181
30
185.910970338821
70
32
0
VERTEX
5
72B
100
AcDbEntity
8
Real Hole
62
1
420
16711680
100
AcDbVertex
100
AcDb3dPolylineVertex
10
748766.508892831
20
8930137.97617092
30
184.943924554825
70
32
0
VERTEX
5
72C
100
AcDbEntity
8
Real Hole
62
1
420
16711680
100
AcDbVertex
100
AcDb3dPolylineVertex
10
748766.59809452
20
8930138.20686295
30
183.974994787216
70
32
0
VERTEX
5
72D
100
AcDbEntity
8
Real Hole
62
1
420
16711680
100
AcDbVertex
100
AcDb3dPolylineVertex
10
748766.694962737
20
8930138.43039098
30
183.005122789383
70
32
0
VERTEX
5
72E
100
AcDbEntity
8
Real Hole
62
1
420
16711680
100
AcDbVertex
100
AcDb3dPolylineVertex
10
748766.822228846
20
8930138.65904322
30
182.03996909523
70
32
0
VERTEX
5
72F
100
AcDbEntity
8
Real Hole
62
1
420
16711680
100
AcDbVertex
100
AcDb3dPolylineVertex
10
748766.926664766
20
8930138.88641658
30
181.07177794838
70
32
0
VERTEX
5
730
100
AcDbEntity
8
Real Hole
62
1
420
16711680
100
AcDbVertex
100
AcDb3dPolylineVertex
10
748767.01804417
20
8930139.10561815
30
180.20367587471
70
32
0
SEQEND
5
731
100
AcDbEntity
8
Real Hole
0
POINT
5
733
330
1A
100
AcDbEntity
67
0
8
Hole
62
244
420
659967
6
ByLayer
370
-1
48
1.0
60
0
100
AcDbPoint
10
748767.632001099
20
8930136.83599963
30
190.497000106812
39
0.0
210
0.0
220
0.0
230
1.0
50
360.0
0
LINE
5
734
330
1A
100
AcDbEntity
67
0
8
Theoretical Hole
62
244
420
659967
6
ByLayer
370
-1
48
1.0
60
0
100
AcDbLine
10
748767.632001099
20
8930136.83599963
30
190.497000106812
11
748767.452367004
21
8930139.37933841
31
179.78629101181
39
0.0
210
0.0
220
0.0
230
1.0
0
TEXT
5
735
330
1A
100
AcDbEntity
67
0
8
Number
62
244
420
659967
6
ByLayer
370
-1
48
1.0
60
0
100
AcDbText
1
869
10
748767.632001099
20
8930137.21699965
30
190.497000106812
40
0.3
41
1.0
50
0.0
51
0.0
7
Standard
11
748767.632001099
21
8930137.21699965
31
190.497000106812
210
0.0
220
0.0
230
1.0
72
0
100
AcDbText
73
0
0
TEXT
5
736
330
1A
100
AcDbEntity
67
0
8
label
62
1
420
16711680
6
ByLayer
370
-1
48
1.0
60
0
100
AcDbText
1

10
748767.632001099
20
8930137.61699965
30
190.497000106812
40
0.3
41
1.0
50
0.0
51
0.0
7
Standard
11
748767.632001099
21
8930137.61699965
31
190.497000106812
210
0.0
220
0.0
230
1.0
72
0
100
AcDbText
73
0
0
TEXT
5
737
330
1A
100
AcDbEntity
67
0
8
Length
62
244
420
659967
6
ByLayer
370
-1
48
1.0
60
0
100
AcDbText
1
11.01
10
748767.632001099
20
8930136.08199963
30
190.497000106812
40
0.3
41
1.0
50
0.0
51
0.0
7
Standard
11
748767.632001099
21
8930136.08199963
31
190.497000106812
210
0.0
220
0.0
230
1.0
72
0
100
AcDbText
73
0
0
POLYLINE
5
745
330
1A
100
AcDbEntity
67
0
8
Real Hole
62
1
420
16711680
6
ByLayer
370
-1
48
1.0
60
0
100
AcDb3dPolyline
10
0.0
20
0.0
30
0.0
70
8
75
0
210
0.0
220
0.0
230
1.0
0
VERTEX
5
738
100
AcDbEntity
8
Real Hole
62
1
420
16711680
100
AcDbVertex
100
AcDb3dPolylineVertex
10
748767.632001099
20
8930136.83599963
30
190.497000106812
70
32
0
VERTEX
5
739
100
AcDbEntity
8
Real Hole
62
1
420
16711680
100
AcDbVertex
100
AcDb3dPolylineVertex
10
748767.698322725
20
8930137.1078557
30
189.536950239182
70
32
0
VERTEX
5
73A
100
AcDbEntity
8
Real Hole
62
1
420
16711680
100
AcDbVertex
100
AcDb3dPolylineVertex
10
748767.752401445
20
8930137.36922165
30
188.573226579666
70
32
0
VERTEX
5
73B
100
AcDbEntity
8
Real Hole
62
1
420
16711680
100
AcDbVertex
100
AcDb3dPolylineVertex
10
748767.798866865
20
8930137.66193148
30
187.618154891968
70
32
0
VERTEX
5
73C
100
AcDbEntity
8
Real Hole
62
1
420
16711680
100
AcDbVertex
100
AcDb3dPolylineVertex
10
748767.83550733
20
8930137.94559779
30
186.659932025909
70
32
0
VERTEX
5
73D
100
AcDbEntity
8
Real Hole
62
1
420
16711680
100
AcDbVertex
100
AcDb3dPolylineVertex
10
748767.892040547
20
8930138.23006883
30
185.702916034698
70
32
0
VERTEX
5
73E
100
AcDbEntity
8
Real Hole
62
1
420
16711680
100
AcDbVertex
100
AcDb3dPolylineVertex
10
748767.92661291
20
8930138.51534214
30
184.745093235016
70
32
0
VERTEX
5
73F
100
AcDbEntity
8
Real Hole
62
1
420
16711680
100
AcDbVertex
100
AcDb3dPolylineVertex
10
748767.954904642
20
8930138.79928997
30
183.786671051025
70
32
0
VERTEX
5
740
100
AcDbEntity
8
Real Hole
62
1
420
16711680
100
AcDbVertex
100
AcDb3dPolylineVertex
10
748767.985634771
20
8930139.07675209
30
182.826425918579
70
32
0
VERTEX
5
741
100
AcDbEntity
8
Real Hole
62
1
420
16711680
100
AcDbVertex
100
AcDb3dPolylineVertex
10
748768.023076561
20
8930139.34797135
30
181.864636787415
70
32
0
VERTEX
5
742
100
AcDbEntity
8
Real Hole
62
1
420
16711680
100
AcDbVertex
100
AcDb3dPolylineVertex
10
748768.069050666
20
8930139.63467684
30
180.907721885681
70
32
0
VERTEX
5
743
100
AcDbEntity
8
Real Hole
62
1
420
16711680
100
AcDbVertex
100
AcDb3dPolylineVertex
10
748768.119181689
20
8930139.88240614
30
180.043940910339
70
32
0
SEQEND
5
744
100
AcDbEntity
8
Real Hole
0
POINT
5
746
330
1A
100
AcDbEntity
67
0
8
Hole
62
244
420
659967
6
ByLayer
370
-1
48
1.0
60
0
100
AcDbPoint
10
748768.961003479
20
8930137.13900104
30
190.281000026703
39
0.0
210
0.0
220
0.0
230
1.0
50
360.0
0
LINE
5
747
330
1A
100
AcDbEntity
67
0
8
Theoretical Hole
62
244
420
659967
6
ByLayer
370
-1
48
1.0
60
0
100
AcDbLine
10
748768.961003479
20
8930137.13900104
30
190.281000026703
11
748768.347218689
21
8930139.64922824
31
179.712346920013
39
0.0
210
0.0
220
0.0
230
1.0
0
TEXT
5
748
330
1A
100
AcDbEntity
67
0
8
Number
62
244
420
659967
6
ByLayer
370
-1
48
1.0
60
0
100
AcDbText
1
870
10
748768.961003479
20
8930137.52000105
30
190.281000026703
40
0.3
41
1.0
50
0.0
51
0.0
7
Standard
11
748768.961003479
21
8930137.52000105
31
190.281000026703
210
0.0
220
0.0
230
1.0
72
0
100
AcDbText
73
0
0
TEXT
5
749
330
1A
100
AcDbEntity
67
0
8
label
62
1
420
16711680
6
ByLayer
370
-1
48
1.0
60
0
100
AcDbText
1

10
748768.961003479
20
8930137.92000105
30
190.281000026703
40
0.3
41
1.0
50
0.0
51
0.0
7
Standard
11
748768.961003479
21
8930137.92000105
31
190.281000026703
210
0.0
220
0.0
230
1.0
72
0
100
AcDbText
73
0
0
TEXT
5
74A
330
1A
100
AcDbEntity
67
0
8
Length
62
244
420
659967
6
ByLayer
370
-1
48
1.0
60
0
100
AcDbText
1
10.88
10
748768.961003479
20
8930136.38500103
30
190.281000026703
40
0.3
41
1.0
50
0.0
51
0.0
7
Standard
11
748768.961003479
21
8930136.38500103
31
190.281000026703
210
0.0
220
0.0
230
1.0
72
0
100
AcDbText
73
0
0
POLYLINE
5
758
330
1A
100
AcDbEntity
67
0
8
Real Hole
62
1
420
16711680
6
ByLayer
370
-1
48
1.0
60
0
100
AcDb3dPolyline
10
0.0
20
0.0
30
0.0
70
8
75
0
210
0.0
220
0.0
230
1.0
0
VERTEX
5
74B
100
AcDbEntity
8
Real Hole
62
1
420
16711680
100
AcDbVertex
100
AcDb3dPolylineVertex
10
748768.961003479
20
8930137.13900104
30
190.281000026703
70
32
0
VERTEX
5
74C
100
AcDbEntity
8
Real Hole
62
1
420
16711680
100
AcDbVertex
100
AcDb3dPolylineVertex
10
748768.93787157
20
8930137.3091934
30
189.295860716343
70
32
0
VERTEX
5
74D
100
AcDbEntity
8
Real Hole
62
1
420
16711680
100
AcDbVertex
100
AcDb3dPolylineVertex
10
748768.892417703
20
8930137.46929049
30
188.309806474686
70
32
0
VERTEX
5
74E
100
AcDbEntity
8
Real Hole
62
1
420
16711680
100
AcDbVertex
100
AcDb3dPolylineVertex
10
748768.860897769
20
8930137.62533083
30
187.322558769226
70
32
0
VERTEX
5
74F
100
AcDbEntity
8
Real Hole
62
1
420
16711680
100
AcDbVertex
100
AcDb3dPolylineVertex
10
748768.846155238
20
8930137.79282859
30
186.336796649933
70
32
0
VERTEX
5
750
100
AcDbEntity
8
Real Hole
62
1
420
16711680
100
AcDbVertex
100
AcDb3dPolylineVertex
10
748768.840036068
20
8930137.97925225
30
185.354346164703
70
32
0
VERTEX
5
751
100
AcDbEntity
8
Real Hole
62
1
420
16711680
100
AcDbVertex
100
AcDb3dPolylineVertex
10
748768.809656587
20
8930138.14725294
30
184.369027503967
70
32
0
VERTEX
5
752
100
AcDbEntity
8
Real Hole
62
1
420
16711680
100
AcDbVertex
100
AcDb3dPolylineVertex
10
748768.778312307
20
8930138.3149015
30
183.383679279327
70
32
0
VERTEX
5
753
100
AcDbEntity
8
Real Hole
62
1
420
16711680
100
AcDbVertex
100
AcDb3dPolylineVertex
10
748768.764770385
20
8930138.46486202
30
182.395079978943
70
32
0
VERTEX
5
754
100
AcDbEntity
8
Real Hole
62
1
420
16711680
100
AcDbVertex
100
AcDb3dPolylineVertex
10
748768.755161327
20
8930138.62756005
30
181.408450969696
70
32
0
VERTEX
5
755
100
AcDbEntity
8
Real Hole
62
1
420
16711680
100
AcDbVertex
100
AcDb3dPolylineVertex
10
748768.762639087
20
8930138.77120366
30
180.418849834442
70
32
0
VERTEX
5
756
100
AcDbEntity
8
Real Hole
62
1
420
16711680
100
AcDbVertex
100
AcDb3dPolylineVertex
10
748768.76360434
20
8930138.80030062
30
180.220979579926
70
32
0
SEQEND
5
757
100
AcDbEntity
8
Real Hole
0
POINT
5
759
330
1A
100
AcDbEntity
67
0
8
Hole
62
244
420
659967
6
ByLayer
370
-1
48
1.0
60
0
100
AcDbPoint
10
748770.43099707
20
8930137.44300189
30
190.225000032425
39
0.0
210
0.0
220
0.0
230
1.0
50
360.0
0
LINE
5
75A
330
1A
100
AcDbEntity
67
0
8
Theoretical Hole
62
244
420
659967
6
ByLayer
370
-1
48
1.0
60
0
100
AcDbLine
10
748770.43099707
20
8930137.44300189
30
190.225000032425
11
748769.260861572
21
8930139.73555866
31
179.777389415741
39
0.0
210
0.0
220
0.0
230
1.0
0
TEXT
5
75B
330
1A
100
AcDbEntity
67
0
8
Number
62
244
420
659967
6
ByLayer
370
-1
48
1.0
60
0
100
AcDbText
1
871
10
748770.43099707
20
8930137.8240019
30
190.225000032425
40
0.3
41
1.0
50
0.0
51
0.0
7
Standard
11
748770.43099707
21
8930137.8240019
31
190.225000032425
210
0.0
220
0.0
230
1.0
72
0
100
AcDbText
73
0
0
TEXT
5
75C
330
1A
100
AcDbEntity
67
0
8
label
62
1
420
16711680
6
ByLayer
370
-1
48
1.0
60
0
100
AcDbText
1

10
748770.43099707
20
8930138.2240019
30
190.225000032425
40
0.3
41
1.0
50
0.0
51
0.0
7
Standard
11
748770.43099707
21
8930138.2240019
31
190.225000032425
210
0.0
220
0.0
230
1.0
72
0
100
AcDbText
73
0
0
TEXT
5
75D
330
1A
100
AcDbEntity
67
0
8
Length
62
244
420
659967
6
ByLayer
370
-1
48
1.0
60
0
100
AcDbText
1
10.76
10
748770.43099707
20
8930136.68900188
30
190.225000032425
40
0.3
41
1.0
50
0.0
51
0.0
7
Standard
11
748770.43099707
21
8930136.68900188
31
190.225000032425
210
0.0
220
0.0
230
1.0
72
0
100
AcDbText
73
0
0
POINT
5
75E
330
1A
100
AcDbEntity
67
0
8
Hole
62
244
420
659967
6
ByLayer
370
-1
48
1.0
60
0
100
AcDbPoint
10
748771.80499762
20
8930138.61000171
30
190.034000047684
39
0.0
210
0.0
220
0.0
230
1.0
50
360.0
0
LINE
5
75F
330
1A
100
AcDbEntity
67
0
8
Theoretical Hole
62
244
420
659967
6
ByLayer
370
-1
48
1.0
60
0
100
AcDbLine
10
748771.80499762
20
8930138.61000171
30
190.034000047684
11
748770.27172583
21
8930140.66929355
31
179.729010471344
39
0.0
210
0.0
220
0.0
230
1.0
0
TEXT
5
760
330
1A
100
AcDbEntity
67
0
8
Number
62
244
420
659967
6
ByLayer
370
-1
48
1.0
60
0
100
AcDbText
1
872
10
748771.80499762
20
8930138.99100172
30
190.034000047684
40
0.3
41
1.0
50
0.0
51
0.0
7
Standard
11
748771.80499762
21
8930138.99100172
31
190.034000047684
210
0.0
220
0.0
230
1.0
72
0
100
AcDbText
73
0
0
TEXT
5
761
330
1A
100
AcDbEntity
67
0
8
label
62
1
420
16711680
6
ByLayer
370
-1
48
1.0
60
0
100
AcDbText
1

10
748771.80499762
20
8930139.39100172
30
190.034000047684
40
0.3
41
1.0
50
0.0
51
0.0
7
Standard
11
748771.80499762
21
8930139.39100172
31
190.034000047684
210
0.0
220
0.0
230
1.0
72
0
100
AcDbText
73
0
0
TEXT
5
762
330
1A
100
AcDbEntity
67
0
8
Length
62
244
420
659967
6
ByLayer
370
-1
48
1.0
60
0
100
AcDbText
1
10.62
10
748771.80499762
20
8930137.8560017
30
190.034000047684
40
0.3
41
1.0
50
0.0
51
0.0
7
Standard
11
748771.80499762
21
8930137.8560017
31
190.034000047684
210
0.0
220
0.0
230
1.0
72
0
100
AcDbText
73
0
0
POINT
5
763
330
1A
100
AcDbEntity
67
0
8
Hole
62
244
420
659967
6
ByLayer
370
-1
48
1.0
60
0
100
AcDbPoint
10
748772.582997498
20
8930139.80600085
30
190.018000015259
39
0.0
210
0.0
220
0.0
230
1.0
50
360.0
0
LINE
5
764
330
1A
100
AcDbEntity
67
0
8
Theoretical Hole
62
244
420
659967
6
ByLayer
370
-1
48
1.0
60
0
100
AcDbLine
10
748772.582997498
20
8930139.80600085
30
190.018000015259
11
748770.822529968
21
8930141.65015521
31
179.852851280212
39
0.0
210
0.0
220
0.0
230
1.0
0
TEXT
5
765
330
1A
100
AcDbEntity
67
0
8
Number
62
244
420
659967
6
ByLayer
370
-1
48
1.0
60
0
100
AcDbText
1
873
10
748772.582997498
20
8930140.18700087
30
190.018000015259
40
0.3
41
1.0
50
0.0
51
0.0
7
Standard
11
748772.582997498
21
8930140.18700087
31
190.018000015259
210
0.0
220
0.0
230
1.0
72
0
100
AcDbText
73
0
0
TEXT
5
766
330
1A
100
AcDbEntity
67
0
8
label
62
1
420
16711680
6
ByLayer
370
-1
48
1.0
60
0
100
AcDbText
1

10
748772.582997498
20
8930140.58700087
30
190.018000015259
40
0.3
41
1.0
50
0.0
51
0.0
7
Standard
11
748772.582997498
21
8930140.58700087
31
190.018000015259
210
0.0
220
0.0
230
1.0
72
0
100
AcDbText
73
0
0
TEXT
5
767
330
1A
100
AcDbEntity
67
0
8
Length
62
244
420
659967
6
ByLayer
370
-1
48
1.0
60
0
100
AcDbText
1
10.48
10
748772.582997498
20
8930139.05200085
30
190.018000015259
40
0.3
41
1.0
50
0.0
51
0.0
7
Standard
11
748772.582997498
21
8930139.05200085
31
190.018000015259
210
0.0
220
0.0
230
1.0
72
0
100
AcDbText
73
0
0
POINT
5
768
330
1A
100
AcDbEntity
67
0
8
Hole
62
244
420
659967
6
ByLayer
370
-1
48
1.0
60
0
100
AcDbPoint
10
748773.580998596
20
8930140.52299991
30
189.880999931335
39
0.0
210
0.0
220
0.0
230
1.0
50
360.0
0
LINE
5
769
330
1A
100
AcDbEntity
67
0
8
Theoretical Hole
62
244
420
659967
6
ByLayer
370
-1
48
1.0
60
0
100
AcDbLine
10
748773.580998596
20
8930140.52299991
30
189.880999931335
11
748771.69549292
21
8930142.18120685
31
179.943308242798
39
0.0
210
0.0
220
0.0
230
1.0
0
TEXT
5
76A
330
1A
100
AcDbEntity
67
0
8
Number
62
244
420
659967
6
ByLayer
370
-1
48
1.0
60
0
100
AcDbText
1
874
10
748773.580998596
20
8930140.90399992
30
189.880999931335
40
0.3
41
1.0
50
0.0
51
0.0
7
Standard
11
748773.580998596
21
8930140.90399992
31
189.880999931335
210
0.0
220
0.0
230
1.0
72
0
100
AcDbText
73
0
0
TEXT
5
76B
330
1A
100
AcDbEntity
67
0
8
label
62
1
420
16711680
6
ByLayer
370
-1
48
1.0
60
0
100
AcDbText
1

10
748773.580998596
20
8930141.30399992
30
189.880999931335
40
0.3
41
1.0
50
0.0
51
0.0
7
Standard
11
748773.580998596
21
8930141.30399992
31
189.880999931335
210
0.0
220
0.0
230
1.0
72
0
100
AcDbText
73
0
0
TEXT
5
76C
330
1A
100
AcDbEntity
67
0
8
Length
62
244
420
659967
6
ByLayer
370
-1
48
1.0
60
0
100
AcDbText
1
10.25
10
748773.580998596
20
8930139.7689999
30
189.880999931335
40
0.3
41
1.0
50
0.0
51
0.0
7
Standard
11
748773.580998596
21
8930139.7689999
31
189.880999931335
210
0.0
220
0.0
230
1.0
72
0
100
AcDbText
73
0
0
POINT
5
76D
330
1A
100
AcDbEntity
67
0
8
Hole
62
244
420
659967
6
ByLayer
370
-1
48
1.0
60
0
100
AcDbPoint
10
748774.077000793
20
8930141.74500003
30
189.735000022888
39
0.0
210
0.0
220
0.0
230
1.0
50
360.0
0
LINE
5
76E
330
1A
100
AcDbEntity
67
0
8
Theoretical Hole
62
244
420
659967
6
ByLayer
370
-1
48
1.0
60
0
100
AcDbLine
10
748774.077000793
20
8930141.74500003
30
189.735000022888
11
748772.001012024
21
8930143.1889278
31
179.843111404419
39
0.0
210
0.0
220
0.0
230
1.0
0
TEXT
5
76F
330
1A
100
AcDbEntity
67
0
8
Number
62
244
420
659967
6
ByLayer
370
-1
48
1.0
60
0
100
AcDbText
1
875
10
748774.077000793
20
8930142.12600004
30
189.735000022888
40
0.3
41
1.0
50
0.0
51
0.0
7
Standard
11
748774.077000793
21
8930142.12600004
31
189.735000022888
210
0.0
220
0.0
230
1.0
72
0
100
AcDbText
73
0
0
TEXT
5
770
330
1A
100
AcDbEntity
67
0
8
label
62
1
420
16711680
6
ByLayer
370
-1
48
1.0
60
0
100
AcDbText
1

10
748774.077000793
20
8930142.52600004
30
189.735000022888
40
0.3
41
1.0
50
0.0
51
0.0
7
Standard
11
748774.077000793
21
8930142.52600004
31
189.735000022888
210
0.0
220
0.0
230
1.0
72
0
100
AcDbText
73
0
0
TEXT
5
771
330
1A
100
AcDbEntity
67
0
8
Length
62
244
420
659967
6
ByLayer
370
-1
48
1.0
60
0
100
AcDbText
1
10.21
10
748774.077000793
20
8930140.99100002
30
189.735000022888
40
0.3
41
1.0
50
0.0
51
0.0
7
Standard
11
748774.077000793
21
8930140.99100002
31
189.735000022888
210
0.0
220
0.0
230
1.0
72
0
100
AcDbText
73
0
0
POINT
5
772
330
1A
100
AcDbEntity
67
0
8
Hole
62
244
420
659967
6
ByLayer
370
-1
48
1.0
60
0
100
AcDbPoint
10
748775.092000183
20
8930143.14700046
30
189.67900002861
39
0.0
210
0.0
220
0.0
230
1.0
50
360.0
0
LINE
5
773
330
1A
100
AcDbEntity
67
0
8
Theoretical Hole
62
244
420
659967
6
ByLayer
370
-1
48
1.0
60
0
100
AcDbLine
10
748775.092000183
20
8930143.14700046
30
189.67900002861
11
748772.96716803
21
8930144.47577396
31
179.709154972076
39
0.0
210
0.0
220
0.0
230
1.0
0
TEXT
5
774
330
1A
100
AcDbEntity
67
0
8
Number
62
244
420
659967
6
ByLayer
370
-1
48
1.0
60
0
100
AcDbText
1
876
10
748775.092000183
20
8930143.52800047
30
189.67900002861
40
0.3
41
1.0
50
0.0
51
0.0
7
Standard
11
748775.092000183
21
8930143.52800047
31
189.67900002861
210
0.0
220
0.0
230
1.0
72
0
100
AcDbText
73
0
0
TEXT
5
775
330
1A
100
AcDbEntity
67
0
8
label
62
1
420
16711680
6
ByLayer
370
-1
48
1.0
60
0
100
AcDbText
1

10
748775.092000183
20
8930143.92800047
30
189.67900002861
40
0.3
41
1.0
50
0.0
51
0.0
7
Standard
11
748775.092000183
21
8930143.92800047
31
189.67900002861
210
0.0
220
0.0
230
1.0
72
0
100
AcDbText
73
0
0
TEXT
5
776
330
1A
100
AcDbEntity
67
0
8
Length
62
244
420
659967
6
ByLayer
370
-1
48
1.0
60
0
100
AcDbText
1
10.28
10
748775.092000183
20
8930142.39300045
30
189.67900002861
40
0.3
41
1.0
50
0.0
51
0.0
7
Standard
11
748775.092000183
21
8930142.39300045
31
189.67900002861
210
0.0
220
0.0
230
1.0
72
0
100
AcDbText
73
0
0
POINT
5
777
330
1A
100
AcDbEntity
67
0
8
Hole
62
244
420
659967
6
ByLayer
370
-1
48
1.0
60
0
100
AcDbPoint
10
748775.788998779
20
8930144.49400058
30
189.748999961853
39
0.0
210
0.0
220
0.0
230
1.0
50
360.0
0
LINE
5
778
330
1A
100
AcDbEntity
67
0
8
Theoretical Hole
62
244
420
659967
6
ByLayer
370
-1
48
1.0
60
0
100
AcDbLine
10
748775.788998779
20
8930144.49400058
30
189.748999961853
11
748773.680134949
21
8930145.79900851
31
179.772627243042
39
0.0
210
0.0
220
0.0
230
1.0
0
TEXT
5
779
330
1A
100
AcDbEntity
67
0
8
Number
62
244
420
659967
6
ByLayer
370
-1
48
1.0
60
0
100
AcDbText
1
877
10
748775.788998779
20
8930144.87500059
30
189.748999961853
40
0.3
41
1.0
50
0.0
51
0.0
7
Standard
11
748775.788998779
21
8930144.87500059
31
189.748999961853
210
0.0
220
0.0
230
1.0
72
0
100
AcDbText
73
0
0
TEXT
5
77A
330
1A
100
AcDbEntity
67
0
8
label
62
1
420
16711680
6
ByLayer
370
-1
48
1.0
60
0
100
AcDbText
1

10
748775.788998779
20
8930145.27500059
30
189.748999961853
40
0.3
41
1.0
50
0.0
51
0.0
7
Standard
11
748775.788998779
21
8930145.27500059
31
189.748999961853
210
0.0
220
0.0
230
1.0
72
0
100
AcDbText
73
0
0
TEXT
5
77B
330
1A
100
AcDbEntity
67
0
8
Length
62
244
420
659967
6
ByLayer
370
-1
48
1.0
60
0
100
AcDbText
1
10.28
10
748775.788998779
20
8930143.74000057
30
189.748999961853
40
0.3
41
1.0
50
0.0
51
0.0
7
Standard
11
748775.788998779
21
8930143.74000057
31
189.748999961853
210
0.0
220
0.0
230
1.0
72
0
100
AcDbText
73
0
0
POLYLINE
5
786
330
1A
100
AcDbEntity
67
0
8
Real Hole
62
1
420
16711680
6
ByLayer
370
-1
48
1.0
60
0
100
AcDb3dPolyline
10
0.0
20
0.0
30
0.0
70
8
75
0
210
0.0
220
0.0
230
1.0
0
VERTEX
5
77C
100
AcDbEntity
8
Real Hole
62
1
420
16711680
100
AcDbVertex
100
AcDb3dPolylineVertex
10
748775.788998779
20
8930144.49400058
30
189.748999961853
70
32
0
VERTEX
5
77D
100
AcDbEntity
8
Real Hole
62
1
420
16711680
100
AcDbVertex
100
AcDb3dPolylineVertex
10
748775.599395048
20
8930144.62607321
30
188.776062556744
70
32
0
VERTEX
5
77E
100
AcDbEntity
8
Real Hole
62
1
420
16711680
100
AcDbVertex
100
AcDb3dPolylineVertex
10
748775.389788773
20
8930144.77442786
30
187.809596785545
70
32
0
VERTEX
5
77F
100
AcDbEntity
8
Real Hole
62
1
420
16711680
100
AcDbVertex
100
AcDb3dPolylineVertex
10
748775.164590832
20
8930144.91356721
30
186.845270046234
70
32
0
VERTEX
5
780
100
AcDbEntity
8
Real Hole
62
1
420
16711680
100
AcDbVertex
100
AcDb3dPolylineVertex
10
748774.935669657
20
8930145.02383795
30
185.878090747833
70
32
0
VERTEX
5
781
100
AcDbEntity
8
Real Hole
62
1
420
16711680
100
AcDbVertex
100
AcDb3dPolylineVertex
10
748774.721290883
20
8930145.12609139
30
184.906707176208
70
32
0
VERTEX
5
782
100
AcDbEntity
8
Real Hole
62
1
420
16711680
100
AcDbVertex
100
AcDb3dPolylineVertex
10
748774.504202541
20
8930145.25943616
30
183.939705738068
70
32
0
VERTEX
5
783
100
AcDbEntity
8
Real Hole
62
1
420
16711680
100
AcDbVertex
100
AcDb3dPolylineVertex
10
748774.275644001
20
8930145.35308167
30
182.970690139771
70
32
0
VERTEX
5
784
100
AcDbEntity
8
Real Hole
62
1
420
16711680
100
AcDbVertex
100
AcDb3dPolylineVertex
10
748774.045911607
20
8930145.43515691
30
182.000903018951
70
32
0
SEQEND
5
785
100
AcDbEntity
8
Real Hole
0
POINT
5
787
330
1A
100
AcDbEntity
67
0
8
Hole
62
244
420
659967
6
ByLayer
370
-1
48
1.0
60
0
100
AcDbPoint
10
748776.465001282
20
8930145.72900119
30
189.722999938965
39
0.0
210
0.0
220
0.0
230
1.0
50
360.0
0
LINE
5
788
330
1A
100
AcDbEntity
67
0
8
Theoretical Hole
62
244
420
659967
6
ByLayer
370
-1
48
1.0
60
0
100
AcDbLine
10
748776.465001282
20
8930145.72900119
30
189.722999938965
11
748774.290005859
21
8930147.07492938
31
179.724986919403
39
0.0
210
0.0
220
0.0
230
1.0
0
TEXT
5
789
330
1A
100
AcDbEntity
67
0
8
Number
62
244
420
659967
6
ByLayer
370
-1
48
1.0
60
0
100
AcDbText
1
878
10
748776.465001282
20
8930146.1100012
30
189.722999938965
40
0.3
41
1.0
50
0.0
51
0.0
7
Standard
11
748776.465001282
21
8930146.1100012
31
189.722999938965
210
0.0
220
0.0
230
1.0
72
0
100
AcDbText
73
0
0
TEXT
5
78A
330
1A
100
AcDbEntity
67
0
8
label
62
1
420
16711680
6
ByLayer
370
-1
48
1.0
60
0
100
AcDbText
1

10
748776.465001282
20
8930146.5100012
30
189.722999938965
40
0.3
41
1.0
50
0.0
51
0.0
7
Standard
11
748776.465001282
21
8930146.5100012
31
189.722999938965
210
0.0
220
0.0
230
1.0
72
0
100
AcDbText
73
0
0
TEXT
5
78B
330
1A
100
AcDbEntity
67
0
8
Length
62
244
420
659967
6
ByLayer
370
-1
48
1.0
60
0
100
AcDbText
1
10.32
10
748776.465001282
20
8930144.97500118
30
189.722999938965
40
0.3
41
1.0
50
0.0
51
0.0
7
Standard
11
748776.465001282
21
8930144.97500118
31
189.722999938965
210
0.0
220
0.0
230
1.0
72
0
100
AcDbText
73
0
0
POLYLINE
5
799
330
1A
100
AcDbEntity
67
0
8
Real Hole
62
1
420
16711680
6
ByLayer
370
-1
48
1.0
60
0
100
AcDb3dPolyline
10
0.0
20
0.0
30
0.0
70
8
75
0
210
0.0
220
0.0
230
1.0
0
VERTEX
5
78C
100
AcDbEntity
8
Real Hole
62
1
420
16711680
100
AcDbVertex
100
AcDb3dPolylineVertex
10
748776.465001282
20
8930145.72900119
30
189.722999938965
70
32
0
VERTEX
5
78D
100
AcDbEntity
8
Real Hole
62
1
420
16711680
100
AcDbVertex
100
AcDb3dPolylineVertex
10
748776.261499431
20
8930145.83108516
30
188.749261864662
70
32
0
VERTEX
5
78E
100
AcDbEntity
8
Real Hole
62
1
420
16711680
100
AcDbVertex
100
AcDb3dPolylineVertex
10
748776.058058795
20
8930145.9741186
30
187.780678638458
70
32
0
VERTEX
5
78F
100
AcDbEntity
8
Real Hole
62
1
420
16711680
100
AcDbVertex
100
AcDb3dPolylineVertex
10
748775.849182006
20
8930146.13203352
30
186.815570720673
70
32
0
VERTEX
5
790
100
AcDbEntity
8
Real Hole
62
1
420
16711680
100
AcDbVertex
100
AcDb3dPolylineVertex
10
748775.622956273
20
8930146.26721236
30
185.850921281815
70
32
0
VERTEX
5
791
100
AcDbEntity
8
Real Hole
62
1
420
16711680
100
AcDbVertex
100
AcDb3dPolylineVertex
10
748775.405047831
20
8930146.38493678
30
184.88207806015
70
32
0
VERTEX
5
792
100
AcDbEntity
8
Real Hole
62
1
420
16711680
100
AcDbVertex
100
AcDb3dPolylineVertex
10
748775.192696151
20
8930146.52903422
30
183.915567764282
70
32
0
VERTEX
5
793
100
AcDbEntity
8
Real Hole
62
1
420
16711680
100
AcDbVertex
100
AcDb3dPolylineVertex
10
748774.974589166
20
8930146.65972367
30
182.948432811737
70
32
0
VERTEX
5
794
100
AcDbEntity
8
Real Hole
62
1
420
16711680
100
AcDbVertex
100
AcDb3dPolylineVertex
10
748774.737577614
20
8930146.77799657
30
181.984152206421
70
32
0
VERTEX
5
795
100
AcDbEntity
8
Real Hole
62
1
420
16711680
100
AcDbVertex
100
AcDb3dPolylineVertex
10
748774.494860348
20
8930146.87803736
30
181.019227394104
70
32
0
VERTEX
5
796
100
AcDbEntity
8
Real Hole
62
1
420
16711680
100
AcDbVertex
100
AcDb3dPolylineVertex
10
748774.240629372
20
8930146.96039679
30
180.055596717834
70
32
0
VERTEX
5
797
100
AcDbEntity
8
Real Hole
62
1
420
16711680
100
AcDbVertex
100
AcDb3dPolylineVertex
10
748774.113534626
20
8930147.00505438
30
179.574086555481
70
32
0
SEQEND
5
798
100
AcDbEntity
8
Real Hole
0
POINT
5
79A
330
1A
100
AcDbEntity
67
0
8
Hole
62
244
420
659967
6
ByLayer
370
-1
48
1.0
60
0
100
AcDbPoint
10
748777.147999939
20
8930146.90099826
30
189.672000059128
39
0.0
210
0.0
220
0.0
230
1.0
50
360.0
0
LINE
5
79B
330
1A
100
AcDbEntity
67
0
8
Theoretical Hole
62
244
420
659967
6
ByLayer
370
-1
48
1.0
60
0
100
AcDbLine
10
748777.147999939
20
8930146.90099826
30
189.672000059128
11
748774.886250671
21
8930148.09853091
31
179.653715499878
39
0.0
210
0.0
220
0.0
230
1.0
0
TEXT
5
79C
330
1A
100
AcDbEntity
67
0
8
Number
62
244
420
659967
6
ByLayer
370
-1
48
1.0
60
0
100
AcDbText
1
879
10
748777.147999939
20
8930147.28199827
30
189.672000059128
40
0.3
41
1.0
50
0.0
51
0.0
7
Standard
11
748777.147999939
21
8930147.28199827
31
189.672000059128
210
0.0
220
0.0
230
1.0
72
0
100
AcDbText
73
0
0
TEXT
5
79D
330
1A
100
AcDbEntity
67
0
8
label
62
1
420
16711680
6
ByLayer
370
-1
48
1.0
60
0
100
AcDbText
1

10
748777.147999939
20
8930147.68199827
30
189.672000059128
40
0.3
41
1.0
50
0.0
51
0.0
7
Standard
11
748777.147999939
21
8930147.68199827
31
189.672000059128
210
0.0
220
0.0
230
1.0
72
0
100
AcDbText
73
0
0
TEXT
5
79E
330
1A
100
AcDbEntity
67
0
8
Length
62
244
420
659967
6
ByLayer
370
-1
48
1.0
60
0
100
AcDbText
1
10.34
10
748777.147999939
20
8930146.14699825
30
189.672000059128
40
0.3
41
1.0
50
0.0
51
0.0
7
Standard
11
748777.147999939
21
8930146.14699825
31
189.672000059128
210
0.0
220
0.0
230
1.0
72
0
100
AcDbText
73
0
0
POLYLINE
5
7AC
330
1A
100
AcDbEntity
67
0
8
Real Hole
62
1
420
16711680
6
ByLayer
370
-1
48
1.0
60
0
100
AcDb3dPolyline
10
0.0
20
0.0
30
0.0
70
8
75
0
210
0.0
220
0.0
230
1.0
0
VERTEX
5
79F
100
AcDbEntity
8
Real Hole
62
1
420
16711680
100
AcDbVertex
100
AcDb3dPolylineVertex
10
748777.147999939
20
8930146.90099826
30
189.672000059128
70
32
0
VERTEX
5
7A0
100
AcDbEntity
8
Real Hole
62
1
420
16711680
100
AcDbVertex
100
AcDb3dPolylineVertex
10
748776.935893964
20
8930147.03436182
30
188.703896113873
70
32
0
VERTEX
5
7A1
100
AcDbEntity
8
Real Hole
62
1
420
16711680
100
AcDbVertex
100
AcDb3dPolylineVertex
10
748776.718561139
20
8930147.19529703
30
187.741157182693
70
32
0
VERTEX
5
7A2
100
AcDbEntity
8
Real Hole
62
1
420
16711680
100
AcDbVertex
100
AcDb3dPolylineVertex
10
748776.499873694
20
8930147.29390031
30
186.770356782913
70
32
0
VERTEX
5
7A3
100
AcDbEntity
8
Real Hole
62
1
420
16711680
100
AcDbVertex
100
AcDb3dPolylineVertex
10
748776.26703858
20
8930147.3909156
30
185.802691825867
70
32
0
VERTEX
5
7A4
100
AcDbEntity
8
Real Hole
62
1
420
16711680
100
AcDbVertex
100
AcDb3dPolylineVertex
10
748776.0354467
20
8930147.48106977
30
184.834065088272
70
32
0
VERTEX
5
7A5
100
AcDbEntity
8
Real Hole
62
1
420
16711680
100
AcDbVertex
100
AcDb3dPolylineVertex
10
748775.829505977
20
8930147.59906086
30
183.862640031815
70
32
0
VERTEX
5
7A6
100
AcDbEntity
8
Real Hole
62
1
420
16711680
100
AcDbVertex
100
AcDb3dPolylineVertex
10
748775.603582319
20
8930147.69463411
30
182.893194803238
70
32
0
VERTEX
5
7A7
100
AcDbEntity
8
Real Hole
62
1
420
16711680
100
AcDbVertex
100
AcDb3dPolylineVertex
10
748775.350819525
20
8930147.77496096
30
181.92900670433
70
32
0
VERTEX
5
7A8
100
AcDbEntity
8
Real Hole
62
1
420
16711680
100
AcDbVertex
100
AcDb3dPolylineVertex
10
748775.115148004
20
8930147.83863827
30
180.959262022018
70
32
0
VERTEX
5
7A9
100
AcDbEntity
8
Real Hole
62
1
420
16711680
100
AcDbVertex
100
AcDb3dPolylineVertex
10
748774.892281231
20
8930147.89635846
30
179.986124166489
70
32
0
VERTEX
5
7AA
100
AcDbEntity
8
Real Hole
62
1
420
16711680
100
AcDbVertex
100
AcDb3dPolylineVertex
10
748774.830322441
20
8930147.91612008
30
179.693257459641
70
32
0
SEQEND
5
7AB
100
AcDbEntity
8
Real Hole
0
POINT
5
7AD
330
1A
100
AcDbEntity
67
0
8
Hole
62
244
420
659967
6
ByLayer
370
-1
48
1.0
60
0
100
AcDbPoint
10
748777.77499884
20
8930147.98800006
30
189.918000110626
39
0.0
210
0.0
220
0.0
230
1.0
50
360.0
0
LINE
5
7AE
330
1A
100
AcDbEntity
67
0
8
Theoretical Hole
62
244
420
659967
6
ByLayer
370
-1
48
1.0
60
0
100
AcDbLine
10
748777.77499884
20
8930147.98800006
30
189.918000110626
11
748775.50937384
21
8930149.17445483
31
179.713606723785
39
0.0
210
0.0
220
0.0
230
1.0
0
TEXT
5
7AF
330
1A
100
AcDbEntity
67
0
8
Number
62
244
420
659967
6
ByLayer
370
-1
48
1.0
60
0
100
AcDbText
1
880
10
748777.77499884
20
8930148.36900007
30
189.918000110626
40
0.3
41
1.0
50
0.0
51
0.0
7
Standard
11
748777.77499884
21
8930148.36900007
31
189.918000110626
210
0.0
220
0.0
230
1.0
72
0
100
AcDbText
73
0
0
TEXT
5
7B0
330
1A
100
AcDbEntity
67
0
8
label
62
1
420
16711680
6
ByLayer
370
-1
48
1.0
60
0
100
AcDbText
1

10
748777.77499884
20
8930148.76900007
30
189.918000110626
40
0.3
41
1.0
50
0.0
51
0.0
7
Standard
11
748777.77499884
21
8930148.76900007
31
189.918000110626
210
0.0
220
0.0
230
1.0
72
0
100
AcDbText
73
0
0
TEXT
5
7B1
330
1A
100
AcDbEntity
67
0
8
Length
62
244
420
659967
6
ByLayer
370
-1
48
1.0
60
0
100
AcDbText
1
10.52
10
748777.77499884
20
8930147.23400005
30
189.918000110626
40
0.3
41
1.0
50
0.0
51
0.0
7
Standard
11
748777.77499884
21
8930147.23400005
31
189.918000110626
210
0.0
220
0.0
230
1.0
72
0
100
AcDbText
73
0
0
POLYLINE
5
7BF
330
1A
100
AcDbEntity
67
0
8
Real Hole
62
1
420
16711680
6
ByLayer
370
-1
48
1.0
60
0
100
AcDb3dPolyline
10
0.0
20
0.0
30
0.0
70
8
75
0
210
0.0
220
0.0
230
1.0
0
VERTEX
5
7B2
100
AcDbEntity
8
Real Hole
62
1
420
16711680
100
AcDbVertex
100
AcDb3dPolylineVertex
10
748777.77499884
20
8930147.98800006
30
189.918000110626
70
32
0
VERTEX
5
7B3
100
AcDbEntity
8
Real Hole
62
1
420
16711680
100
AcDbVertex
100
AcDb3dPolylineVertex
10
748777.524001655
20
8930148.14307955
30
188.962515541554
70
32
0
VERTEX
5
7B4
100
AcDbEntity
8
Real Hole
62
1
420
16711680
100
AcDbVertex
100
AcDb3dPolylineVertex
10
748777.303540256
20
8930148.33050793
30
188.005296954155
70
32
0
VERTEX
5
7B5
100
AcDbEntity
8
Real Hole
62
1
420
16711680
100
AcDbVertex
100
AcDb3dPolylineVertex
10
748777.071557518
20
8930148.50652864
30
187.048635848999
70
32
0
VERTEX
5
7B6
100
AcDbEntity
8
Real Hole
62
1
420
16711680
100
AcDbVertex
100
AcDb3dPolylineVertex
10
748776.815668282
20
8930148.66667452
30
186.095286973953
70
32
0
VERTEX
5
7B7
100
AcDbEntity
8
Real Hole
62
1
420
16711680
100
AcDbVertex
100
AcDb3dPolylineVertex
10
748776.567466554
20
8930148.79626587
30
185.135285743713
70
32
0
VERTEX
5
7B8
100
AcDbEntity
8
Real Hole
62
1
420
16711680
100
AcDbVertex
100
AcDb3dPolylineVertex
10
748776.331424293
20
8930148.9554182
30
184.176664718628
70
32
0
VERTEX
5
7B9
100
AcDbEntity
8
Real Hole
62
1
420
16711680
100
AcDbVertex
100
AcDb3dPolylineVertex
10
748776.074800786
20
8930149.09585729
30
183.220410713196
70
32
0
VERTEX
5
7BA
100
AcDbEntity
8
Real Hole
62
1
420
16711680
100
AcDbVertex
100
AcDb3dPolylineVertex
10
748775.787555274
20
8930149.20889058
30
182.26924646759
70
32
0
VERTEX
5
7BB
100
AcDbEntity
8
Real Hole
62
1
420
16711680
100
AcDbVertex
100
AcDb3dPolylineVertex
10
748775.51718634
20
8930149.31386855
30
181.312229999542
70
32
0
VERTEX
5
7BC
100
AcDbEntity
8
Real Hole
62
1
420
16711680
100
AcDbVertex
100
AcDb3dPolylineVertex
10
748775.242927011
20
8930149.43839362
30
180.358671077728
70
32
0
VERTEX
5
7BD
100
AcDbEntity
8
Real Hole
62
1
420
16711680
100
AcDbVertex
100
AcDb3dPolylineVertex
10
748775.186542686
20
8930149.4627116
30
180.168331035614
70
32
0
SEQEND
5
7BE
100
AcDbEntity
8
Real Hole
0
POINT
5
7C0
330
1A
100
AcDbEntity
67
0
8
Hole
62
244
420
659967
6
ByLayer
370
-1
48
1.0
60
0
100
AcDbPoint
10
748778.486996826
20
8930149.48999896
30
190.100000032425
39
0.0
210
0.0
220
0.0
230
1.0
50
360.0
0
LINE
5
7C1
330
1A
100
AcDbEntity
67
0
8
Theoretical Hole
62
244
420
659967
6
ByLayer
370
-1
48
1.0
60
0
100
AcDbLine
10
748778.486996826
20
8930149.48999896
30
190.100000032425
11
748776.221631226
21
8930150.67631641
31
179.813077339172
39
0.0
210
0.0
220
0.0
230
1.0
0
TEXT
5
7C2
330
1A
100
AcDbEntity
67
0
8
Number
62
244
420
659967
6
ByLayer
370
-1
48
1.0
60
0
100
AcDbText
1
881
10
748778.486996826
20
8930149.87099897
30
190.100000032425
40
0.3
41
1.0
50
0.0
51
0.0
7
Standard
11
748778.486996826
21
8930149.87099897
31
190.100000032425
210
0.0
220
0.0
230
1.0
72
0
100
AcDbText
73
0
0
TEXT
5
7C3
330
1A
100
AcDbEntity
67
0
8
label
62
1
420
16711680
6
ByLayer
370
-1
48
1.0
60
0
100
AcDbText
1

10
748778.486996826
20
8930150.27099898
30
190.100000032425
40
0.3
41
1.0
50
0.0
51
0.0
7
Standard
11
748778.486996826
21
8930150.27099898
31
190.100000032425
210
0.0
220
0.0
230
1.0
72
0
100
AcDbText
73
0
0
TEXT
5
7C4
330
1A
100
AcDbEntity
67
0
8
Length
62
244
420
659967
6
ByLayer
370
-1
48
1.0
60
0
100
AcDbText
1
10.60
10
748778.486996826
20
8930148.73599895
30
190.100000032425
40
0.3
41
1.0
50
0.0
51
0.0
7
Standard
11
748778.486996826
21
8930148.73599895
31
190.100000032425
210
0.0
220
0.0
230
1.0
72
0
100
AcDbText
73
0
0
POLYLINE
5
7D1
330
1A
100
AcDbEntity
67
0
8
Real Hole
62
1
420
16711680
6
ByLayer
370
-1
48
1.0
60
0
100
AcDb3dPolyline
10
0.0
20
0.0
30
0.0
70
8
75
0
210
0.0
220
0.0
230
1.0
0
VERTEX
5
7C5
100
AcDbEntity
8
Real Hole
62
1
420
16711680
100
AcDbVertex
100
AcDb3dPolylineVertex
10
748778.486996826
20
8930149.48999896
30
190.100000032425
70
32
0
VERTEX
5
7C6
100
AcDbEntity
8
Real Hole
62
1
420
16711680
100
AcDbVertex
100
AcDb3dPolylineVertex
10
748778.240739342
20
8930149.64322121
30
189.142983743191
70
32
0
VERTEX
5
7C7
100
AcDbEntity
8
Real Hole
62
1
420
16711680
100
AcDbVertex
100
AcDb3dPolylineVertex
10
748777.971888956
20
8930149.79114523
30
188.191228517532
70
32
0
VERTEX
5
7C8
100
AcDbEntity
8
Real Hole
62
1
420
16711680
100
AcDbVertex
100
AcDb3dPolylineVertex
10
748777.678113696
20
8930149.93525505
30
187.246279605865
70
32
0
VERTEX
5
7C9
100
AcDbEntity
8
Real Hole
62
1
420
16711680
100
AcDbVertex
100
AcDb3dPolylineVertex
10
748777.389130649
20
8930150.07676383
30
186.299461730957
70
32
0
VERTEX
5
7CA
100
AcDbEntity
8
Real Hole
62
1
420
16711680
100
AcDbVertex
100
AcDb3dPolylineVertex
10
748777.107227262
20
8930150.19151958
30
185.346906312943
70
32
0
VERTEX
5
7CB
100
AcDbEntity
8
Real Hole
62
1
420
16711680
100
AcDbVertex
100
AcDb3dPolylineVertex
10
748776.814685759
20
8930150.33174464
30
184.400990613937
70
32
0
VERTEX
5
7CC
100
AcDbEntity
8
Real Hole
62
1
420
16711680
100
AcDbVertex
100
AcDb3dPolylineVertex
10
748776.522952613
20
8930150.46512588
30
183.453836568832
70
32
0
VERTEX
5
7CD
100
AcDbEntity
8
Real Hole
62
1
420
16711680
100
AcDbVertex
100
AcDb3dPolylineVertex
10
748776.243729767
20
8930150.61654237
30
182.505623468399
70
32
0
VERTEX
5
7CE
100
AcDbEntity
8
Real Hole
62
1
420
16711680
100
AcDbVertex
100
AcDb3dPolylineVertex
10
748775.943690714
20
8930150.78942111
30
181.567493089676
70
32
0
VERTEX
5
7CF
100
AcDbEntity
8
Real Hole
62
1
420
16711680
100
AcDbVertex
100
AcDb3dPolylineVertex
10
748775.738871988
20
8930150.89577058
30
180.906630167007
70
32
0
SEQEND
5
7D0
100
AcDbEntity
8
Real Hole
0
POINT
5
7D2
330
1A
100
AcDbEntity
67
0
8
Hole
62
244
420
659967
6
ByLayer
370
-1
48
1.0
60
0
100
AcDbPoint
10
748779.341000732
20
8930150.77100101
30
190.222999938965
39
0.0
210
0.0
220
0.0
230
1.0
50
360.0
0
LINE
5
7D3
330
1A
100
AcDbEntity
67
0
8
Theoretical Hole
62
244
420
659967
6
ByLayer
370
-1
48
1.0
60
0
100
AcDbLine
10
748779.341000732
20
8930150.77100101
30
190.222999938965
11
748777.076749023
21
8930151.95673862
31
179.832755931854
39
0.0
210
0.0
220
0.0
230
1.0
0
TEXT
5
7D4
330
1A
100
AcDbEntity
67
0
8
Number
62
244
420
659967
6
ByLayer
370
-1
48
1.0
60
0
100
AcDbText
1
882
10
748779.341000732
20
8930151.15200102
30
190.222999938965
40
0.3
41
1.0
50
0.0
51
0.0
7
Standard
11
748779.341000732
21
8930151.15200102
31
190.222999938965
210
0.0
220
0.0
230
1.0
72
0
100
AcDbText
73
0
0
TEXT
5
7D5
330
1A
100
AcDbEntity
67
0
8
label
62
1
420
16711680
6
ByLayer
370
-1
48
1.0
60
0
100
AcDbText
1

10
748779.341000732
20
8930151.55200102
30
190.222999938965
40
0.3
41
1.0
50
0.0
51
0.0
7
Standard
11
748779.341000732
21
8930151.55200102
31
190.222999938965
210
0.0
220
0.0
230
1.0
72
0
100
AcDbText
73
0
0
TEXT
5
7D6
330
1A
100
AcDbEntity
67
0
8
Length
62
244
420
659967
6
ByLayer
370
-1
48
1.0
60
0
100
AcDbText
1
10.70
10
748779.341000732
20
8930150.017001
30
190.222999938965
40
0.3
41
1.0
50
0.0
51
0.0
7
Standard
11
748779.341000732
21
8930150.017001
31
190.222999938965
210
0.0
220
0.0
230
1.0
72
0
100
AcDbText
73
0
0
POLYLINE
5
7E3
330
1A
100
AcDbEntity
67
0
8
Real Hole
62
1
420
16711680
6
ByLayer
370
-1
48
1.0
60
0
100
AcDb3dPolyline
10
0.0
20
0.0
30
0.0
70
8
75
0
210
0.0
220
0.0
230
1.0
0
VERTEX
5
7D7
100
AcDbEntity
8
Real Hole
62
1
420
16711680
100
AcDbVertex
100
AcDb3dPolylineVertex
10
748779.341000732
20
8930150.77100101
30
190.222999938965
70
32
0
VERTEX
5
7D8
100
AcDbEntity
8
Real Hole
62
1
420
16711680
100
AcDbVertex
100
AcDb3dPolylineVertex
10
748779.168186825
20
8930150.96660666
30
189.257663854599
70
32
0
VERTEX
5
7D9
100
AcDbEntity
8
Real Hole
62
1
420
16711680
100
AcDbVertex
100
AcDb3dPolylineVertex
10
748778.986522701
20
8930151.15024727
30
188.291602620125
70
32
0
VERTEX
5
7DA
100
AcDbEntity
8
Real Hole
62
1
420
16711680
100
AcDbVertex
100
AcDb3dPolylineVertex
10
748778.8159821
20
8930151.33287385
30
187.323324092865
70
32
0
VERTEX
5
7DB
100
AcDbEntity
8
Real Hole
62
1
420
16711680
100
AcDbVertex
100
AcDb3dPolylineVertex
10
748778.658916112
20
8930151.49792477
30
186.349625715256
70
32
0
VERTEX
5
7DC
100
AcDbEntity
8
Real Hole
62
1
420
16711680
100
AcDbVertex
100
AcDb3dPolylineVertex
10
748778.512207624
20
8930151.67710372
30
185.376809486389
70
32
0
VERTEX
5
7DD
100
AcDbEntity
8
Real Hole
62
1
420
16711680
100
AcDbVertex
100
AcDb3dPolylineVertex
10
748778.363147792
20
8930151.87150266
30
184.407278427124
70
32
0
VERTEX
5
7DE
100
AcDbEntity
8
Real Hole
62
1
420
16711680
100
AcDbVertex
100
AcDb3dPolylineVertex
10
748778.191449222
20
8930152.0397599
30
183.436603912354
70
32
0
VERTEX
5
7DF
100
AcDbEntity
8
Real Hole
62
1
420
16711680
100
AcDbVertex
100
AcDb3dPolylineVertex
10
748778.024750885
20
8930152.19928303
30
182.46358574295
70
32
0
VERTEX
5
7E0
100
AcDbEntity
8
Real Hole
62
1
420
16711680
100
AcDbVertex
100
AcDb3dPolylineVertex
10
748777.865992602
20
8930152.38294687
30
181.493502029419
70
32
0
VERTEX
5
7E1
100
AcDbEntity
8
Real Hole
62
1
420
16711680
100
AcDbVertex
100
AcDb3dPolylineVertex
10
748777.716765818
20
8930152.56003382
30
180.520685562134
70
32
0
SEQEND
5
7E2
100
AcDbEntity
8
Real Hole
0
POINT
5
7E4
330
1A
100
AcDbEntity
67
0
8
Hole
62
244
420
659967
6
ByLayer
370
-1
48
1.0
60
0
100
AcDbPoint
10
748779.83800238
20
8930152.01300159
30
190.347999938965
39
0.0
210
0.0
220
0.0
230
1.0
50
360.0
0
LINE
5
7E5
330
1A
100
AcDbEntity
67
0
8
Theoretical Hole
62
244
420
659967
6
ByLayer
370
-1
48
1.0
60
0
100
AcDbLine
10
748779.83800238
20
8930152.01300159
30
190.347999938965
11
748777.57389563
21
8930153.1986629
31
179.82388866806
39
0.0
210
0.0
220
0.0
230
1.0
0
TEXT
5
7E6
330
1A
100
AcDbEntity
67
0
8
Number
62
244
420
659967
6
ByLayer
370
-1
48
1.0
60
0
100
AcDbText
1
883
10
748779.83800238
20
8930152.3940016
30
190.347999938965
40
0.3
41
1.0
50
0.0
51
0.0
7
Standard
11
748779.83800238
21
8930152.3940016
31
190.347999938965
210
0.0
220
0.0
230
1.0
72
0
100
AcDbText
73
0
0
TEXT
5
7E7
330
1A
100
AcDbEntity
67
0
8
label
62
1
420
16711680
6
ByLayer
370
-1
48
1.0
60
0
100
AcDbText
1

10
748779.83800238
20
8930152.7940016
30
190.347999938965
40
0.3
41
1.0
50
0.0
51
0.0
7
Standard
11
748779.83800238
21
8930152.7940016
31
190.347999938965
210
0.0
220
0.0
230
1.0
72
0
100
AcDbText
73
0
0
TEXT
5
7E8
330
1A
100
AcDbEntity
67
0
8
Length
62
244
420
659967
6
ByLayer
370
-1
48
1.0
60
0
100
AcDbText
1
10.83
10
748779.83800238
20
8930151.25900158
30
190.347999938965
40
0.3
41
1.0
50
0.0
51
0.0
7
Standard
11
748779.83800238
21
8930151.25900158
31
190.347999938965
210
0.0
220
0.0
230
1.0
72
0
100
AcDbText
73
0
0
POLYLINE
5
7F6
330
1A
100
AcDbEntity
67
0
8
Real Hole
62
1
420
16711680
6
ByLayer
370
-1
48
1.0
60
0
100
AcDb3dPolyline
10
0.0
20
0.0
30
0.0
70
8
75
0
210
0.0
220
0.0
230
1.0
0
VERTEX
5
7E9
100
AcDbEntity
8
Real Hole
62
1
420
16711680
100
AcDbVertex
100
AcDb3dPolylineVertex
10
748779.83800238
20
8930152.01300159
30
190.347999938965
70
32
0
VERTEX
5
7EA
100
AcDbEntity
8
Real Hole
62
1
420
16711680
100
AcDbVertex
100
AcDb3dPolylineVertex
10
748779.661678981
20
8930152.11488399
30
189.368954488277
70
32
0
VERTEX
5
7EB
100
AcDbEntity
8
Real Hole
62
1
420
16711680
100
AcDbVertex
100
AcDb3dPolylineVertex
10
748779.478424188
20
8930152.25646831
30
188.396138199806
70
32
0
VERTEX
5
7EC
100
AcDbEntity
8
Real Hole
62
1
420
16711680
100
AcDbVertex
100
AcDb3dPolylineVertex
10
748779.292602178
20
8930152.40138748
30
187.424300321579
70
32
0
VERTEX
5
7ED
100
AcDbEntity
8
Real Hole
62
1
420
16711680
100
AcDbVertex
100
AcDb3dPolylineVertex
10
748779.09723204
20
8930152.53586259
30
186.452834018707
70
32
0
VERTEX
5
7EE
100
AcDbEntity
8
Real Hole
62
1
420
16711680
100
AcDbVertex
100
AcDb3dPolylineVertex
10
748778.897359666
20
8930152.64488175
30
185.479095825195
70
32
0
VERTEX
5
7EF
100
AcDbEntity
8
Real Hole
62
1
420
16711680
100
AcDbVertex
100
AcDb3dPolylineVertex
10
748778.697862562
20
8930152.78849908
30
184.509779342651
70
32
0
VERTEX
5
7F0
100
AcDbEntity
8
Real Hole
62
1
420
16711680
100
AcDbVertex
100
AcDb3dPolylineVertex
10
748778.481539663
20
8930152.92498871
30
183.543044933319
70
32
0
VERTEX
5
7F1
100
AcDbEntity
8
Real Hole
62
1
420
16711680
100
AcDbVertex
100
AcDb3dPolylineVertex
10
748778.278334316
20
8930153.03605607
30
182.570228466034
70
32
0
VERTEX
5
7F2
100
AcDbEntity
8
Real Hole
62
1
420
16711680
100
AcDbVertex
100
AcDb3dPolylineVertex
10
748778.037282046
20
8930153.16481998
30
181.608296760559
70
32
0
VERTEX
5
7F3
100
AcDbEntity
8
Real Hole
62
1
420
16711680
100
AcDbVertex
100
AcDb3dPolylineVertex
10
748777.770875868
20
8930153.25577154
30
180.648736366272
70
32
0
VERTEX
5
7F4
100
AcDbEntity
8
Real Hole
62
1
420
16711680
100
AcDbVertex
100
AcDb3dPolylineVertex
10
748777.64375585
20
8930153.32174876
30
180.066080459595
70
32
0
SEQEND
5
7F5
100
AcDbEntity
8
Real Hole
0
POINT
5
7F7
330
1A
100
AcDbEntity
67
0
8
Hole
62
244
420
659967
6
ByLayer
370
-1
48
1.0
60
0
100
AcDbPoint
10
748780.64999884
20
8930153.53299823
30
190.412000068665
39
0.0
210
0.0
220
0.0
230
1.0
50
360.0
0
LINE
5
7F8
330
1A
100
AcDbEntity
67
0
8
Theoretical Hole
62
244
420
659967
6
ByLayer
370
-1
48
1.0
60
0
100
AcDbLine
10
748780.64999884
20
8930153.53299823
30
190.412000068665
11
748778.385998901
21
8930154.71860233
31
179.81583965683
39
0.0
210
0.0
220
0.0
230
1.0
0
TEXT
5
7F9
330
1A
100
AcDbEntity
67
0
8
Number
62
244
420
659967
6
ByLayer
370
-1
48
1.0
60
0
100
AcDbText
1
884
10
748780.64999884
20
8930153.91399824
30
190.412000068665
40
0.3
41
1.0
50
0.0
51
0.0
7
Standard
11
748780.64999884
21
8930153.91399824
31
190.412000068665
210
0.0
220
0.0
230
1.0
72
0
100
AcDbText
73
0
0
TEXT
5
7FA
330
1A
100
AcDbEntity
67
0
8
label
62
1
420
16711680
6
ByLayer
370
-1
48
1.0
60
0
100
AcDbText
1

10
748780.64999884
20
8930154.31399824
30
190.412000068665
40
0.3
41
1.0
50
0.0
51
0.0
7
Standard
11
748780.64999884
21
8930154.31399824
31
190.412000068665
210
0.0
220
0.0
230
1.0
72
0
100
AcDbText
73
0
0
TEXT
5
7FB
330
1A
100
AcDbEntity
67
0
8
Length
62
244
420
659967
6
ByLayer
370
-1
48
1.0
60
0
100
AcDbText
1
10.90
10
748780.64999884
20
8930152.77899822
30
190.412000068665
40
0.3
41
1.0
50
0.0
51
0.0
7
Standard
11
748780.64999884
21
8930152.77899822
31
190.412000068665
210
0.0
220
0.0
230
1.0
72
0
100
AcDbText
73
0
0
POLYLINE
5
809
330
1A
100
AcDbEntity
67
0
8
Real Hole
62
1
420
16711680
6
ByLayer
370
-1
48
1.0
60
0
100
AcDb3dPolyline
10
0.0
20
0.0
30
0.0
70
8
75
0
210
0.0
220
0.0
230
1.0
0
VERTEX
5
7FC
100
AcDbEntity
8
Real Hole
62
1
420
16711680
100
AcDbVertex
100
AcDb3dPolylineVertex
10
748780.64999884
20
8930153.53299823
30
190.412000068665
70
32
0
VERTEX
5
7FD
100
AcDbEntity
8
Real Hole
62
1
420
16711680
100
AcDbVertex
100
AcDb3dPolylineVertex
10
748780.439114061
20
8930153.62950429
30
189.439264663696
70
32
0
VERTEX
5
7FE
100
AcDbEntity
8
Real Hole
62
1
420
16711680
100
AcDbVertex
100
AcDb3dPolylineVertex
10
748780.199580487
20
8930153.72159654
30
188.47275412941
70
32
0
VERTEX
5
7FF
100
AcDbEntity
8
Real Hole
62
1
420
16711680
100
AcDbVertex
100
AcDb3dPolylineVertex
10
748780.000522133
20
8930153.81924349
30
187.497643360138
70
32
0
VERTEX
5
800
100
AcDbEntity
8
Real Hole
62
1
420
16711680
100
AcDbVertex
100
AcDb3dPolylineVertex
10
748779.804015752
20
8930153.89510834
30
186.520080217361
70
32
0
VERTEX
5
801
100
AcDbEntity
8
Real Hole
62
1
420
16711680
100
AcDbVertex
100
AcDb3dPolylineVertex
10
748779.618838843
20
8930154.02342662
30
185.545788654327
70
32
0
VERTEX
5
802
100
AcDbEntity
8
Real Hole
62
1
420
16711680
100
AcDbVertex
100
AcDb3dPolylineVertex
10
748779.428523239
20
8930154.15447136
30
184.572851070404
70
32
0
VERTEX
5
803
100
AcDbEntity
8
Real Hole
62
1
420
16711680
100
AcDbVertex
100
AcDb3dPolylineVertex
10
748779.229025063
20
8930154.25276658
30
183.597895511627
70
32
0
VERTEX
5
804
100
AcDbEntity
8
Real Hole
62
1
420
16711680
100
AcDbVertex
100
AcDb3dPolylineVertex
10
748779.04612666
20
8930154.35377362
30
182.619966396332
70
32
0
VERTEX
5
805
100
AcDbEntity
8
Real Hole
62
1
420
16711680
100
AcDbVertex
100
AcDb3dPolylineVertex
10
748778.849401173
20
8930154.44070395
30
181.643369087219
70
32
0
VERTEX
5
806
100
AcDbEntity
8
Real Hole
62
1
420
16711680
100
AcDbVertex
100
AcDb3dPolylineVertex
10
748778.636402067
20
8930154.49085852
30
180.667604812622
70
32
0
VERTEX
5
807
100
AcDbEntity
8
Real Hole
62
1
420
16711680
100
AcDbVertex
100
AcDb3dPolylineVertex
10
748778.410105642
20
8930154.50628581
30
179.693668731689
70
32
0
SEQEND
5
808
100
AcDbEntity
8
Real Hole
0
POINT
5
80A
330
1A
100
AcDbEntity
67
0
8
Hole
62
244
420
659967
6
ByLayer
370
-1
48
1.0
60
0
100
AcDbPoint
10
748781.306996521
20
8930154.94300189
30
190.054999956131
39
0.0
210
0.0
220
0.0
230
1.0
50
360.0
0
LINE
5
80B
330
1A
100
AcDbEntity
67
0
8
Theoretical Hole
62
244
420
659967
6
ByLayer
370
-1
48
1.0
60
0
100
AcDbLine
10
748781.306996521
20
8930154.94300189
30
190.054999956131
11
748779.043622192
21
8930156.12827792
31
179.582145580292
39
0.0
210
0.0
220
0.0
230
1.0
0
TEXT
5
80C
330
1A
100
AcDbEntity
67
0
8
Number
62
244
420
659967
6
ByLayer
370
-1
48
1.0
60
0
100
AcDbText
1
885
10
748781.306996521
20
8930155.3240019
30
190.054999956131
40
0.3
41
1.0
50
0.0
51
0.0
7
Standard
11
748781.306996521
21
8930155.3240019
31
190.054999956131
210
0.0
220
0.0
230
1.0
72
0
100
AcDbText
73
0
0
TEXT
5
80D
330
1A
100
AcDbEntity
67
0
8
label
62
1
420
16711680
6
ByLayer
370
-1
48
1.0
60
0
100
AcDbText
1

10
748781.306996521
20
8930155.7240019
30
190.054999956131
40
0.3
41
1.0
50
0.0
51
0.0
7
Standard
11
748781.306996521
21
8930155.7240019
31
190.054999956131
210
0.0
220
0.0
230
1.0
72
0
100
AcDbText
73
0
0
TEXT
5
80E
330
1A
100
AcDbEntity
67
0
8
Length
62
244
420
659967
6
ByLayer
370
-1
48
1.0
60
0
100
AcDbText
1
10.78
10
748781.306996521
20
8930154.18900188
30
190.054999956131
40
0.3
41
1.0
50
0.0
51
0.0
7
Standard
11
748781.306996521
21
8930154.18900188
31
190.054999956131
210
0.0
220
0.0
230
1.0
72
0
100
AcDbText
73
0
0
POLYLINE
5
81C
330
1A
100
AcDbEntity
67
0
8
Real Hole
62
1
420
16711680
6
ByLayer
370
-1
48
1.0
60
0
100
AcDb3dPolyline
10
0.0
20
0.0
30
0.0
70
8
75
0
210
0.0
220
0.0
230
1.0
0
VERTEX
5
80F
100
AcDbEntity
8
Real Hole
62
1
420
16711680
100
AcDbVertex
100
AcDb3dPolylineVertex
10
748781.306996521
20
8930154.94300189
30
190.054999956131
70
32
0
VERTEX
5
810
100
AcDbEntity
8
Real Hole
62
1
420
16711680
100
AcDbVertex
100
AcDb3dPolylineVertex
10
748781.099909123
20
8930155.03882125
30
189.081381210327
70
32
0
VERTEX
5
811
100
AcDbEntity
8
Real Hole
62
1
420
16711680
100
AcDbVertex
100
AcDb3dPolylineVertex
10
748780.873943862
20
8930155.16258484
30
188.115139850616
70
32
0
VERTEX
5
812
100
AcDbEntity
8
Real Hole
62
1
420
16711680
100
AcDbVertex
100
AcDb3dPolylineVertex
10
748780.656716105
20
8930155.25694805
30
187.143590816498
70
32
0
VERTEX
5
813
100
AcDbEntity
8
Real Hole
62
1
420
16711680
100
AcDbVertex
100
AcDb3dPolylineVertex
10
748780.447244402
20
8930155.3482899
30
186.170051702499
70
32
0
VERTEX
5
814
100
AcDbEntity
8
Real Hole
62
1
420
16711680
100
AcDbVertex
100
AcDb3dPolylineVertex
10
748780.234060463
20
8930155.43012353
30
185.196472772598
70
32
0
VERTEX
5
815
100
AcDbEntity
8
Real Hole
62
1
420
16711680
100
AcDbVertex
100
AcDb3dPolylineVertex
10
748780.036876258
20
8930155.53625199
30
184.221867689133
70
32
0
VERTEX
5
816
100
AcDbEntity
8
Real Hole
62
1
420
16711680
100
AcDbVertex
100
AcDb3dPolylineVertex
10
748779.841748651
20
8930155.66128125
30
183.249091753006
70
32
0
VERTEX
5
817
100
AcDbEntity
8
Real Hole
62
1
420
16711680
100
AcDbVertex
100
AcDb3dPolylineVertex
10
748779.639969882
20
8930155.78849581
30
182.277957567215
70
32
0
VERTEX
5
818
100
AcDbEntity
8
Real Hole
62
1
420
16711680
100
AcDbVertex
100
AcDb3dPolylineVertex
10
748779.382672247
20
8930155.84927114
30
181.313538202286
70
32
0
VERTEX
5
819
100
AcDbEntity
8
Real Hole
62
1
420
16711680
100
AcDbVertex
100
AcDb3dPolylineVertex
10
748779.135758099
20
8930155.89374235
30
180.345521577835
70
32
0
VERTEX
5
81A
100
AcDbEntity
8
Real Hole
62
1
420
16711680
100
AcDbVertex
100
AcDb3dPolylineVertex
10
748779.084147867
20
8930155.89512989
30
180.152300485611
70
32
0
SEQEND
5
81B
100
AcDbEntity
8
Real Hole
0
POINT
5
81D
330
1A
100
AcDbEntity
67
0
8
Hole
62
244
420
659967
6
ByLayer
370
-1
48
1.0
60
0
100
AcDbPoint
10
748782.073002991
20
8930156.10500064
30
189.840999969482
39
0.0
210
0.0
220
0.0
230
1.0
50
360.0
0
LINE
5
81E
330
1A
100
AcDbEntity
67
0
8
Theoretical Hole
62
244
420
659967
6
ByLayer
370
-1
48
1.0
60
0
100
AcDbLine
10
748782.073002991
20
8930156.10500064
30
189.840999969482
11
748779.808751282
21
8930157.29073825
31
179.450755962372
39
0.0
210
0.0
220
0.0
230
1.0
0
TEXT
5
81F
330
1A
100
AcDbEntity
67
0
8
Number
62
244
420
659967
6
ByLayer
370
-1
48
1.0
60
0
100
AcDbText
1
886
10
748782.073002991
20
8930156.48600065
30
189.840999969482
40
0.3
41
1.0
50
0.0
51
0.0
7
Standard
11
748782.073002991
21
8930156.48600065
31
189.840999969482
210
0.0
220
0.0
230
1.0
72
0
100
AcDbText
73
0
0
TEXT
5
820
330
1A
100
AcDbEntity
67
0
8
label
62
1
420
16711680
6
ByLayer
370
-1
48
1.0
60
0
100
AcDbText
1

10
748782.073002991
20
8930156.88600065
30
189.840999969482
40
0.3
41
1.0
50
0.0
51
0.0
7
Standard
11
748782.073002991
21
8930156.88600065
31
189.840999969482
210
0.0
220
0.0
230
1.0
72
0
100
AcDbText
73
0
0
TEXT
5
821
330
1A
100
AcDbEntity
67
0
8
Length
62
244
420
659967
6
ByLayer
370
-1
48
1.0
60
0
100
AcDbText
1
10.70
10
748782.073002991
20
8930155.35100063
30
189.840999969482
40
0.3
41
1.0
50
0.0
51
0.0
7
Standard
11
748782.073002991
21
8930155.35100063
31
189.840999969482
210
0.0
220
0.0
230
1.0
72
0
100
AcDbText
73
0
0
POLYLINE
5
82E
330
1A
100
AcDbEntity
67
0
8
Real Hole
62
1
420
16711680
6
ByLayer
370
-1
48
1.0
60
0
100
AcDb3dPolyline
10
0.0
20
0.0
30
0.0
70
8
75
0
210
0.0
220
0.0
230
1.0
0
VERTEX
5
822
100
AcDbEntity
8
Real Hole
62
1
420
16711680
100
AcDbVertex
100
AcDb3dPolylineVertex
10
748782.073002991
20
8930156.10500064
30
189.840999969482
70
32
0
VERTEX
5
823
100
AcDbEntity
8
Real Hole
62
1
420
16711680
100
AcDbVertex
100
AcDb3dPolylineVertex
10
748781.882225301
20
8930156.15537069
30
188.860659846306
70
32
0
VERTEX
5
824
100
AcDbEntity
8
Real Hole
62
1
420
16711680
100
AcDbVertex
100
AcDb3dPolylineVertex
10
748781.66357207
20
8930156.24593983
30
187.889069446564
70
32
0
VERTEX
5
825
100
AcDbEntity
8
Real Hole
62
1
420
16711680
100
AcDbVertex
100
AcDb3dPolylineVertex
10
748781.43061417
20
8930156.3465566
30
186.92180169487
70
32
0
VERTEX
5
826
100
AcDbEntity
8
Real Hole
62
1
420
16711680
100
AcDbVertex
100
AcDb3dPolylineVertex
10
748781.201888677
20
8930156.43614718
30
185.952442058563
70
32
0
VERTEX
5
827
100
AcDbEntity
8
Real Hole
62
1
420
16711680
100
AcDbVertex
100
AcDb3dPolylineVertex
10
748780.971582469
20
8930156.50739482
30
184.981935390472
70
32
0
VERTEX
5
828
100
AcDbEntity
8
Real Hole
62
1
420
16711680
100
AcDbVertex
100
AcDb3dPolylineVertex
10
748780.757509765
20
8930156.62189117
30
184.011851200104
70
32
0
VERTEX
5
829
100
AcDbEntity
8
Real Hole
62
1
420
16711680
100
AcDbVertex
100
AcDb3dPolylineVertex
10
748780.519364056
20
8930156.75833371
30
183.050253757477
70
32
0
VERTEX
5
82A
100
AcDbEntity
8
Real Hole
62
1
420
16711680
100
AcDbVertex
100
AcDb3dPolylineVertex
10
748780.307383832
20
8930156.90506109
30
182.084057220459
70
32
0
VERTEX
5
82B
100
AcDbEntity
8
Real Hole
62
1
420
16711680
100
AcDbVertex
100
AcDb3dPolylineVertex
10
748780.028573688
20
8930157.00003013
30
181.128418334961
70
32
0
VERTEX
5
82C
100
AcDbEntity
8
Real Hole
62
1
420
16711680
100
AcDbVertex
100
AcDb3dPolylineVertex
10
748779.751478132
20
8930157.07293132
30
180.170345672607
70
32
0
SEQEND
5
82D
100
AcDbEntity
8
Real Hole
0
POINT
5
82F
330
1A
100
AcDbEntity
67
0
8
Hole
62
244
420
659967
6
ByLayer
370
-1
48
1.0
60
0
100
AcDbPoint
10
748783.271001038
20
8930157.67199817
30
189.676000007629
39
0.0
210
0.0
220
0.0
230
1.0
50
360.0
0
LINE
5
830
330
1A
100
AcDbEntity
67
0
8
Theoretical Hole
62
244
420
659967
6
ByLayer
370
-1
48
1.0
60
0
100
AcDbLine
10
748783.271001038
20
8930157.67199817
30
189.676000007629
11
748781.008809265
21
8930158.85665241
31
179.326377281189
39
0.0
210
0.0
220
0.0
230
1.0
0
TEXT
5
831
330
1A
100
AcDbEntity
67
0
8
Number
62
244
420
659967
6
ByLayer
370
-1
48
1.0
60
0
100
AcDbText
1
887
10
748783.271001038
20
8930158.05299818
30
189.676000007629
40
0.3
41
1.0
50
0.0
51
0.0
7
Standard
11
748783.271001038
21
8930158.05299818
31
189.676000007629
210
0.0
220
0.0
230
1.0
72
0
100
AcDbText
73
0
0
TEXT
5
832
330
1A
100
AcDbEntity
67
0
8
label
62
1
420
16711680
6
ByLayer
370
-1
48
1.0
60
0
100
AcDbText
1

10
748783.271001038
20
8930158.45299818
30
189.676000007629
40
0.3
41
1.0
50
0.0
51
0.0
7
Standard
11
748783.271001038
21
8930158.45299818
31
189.676000007629
210
0.0
220
0.0
230
1.0
72
0
100
AcDbText
73
0
0
TEXT
5
833
330
1A
100
AcDbEntity
67
0
8
Length
62
244
420
659967
6
ByLayer
370
-1
48
1.0
60
0
100
AcDbText
1
10.66
10
748783.271001038
20
8930156.91799816
30
189.676000007629
40
0.3
41
1.0
50
0.0
51
0.0
7
Standard
11
748783.271001038
21
8930156.91799816
31
189.676000007629
210
0.0
220
0.0
230
1.0
72
0
100
AcDbText
73
0
0
POLYLINE
5
83F
330
1A
100
AcDbEntity
67
0
8
Real Hole
62
1
420
16711680
6
ByLayer
370
-1
48
1.0
60
0
100
AcDb3dPolyline
10
0.0
20
0.0
30
0.0
70
8
75
0
210
0.0
220
0.0
230
1.0
0
VERTEX
5
834
100
AcDbEntity
8
Real Hole
62
1
420
16711680
100
AcDbVertex
100
AcDb3dPolylineVertex
10
748783.271001038
20
8930157.67199817
30
189.676000007629
70
32
0
VERTEX
5
835
100
AcDbEntity
8
Real Hole
62
1
420
16711680
100
AcDbVertex
100
AcDb3dPolylineVertex
10
748782.981194642
20
8930157.77536463
30
188.724512943268
70
32
0
VERTEX
5
836
100
AcDbEntity
8
Real Hole
62
1
420
16711680
100
AcDbVertex
100
AcDb3dPolylineVertex
10
748782.670426783
20
8930157.86960537
30
187.778710612297
70
32
0
VERTEX
5
837
100
AcDbEntity
8
Real Hole
62
1
420
16711680
100
AcDbVertex
100
AcDb3dPolylineVertex
10
748782.400559899
20
8930157.95087751
30
186.819249042511
70
32
0
VERTEX
5
838
100
AcDbEntity
8
Real Hole
62
1
420
16711680
100
AcDbVertex
100
AcDb3dPolylineVertex
10
748782.109714922
20
8930158.0347706
30
185.866163858414
70
32
0
VERTEX
5
839
100
AcDbEntity
8
Real Hole
62
1
420
16711680
100
AcDbVertex
100
AcDb3dPolylineVertex
10
748781.860351142
20
8930158.10345679
30
184.90019310379
70
32
0
VERTEX
5
83A
100
AcDbEntity
8
Real Hole
62
1
420
16711680
100
AcDbVertex
100
AcDb3dPolylineVertex
10
748781.636336621
20
8930158.20300707
30
183.930704959869
70
32
0
VERTEX
5
83B
100
AcDbEntity
8
Real Hole
62
1
420
16711680
100
AcDbVertex
100
AcDb3dPolylineVertex
10
748781.395181712
20
8930158.33193418
30
182.968819984436
70
32
0
VERTEX
5
83C
100
AcDbEntity
8
Real Hole
62
1
420
16711680
100
AcDbVertex
100
AcDb3dPolylineVertex
10
748781.154062208
20
8930158.46057173
30
182.006887802124
70
32
0
VERTEX
5
83D
100
AcDbEntity
8
Real Hole
62
1
420
16711680
100
AcDbVertex
100
AcDb3dPolylineVertex
10
748780.932747063
20
8930158.56822773
30
181.141191848755
70
32
0
SEQEND
5
83E
100
AcDbEntity
8
Real Hole
0
POINT
5
840
330
1A
100
AcDbEntity
67
0
8
Hole
62
244
420
659967
6
ByLayer
370
-1
48
1.0
60
0
100
AcDbPoint
10
748783.620000061
20
8930158.81099811
30
189.505999931335
39
0.0
210
0.0
220
0.0
230
1.0
50
360.0
0
LINE
5
841
330
1A
100
AcDbEntity
67
0
8
Theoretical Hole
62
244
420
659967
6
ByLayer
370
-1
48
1.0
60
0
100
AcDbLine
10
748783.620000061
20
8930158.81099811
30
189.505999931335
11
748781.356885132
21
8930159.99614063
31
178.930170425415
39
0.0
210
0.0
220
0.0
230
1.0
0
TEXT
5
842
330
1A
100
AcDbEntity
67
0
8
Number
62
244
420
659967
6
ByLayer
370
-1
48
1.0
60
0
100
AcDbText
1
888
10
748783.620000061
20
8930159.19199812
30
189.505999931335
40
0.3
41
1.0
50
0.0
51
0.0
7
Standard
11
748783.620000061
21
8930159.19199812
31
189.505999931335
210
0.0
220
0.0
230
1.0
72
0
100
AcDbText
73
0
0
TEXT
5
843
330
1A
100
AcDbEntity
67
0
8
label
62
1
420
16711680
6
ByLayer
370
-1
48
1.0
60
0
100
AcDbText
1

10
748783.620000061
20
8930159.59199812
30
189.505999931335
40
0.3
41
1.0
50
0.0
51
0.0
7
Standard
11
748783.620000061
21
8930159.59199812
31
189.505999931335
210
0.0
220
0.0
230
1.0
72
0
100
AcDbText
73
0
0
TEXT
5
844
330
1A
100
AcDbEntity
67
0
8
Length
62
244
420
659967
6
ByLayer
370
-1
48
1.0
60
0
100
AcDbText
1
10.88
10
748783.620000061
20
8930158.0569981
30
189.505999931335
40
0.3
41
1.0
50
0.0
51
0.0
7
Standard
11
748783.620000061
21
8930158.0569981
31
189.505999931335
210
0.0
220
0.0
230
1.0
72
0
100
AcDbText
73
0
0
POLYLINE
5
852
330
1A
100
AcDbEntity
67
0
8
Real Hole
62
1
420
16711680
6
ByLayer
370
-1
48
1.0
60
0
100
AcDb3dPolyline
10
0.0
20
0.0
30
0.0
70
8
75
0
210
0.0
220
0.0
230
1.0
0
VERTEX
5
845
100
AcDbEntity
8
Real Hole
62
1
420
16711680
100
AcDbVertex
100
AcDb3dPolylineVertex
10
748783.620000061
20
8930158.81099811
30
189.505999931335
70
32
0
VERTEX
5
846
100
AcDbEntity
8
Real Hole
62
1
420
16711680
100
AcDbVertex
100
AcDb3dPolylineVertex
10
748783.389126253
20
8930158.88383668
30
188.535746463776
70
32
0
VERTEX
5
847
100
AcDbEntity
8
Real Hole
62
1
420
16711680
100
AcDbVertex
100
AcDb3dPolylineVertex
10
748783.13809171
20
8930158.96993185
30
187.571604737282
70
32
0
VERTEX
5
848
100
AcDbEntity
8
Real Hole
62
1
420
16711680
100
AcDbVertex
100
AcDb3dPolylineVertex
10
748782.91641545
20
8930159.04630443
30
186.599479803085
70
32
0
VERTEX
5
849
100
AcDbEntity
8
Real Hole
62
1
420
16711680
100
AcDbVertex
100
AcDb3dPolylineVertex
10
748782.701513049
20
8930159.12147799
30
185.625741609573
70
32
0
VERTEX
5
84A
100
AcDbEntity
8
Real Hole
62
1
420
16711680
100
AcDbVertex
100
AcDb3dPolylineVertex
10
748782.458158668
20
8930159.17271649
30
184.657158740997
70
32
0
VERTEX
5
84B
100
AcDbEntity
8
Real Hole
62
1
420
16711680
100
AcDbVertex
100
AcDb3dPolylineVertex
10
748782.220544752
20
8930159.26321494
30
183.690023788452
70
32
0
VERTEX
5
84C
100
AcDbEntity
8
Real Hole
62
1
420
16711680
100
AcDbVertex
100
AcDb3dPolylineVertex
10
748781.988592204
20
8930159.37689742
30
182.723962673187
70
32
0
VERTEX
5
84D
100
AcDbEntity
8
Real Hole
62
1
420
16711680
100
AcDbVertex
100
AcDb3dPolylineVertex
10
748781.745732602
20
8930159.46137502
30
181.757586368561
70
32
0
VERTEX
5
84E
100
AcDbEntity
8
Real Hole
62
1
420
16711680
100
AcDbVertex
100
AcDb3dPolylineVertex
10
748781.464896378
20
8930159.51647296
30
180.799414047241
70
32
0
VERTEX
5
84F
100
AcDbEntity
8
Real Hole
62
1
420
16711680
100
AcDbVertex
100
AcDb3dPolylineVertex
10
748781.184415516
20
8930159.60961333
30
179.844083198547
70
32
0
VERTEX
5
850
100
AcDbEntity
8
Real Hole
62
1
420
16711680
100
AcDbVertex
100
AcDb3dPolylineVertex
10
748781.156049665
20
8930159.61814519
30
179.748571762085
70
32
0
SEQEND
5
851
100
AcDbEntity
8
Real Hole
0
POINT
5
853
330
1A
100
AcDbEntity
67
0
8
Hole
62
244
420
659967
6
ByLayer
370
-1
48
1.0
60
0
100
AcDbPoint
10
748784.403996643
20
8930160.0890018
30
189.514999994278
39
0.0
210
0.0
220
0.0
230
1.0
50
360.0
0
LINE
5
854
330
1A
100
AcDbEntity
67
0
8
Theoretical Hole
62
244
420
659967
6
ByLayer
370
-1
48
1.0
60
0
100
AcDbLine
10
748784.403996643
20
8930160.0890018
30
189.514999994278
11
748782.1573078
21
8930161.24116626
31
179.086299308777
39
0.0
210
0.0
220
0.0
230
1.0
0
TEXT
5
855
330
1A
100
AcDbEntity
67
0
8
Number
62
244
420
659967
6
ByLayer
370
-1
48
1.0
60
0
100
AcDbText
1
889
10
748784.403996643
20
8930160.47000181
30
189.514999994278
40
0.3
41
1.0
50
0.0
51
0.0
7
Standard
11
748784.403996643
21
8930160.47000181
31
189.514999994278
210
0.0
220
0.0
230
1.0
72
0
100
AcDbText
73
0
0
TEXT
5
856
330
1A
100
AcDbEntity
67
0
8
label
62
1
420
16711680
6
ByLayer
370
-1
48
1.0
60
0
100
AcDbText
1

10
748784.403996643
20
8930160.87000181
30
189.514999994278
40
0.3
41
1.0
50
0.0
51
0.0
7
Standard
11
748784.403996643
21
8930160.87000181
31
189.514999994278
210
0.0
220
0.0
230
1.0
72
0
100
AcDbText
73
0
0
TEXT
5
857
330
1A
100
AcDbEntity
67
0
8
Length
62
244
420
659967
6
ByLayer
370
-1
48
1.0
60
0
100
AcDbText
1
10.73
10
748784.403996643
20
8930159.33500179
30
189.514999994278
40
0.3
41
1.0
50
0.0
51
0.0
7
Standard
11
748784.403996643
21
8930159.33500179
31
189.514999994278
210
0.0
220
0.0
230
1.0
72
0
100
AcDbText
73
0
0
POLYLINE
5
864
330
1A
100
AcDbEntity
67
0
8
Real Hole
62
1
420
16711680
6
ByLayer
370
-1
48
1.0
60
0
100
AcDb3dPolyline
10
0.0
20
0.0
30
0.0
70
8
75
0
210
0.0
220
0.0
230
1.0
0
VERTEX
5
858
100
AcDbEntity
8
Real Hole
62
1
420
16711680
100
AcDbVertex
100
AcDb3dPolylineVertex
10
748784.403996643
20
8930160.0890018
30
189.514999994278
70
32
0
VERTEX
5
859
100
AcDbEntity
8
Real Hole
62
1
420
16711680
100
AcDbVertex
100
AcDb3dPolylineVertex
10
748784.169054311
20
8930160.17054168
30
188.546416827679
70
32
0
VERTEX
5
85A
100
AcDbEntity
8
Real Hole
62
1
420
16711680
100
AcDbVertex
100
AcDb3dPolylineVertex
10
748783.919973698
20
8930160.26213616
30
187.58227504158
70
32
0
VERTEX
5
85B
100
AcDbEntity
8
Real Hole
62
1
420
16711680
100
AcDbVertex
100
AcDb3dPolylineVertex
10
748783.67814475
20
8930160.3412247
30
186.615184673309
70
32
0
VERTEX
5
85C
100
AcDbEntity
8
Real Hole
62
1
420
16711680
100
AcDbVertex
100
AcDb3dPolylineVertex
10
748783.440002974
20
8930160.39010819
30
185.645185359955
70
32
0
VERTEX
5
85D
100
AcDbEntity
8
Real Hole
62
1
420
16711680
100
AcDbVertex
100
AcDb3dPolylineVertex
10
748783.209759172
20
8930160.44186926
30
184.673430093765
70
32
0
VERTEX
5
85E
100
AcDbEntity
8
Real Hole
62
1
420
16711680
100
AcDbVertex
100
AcDb3dPolylineVertex
10
748782.96723133
20
8930160.52780059
30
183.707098611832
70
32
0
VERTEX
5
85F
100
AcDbEntity
8
Real Hole
62
1
420
16711680
100
AcDbVertex
100
AcDb3dPolylineVertex
10
748782.727391776
20
8930160.62097278
30
182.740767606735
70
32
0
VERTEX
5
860
100
AcDbEntity
8
Real Hole
62
1
420
16711680
100
AcDbVertex
100
AcDb3dPolylineVertex
10
748782.491784986
20
8930160.71967426
30
181.773944028854
70
32
0
VERTEX
5
861
100
AcDbEntity
8
Real Hole
62
1
420
16711680
100
AcDbVertex
100
AcDb3dPolylineVertex
10
748782.216446814
20
8930160.77985862
30
180.814482339859
70
32
0
VERTEX
5
862
100
AcDbEntity
8
Real Hole
62
1
420
16711680
100
AcDbVertex
100
AcDb3dPolylineVertex
10
748782.043352779
20
8930160.8081108
30
180.13680995369
70
32
0
SEQEND
5
863
100
AcDbEntity
8
Real Hole
0
POINT
5
865
330
1A
100
AcDbEntity
67
0
8
Hole
62
244
420
659967
6
ByLayer
370
-1
48
1.0
60
0
100
AcDbPoint
10
748785.028996643
20
8930161.10500064
30
189.630000003815
39
0.0
210
0.0
220
0.0
230
1.0
50
360.0
0
LINE
5
866
330
1A
100
AcDbEntity
67
0
8
Theoretical Hole
62
244
420
659967
6
ByLayer
370
-1
48
1.0
60
0
100
AcDbLine
10
748785.028996643
20
8930161.10500064
30
189.630000003815
11
748782.716710266
21
8930162.10561481
31
179.395561584473
39
0.0
210
0.0
220
0.0
230
1.0
0
TEXT
5
867
330
1A
100
AcDbEntity
67
0
8
Number
62
244
420
659967
6
ByLayer
370
-1
48
1.0
60
0
100
AcDbText
1
890
10
748785.028996643
20
8930161.48600065
30
189.630000003815
40
0.3
41
1.0
50
0.0
51
0.0
7
Standard
11
748785.028996643
21
8930161.48600065
31
189.630000003815
210
0.0
220
0.0
230
1.0
72
0
100
AcDbText
73
0
0
TEXT
5
868
330
1A
100
AcDbEntity
67
0
8
label
62
1
420
16711680
6
ByLayer
370
-1
48
1.0
60
0
100
AcDbText
1

10
748785.028996643
20
8930161.88600065
30
189.630000003815
40
0.3
41
1.0
50
0.0
51
0.0
7
Standard
11
748785.028996643
21
8930161.88600065
31
189.630000003815
210
0.0
220
0.0
230
1.0
72
0
100
AcDbText
73
0
0
TEXT
5
869
330
1A
100
AcDbEntity
67
0
8
Length
62
244
420
659967
6
ByLayer
370
-1
48
1.0
60
0
100
AcDbText
1
10.54
10
748785.028996643
20
8930160.35100063
30
189.630000003815
40
0.3
41
1.0
50
0.0
51
0.0
7
Standard
11
748785.028996643
21
8930160.35100063
31
189.630000003815
210
0.0
220
0.0
230
1.0
72
0
100
AcDbText
73
0
0
POLYLINE
5
876
330
1A
100
AcDbEntity
67
0
8
Real Hole
62
1
420
16711680
6
ByLayer
370
-1
48
1.0
60
0
100
AcDb3dPolyline
10
0.0
20
0.0
30
0.0
70
8
75
0
210
0.0
220
0.0
230
1.0
0
VERTEX
5
86A
100
AcDbEntity
8
Real Hole
62
1
420
16711680
100
AcDbVertex
100
AcDb3dPolylineVertex
10
748785.028996643
20
8930161.10500064
30
189.630000003815
70
32
0
VERTEX
5
86B
100
AcDbEntity
8
Real Hole
62
1
420
16711680
100
AcDbVertex
100
AcDb3dPolylineVertex
10
748784.681217697
20
8930161.1979926
30
188.697046467304
70
32
0
VERTEX
5
86C
100
AcDbEntity
8
Real Hole
62
1
420
16711680
100
AcDbVertex
100
AcDb3dPolylineVertex
10
748784.314506706
20
8930161.29167047
30
187.771439918518
70
32
0
VERTEX
5
86D
100
AcDbEntity
8
Real Hole
62
1
420
16711680
100
AcDbVertex
100
AcDb3dPolylineVertex
10
748783.947950539
20
8930161.37199473
30
186.844517835617
70
32
0
VERTEX
5
86E
100
AcDbEntity
8
Real Hole
62
1
420
16711680
100
AcDbVertex
100
AcDb3dPolylineVertex
10
748783.589325603
20
8930161.41165062
30
185.911878713608
70
32
0
VERTEX
5
86F
100
AcDbEntity
8
Real Hole
62
1
420
16711680
100
AcDbVertex
100
AcDb3dPolylineVertex
10
748783.29090434
20
8930161.45715567
30
184.958529838562
70
32
0
VERTEX
5
870
100
AcDbEntity
8
Real Hole
62
1
420
16711680
100
AcDbVertex
100
AcDb3dPolylineVertex
10
748782.952983555
20
8930161.50314471
30
184.01847971344
70
32
0
VERTEX
5
871
100
AcDbEntity
8
Real Hole
62
1
420
16711680
100
AcDbVertex
100
AcDb3dPolylineVertex
10
748782.596505102
20
8930161.55096247
30
183.085400470734
70
32
0
VERTEX
5
872
100
AcDbEntity
8
Real Hole
62
1
420
16711680
100
AcDbVertex
100
AcDb3dPolylineVertex
10
748782.250154194
20
8930161.58877179
30
182.148057826996
70
32
0
VERTEX
5
873
100
AcDbEntity
8
Real Hole
62
1
420
16711680
100
AcDbVertex
100
AcDb3dPolylineVertex
10
748781.904217419
20
8930161.62879809
30
181.210654148102
70
32
0
VERTEX
5
874
100
AcDbEntity
8
Real Hole
62
1
420
16711680
100
AcDbVertex
100
AcDb3dPolylineVertex
10
748781.640642342
20
8930161.66256275
30
180.456075557709
70
32
0
SEQEND
5
875
100
AcDbEntity
8
Real Hole
0
POINT
5
877
330
1A
100
AcDbEntity
67
0
8
Hole
62
244
420
659967
6
ByLayer
370
-1
48
1.0
60
0
100
AcDbPoint
10
748785.283002075
20
8930162.6800014
30
189.685999998093
39
0.0
210
0.0
220
0.0
230
1.0
50
360.0
0
LINE
5
878
330
1A
100
AcDbEntity
67
0
8
Theoretical Hole
62
244
420
659967
6
ByLayer
370
-1
48
1.0
60
0
100
AcDbLine
10
748785.283002075
20
8930162.6800014
30
189.685999998093
11
748782.832554993
21
8930163.3517467
31
179.086280235291
39
0.0
210
0.0
220
0.0
230
1.0
0
TEXT
5
879
330
1A
100
AcDbEntity
67
0
8
Number
62
244
420
659967
6
ByLayer
370
-1
48
1.0
60
0
100
AcDbText
1
891
10
748785.283002075
20
8930163.06100142
30
189.685999998093
40
0.3
41
1.0
50
0.0
51
0.0
7
Standard
11
748785.283002075
21
8930163.06100142
31
189.685999998093
210
0.0
220
0.0
230
1.0
72
0
100
AcDbText
73
0
0
TEXT
5
87A
330
1A
100
AcDbEntity
67
0
8
label
62
1
420
16711680
6
ByLayer
370
-1
48
1.0
60
0
100
AcDbText
1

10
748785.283002075
20
8930163.46100142
30
189.685999998093
40
0.3
41
1.0
50
0.0
51
0.0
7
Standard
11
748785.283002075
21
8930163.46100142
31
189.685999998093
210
0.0
220
0.0
230
1.0
72
0
100
AcDbText
73
0
0
TEXT
5
87B
330
1A
100
AcDbEntity
67
0
8
Length
62
244
420
659967
6
ByLayer
370
-1
48
1.0
60
0
100
AcDbText
1
10.90
10
748785.283002075
20
8930161.9260014
30
189.685999998093
40
0.3
41
1.0
50
0.0
51
0.0
7
Standard
11
748785.283002075
21
8930161.9260014
31
189.685999998093
210
0.0
220
0.0
230
1.0
72
0
100
AcDbText
73
0
0
POLYLINE
5
888
330
1A
100
AcDbEntity
67
0
8
Real Hole
62
1
420
16711680
6
ByLayer
370
-1
48
1.0
60
0
100
AcDb3dPolyline
10
0.0
20
0.0
30
0.0
70
8
75
0
210
0.0
220
0.0
230
1.0
0
VERTEX
5
87C
100
AcDbEntity
8
Real Hole
62
1
420
16711680
100
AcDbVertex
100
AcDb3dPolylineVertex
10
748785.283002075
20
8930162.6800014
30
189.685999998093
70
32
0
VERTEX
5
87D
100
AcDbEntity
8
Real Hole
62
1
420
16711680
100
AcDbVertex
100
AcDb3dPolylineVertex
10
748785.024393406
20
8930162.79330743
30
188.726686009407
70
32
0
VERTEX
5
87E
100
AcDbEntity
8
Real Hole
62
1
420
16711680
100
AcDbVertex
100
AcDb3dPolylineVertex
10
748784.735896405
20
8930162.87201489
30
187.772445687294
70
32
0
VERTEX
5
87F
100
AcDbEntity
8
Real Hole
62
1
420
16711680
100
AcDbVertex
100
AcDb3dPolylineVertex
10
748784.421968099
20
8930162.91702897
30
186.824066766739
70
32
0
VERTEX
5
880
100
AcDbEntity
8
Real Hole
62
1
420
16711680
100
AcDbVertex
100
AcDb3dPolylineVertex
10
748784.136557874
20
8930162.97967606
30
185.867710956573
70
32
0
VERTEX
5
881
100
AcDbEntity
8
Real Hole
62
1
420
16711680
100
AcDbVertex
100
AcDb3dPolylineVertex
10
748783.852237996
20
8930163.00760391
30
184.90938819313
70
32
0
VERTEX
5
882
100
AcDbEntity
8
Real Hole
62
1
420
16711680
100
AcDbVertex
100
AcDb3dPolylineVertex
10
748783.565210637
20
8930163.08725765
30
183.954783567429
70
32
0
VERTEX
5
883
100
AcDbEntity
8
Real Hole
62
1
420
16711680
100
AcDbVertex
100
AcDb3dPolylineVertex
10
748783.250759539
20
8930163.14809605
30
183.007461198807
70
32
0
VERTEX
5
884
100
AcDbEntity
8
Real Hole
62
1
420
16711680
100
AcDbVertex
100
AcDb3dPolylineVertex
10
748782.949927267
20
8930163.19542035
30
182.054958948135
70
32
0
VERTEX
5
885
100
AcDbEntity
8
Real Hole
62
1
420
16711680
100
AcDbVertex
100
AcDb3dPolylineVertex
10
748782.65714496
20
8930163.30227378
30
181.104768880844
70
32
0
VERTEX
5
886
100
AcDbEntity
8
Real Hole
62
1
420
16711680
100
AcDbVertex
100
AcDb3dPolylineVertex
10
748782.335164961
20
8930163.42003795
30
180.165375837326
70
32
0
SEQEND
5
887
100
AcDbEntity
8
Real Hole
0
POINT
5
889
330
1A
100
AcDbEntity
67
0
8
Hole
62
244
420
659967
6
ByLayer
370
-1
48
1.0
60
0
100
AcDbPoint
10
748785.842999634
20
8930164.58299937
30
189.695000061035
39
0.0
210
0.0
220
0.0
230
1.0
50
360.0
0
LINE
5
88A
330
1A
100
AcDbEntity
67
0
8
Theoretical Hole
62
244
420
659967
6
ByLayer
370
-1
48
1.0
60
0
100
AcDbLine
10
748785.842999634
20
8930164.58299937
30
189.695000061035
11
748783.320820984
21
8930165.01774898
31
178.935205825806
39
0.0
210
0.0
220
0.0
230
1.0
0
TEXT
5
88B
330
1A
100
AcDbEntity
67
0
8
Number
62
244
420
659967
6
ByLayer
370
-1
48
1.0
60
0
100
AcDbText
1
892
10
748785.842999634
20
8930164.96399939
30
189.695000061035
40
0.3
41
1.0
50
0.0
51
0.0
7
Standard
11
748785.842999634
21
8930164.96399939
31
189.695000061035
210
0.0
220
0.0
230
1.0
72
0
100
AcDbText
73
0
0
TEXT
5
88C
330
1A
100
AcDbEntity
67
0
8
label
62
1
420
16711680
6
ByLayer
370
-1
48
1.0
60
0
100
AcDbText
1

10
748785.842999634
20
8930165.36399939
30
189.695000061035
40
0.3
41
1.0
50
0.0
51
0.0
7
Standard
11
748785.842999634
21
8930165.36399939
31
189.695000061035
210
0.0
220
0.0
230
1.0
72
0
100
AcDbText
73
0
0
TEXT
5
88D
330
1A
100
AcDbEntity
67
0
8
Length
62
244
420
659967
6
ByLayer
370
-1
48
1.0
60
0
100
AcDbText
1
11.06
10
748785.842999634
20
8930163.82899937
30
189.695000061035
40
0.3
41
1.0
50
0.0
51
0.0
7
Standard
11
748785.842999634
21
8930163.82899937
31
189.695000061035
210
0.0
220
0.0
230
1.0
72
0
100
AcDbText
73
0
0
POLYLINE
5
89A
330
1A
100
AcDbEntity
67
0
8
Real Hole
62
1
420
16711680
6
ByLayer
370
-1
48
1.0
60
0
100
AcDb3dPolyline
10
0.0
20
0.0
30
0.0
70
8
75
0
210
0.0
220
0.0
230
1.0
0
VERTEX
5
88E
100
AcDbEntity
8
Real Hole
62
1
420
16711680
100
AcDbVertex
100
AcDb3dPolylineVertex
10
748785.842999634
20
8930164.58299937
30
189.695000061035
70
32
0
VERTEX
5
88F
100
AcDbEntity
8
Real Hole
62
1
420
16711680
100
AcDbVertex
100
AcDb3dPolylineVertex
10
748785.537196365
20
8930164.6423308
30
188.744755813122
70
32
0
VERTEX
5
890
100
AcDbEntity
8
Real Hole
62
1
420
16711680
100
AcDbVertex
100
AcDb3dPolylineVertex
10
748785.212933954
20
8930164.68496313
30
187.799749740601
70
32
0
VERTEX
5
891
100
AcDbEntity
8
Real Hole
62
1
420
16711680
100
AcDbVertex
100
AcDb3dPolylineVertex
10
748784.891429302
20
8930164.69298893
30
186.852875837326
70
32
0
VERTEX
5
892
100
AcDbEntity
8
Real Hole
62
1
420
16711680
100
AcDbVertex
100
AcDb3dPolylineVertex
10
748784.560514029
20
8930164.68513278
30
185.909248003006
70
32
0
VERTEX
5
893
100
AcDbEntity
8
Real Hole
62
1
420
16711680
100
AcDbVertex
100
AcDb3dPolylineVertex
10
748784.246672448
20
8930164.66032274
30
184.960096725464
70
32
0
VERTEX
5
894
100
AcDbEntity
8
Real Hole
62
1
420
16711680
100
AcDbVertex
100
AcDb3dPolylineVertex
10
748783.900724467
20
8930164.66225494
30
184.021845230103
70
32
0
VERTEX
5
895
100
AcDbEntity
8
Real Hole
62
1
420
16711680
100
AcDbVertex
100
AcDb3dPolylineVertex
10
748783.570774731
20
8930164.68156866
30
183.078044303894
70
32
0
VERTEX
5
896
100
AcDbEntity
8
Real Hole
62
1
420
16711680
100
AcDbVertex
100
AcDb3dPolylineVertex
10
748783.216194328
20
8930164.70369063
30
182.143280395508
70
32
0
VERTEX
5
897
100
AcDbEntity
8
Real Hole
62
1
420
16711680
100
AcDbVertex
100
AcDb3dPolylineVertex
10
748782.875296291
20
8930164.71803812
30
181.203289398193
70
32
0
VERTEX
5
898
100
AcDbEntity
8
Real Hole
62
1
420
16711680
100
AcDbVertex
100
AcDb3dPolylineVertex
10
748782.562342342
20
8930164.72841984
30
180.359517463684
70
32
0
SEQEND
5
899
100
AcDbEntity
8
Real Hole
0
POINT
5
89B
330
1A
100
AcDbEntity
67
0
8
Hole
62
244
420
659967
6
ByLayer
370
-1
48
1.0
60
0
100
AcDbPoint
10
748785.897999939
20
8930165.65000072
30
189.780000099182
39
0.0
210
0.0
220
0.0
230
1.0
50
360.0
0
LINE
5
89C
330
1A
100
AcDbEntity
67
0
8
Theoretical Hole
62
244
420
659967
6
ByLayer
370
-1
48
1.0
60
0
100
AcDbLine
10
748785.897999939
20
8930165.65000072
30
189.780000099182
11
748783.35854834
21
8930165.95415988
31
179.060902008057
39
0.0
210
0.0
220
0.0
230
1.0
0
TEXT
5
89D
330
1A
100
AcDbEntity
67
0
8
Number
62
244
420
659967
6
ByLayer
370
-1
48
1.0
60
0
100
AcDbText
1
893
10
748785.897999939
20
8930166.03100073
30
189.780000099182
40
0.3
41
1.0
50
0.0
51
0.0
7
Standard
11
748785.897999939
21
8930166.03100073
31
189.780000099182
210
0.0
220
0.0
230
1.0
72
0
100
AcDbText
73
0
0
TEXT
5
89E
330
1A
100
AcDbEntity
67
0
8
label
62
1
420
16711680
6
ByLayer
370
-1
48
1.0
60
0
100
AcDbText
1

10
748785.897999939
20
8930166.43100073
30
189.780000099182
40
0.3
41
1.0
50
0.0
51
0.0
7
Standard
11
748785.897999939
21
8930166.43100073
31
189.780000099182
210
0.0
220
0.0
230
1.0
72
0
100
AcDbText
73
0
0
TEXT
5
89F
330
1A
100
AcDbEntity
67
0
8
Length
62
244
420
659967
6
ByLayer
370
-1
48
1.0
60
0
100
AcDbText
1
11.02
10
748785.897999939
20
8930164.89600071
30
189.780000099182
40
0.3
41
1.0
50
0.0
51
0.0
7
Standard
11
748785.897999939
21
8930164.89600071
31
189.780000099182
210
0.0
220
0.0
230
1.0
72
0
100
AcDbText
73
0
0
POLYLINE
5
8AC
330
1A
100
AcDbEntity
67
0
8
Real Hole
62
1
420
16711680
6
ByLayer
370
-1
48
1.0
60
0
100
AcDb3dPolyline
10
0.0
20
0.0
30
0.0
70
8
75
0
210
0.0
220
0.0
230
1.0
0
VERTEX
5
8A0
100
AcDbEntity
8
Real Hole
62
1
420
16711680
100
AcDbVertex
100
AcDb3dPolylineVertex
10
748785.897999939
20
8930165.65000072
30
189.780000099182
70
32
0
VERTEX
5
8A1
100
AcDbEntity
8
Real Hole
62
1
420
16711680
100
AcDbVertex
100
AcDb3dPolylineVertex
10
748785.59744927
20
8930165.60754704
30
188.827179559708
70
32
0
VERTEX
5
8A2
100
AcDbEntity
8
Real Hole
62
1
420
16711680
100
AcDbVertex
100
AcDb3dPolylineVertex
10
748785.278340754
20
8930165.57327515
30
187.88008130455
70
32
0
VERTEX
5
8A3
100
AcDbEntity
8
Real Hole
62
1
420
16711680
100
AcDbVertex
100
AcDb3dPolylineVertex
10
748784.961869534
20
8930165.49898927
30
186.934392341614
70
32
0
VERTEX
5
8A4
100
AcDbEntity
8
Real Hole
62
1
420
16711680
100
AcDbVertex
100
AcDb3dPolylineVertex
10
748784.644344744
20
8930165.42632462
30
185.988930591583
70
32
0
VERTEX
5
8A5
100
AcDbEntity
8
Real Hole
62
1
420
16711680
100
AcDbVertex
100
AcDb3dPolylineVertex
10
748784.343476352
20
8930165.33766001
30
185.039395698547
70
32
0
VERTEX
5
8A6
100
AcDbEntity
8
Real Hole
62
1
420
16711680
100
AcDbVertex
100
AcDb3dPolylineVertex
10
748784.03805798
20
8930165.29402935
30
184.088177570343
70
32
0
VERTEX
5
8A7
100
AcDbEntity
8
Real Hole
62
1
420
16711680
100
AcDbVertex
100
AcDb3dPolylineVertex
10
748783.700637278
20
8930165.24450418
30
183.148126968384
70
32
0
VERTEX
5
8A8
100
AcDbEntity
8
Real Hole
62
1
420
16711680
100
AcDbVertex
100
AcDb3dPolylineVertex
10
748783.353450951
20
8930165.21535021
30
182.210784324646
70
32
0
VERTEX
5
8A9
100
AcDbEntity
8
Real Hole
62
1
420
16711680
100
AcDbVertex
100
AcDb3dPolylineVertex
10
748783.022976574
20
8930165.15141168
30
181.269137748718
70
32
0
VERTEX
5
8AA
100
AcDbEntity
8
Real Hole
62
1
420
16711680
100
AcDbVertex
100
AcDb3dPolylineVertex
10
748782.89166325
20
8930165.13298019
30
180.891755470276
70
32
0
SEQEND
5
8AB
100
AcDbEntity
8
Real Hole
0
POINT
5
8AD
330
1A
100
AcDbEntity
67
0
8
Hole
62
244
420
659967
6
ByLayer
370
-1
48
1.0
60
0
100
AcDbPoint
10
748786.130002197
20
8930167.34800067
30
189.77199996376
39
0.0
210
0.0
220
0.0
230
1.0
50
360.0
0
LINE
5
8AE
330
1A
100
AcDbEntity
67
0
8
Theoretical Hole
62
244
420
659967
6
ByLayer
370
-1
48
1.0
60
0
100
AcDbLine
10
748786.130002197
20
8930167.34800067
30
189.77199996376
11
748783.6001026
21
8930167.63490405
31
178.916594871521
39
0.0
210
0.0
220
0.0
230
1.0
0
TEXT
5
8AF
330
1A
100
AcDbEntity
67
0
8
Number
62
244
420
659967
6
ByLayer
370
-1
48
1.0
60
0
100
AcDbText
1
894
10
748786.130002197
20
8930167.72900068
30
189.77199996376
40
0.3
41
1.0
50
0.0
51
0.0
7
Standard
11
748786.130002197
21
8930167.72900068
31
189.77199996376
210
0.0
220
0.0
230
1.0
72
0
100
AcDbText
73
0
0
TEXT
5
8B0
330
1A
100
AcDbEntity
67
0
8
label
62
1
420
16711680
6
ByLayer
370
-1
48
1.0
60
0
100
AcDbText
1

10
748786.130002197
20
8930168.12900068
30
189.77199996376
40
0.3
41
1.0
50
0.0
51
0.0
7
Standard
11
748786.130002197
21
8930168.12900068
31
189.77199996376
210
0.0
220
0.0
230
1.0
72
0
100
AcDbText
73
0
0
TEXT
5
8B1
330
1A
100
AcDbEntity
67
0
8
Length
62
244
420
659967
6
ByLayer
370
-1
48
1.0
60
0
100
AcDbText
1
11.15
10
748786.130002197
20
8930166.59400066
30
189.77199996376
40
0.3
41
1.0
50
0.0
51
0.0
7
Standard
11
748786.130002197
21
8930166.59400066
31
189.77199996376
210
0.0
220
0.0
230
1.0
72
0
100
AcDbText
73
0
0
POLYLINE
5
8BD
330
1A
100
AcDbEntity
67
0
8
Real Hole
62
1
420
16711680
6
ByLayer
370
-1
48
1.0
60
0
100
AcDb3dPolyline
10
0.0
20
0.0
30
0.0
70
8
75
0
210
0.0
220
0.0
230
1.0
0
VERTEX
5
8B2
100
AcDbEntity
8
Real Hole
62
1
420
16711680
100
AcDbVertex
100
AcDb3dPolylineVertex
10
748786.130002197
20
8930167.34800067
30
189.77199996376
70
32
0
VERTEX
5
8B3
100
AcDbEntity
8
Real Hole
62
1
420
16711680
100
AcDbVertex
100
AcDb3dPolylineVertex
10
748785.833461639
20
8930167.34722436
30
188.816980012894
70
32
0
VERTEX
5
8B4
100
AcDbEntity
8
Real Hole
62
1
420
16711680
100
AcDbVertex
100
AcDb3dPolylineVertex
10
748785.52228969
20
8930167.3460839
30
187.866627105713
70
32
0
VERTEX
5
8B5
100
AcDbEntity
8
Real Hole
62
1
420
16711680
100
AcDbVertex
100
AcDb3dPolylineVertex
10
748785.208783921
20
8930167.30046012
30
186.918137439728
70
32
0
VERTEX
5
8B6
100
AcDbEntity
8
Real Hole
62
1
420
16711680
100
AcDbVertex
100
AcDb3dPolylineVertex
10
748784.909524497
20
8930167.24055351
30
185.965848096848
70
32
0
VERTEX
5
8B7
100
AcDbEntity
8
Real Hole
62
1
420
16711680
100
AcDbVertex
100
AcDb3dPolylineVertex
10
748784.614146408
20
8930167.21626894
30
185.010776170731
70
32
0
VERTEX
5
8B8
100
AcDbEntity
8
Real Hole
62
1
420
16711680
100
AcDbVertex
100
AcDb3dPolylineVertex
10
748784.302016195
20
8930167.19531843
30
184.060968050003
70
32
0
VERTEX
5
8B9
100
AcDbEntity
8
Real Hole
62
1
420
16711680
100
AcDbVertex
100
AcDb3dPolylineVertex
10
748783.986450609
20
8930167.14669178
30
183.113310941696
70
32
0
VERTEX
5
8BA
100
AcDbEntity
8
Real Hole
62
1
420
16711680
100
AcDbVertex
100
AcDb3dPolylineVertex
10
748783.651588139
20
8930167.08565589
30
182.173022874832
70
32
0
VERTEX
5
8BB
100
AcDbEntity
8
Real Hole
62
1
420
16711680
100
AcDbVertex
100
AcDb3dPolylineVertex
10
748783.370988544
20
8930167.02164763
30
181.320282587051
70
32
0
SEQEND
5
8BC
100
AcDbEntity
8
Real Hole
0
POINT
5
8BE
330
1A
100
AcDbEntity
67
0
8
Hole
62
244
420
659967
6
ByLayer
370
-1
48
1.0
60
0
100
AcDbPoint
10
748786.30599707
20
8930168.89700046
30
189.856000074387
39
0.0
210
0.0
220
0.0
230
1.0
50
360.0
0
LINE
5
8BF
330
1A
100
AcDbEntity
67
0
8
Theoretical Hole
62
244
420
659967
6
ByLayer
370
-1
48
1.0
60
0
100
AcDbLine
10
748786.30599707
20
8930168.89700046
30
189.856000074387
11
748783.779889282
21
8930169.20448222
31
179.329219230652
39
0.0
210
0.0
220
0.0
230
1.0
0
TEXT
5
8C0
330
1A
100
AcDbEntity
67
0
8
Number
62
244
420
659967
6
ByLayer
370
-1
48
1.0
60
0
100
AcDbText
1
895
10
748786.30599707
20
8930169.27800047
30
189.856000074387
40
0.3
41
1.0
50
0.0
51
0.0
7
Standard
11
748786.30599707
21
8930169.27800047
31
189.856000074387
210
0.0
220
0.0
230
1.0
72
0
100
AcDbText
73
0
0
TEXT
5
8C1
330
1A
100
AcDbEntity
67
0
8
label
62
1
420
16711680
6
ByLayer
370
-1
48
1.0
60
0
100
AcDbText
1

10
748786.30599707
20
8930169.67800047
30
189.856000074387
40
0.3
41
1.0
50
0.0
51
0.0
7
Standard
11
748786.30599707
21
8930169.67800047
31
189.856000074387
210
0.0
220
0.0
230
1.0
72
0
100
AcDbText
73
0
0
TEXT
5
8C2
330
1A
100
AcDbEntity
67
0
8
Length
62
244
420
659967
6
ByLayer
370
-1
48
1.0
60
0
100
AcDbText
1
10.83
10
748786.30599707
20
8930168.14300045
30
189.856000074387
40
0.3
41
1.0
50
0.0
51
0.0
7
Standard
11
748786.30599707
21
8930168.14300045
31
189.856000074387
210
0.0
220
0.0
230
1.0
72
0
100
AcDbText
73
0
0
POLYLINE
5
8CF
330
1A
100
AcDbEntity
67
0
8
Real Hole
62
1
420
16711680
6
ByLayer
370
-1
48
1.0
60
0
100
AcDb3dPolyline
10
0.0
20
0.0
30
0.0
70
8
75
0
210
0.0
220
0.0
230
1.0
0
VERTEX
5
8C3
100
AcDbEntity
8
Real Hole
62
1
420
16711680
100
AcDbVertex
100
AcDb3dPolylineVertex
10
748786.30599707
20
8930168.89700046
30
189.856000074387
70
32
0
VERTEX
5
8C4
100
AcDbEntity
8
Real Hole
62
1
420
16711680
100
AcDbVertex
100
AcDb3dPolylineVertex
10
748786.083257135
20
8930168.78715728
30
188.887330183029
70
32
0
VERTEX
5
8C5
100
AcDbEntity
8
Real Hole
62
1
420
16711680
100
AcDbVertex
100
AcDb3dPolylineVertex
10
748785.870075848
20
8930168.69889833
30
187.914312132835
70
32
0
VERTEX
5
8C6
100
AcDbEntity
8
Real Hole
62
1
420
16711680
100
AcDbVertex
100
AcDb3dPolylineVertex
10
748785.616098699
20
8930168.63113033
30
186.949478992462
70
32
0
VERTEX
5
8C7
100
AcDbEntity
8
Real Hole
62
1
420
16711680
100
AcDbVertex
100
AcDb3dPolylineVertex
10
748785.361669775
20
8930168.63259568
30
185.982388624191
70
32
0
VERTEX
5
8C8
100
AcDbEntity
8
Real Hole
62
1
420
16711680
100
AcDbVertex
100
AcDb3dPolylineVertex
10
748785.107835826
20
8930168.64412224
30
185.01520932579
70
32
0
VERTEX
5
8C9
100
AcDbEntity
8
Real Hole
62
1
420
16711680
100
AcDbVertex
100
AcDb3dPolylineVertex
10
748784.865269956
20
8930168.58274358
30
184.04701817894
70
32
0
VERTEX
5
8CA
100
AcDbEntity
8
Real Hole
62
1
420
16711680
100
AcDbVertex
100
AcDb3dPolylineVertex
10
748784.612613138
20
8930168.55574232
30
183.079838880539
70
32
0
VERTEX
5
8CB
100
AcDbEntity
8
Real Hole
62
1
420
16711680
100
AcDbVertex
100
AcDb3dPolylineVertex
10
748784.352112469
20
8930168.55433288
30
182.114366182327
70
32
0
VERTEX
5
8CC
100
AcDbEntity
8
Real Hole
62
1
420
16711680
100
AcDbVertex
100
AcDb3dPolylineVertex
10
748784.072445091
20
8930168.54075271
30
181.154365667343
70
32
0
VERTEX
5
8CD
100
AcDbEntity
8
Real Hole
62
1
420
16711680
100
AcDbVertex
100
AcDb3dPolylineVertex
10
748783.797148642
20
8930168.53099483
30
180.193055280685
70
32
0
SEQEND
5
8CE
100
AcDbEntity
8
Real Hole
0
POINT
5
8D0
330
1A
100
AcDbEntity
67
0
8
Hole
62
244
420
659967
6
ByLayer
370
-1
48
1.0
60
0
100
AcDbPoint
10
748786.426999268
20
8930170.20499912
30
190.008000024796
39
0.0
210
0.0
220
0.0
230
1.0
50
360.0
0
LINE
5
8D1
330
1A
100
AcDbEntity
67
0
8
Theoretical Hole
62
244
420
659967
6
ByLayer
370
-1
48
1.0
60
0
100
AcDbLine
10
748786.426999268
20
8930170.20499912
30
190.008000024796
11
748783.8994953
21
8930170.51265064
31
179.811079391479
39
0.0
210
0.0
220
0.0
230
1.0
0
TEXT
5
8D2
330
1A
100
AcDbEntity
67
0
8
Number
62
244
420
659967
6
ByLayer
370
-1
48
1.0
60
0
100
AcDbText
1
896
10
748786.426999268
20
8930170.58599913
30
190.008000024796
40
0.3
41
1.0
50
0.0
51
0.0
7
Standard
11
748786.426999268
21
8930170.58599913
31
190.008000024796
210
0.0
220
0.0
230
1.0
72
0
100
AcDbText
73
0
0
TEXT
5
8D3
330
1A
100
AcDbEntity
67
0
8
label
62
1
420
16711680
6
ByLayer
370
-1
48
1.0
60
0
100
AcDbText
1

10
748786.426999268
20
8930170.98599913
30
190.008000024796
40
0.3
41
1.0
50
0.0
51
0.0
7
Standard
11
748786.426999268
21
8930170.98599913
31
190.008000024796
210
0.0
220
0.0
230
1.0
72
0
100
AcDbText
73
0
0
TEXT
5
8D4
330
1A
100
AcDbEntity
67
0
8
Length
62
244
420
659967
6
ByLayer
370
-1
48
1.0
60
0
100
AcDbText
1
10.51
10
748786.426999268
20
8930169.45099911
30
190.008000024796
40
0.3
41
1.0
50
0.0
51
0.0
7
Standard
11
748786.426999268
21
8930169.45099911
31
190.008000024796
210
0.0
220
0.0
230
1.0
72
0
100
AcDbText
73
0
0
POLYLINE
5
8E2
330
1A
100
AcDbEntity
67
0
8
Real Hole
62
1
420
16711680
6
ByLayer
370
-1
48
1.0
60
0
100
AcDb3dPolyline
10
0.0
20
0.0
30
0.0
70
8
75
0
210
0.0
220
0.0
230
1.0
0
VERTEX
5
8D5
100
AcDbEntity
8
Real Hole
62
1
420
16711680
100
AcDbVertex
100
AcDb3dPolylineVertex
10
748786.426999268
20
8930170.20499912
30
190.008000024796
70
32
0
VERTEX
5
8D6
100
AcDbEntity
8
Real Hole
62
1
420
16711680
100
AcDbVertex
100
AcDb3dPolylineVertex
10
748786.244378519
20
8930170.15865331
30
189.02590955162
70
32
0
VERTEX
5
8D7
100
AcDbEntity
8
Real Hole
62
1
420
16711680
100
AcDbVertex
100
AcDb3dPolylineVertex
10
748786.062898692
20
8930170.18016502
30
188.042750128746
70
32
0
VERTEX
5
8D8
100
AcDbEntity
8
Real Hole
62
1
420
16711680
100
AcDbVertex
100
AcDb3dPolylineVertex
10
748785.900782761
20
8930170.23202751
30
187.057342180252
70
32
0
VERTEX
5
8D9
100
AcDbEntity
8
Real Hole
62
1
420
16711680
100
AcDbVertex
100
AcDb3dPolylineVertex
10
748785.711517211
20
8930170.23272118
30
186.075416692734
70
32
0
VERTEX
5
8DA
100
AcDbEntity
8
Real Hole
62
1
420
16711680
100
AcDbVertex
100
AcDb3dPolylineVertex
10
748785.520550188
20
8930170.20120953
30
185.094326147079
70
32
0
VERTEX
5
8DB
100
AcDbEntity
8
Real Hole
62
1
420
16711680
100
AcDbVertex
100
AcDb3dPolylineVertex
10
748785.352880296
20
8930170.23924164
30
184.109216817856
70
32
0
VERTEX
5
8DC
100
AcDbEntity
8
Real Hole
62
1
420
16711680
100
AcDbVertex
100
AcDb3dPolylineVertex
10
748785.161065158
20
8930170.24212093
30
183.127790102005
70
32
0
VERTEX
5
8DD
100
AcDbEntity
8
Real Hole
62
1
420
16711680
100
AcDbVertex
100
AcDb3dPolylineVertex
10
748784.982399281
20
8930170.26257209
30
182.144092687607
70
32
0
VERTEX
5
8DE
100
AcDbEntity
8
Real Hole
62
1
420
16711680
100
AcDbVertex
100
AcDb3dPolylineVertex
10
748784.778209266
20
8930170.34029987
30
181.168251642227
70
32
0
VERTEX
5
8DF
100
AcDbEntity
8
Real Hole
62
1
420
16711680
100
AcDbVertex
100
AcDb3dPolylineVertex
10
748784.552756366
20
8930170.39467607
30
180.195516237259
70
32
0
VERTEX
5
8E0
100
AcDbEntity
8
Real Hole
62
1
420
16711680
100
AcDbVertex
100
AcDb3dPolylineVertex
10
748784.485939082
20
8930170.40163995
30
179.903134950638
70
32
0
SEQEND
5
8E1
100
AcDbEntity
8
Real Hole
0
POINT
5
8E3
330
1A
100
AcDbEntity
67
0
8
Hole
62
244
420
659967
6
ByLayer
370
-1
48
1.0
60
0
100
AcDbPoint
10
748786.733998474
20
8930171.75299945
30
190.145000108719
39
0.0
210
0.0
220
0.0
230
1.0
50
360.0
0
LINE
5
8E4
330
1A
100
AcDbEntity
67
0
8
Theoretical Hole
62
244
420
659967
6
ByLayer
370
-1
48
1.0
60
0
100
AcDbLine
10
748786.733998474
20
8930171.75299945
30
190.145000108719
11
748784.205289062
21
8930172.06079784
31
179.526276477814
39
0.0
210
0.0
220
0.0
230
1.0
0
TEXT
5
8E5
330
1A
100
AcDbEntity
67
0
8
Number
62
244
420
659967
6
ByLayer
370
-1
48
1.0
60
0
100
AcDbText
1
897
10
748786.733998474
20
8930172.13399946
30
190.145000108719
40
0.3
41
1.0
50
0.0
51
0.0
7
Standard
11
748786.733998474
21
8930172.13399946
31
190.145000108719
210
0.0
220
0.0
230
1.0
72
0
100
AcDbText
73
0
0
TEXT
5
8E6
330
1A
100
AcDbEntity
67
0
8
label
62
1
420
16711680
6
ByLayer
370
-1
48
1.0
60
0
100
AcDbText
1

10
748786.733998474
20
8930172.53399946
30
190.145000108719
40
0.3
41
1.0
50
0.0
51
0.0
7
Standard
11
748786.733998474
21
8930172.53399946
31
190.145000108719
210
0.0
220
0.0
230
1.0
72
0
100
AcDbText
73
0
0
TEXT
5
8E7
330
1A
100
AcDbEntity
67
0
8
Length
62
244
420
659967
6
ByLayer
370
-1
48
1.0
60
0
100
AcDbText
1
10.92
10
748786.733998474
20
8930170.99899944
30
190.145000108719
40
0.3
41
1.0
50
0.0
51
0.0
7
Standard
11
748786.733998474
21
8930170.99899944
31
190.145000108719
210
0.0
220
0.0
230
1.0
72
0
100
AcDbText
73
0
0
POLYLINE
5
8F5
330
1A
100
AcDbEntity
67
0
8
Real Hole
62
1
420
16711680
6
ByLayer
370
-1
48
1.0
60
0
100
AcDb3dPolyline
10
0.0
20
0.0
30
0.0
70
8
75
0
210
0.0
220
0.0
230
1.0
0
VERTEX
5
8E8
100
AcDbEntity
8
Real Hole
62
1
420
16711680
100
AcDbVertex
100
AcDb3dPolylineVertex
10
748786.733998474
20
8930171.75299945
30
190.145000108719
70
32
0
VERTEX
5
8E9
100
AcDbEntity
8
Real Hole
62
1
420
16711680
100
AcDbVertex
100
AcDb3dPolylineVertex
10
748786.563055631
20
8930171.73461018
30
189.159890779495
70
32
0
VERTEX
5
8EA
100
AcDbEntity
8
Real Hole
62
1
420
16711680
100
AcDbVertex
100
AcDb3dPolylineVertex
10
748786.39612728
20
8930171.69066161
30
188.174901732445
70
32
0
VERTEX
5
8EB
100
AcDbEntity
8
Real Hole
62
1
420
16711680
100
AcDbVertex
100
AcDb3dPolylineVertex
10
748786.192479965
20
8930171.71271284
30
187.196105846405
70
32
0
VERTEX
5
8EC
100
AcDbEntity
8
Real Hole
62
1
420
16711680
100
AcDbVertex
100
AcDb3dPolylineVertex
10
748785.977236208
20
8930171.71158586
30
186.219545969009
70
32
0
VERTEX
5
8ED
100
AcDbEntity
8
Real Hole
62
1
420
16711680
100
AcDbVertex
100
AcDb3dPolylineVertex
10
748785.814129111
20
8930171.70768507
30
185.232945569992
70
32
0
VERTEX
5
8EE
100
AcDbEntity
8
Real Hole
62
1
420
16711680
100
AcDbVertex
100
AcDb3dPolylineVertex
10
748785.627526816
20
8930171.6977424
30
184.250560411453
70
32
0
VERTEX
5
8EF
100
AcDbEntity
8
Real Hole
62
1
420
16711680
100
AcDbVertex
100
AcDb3dPolylineVertex
10
748785.423969802
20
8930171.71544394
30
183.271657117844
70
32
0
VERTEX
5
8F0
100
AcDbEntity
8
Real Hole
62
1
420
16711680
100
AcDbVertex
100
AcDb3dPolylineVertex
10
748785.220508632
20
8930171.71743259
30
182.292575963974
70
32
0
VERTEX
5
8F1
100
AcDbEntity
8
Real Hole
62
1
420
16711680
100
AcDbVertex
100
AcDb3dPolylineVertex
10
748785.039932784
20
8930171.74066097
30
181.309289583206
70
32
0
VERTEX
5
8F2
100
AcDbEntity
8
Real Hole
62
1
420
16711680
100
AcDbVertex
100
AcDb3dPolylineVertex
10
748784.836893734
20
8930171.78296703
30
180.33103335762
70
32
0
VERTEX
5
8F3
100
AcDbEntity
8
Real Hole
62
1
420
16711680
100
AcDbVertex
100
AcDb3dPolylineVertex
10
748784.695653137
20
8930171.81031911
30
179.645976671219
70
32
0
SEQEND
5
8F4
100
AcDbEntity
8
Real Hole
0
POINT
5
8F6
330
1A
100
AcDbEntity
67
0
8
Hole
62
244
420
659967
6
ByLayer
370
-1
48
1.0
60
0
100
AcDbPoint
10
748787.004002747
20
8930173.13300052
30
189.948000082016
39
0.0
210
0.0
220
0.0
230
1.0
50
360.0
0
LINE
5
8F7
330
1A
100
AcDbEntity
67
0
8
Theoretical Hole
62
244
420
659967
6
ByLayer
370
-1
48
1.0
60
0
100
AcDbLine
10
748787.004002747
20
8930173.13300052
30
189.948000082016
11
748784.477162537
21
8930173.44057193
31
179.246576675415
39
0.0
210
0.0
220
0.0
230
1.0
0
TEXT
5
8F8
330
1A
100
AcDbEntity
67
0
8
Number
62
244
420
659967
6
ByLayer
370
-1
48
1.0
60
0
100
AcDbText
1
898
10
748787.004002747
20
8930173.51400053
30
189.948000082016
40
0.3
41
1.0
50
0.0
51
0.0
7
Standard
11
748787.004002747
21
8930173.51400053
31
189.948000082016
210
0.0
220
0.0
230
1.0
72
0
100
AcDbText
73
0
0
TEXT
5
8F9
330
1A
100
AcDbEntity
67
0
8
label
62
1
420
16711680
6
ByLayer
370
-1
48
1.0
60
0
100
AcDbText
1

10
748787.004002747
20
8930173.91400053
30
189.948000082016
40
0.3
41
1.0
50
0.0
51
0.0
7
Standard
11
748787.004002747
21
8930173.91400053
31
189.948000082016
210
0.0
220
0.0
230
1.0
72
0
100
AcDbText
73
0
0
TEXT
5
8FA
330
1A
100
AcDbEntity
67
0
8
Length
62
244
420
659967
6
ByLayer
370
-1
48
1.0
60
0
100
AcDbText
1
11.00
10
748787.004002747
20
8930172.37900051
30
189.948000082016
40
0.3
41
1.0
50
0.0
51
0.0
7
Standard
11
748787.004002747
21
8930172.37900051
31
189.948000082016
210
0.0
220
0.0
230
1.0
72
0
100
AcDbText
73
0
0
POLYLINE
5
908
330
1A
100
AcDbEntity
67
0
8
Real Hole
62
1
420
16711680
6
ByLayer
370
-1
48
1.0
60
0
100
AcDb3dPolyline
10
0.0
20
0.0
30
0.0
70
8
75
0
210
0.0
220
0.0
230
1.0
0
VERTEX
5
8FB
100
AcDbEntity
8
Real Hole
62
1
420
16711680
100
AcDbVertex
100
AcDb3dPolylineVertex
10
748787.004002747
20
8930173.13300052
30
189.948000082016
70
32
0
VERTEX
5
8FC
100
AcDbEntity
8
Real Hole
62
1
420
16711680
100
AcDbVertex
100
AcDb3dPolylineVertex
10
748786.752204087
20
8930173.16008791
30
188.980599590778
70
32
0
VERTEX
5
8FD
100
AcDbEntity
8
Real Hole
62
1
420
16711680
100
AcDbVertex
100
AcDb3dPolylineVertex
10
748786.535893198
20
8930173.18695413
30
188.004644760132
70
32
0
VERTEX
5
8FE
100
AcDbEntity
8
Real Hole
62
1
420
16711680
100
AcDbVertex
100
AcDb3dPolylineVertex
10
748786.311959561
20
8930173.22511119
30
187.030787595749
70
32
0
VERTEX
5
8FF
100
AcDbEntity
8
Real Hole
62
1
420
16711680
100
AcDbVertex
100
AcDb3dPolylineVertex
10
748786.084578332
20
8930173.26988655
30
186.058011659622
70
32
0
VERTEX
5
900
100
AcDbEntity
8
Real Hole
62
1
420
16711680
100
AcDbVertex
100
AcDb3dPolylineVertex
10
748785.843199905
20
8930173.30282248
30
185.088139661789
70
32
0
VERTEX
5
901
100
AcDbEntity
8
Real Hole
62
1
420
16711680
100
AcDbVertex
100
AcDb3dPolylineVertex
10
748785.586562571
20
8930173.31577833
30
184.121719011307
70
32
0
VERTEX
5
902
100
AcDbEntity
8
Real Hole
62
1
420
16711680
100
AcDbVertex
100
AcDb3dPolylineVertex
10
748785.333619412
20
8930173.34894421
30
183.154806264877
70
32
0
VERTEX
5
903
100
AcDbEntity
8
Real Hole
62
1
420
16711680
100
AcDbVertex
100
AcDb3dPolylineVertex
10
748785.094993051
20
8930173.367934
30
182.183880456924
70
32
0
VERTEX
5
904
100
AcDbEntity
8
Real Hole
62
1
420
16711680
100
AcDbVertex
100
AcDb3dPolylineVertex
10
748784.851436314
20
8930173.38894263
30
181.214221128464
70
32
0
VERTEX
5
905
100
AcDbEntity
8
Real Hole
62
1
420
16711680
100
AcDbVertex
100
AcDb3dPolylineVertex
10
748784.603777822
20
8930173.43497756
30
180.246468671799
70
32
0
VERTEX
5
906
100
AcDbEntity
8
Real Hole
62
1
420
16711680
100
AcDbVertex
100
AcDb3dPolylineVertex
10
748784.53096908
20
8930173.45005545
30
179.955828794479
70
32
0
SEQEND
5
907
100
AcDbEntity
8
Real Hole
0
POINT
5
909
330
1A
100
AcDbEntity
67
0
8
Hole
62
244
420
659967
6
ByLayer
370
-1
48
1.0
60
0
100
AcDbPoint
10
748787.074002441
20
8930174.74000087
30
190.153000005722
39
0.0
210
0.0
220
0.0
230
1.0
50
360.0
0
LINE
5
90A
330
1A
100
AcDbEntity
67
0
8
Theoretical Hole
62
244
420
659967
6
ByLayer
370
-1
48
1.0
60
0
100
AcDbLine
10
748787.074002441
20
8930174.74000087
30
190.153000005722
11
748784.545460876
21
8930175.04777827
31
179.215695270538
39
0.0
210
0.0
220
0.0
230
1.0
0
TEXT
5
90B
330
1A
100
AcDbEntity
67
0
8
Number
62
244
420
659967
6
ByLayer
370
-1
48
1.0
60
0
100
AcDbText
1
899
10
748787.074002441
20
8930175.12100088
30
190.153000005722
40
0.3
41
1.0
50
0.0
51
0.0
7
Standard
11
748787.074002441
21
8930175.12100088
31
190.153000005722
210
0.0
220
0.0
230
1.0
72
0
100
AcDbText
73
0
0
TEXT
5
90C
330
1A
100
AcDbEntity
67
0
8
label
62
1
420
16711680
6
ByLayer
370
-1
48
1.0
60
0
100
AcDbText
1

10
748787.074002441
20
8930175.52100088
30
190.153000005722
40
0.3
41
1.0
50
0.0
51
0.0
7
Standard
11
748787.074002441
21
8930175.52100088
31
190.153000005722
210
0.0
220
0.0
230
1.0
72
0
100
AcDbText
73
0
0
TEXT
5
90D
330
1A
100
AcDbEntity
67
0
8
Length
62
244
420
659967
6
ByLayer
370
-1
48
1.0
60
0
100
AcDbText
1
11.23
10
748787.074002441
20
8930173.98600086
30
190.153000005722
40
0.3
41
1.0
50
0.0
51
0.0
7
Standard
11
748787.074002441
21
8930173.98600086
31
190.153000005722
210
0.0
220
0.0
230
1.0
72
0
100
AcDbText
73
0
0
POLYLINE
5
91B
330
1A
100
AcDbEntity
67
0
8
Real Hole
62
1
420
16711680
6
ByLayer
370
-1
48
1.0
60
0
100
AcDb3dPolyline
10
0.0
20
0.0
30
0.0
70
8
75
0
210
0.0
220
0.0
230
1.0
0
VERTEX
5
90E
100
AcDbEntity
8
Real Hole
62
1
420
16711680
100
AcDbVertex
100
AcDb3dPolylineVertex
10
748787.074002441
20
8930174.74000087
30
190.153000005722
70
32
0
VERTEX
5
90F
100
AcDbEntity
8
Real Hole
62
1
420
16711680
100
AcDbVertex
100
AcDb3dPolylineVertex
10
748786.841984269
20
8930174.73433049
30
189.180305072308
70
32
0
VERTEX
5
910
100
AcDbEntity
8
Real Hole
62
1
420
16711680
100
AcDbVertex
100
AcDb3dPolylineVertex
10
748786.642438885
20
8930174.82455444
30
188.204579004288
70
32
0
VERTEX
5
911
100
AcDbEntity
8
Real Hole
62
1
420
16711680
100
AcDbVertex
100
AcDb3dPolylineVertex
10
748786.420102414
20
8930174.87735839
30
187.231040128708
70
32
0
VERTEX
5
912
100
AcDbEntity
8
Real Hole
62
1
420
16711680
100
AcDbVertex
100
AcDb3dPolylineVertex
10
748786.185725209
20
8930174.90182697
30
186.25920236969
70
32
0
VERTEX
5
913
100
AcDbEntity
8
Real Hole
62
1
420
16711680
100
AcDbVertex
100
AcDb3dPolylineVertex
10
748785.958054241
20
8930174.90150915
30
185.285464414597
70
32
0
VERTEX
5
914
100
AcDbEntity
8
Real Hole
62
1
420
16711680
100
AcDbVertex
100
AcDb3dPolylineVertex
10
748785.746941265
20
8930174.92735579
30
184.308344491959
70
32
0
VERTEX
5
915
100
AcDbEntity
8
Real Hole
62
1
420
16711680
100
AcDbVertex
100
AcDb3dPolylineVertex
10
748785.498669561
20
8930174.95559884
30
183.340065607071
70
32
0
VERTEX
5
916
100
AcDbEntity
8
Real Hole
62
1
420
16711680
100
AcDbVertex
100
AcDb3dPolylineVertex
10
748785.232804831
20
8930174.9658124
30
182.376109251022
70
32
0
VERTEX
5
917
100
AcDbEntity
8
Real Hole
62
1
420
16711680
100
AcDbVertex
100
AcDb3dPolylineVertex
10
748785.006362375
20
8930174.97554078
30
181.402133115768
70
32
0
VERTEX
5
918
100
AcDbEntity
8
Real Hole
62
1
420
16711680
100
AcDbVertex
100
AcDb3dPolylineVertex
10
748784.751212772
20
8930175.01691168
30
180.436117300034
70
32
0
VERTEX
5
919
100
AcDbEntity
8
Real Hole
62
1
420
16711680
100
AcDbVertex
100
AcDb3dPolylineVertex
10
748784.633905348
20
8930175.03595337
30
179.950446256638
70
32
0
SEQEND
5
91A
100
AcDbEntity
8
Real Hole
0
POINT
5
91C
330
1A
100
AcDbEntity
67
0
8
Hole
62
244
420
659967
6
ByLayer
370
-1
48
1.0
60
0
100
AcDbPoint
10
748787.165997681
20
8930176.44200053
30
190.324000009537
39
0.0
210
0.0
220
0.0
230
1.0
50
360.0
0
LINE
5
91D
330
1A
100
AcDbEntity
67
0
8
Theoretical Hole
62
244
420
659967
6
ByLayer
370
-1
48
1.0
60
0
100
AcDbLine
10
748787.165997681
20
8930176.44200053
30
190.324000009537
11
748784.639462646
21
8930176.74953571
31
179.540289768219
39
0.0
210
0.0
220
0.0
230
1.0
0
TEXT
5
91E
330
1A
100
AcDbEntity
67
0
8
Number
62
244
420
659967
6
ByLayer
370
-1
48
1.0
60
0
100
AcDbText
1
900
10
748787.165997681
20
8930176.82300055
30
190.324000009537
40
0.3
41
1.0
50
0.0
51
0.0
7
Standard
11
748787.165997681
21
8930176.82300055
31
190.324000009537
210
0.0
220
0.0
230
1.0
72
0
100
AcDbText
73
0
0
TEXT
5
91F
330
1A
100
AcDbEntity
67
0
8
label
62
1
420
16711680
6
ByLayer
370
-1
48
1.0
60
0
100
AcDbText
1

10
748787.165997681
20
8930177.22300055
30
190.324000009537
40
0.3
41
1.0
50
0.0
51
0.0
7
Standard
11
748787.165997681
21
8930177.22300055
31
190.324000009537
210
0.0
220
0.0
230
1.0
72
0
100
AcDbText
73
0
0
TEXT
5
920
330
1A
100
AcDbEntity
67
0
8
Length
62
244
420
659967
6
ByLayer
370
-1
48
1.0
60
0
100
AcDbText
1
11.08
10
748787.165997681
20
8930175.68800053
30
190.324000009537
40
0.3
41
1.0
50
0.0
51
0.0
7
Standard
11
748787.165997681
21
8930175.68800053
31
190.324000009537
210
0.0
220
0.0
230
1.0
72
0
100
AcDbText
73
0
0
POLYLINE
5
92E
330
1A
100
AcDbEntity
67
0
8
Real Hole
62
1
420
16711680
6
ByLayer
370
-1
48
1.0
60
0
100
AcDb3dPolyline
10
0.0
20
0.0
30
0.0
70
8
75
0
210
0.0
220
0.0
230
1.0
0
VERTEX
5
921
100
AcDbEntity
8
Real Hole
62
1
420
16711680
100
AcDbVertex
100
AcDb3dPolylineVertex
10
748787.165997681
20
8930176.44200053
30
190.324000009537
70
32
0
VERTEX
5
922
100
AcDbEntity
8
Real Hole
62
1
420
16711680
100
AcDbVertex
100
AcDb3dPolylineVertex
10
748786.91708481
20
8930176.39914007
30
189.356422969341
70
32
0
VERTEX
5
923
100
AcDbEntity
8
Real Hole
62
1
420
16711680
100
AcDbVertex
100
AcDb3dPolylineVertex
10
748786.650277492
20
8930176.33128054
30
188.395065077782
70
32
0
VERTEX
5
924
100
AcDbEntity
8
Real Hole
62
1
420
16711680
100
AcDbVertex
100
AcDb3dPolylineVertex
10
748786.416479286
20
8930176.20253628
30
187.431341537476
70
32
0
VERTEX
5
925
100
AcDbEntity
8
Real Hole
62
1
420
16711680
100
AcDbVertex
100
AcDb3dPolylineVertex
10
748786.130030688
20
8930176.17404592
30
186.473669418335
70
32
0
VERTEX
5
926
100
AcDbEntity
8
Real Hole
62
1
420
16711680
100
AcDbVertex
100
AcDb3dPolylineVertex
10
748785.860317763
20
8930176.09640124
30
185.513864168167
70
32
0
VERTEX
5
927
100
AcDbEntity
8
Real Hole
62
1
420
16711680
100
AcDbVertex
100
AcDb3dPolylineVertex
10
748785.598311719
20
8930176.02231037
30
184.551646360397
70
32
0
VERTEX
5
928
100
AcDbEntity
8
Real Hole
62
1
420
16711680
100
AcDbVertex
100
AcDb3dPolylineVertex
10
748785.33217841
20
8930175.96399197
30
183.589475759506
70
32
0
VERTEX
5
929
100
AcDbEntity
8
Real Hole
62
1
420
16711680
100
AcDbVertex
100
AcDb3dPolylineVertex
10
748785.043290552
20
8930175.90242889
30
182.634094366074
70
32
0
VERTEX
5
92A
100
AcDbEntity
8
Real Hole
62
1
420
16711680
100
AcDbVertex
100
AcDb3dPolylineVertex
10
748784.741045889
20
8930175.83125969
30
181.683524736404
70
32
0
VERTEX
5
92B
100
AcDbEntity
8
Real Hole
62
1
420
16711680
100
AcDbVertex
100
AcDb3dPolylineVertex
10
748784.442716536
20
8930175.75941679
30
180.731769212723
70
32
0
VERTEX
5
92C
100
AcDbEntity
8
Real Hole
62
1
420
16711680
100
AcDbVertex
100
AcDb3dPolylineVertex
10
748784.266664204
20
8930175.71240827
30
180.160108217239
70
32
0
SEQEND
5
92D
100
AcDbEntity
8
Real Hole
0
POINT
5
92F
330
1A
100
AcDbEntity
67
0
8
Hole
62
244
420
659967
6
ByLayer
370
-1
48
1.0
60
0
100
AcDbPoint
10
748787.386998352
20
8930177.73599925
30
190.247000106812
39
0.0
210
0.0
220
0.0
230
1.0
50
360.0
0
LINE
5
930
330
1A
100
AcDbEntity
67
0
8
Theoretical Hole
62
244
420
659967
6
ByLayer
370
-1
48
1.0
60
0
100
AcDbLine
10
748787.386998352
20
8930177.73599925
30
190.247000106812
11
748784.860097107
21
8930178.04357829
31
179.740989097595
39
0.0
210
0.0
220
0.0
230
1.0
0
TEXT
5
931
330
1A
100
AcDbEntity
67
0
8
Number
62
244
420
659967
6
ByLayer
370
-1
48
1.0
60
0
100
AcDbText
1
901
10
748787.386998352
20
8930178.11699926
30
190.247000106812
40
0.3
41
1.0
50
0.0
51
0.0
7
Standard
11
748787.386998352
21
8930178.11699926
31
190.247000106812
210
0.0
220
0.0
230
1.0
72
0
100
AcDbText
73
0
0
TEXT
5
932
330
1A
100
AcDbEntity
67
0
8
label
62
1
420
16711680
6
ByLayer
370
-1
48
1.0
60
0
100
AcDbText
1

10
748787.386998352
20
8930178.51699927
30
190.247000106812
40
0.3
41
1.0
50
0.0
51
0.0
7
Standard
11
748787.386998352
21
8930178.51699927
31
190.247000106812
210
0.0
220
0.0
230
1.0
72
0
100
AcDbText
73
0
0
TEXT
5
933
330
1A
100
AcDbEntity
67
0
8
Length
62
244
420
659967
6
ByLayer
370
-1
48
1.0
60
0
100
AcDbText
1
10.81
10
748787.386998352
20
8930176.98199924
30
190.247000106812
40
0.3
41
1.0
50
0.0
51
0.0
7
Standard
11
748787.386998352
21
8930176.98199924
31
190.247000106812
210
0.0
220
0.0
230
1.0
72
0
100
AcDbText
73
0
0
POLYLINE
5
940
330
1A
100
AcDbEntity
67
0
8
Real Hole
62
1
420
16711680
6
ByLayer
370
-1
48
1.0
60
0
100
AcDb3dPolyline
10
0.0
20
0.0
30
0.0
70
8
75
0
210
0.0
220
0.0
230
1.0
0
VERTEX
5
934
100
AcDbEntity
8
Real Hole
62
1
420
16711680
100
AcDbVertex
100
AcDb3dPolylineVertex
10
748787.386998352
20
8930177.73599925
30
190.247000106812
70
32
0
VERTEX
5
935
100
AcDbEntity
8
Real Hole
62
1
420
16711680
100
AcDbVertex
100
AcDb3dPolylineVertex
10
748787.139586892
20
8930177.76975839
30
189.278677889347
70
32
0
VERTEX
5
936
100
AcDbEntity
8
Real Hole
62
1
420
16711680
100
AcDbVertex
100
AcDb3dPolylineVertex
10
748786.894135502
20
8930177.74906095
30
188.309489974022
70
32
0
VERTEX
5
937
100
AcDbEntity
8
Real Hole
62
1
420
16711680
100
AcDbVertex
100
AcDb3dPolylineVertex
10
748786.644926068
20
8930177.75789418
30
187.341080554962
70
32
0
VERTEX
5
938
100
AcDbEntity
8
Real Hole
62
1
420
16711680
100
AcDbVertex
100
AcDb3dPolylineVertex
10
748786.364296493
20
8930177.79703446
30
186.382062801361
70
32
0
VERTEX
5
939
100
AcDbEntity
8
Real Hole
62
1
420
16711680
100
AcDbVertex
100
AcDb3dPolylineVertex
10
748786.07712346
20
8930177.78665484
30
185.424240478516
70
32
0
VERTEX
5
93A
100
AcDbEntity
8
Real Hole
62
1
420
16711680
100
AcDbVertex
100
AcDb3dPolylineVertex
10
748785.833461341
20
8930177.80164318
30
184.454496273041
70
32
0
VERTEX
5
93B
100
AcDbEntity
8
Real Hole
62
1
420
16711680
100
AcDbVertex
100
AcDb3dPolylineVertex
10
748785.574264344
20
8930177.84436701
30
183.489616760254
70
32
0
VERTEX
5
93C
100
AcDbEntity
8
Real Hole
62
1
420
16711680
100
AcDbVertex
100
AcDb3dPolylineVertex
10
748785.313191351
20
8930177.88031524
30
182.524967559814
70
32
0
VERTEX
5
93D
100
AcDbEntity
8
Real Hole
62
1
420
16711680
100
AcDbVertex
100
AcDb3dPolylineVertex
10
748785.071294483
20
8930177.90454492
30
181.55496824646
70
32
0
VERTEX
5
93E
100
AcDbEntity
8
Real Hole
62
1
420
16711680
100
AcDbVertex
100
AcDb3dPolylineVertex
10
748784.83596414
20
8930177.94650593
30
180.583958992004
70
32
0
SEQEND
5
93F
100
AcDbEntity
8
Real Hole
0
POINT
5
941
330
1A
100
AcDbEntity
67
0
8
Hole
62
244
420
659967
6
ByLayer
370
-1
48
1.0
60
0
100
AcDbPoint
10
748787.370999512
20
8930179.29300037
30
190.333000072479
39
0.0
210
0.0
220
0.0
230
1.0
50
360.0
0
LINE
5
942
330
1A
100
AcDbEntity
67
0
8
Theoretical Hole
62
244
420
659967
6
ByLayer
370
-1
48
1.0
60
0
100
AcDbLine
10
748787.370999512
20
8930179.29300037
30
190.333000072479
11
748784.845280823
21
8930179.60043445
31
179.919324287415
39
0.0
210
0.0
220
0.0
230
1.0
0
TEXT
5
943
330
1A
100
AcDbEntity
67
0
8
Number
62
244
420
659967
6
ByLayer
370
-1
48
1.0
60
0
100
AcDbText
1
902
10
748787.370999512
20
8930179.67400038
30
190.333000072479
40
0.3
41
1.0
50
0.0
51
0.0
7
Standard
11
748787.370999512
21
8930179.67400038
31
190.333000072479
210
0.0
220
0.0
230
1.0
72
0
100
AcDbText
73
0
0
TEXT
5
944
330
1A
100
AcDbEntity
67
0
8
label
62
1
420
16711680
6
ByLayer
370
-1
48
1.0
60
0
100
AcDbText
1

10
748787.370999512
20
8930180.07400038
30
190.333000072479
40
0.3
41
1.0
50
0.0
51
0.0
7
Standard
11
748787.370999512
21
8930180.07400038
31
190.333000072479
210
0.0
220
0.0
230
1.0
72
0
100
AcDbText
73
0
0
TEXT
5
945
330
1A
100
AcDbEntity
67
0
8
Length
62
244
420
659967
6
ByLayer
370
-1
48
1.0
60
0
100
AcDbText
1
10.72
10
748787.370999512
20
8930178.53900036
30
190.333000072479
40
0.3
41
1.0
50
0.0
51
0.0
7
Standard
11
748787.370999512
21
8930178.53900036
31
190.333000072479
210
0.0
220
0.0
230
1.0
72
0
100
AcDbText
73
0
0
POLYLINE
5
953
330
1A
100
AcDbEntity
67
0
8
Real Hole
62
1
420
16711680
6
ByLayer
370
-1
48
1.0
60
0
100
AcDb3dPolyline
10
0.0
20
0.0
30
0.0
70
8
75
0
210
0.0
220
0.0
230
1.0
0
VERTEX
5
946
100
AcDbEntity
8
Real Hole
62
1
420
16711680
100
AcDbVertex
100
AcDb3dPolylineVertex
10
748787.370999512
20
8930179.29300037
30
190.333000072479
70
32
0
VERTEX
5
947
100
AcDbEntity
8
Real Hole
62
1
420
16711680
100
AcDbVertex
100
AcDb3dPolylineVertex
10
748787.195179921
20
8930179.24314904
30
189.349840709209
70
32
0
VERTEX
5
948
100
AcDbEntity
8
Real Hole
62
1
420
16711680
100
AcDbVertex
100
AcDb3dPolylineVertex
10
748787.042491611
20
8930179.15619838
30
188.365398773193
70
32
0
VERTEX
5
949
100
AcDbEntity
8
Real Hole
62
1
420
16711680
100
AcDbVertex
100
AcDb3dPolylineVertex
10
748786.862726208
20
8930179.11637829
30
187.382495531082
70
32
0
VERTEX
5
94A
100
AcDbEntity
8
Real Hole
62
1
420
16711680
100
AcDbVertex
100
AcDb3dPolylineVertex
10
748786.646295186
20
8930179.11445172
30
186.406199583054
70
32
0
VERTEX
5
94B
100
AcDbEntity
8
Real Hole
62
1
420
16711680
100
AcDbVertex
100
AcDb3dPolylineVertex
10
748786.4318971
20
8930179.06282092
30
185.43081892395
70
32
0
VERTEX
5
94C
100
AcDbEntity
8
Real Hole
62
1
420
16711680
100
AcDbVertex
100
AcDb3dPolylineVertex
10
748786.261227306
20
8930178.97943213
30
184.449025520325
70
32
0
VERTEX
5
94D
100
AcDbEntity
8
Real Hole
62
1
420
16711680
100
AcDbVertex
100
AcDb3dPolylineVertex
10
748786.04836708
20
8930178.91268494
30
183.474225410461
70
32
0
VERTEX
5
94E
100
AcDbEntity
8
Real Hole
62
1
420
16711680
100
AcDbVertex
100
AcDb3dPolylineVertex
10
748785.861432132
20
8930178.82769072
30
182.495536693573
70
32
0
VERTEX
5
94F
100
AcDbEntity
8
Real Hole
62
1
420
16711680
100
AcDbVertex
100
AcDb3dPolylineVertex
10
748785.659964737
20
8930178.76678732
30
181.517936595917
70
32
0
VERTEX
5
950
100
AcDbEntity
8
Real Hole
62
1
420
16711680
100
AcDbVertex
100
AcDb3dPolylineVertex
10
748785.467161116
20
8930178.71215668
30
180.538221248627
70
32
0
VERTEX
5
951
100
AcDbEntity
8
Real Hole
62
1
420
16711680
100
AcDbVertex
100
AcDb3dPolylineVertex
10
748785.358841595
20
8930178.67606064
30
180.051431545258
70
32
0
SEQEND
5
952
100
AcDbEntity
8
Real Hole
0
POINT
5
954
330
1A
100
AcDbEntity
67
0
8
Hole
62
244
420
659967
6
ByLayer
370
-1
48
1.0
60
0
100
AcDbPoint
10
748787.461003479
20
8930180.90800014
30
189.982999929428
39
0.0
210
0.0
220
0.0
230
1.0
50
360.0
0
LINE
5
955
330
1A
100
AcDbEntity
67
0
8
Theoretical Hole
62
244
420
659967
6
ByLayer
370
-1
48
1.0
60
0
100
AcDbLine
10
748787.461003479
20
8930180.90800014
30
189.982999929428
11
748784.934140381
21
8930181.21557441
31
179.796226390839
39
0.0
210
0.0
220
0.0
230
1.0
0
TEXT
5
956
330
1A
100
AcDbEntity
67
0
8
Number
62
244
420
659967
6
ByLayer
370
-1
48
1.0
60
0
100
AcDbText
1
903
10
748787.461003479
20
8930181.28900015
30
189.982999929428
40
0.3
41
1.0
50
0.0
51
0.0
7
Standard
11
748787.461003479
21
8930181.28900015
31
189.982999929428
210
0.0
220
0.0
230
1.0
72
0
100
AcDbText
73
0
0
TEXT
5
957
330
1A
100
AcDbEntity
67
0
8
label
62
1
420
16711680
6
ByLayer
370
-1
48
1.0
60
0
100
AcDbText
1

10
748787.461003479
20
8930181.68900015
30
189.982999929428
40
0.3
41
1.0
50
0.0
51
0.0
7
Standard
11
748787.461003479
21
8930181.68900015
31
189.982999929428
210
0.0
220
0.0
230
1.0
72
0
100
AcDbText
73
0
0
TEXT
5
958
330
1A
100
AcDbEntity
67
0
8
Length
62
244
420
659967
6
ByLayer
370
-1
48
1.0
60
0
100
AcDbText
1
10.50
10
748787.461003479
20
8930180.15400013
30
189.982999929428
40
0.3
41
1.0
50
0.0
51
0.0
7
Standard
11
748787.461003479
21
8930180.15400013
31
189.982999929428
210
0.0
220
0.0
230
1.0
72
0
100
AcDbText
73
0
0
POLYLINE
5
965
330
1A
100
AcDbEntity
67
0
8
Real Hole
62
1
420
16711680
6
ByLayer
370
-1
48
1.0
60
0
100
AcDb3dPolyline
10
0.0
20
0.0
30
0.0
70
8
75
0
210
0.0
220
0.0
230
1.0
0
VERTEX
5
959
100
AcDbEntity
8
Real Hole
62
1
420
16711680
100
AcDbVertex
100
AcDb3dPolylineVertex
10
748787.461003479
20
8930180.90800014
30
189.982999929428
70
32
0
VERTEX
5
95A
100
AcDbEntity
8
Real Hole
62
1
420
16711680
100
AcDbVertex
100
AcDb3dPolylineVertex
10
748787.234364879
20
8930180.85203869
30
189.010630020142
70
32
0
VERTEX
5
95B
100
AcDbEntity
8
Real Hole
62
1
420
16711680
100
AcDbVertex
100
AcDb3dPolylineVertex
10
748787.017500874
20
8930180.78328705
30
188.036852249146
70
32
0
VERTEX
5
95C
100
AcDbEntity
8
Real Hole
62
1
420
16711680
100
AcDbVertex
100
AcDb3dPolylineVertex
10
748786.769994613
20
8930180.78350299
30
187.067965873718
70
32
0
VERTEX
5
95D
100
AcDbEntity
8
Real Hole
62
1
420
16711680
100
AcDbVertex
100
AcDb3dPolylineVertex
10
748786.509415564
20
8930180.76139252
30
186.102766641617
70
32
0
VERTEX
5
95E
100
AcDbEntity
8
Real Hole
62
1
420
16711680
100
AcDbVertex
100
AcDb3dPolylineVertex
10
748786.269354161
20
8930180.74868539
30
185.132092126846
70
32
0
VERTEX
5
95F
100
AcDbEntity
8
Real Hole
62
1
420
16711680
100
AcDbVertex
100
AcDb3dPolylineVertex
10
748786.042179641
20
8930180.70118479
30
184.159397253037
70
32
0
VERTEX
5
960
100
AcDbEntity
8
Real Hole
62
1
420
16711680
100
AcDbVertex
100
AcDb3dPolylineVertex
10
748785.824536857
20
8930180.67264749
30
183.183786043167
70
32
0
VERTEX
5
961
100
AcDbEntity
8
Real Hole
62
1
420
16711680
100
AcDbVertex
100
AcDb3dPolylineVertex
10
748785.593535599
20
8930180.6426866
30
182.21129382515
70
32
0
VERTEX
5
962
100
AcDbEntity
8
Real Hole
62
1
420
16711680
100
AcDbVertex
100
AcDb3dPolylineVertex
10
748785.35570949
20
8930180.61002385
30
181.240535863876
70
32
0
VERTEX
5
963
100
AcDbEntity
8
Real Hole
62
1
420
16711680
100
AcDbVertex
100
AcDb3dPolylineVertex
10
748785.11027759
20
8930180.55799004
30
180.272519239426
70
32
0
SEQEND
5
964
100
AcDbEntity
8
Real Hole
0
POINT
5
966
330
1A
100
AcDbEntity
67
0
8
Hole
62
244
420
659967
6
ByLayer
370
-1
48
1.0
60
0
100
AcDbPoint
10
748787.716000732
20
8930182.02299991
30
189.74100006485
39
0.0
210
0.0
220
0.0
230
1.0
50
360.0
0
LINE
5
967
330
1A
100
AcDbEntity
67
0
8
Theoretical Hole
62
244
420
659967
6
ByLayer
370
-1
48
1.0
60
0
100
AcDbLine
10
748787.716000732
20
8930182.02299991
30
189.74100006485
11
748785.189831909
21
8930182.33049026
31
179.750001796722
39
0.0
210
0.0
220
0.0
230
1.0
0
TEXT
5
968
330
1A
100
AcDbEntity
67
0
8
Number
62
244
420
659967
6
ByLayer
370
-1
48
1.0
60
0
100
AcDbText
1
904
10
748787.716000732
20
8930182.40399992
30
189.74100006485
40
0.3
41
1.0
50
0.0
51
0.0
7
Standard
11
748787.716000732
21
8930182.40399992
31
189.74100006485
210
0.0
220
0.0
230
1.0
72
0
100
AcDbText
73
0
0
TEXT
5
969
330
1A
100
AcDbEntity
67
0
8
label
62
1
420
16711680
6
ByLayer
370
-1
48
1.0
60
0
100
AcDbText
1

10
748787.716000732
20
8930182.80399992
30
189.74100006485
40
0.3
41
1.0
50
0.0
51
0.0
7
Standard
11
748787.716000732
21
8930182.80399992
31
189.74100006485
210
0.0
220
0.0
230
1.0
72
0
100
AcDbText
73
0
0
TEXT
5
96A
330
1A
100
AcDbEntity
67
0
8
Length
62
244
420
659967
6
ByLayer
370
-1
48
1.0
60
0
100
AcDbText
1
10.31
10
748787.716000732
20
8930181.2689999
30
189.74100006485
40
0.3
41
1.0
50
0.0
51
0.0
7
Standard
11
748787.716000732
21
8930181.2689999
31
189.74100006485
210
0.0
220
0.0
230
1.0
72
0
100
AcDbText
73
0
0
POLYLINE
5
977
330
1A
100
AcDbEntity
67
0
8
Real Hole
62
1
420
16711680
6
ByLayer
370
-1
48
1.0
60
0
100
AcDb3dPolyline
10
0.0
20
0.0
30
0.0
70
8
75
0
210
0.0
220
0.0
230
1.0
0
VERTEX
5
96B
100
AcDbEntity
8
Real Hole
62
1
420
16711680
100
AcDbVertex
100
AcDb3dPolylineVertex
10
748787.716000732
20
8930182.02299991
30
189.74100006485
70
32
0
VERTEX
5
96C
100
AcDbEntity
8
Real Hole
62
1
420
16711680
100
AcDbVertex
100
AcDb3dPolylineVertex
10
748787.475555819
20
8930181.96797477
30
188.771898159027
70
32
0
VERTEX
5
96D
100
AcDbEntity
8
Real Hole
62
1
420
16711680
100
AcDbVertex
100
AcDb3dPolylineVertex
10
748787.23868021
20
8930181.95601656
30
187.800431736946
70
32
0
VERTEX
5
96E
100
AcDbEntity
8
Real Hole
62
1
420
16711680
100
AcDbVertex
100
AcDb3dPolylineVertex
10
748786.997336146
20
8930181.9822775
30
186.830347665787
70
32
0
VERTEX
5
96F
100
AcDbEntity
8
Real Hole
62
1
420
16711680
100
AcDbVertex
100
AcDb3dPolylineVertex
10
748786.741554078
20
8930181.98151851
30
185.863613494873
70
32
0
VERTEX
5
970
100
AcDbEntity
8
Real Hole
62
1
420
16711680
100
AcDbVertex
100
AcDb3dPolylineVertex
10
748786.506422814
20
8930181.92680172
30
184.893191226959
70
32
0
VERTEX
5
971
100
AcDbEntity
8
Real Hole
62
1
420
16711680
100
AcDbVertex
100
AcDb3dPolylineVertex
10
748786.300900277
20
8930181.86057824
30
183.916781791687
70
32
0
VERTEX
5
972
100
AcDbEntity
8
Real Hole
62
1
420
16711680
100
AcDbVertex
100
AcDb3dPolylineVertex
10
748786.090817031
20
8930181.81141965
30
182.940335163116
70
32
0
VERTEX
5
973
100
AcDbEntity
8
Real Hole
62
1
420
16711680
100
AcDbVertex
100
AcDb3dPolylineVertex
10
748785.865026053
20
8930181.76074248
30
181.967478164673
70
32
0
VERTEX
5
974
100
AcDbEntity
8
Real Hole
62
1
420
16711680
100
AcDbVertex
100
AcDb3dPolylineVertex
10
748785.626296457
20
8930181.71572038
30
180.997436412811
70
32
0
VERTEX
5
975
100
AcDbEntity
8
Real Hole
62
1
420
16711680
100
AcDbVertex
100
AcDb3dPolylineVertex
10
748785.38992351
20
8930181.66500333
30
180.027098545074
70
32
0
SEQEND
5
976
100
AcDbEntity
8
Real Hole
0
POINT
5
978
330
1A
100
AcDbEntity
67
0
8
Hole
62
244
420
659967
6
ByLayer
370
-1
48
1.0
60
0
100
AcDbPoint
10
748787.944997009
20
8930183.69999995
30
189.818999895096
39
0.0
210
0.0
220
0.0
230
1.0
50
360.0
0
LINE
5
979
330
1A
100
AcDbEntity
67
0
8
Theoretical Hole
62
244
420
659967
6
ByLayer
370
-1
48
1.0
60
0
100
AcDbLine
10
748787.944997009
20
8930183.69999995
30
189.818999895096
11
748785.418416199
21
8930184.00753894
31
179.797150978088
39
0.0
210
0.0
220
0.0
230
1.0
0
TEXT
5
97A
330
1A
100
AcDbEntity
67
0
8
Number
62
244
420
659967
6
ByLayer
370
-1
48
1.0
60
0
100
AcDbText
1
905
10
748787.944997009
20
8930184.08099997
30
189.818999895096
40
0.3
41
1.0
50
0.0
51
0.0
7
Standard
11
748787.944997009
21
8930184.08099997
31
189.818999895096
210
0.0
220
0.0
230
1.0
72
0
100
AcDbText
73
0
0
TEXT
5
97B
330
1A
100
AcDbEntity
67
0
8
label
62
1
420
16711680
6
ByLayer
370
-1
48
1.0
60
0
100
AcDbText
1

10
748787.944997009
20
8930184.48099997
30
189.818999895096
40
0.3
41
1.0
50
0.0
51
0.0
7
Standard
11
748787.944997009
21
8930184.48099997
31
189.818999895096
210
0.0
220
0.0
230
1.0
72
0
100
AcDbText
73
0
0
TEXT
5
97C
330
1A
100
AcDbEntity
67
0
8
Length
62
244
420
659967
6
ByLayer
370
-1
48
1.0
60
0
100
AcDbText
1
10.34
10
748787.944997009
20
8930182.94599995
30
189.818999895096
40
0.3
41
1.0
50
0.0
51
0.0
7
Standard
11
748787.944997009
21
8930182.94599995
31
189.818999895096
210
0.0
220
0.0
230
1.0
72
0
100
AcDbText
73
0
0
POLYLINE
5
989
330
1A
100
AcDbEntity
67
0
8
Real Hole
62
1
420
16711680
6
ByLayer
370
-1
48
1.0
60
0
100
AcDb3dPolyline
10
0.0
20
0.0
30
0.0
70
8
75
0
210
0.0
220
0.0
230
1.0
0
VERTEX
5
97D
100
AcDbEntity
8
Real Hole
62
1
420
16711680
100
AcDbVertex
100
AcDb3dPolylineVertex
10
748787.944997009
20
8930183.69999995
30
189.818999895096
70
32
0
VERTEX
5
97E
100
AcDbEntity
8
Real Hole
62
1
420
16711680
100
AcDbVertex
100
AcDb3dPolylineVertex
10
748787.713306051
20
8930183.73595046
30
188.846874960899
70
32
0
VERTEX
5
97F
100
AcDbEntity
8
Real Hole
62
1
420
16711680
100
AcDbVertex
100
AcDb3dPolylineVertex
10
748787.540318277
20
8930183.66482657
30
187.864522346497
70
32
0
VERTEX
5
980
100
AcDbEntity
8
Real Hole
62
1
420
16711680
100
AcDbVertex
100
AcDb3dPolylineVertex
10
748787.356772121
20
8930183.6418345
30
186.881780275345
70
32
0
VERTEX
5
981
100
AcDbEntity
8
Real Hole
62
1
420
16711680
100
AcDbVertex
100
AcDb3dPolylineVertex
10
748787.17847192
20
8930183.68191814
30
185.898620733261
70
32
0
VERTEX
5
982
100
AcDbEntity
8
Real Hole
62
1
420
16711680
100
AcDbVertex
100
AcDb3dPolylineVertex
10
748786.977199134
20
8930183.73124372
30
184.920328268051
70
32
0
VERTEX
5
983
100
AcDbEntity
8
Real Hole
62
1
420
16711680
100
AcDbVertex
100
AcDb3dPolylineVertex
10
748786.780557212
20
8930183.7494856
30
183.940022596359
70
32
0
VERTEX
5
984
100
AcDbEntity
8
Real Hole
62
1
420
16711680
100
AcDbVertex
100
AcDb3dPolylineVertex
10
748786.594406423
20
8930183.77237504
30
182.957768091202
70
32
0
VERTEX
5
985
100
AcDbEntity
8
Real Hole
62
1
420
16711680
100
AcDbVertex
100
AcDb3dPolylineVertex
10
748786.414675888
20
8930183.82161123
30
181.975285181046
70
32
0
VERTEX
5
986
100
AcDbEntity
8
Real Hole
62
1
420
16711680
100
AcDbVertex
100
AcDb3dPolylineVertex
10
748786.231213149
20
8930183.87214525
30
180.993558534622
70
32
0
VERTEX
5
987
100
AcDbEntity
8
Real Hole
62
1
420
16711680
100
AcDbVertex
100
AcDb3dPolylineVertex
10
748786.059361514
20
8930183.92100119
30
180.111469873428
70
32
0
SEQEND
5
988
100
AcDbEntity
8
Real Hole
0
POINT
5
98A
330
1A
100
AcDbEntity
67
0
8
Hole
62
244
420
659967
6
ByLayer
370
-1
48
1.0
60
0
100
AcDbPoint
10
748788.161000427
20
8930185.33300033
30
190.010000118256
39
0.0
210
0.0
220
0.0
230
1.0
50
360.0
0
LINE
5
98B
330
1A
100
AcDbEntity
67
0
8
Theoretical Hole
62
244
420
659967
6
ByLayer
370
-1
48
1.0
60
0
100
AcDbLine
10
748788.161000427
20
8930185.33300033
30
190.010000118256
11
748785.632313904
21
8930185.64079585
31
179.957741149902
39
0.0
210
0.0
220
0.0
230
1.0
0
TEXT
5
98C
330
1A
100
AcDbEntity
67
0
8
Number
62
244
420
659967
6
ByLayer
370
-1
48
1.0
60
0
100
AcDbText
1
906
10
748788.161000427
20
8930185.71400034
30
190.010000118256
40
0.3
41
1.0
50
0.0
51
0.0
7
Standard
11
748788.161000427
21
8930185.71400034
31
190.010000118256
210
0.0
220
0.0
230
1.0
72
0
100
AcDbText
73
0
0
TEXT
5
98D
330
1A
100
AcDbEntity
67
0
8
label
62
1
420
16711680
6
ByLayer
370
-1
48
1.0
60
0
100
AcDbText
1

10
748788.161000427
20
8930186.11400034
30
190.010000118256
40
0.3
41
1.0
50
0.0
51
0.0
7
Standard
11
748788.161000427
21
8930186.11400034
31
190.010000118256
210
0.0
220
0.0
230
1.0
72
0
100
AcDbText
73
0
0
TEXT
5
98E
330
1A
100
AcDbEntity
67
0
8
Length
62
244
420
659967
6
ByLayer
370
-1
48
1.0
60
0
100
AcDbText
1
10.37
10
748788.161000427
20
8930184.57900032
30
190.010000118256
40
0.3
41
1.0
50
0.0
51
0.0
7
Standard
11
748788.161000427
21
8930184.57900032
31
190.010000118256
210
0.0
220
0.0
230
1.0
72
0
100
AcDbText
73
0
0
POLYLINE
5
99B
330
1A
100
AcDbEntity
67
0
8
Real Hole
62
1
420
16711680
6
ByLayer
370
-1
48
1.0
60
0
100
AcDb3dPolyline
10
0.0
20
0.0
30
0.0
70
8
75
0
210
0.0
220
0.0
230
1.0
0
VERTEX
5
98F
100
AcDbEntity
8
Real Hole
62
1
420
16711680
100
AcDbVertex
100
AcDb3dPolylineVertex
10
748788.161000427
20
8930185.33300033
30
190.010000118256
70
32
0
VERTEX
5
990
100
AcDbEntity
8
Real Hole
62
1
420
16711680
100
AcDbVertex
100
AcDb3dPolylineVertex
10
748787.955050063
20
8930185.37801769
30
189.03247369194
70
32
0
VERTEX
5
991
100
AcDbEntity
8
Real Hole
62
1
420
16711680
100
AcDbVertex
100
AcDb3dPolylineVertex
10
748787.736108896
20
8930185.36228544
30
188.056862482071
70
32
0
VERTEX
5
992
100
AcDbEntity
8
Real Hole
62
1
420
16711680
100
AcDbVertex
100
AcDb3dPolylineVertex
10
748787.505297479
20
8930185.32303943
30
187.084655889511
70
32
0
VERTEX
5
993
100
AcDbEntity
8
Real Hole
62
1
420
16711680
100
AcDbVertex
100
AcDb3dPolylineVertex
10
748787.28742468
20
8930185.24971711
30
186.111436733246
70
32
0
VERTEX
5
994
100
AcDbEntity
8
Real Hole
62
1
420
16711680
100
AcDbVertex
100
AcDb3dPolylineVertex
10
748787.065490779
20
8930185.17897434
30
185.138944515228
70
32
0
VERTEX
5
995
100
AcDbEntity
8
Real Hole
62
1
420
16711680
100
AcDbVertex
100
AcDb3dPolylineVertex
10
748786.814135131
20
8930185.11054113
30
184.173472293854
70
32
0
VERTEX
5
996
100
AcDbEntity
8
Real Hole
62
1
420
16711680
100
AcDbVertex
100
AcDb3dPolylineVertex
10
748786.582150396
20
8930185.02093261
30
183.204889186859
70
32
0
VERTEX
5
997
100
AcDbEntity
8
Real Hole
62
1
420
16711680
100
AcDbVertex
100
AcDb3dPolylineVertex
10
748786.355225023
20
8930184.9251222
30
182.235700973511
70
32
0
VERTEX
5
998
100
AcDbEntity
8
Real Hole
62
1
420
16711680
100
AcDbVertex
100
AcDb3dPolylineVertex
10
748786.10668796
20
8930184.832544
30
181.271512874603
70
32
0
VERTEX
5
999
100
AcDbEntity
8
Real Hole
62
1
420
16711680
100
AcDbVertex
100
AcDb3dPolylineVertex
10
748786.05966514
20
8930184.81562391
30
181.077856906891
70
32
0
SEQEND
5
99A
100
AcDbEntity
8
Real Hole
0
POINT
5
99C
330
1A
100
AcDbEntity
67
0
8
Hole
62
244
420
659967
6
ByLayer
370
-1
48
1.0
60
0
100
AcDbPoint
10
748788.090001282
20
8930186.5900003
30
190.182000049591
39
0.0
210
0.0
220
0.0
230
1.0
50
360.0
0
LINE
5
99D
330
1A
100
AcDbEntity
67
0
8
Theoretical Hole
62
244
420
659967
6
ByLayer
370
-1
48
1.0
60
0
100
AcDbLine
10
748788.090001282
20
8930186.5900003
30
190.182000049591
11
748785.563542541
21
8930186.89752593
31
180.05698002243
39
0.0
210
0.0
220
0.0
230
1.0
0
TEXT
5
99E
330
1A
100
AcDbEntity
67
0
8
Number
62
244
420
659967
6
ByLayer
370
-1
48
1.0
60
0
100
AcDbText
1
907
10
748788.090001282
20
8930186.97100031
30
190.182000049591
40
0.3
41
1.0
50
0.0
51
0.0
7
Standard
11
748788.090001282
21
8930186.97100031
31
190.182000049591
210
0.0
220
0.0
230
1.0
72
0
100
AcDbText
73
0
0
TEXT
5
99F
330
1A
100
AcDbEntity
67
0
8
label
62
1
420
16711680
6
ByLayer
370
-1
48
1.0
60
0
100
AcDbText
1

10
748788.090001282
20
8930187.37100031
30
190.182000049591
40
0.3
41
1.0
50
0.0
51
0.0
7
Standard
11
748788.090001282
21
8930187.37100031
31
190.182000049591
210
0.0
220
0.0
230
1.0
72
0
100
AcDbText
73
0
0
TEXT
5
9A0
330
1A
100
AcDbEntity
67
0
8
Length
62
244
420
659967
6
ByLayer
370
-1
48
1.0
60
0
100
AcDbText
1
10.44
10
748788.090001282
20
8930185.83600029
30
190.182000049591
40
0.3
41
1.0
50
0.0
51
0.0
7
Standard
11
748788.090001282
21
8930185.83600029
31
190.182000049591
210
0.0
220
0.0
230
1.0
72
0
100
AcDbText
73
0
0
POLYLINE
5
9AE
330
1A
100
AcDbEntity
67
0
8
Real Hole
62
1
420
16711680
6
ByLayer
370
-1
48
1.0
60
0
100
AcDb3dPolyline
10
0.0
20
0.0
30
0.0
70
8
75
0
210
0.0
220
0.0
230
1.0
0
VERTEX
5
9A1
100
AcDbEntity
8
Real Hole
62
1
420
16711680
100
AcDbVertex
100
AcDb3dPolylineVertex
10
748788.090001282
20
8930186.5900003
30
190.182000049591
70
32
0
VERTEX
5
9A2
100
AcDbEntity
8
Real Hole
62
1
420
16711680
100
AcDbVertex
100
AcDb3dPolylineVertex
10
748787.88638359
20
8930186.51220552
30
189.206045218945
70
32
0
VERTEX
5
9A3
100
AcDbEntity
8
Real Hole
62
1
420
16711680
100
AcDbVertex
100
AcDb3dPolylineVertex
10
748787.658944842
20
8930186.43486765
30
188.235328802109
70
32
0
VERTEX
5
9A4
100
AcDbEntity
8
Real Hole
62
1
420
16711680
100
AcDbVertex
100
AcDb3dPolylineVertex
10
748787.395106849
20
8930186.3505647
30
187.274452814102
70
32
0
VERTEX
5
9A5
100
AcDbEntity
8
Real Hole
62
1
420
16711680
100
AcDbVertex
100
AcDb3dPolylineVertex
10
748787.124081131
20
8930186.28228649
30
186.314305433273
70
32
0
VERTEX
5
9A6
100
AcDbEntity
8
Real Hole
62
1
420
16711680
100
AcDbVertex
100
AcDb3dPolylineVertex
10
748786.868967709
20
8930186.23389786
30
185.348605998993
70
32
0
VERTEX
5
9A7
100
AcDbEntity
8
Real Hole
62
1
420
16711680
100
AcDbVertex
100
AcDb3dPolylineVertex
10
748786.602724489
20
8930186.18368697
30
184.386008628845
70
32
0
VERTEX
5
9A8
100
AcDbEntity
8
Real Hole
62
1
420
16711680
100
AcDbVertex
100
AcDb3dPolylineVertex
10
748786.357656654
20
8930186.07174483
30
183.422986873627
70
32
0
VERTEX
5
9A9
100
AcDbEntity
8
Real Hole
62
1
420
16711680
100
AcDbVertex
100
AcDb3dPolylineVertex
10
748786.083093103
20
8930186.08661469
30
182.461532958984
70
32
0
VERTEX
5
9AA
100
AcDbEntity
8
Real Hole
62
1
420
16711680
100
AcDbVertex
100
AcDb3dPolylineVertex
10
748785.783383545
20
8930186.0601826
30
181.507868656158
70
32
0
VERTEX
5
9AB
100
AcDbEntity
8
Real Hole
62
1
420
16711680
100
AcDbVertex
100
AcDb3dPolylineVertex
10
748785.495914635
20
8930185.99015841
30
180.552641757965
70
32
0
VERTEX
5
9AC
100
AcDbEntity
8
Real Hole
62
1
420
16711680
100
AcDbVertex
100
AcDb3dPolylineVertex
10
748785.348370012
20
8930185.98198685
30
180.074976810455
70
32
0
SEQEND
5
9AD
100
AcDbEntity
8
Real Hole
0
POINT
5
9AF
330
1A
100
AcDbEntity
67
0
8
Hole
62
244
420
659967
6
ByLayer
370
-1
48
1.0
60
0
100
AcDbPoint
10
748788.203000244
20
8930187.99100032
30
190.066000112534
39
0.0
210
0.0
220
0.0
230
1.0
50
360.0
0
LINE
5
9B0
330
1A
100
AcDbEntity
67
0
8
Theoretical Hole
62
244
420
659967
6
ByLayer
370
-1
48
1.0
60
0
100
AcDbLine
10
748788.203000244
20
8930187.99100032
30
190.066000112534
11
748785.686497864
21
8930188.27727428
31
179.937878974915
39
0.0
210
0.0
220
0.0
230
1.0
0
TEXT
5
9B1
330
1A
100
AcDbEntity
67
0
8
Number
62
244
420
659967
6
ByLayer
370
-1
48
1.0
60
0
100
AcDbText
1
908
10
748788.203000244
20
8930188.37200033
30
190.066000112534
40
0.3
41
1.0
50
0.0
51
0.0
7
Standard
11
748788.203000244
21
8930188.37200033
31
190.066000112534
210
0.0
220
0.0
230
1.0
72
0
100
AcDbText
73
0
0
TEXT
5
9B2
330
1A
100
AcDbEntity
67
0
8
label
62
1
420
16711680
6
ByLayer
370
-1
48
1.0
60
0
100
AcDbText
1

10
748788.203000244
20
8930188.77200033
30
190.066000112534
40
0.3
41
1.0
50
0.0
51
0.0
7
Standard
11
748788.203000244
21
8930188.77200033
31
190.066000112534
210
0.0
220
0.0
230
1.0
72
0
100
AcDbText
73
0
0
TEXT
5
9B3
330
1A
100
AcDbEntity
67
0
8
Length
62
244
420
659967
6
ByLayer
370
-1
48
1.0
60
0
100
AcDbText
1
10.44
10
748788.203000244
20
8930187.23700031
30
190.066000112534
40
0.3
41
1.0
50
0.0
51
0.0
7
Standard
11
748788.203000244
21
8930187.23700031
31
190.066000112534
210
0.0
220
0.0
230
1.0
72
0
100
AcDbText
73
0
0
POLYLINE
5
9C0
330
1A
100
AcDbEntity
67
0
8
Real Hole
62
1
420
16711680
6
ByLayer
370
-1
48
1.0
60
0
100
AcDb3dPolyline
10
0.0
20
0.0
30
0.0
70
8
75
0
210
0.0
220
0.0
230
1.0
0
VERTEX
5
9B4
100
AcDbEntity
8
Real Hole
62
1
420
16711680
100
AcDbVertex
100
AcDb3dPolylineVertex
10
748788.203000244
20
8930187.99100032
30
190.066000112534
70
32
0
VERTEX
5
9B5
100
AcDbEntity
8
Real Hole
62
1
420
16711680
100
AcDbVertex
100
AcDb3dPolylineVertex
10
748787.99029952
20
8930187.90115205
30
189.09302235508
70
32
0
VERTEX
5
9B6
100
AcDbEntity
8
Real Hole
62
1
420
16711680
100
AcDbVertex
100
AcDb3dPolylineVertex
10
748787.745638963
20
8930187.84794165
30
188.12487471962
70
32
0
VERTEX
5
9B7
100
AcDbEntity
8
Real Hole
62
1
420
16711680
100
AcDbVertex
100
AcDb3dPolylineVertex
10
748787.502620694
20
8930187.83673617
30
187.154917844772
70
32
0
VERTEX
5
9B8
100
AcDbEntity
8
Real Hole
62
1
420
16711680
100
AcDbVertex
100
AcDb3dPolylineVertex
10
748787.257028278
20
8930187.80339978
30
186.186118015289
70
32
0
VERTEX
5
9B9
100
AcDbEntity
8
Real Hole
62
1
420
16711680
100
AcDbVertex
100
AcDb3dPolylineVertex
10
748786.991107162
20
8930187.73214644
30
185.224760183334
70
32
0
VERTEX
5
9BA
100
AcDbEntity
8
Real Hole
62
1
420
16711680
100
AcDbVertex
100
AcDb3dPolylineVertex
10
748786.801389989
20
8930187.61479172
30
184.249960073471
70
32
0
VERTEX
5
9BB
100
AcDbEntity
8
Real Hole
62
1
420
16711680
100
AcDbVertex
100
AcDb3dPolylineVertex
10
748786.562558707
20
8930187.49830591
30
183.285910734177
70
32
0
VERTEX
5
9BC
100
AcDbEntity
8
Real Hole
62
1
420
16711680
100
AcDbVertex
100
AcDb3dPolylineVertex
10
748786.306538757
20
8930187.38006225
30
182.326498636246
70
32
0
VERTEX
5
9BD
100
AcDbEntity
8
Real Hole
62
1
420
16711680
100
AcDbVertex
100
AcDb3dPolylineVertex
10
748786.044619497
20
8930187.26639387
30
181.36812604332
70
32
0
VERTEX
5
9BE
100
AcDbEntity
8
Real Hole
62
1
420
16711680
100
AcDbVertex
100
AcDb3dPolylineVertex
10
748785.801097568
20
8930187.15756335
30
180.4043561306
70
32
0
SEQEND
5
9BF
100
AcDbEntity
8
Real Hole
0
POINT
5
9C1
330
1A
100
AcDbEntity
67
0
8
Hole
62
244
420
659967
6
ByLayer
370
-1
48
1.0
60
0
100
AcDbPoint
10
748788.775998291
20
8930189.7599999
30
190.048999914169
39
0.0
210
0.0
220
0.0
230
1.0
50
360.0
0
LINE
5
9C2
330
1A
100
AcDbEntity
67
0
8
Theoretical Hole
62
244
420
659967
6
ByLayer
370
-1
48
1.0
60
0
100
AcDbLine
10
748788.775998291
20
8930189.7599999
30
190.048999914169
11
748786.265576538
21
8930190.12712589
31
180.066364654541
39
0.0
210
0.0
220
0.0
230
1.0
0
TEXT
5
9C3
330
1A
100
AcDbEntity
67
0
8
Number
62
244
420
659967
6
ByLayer
370
-1
48
1.0
60
0
100
AcDbText
1
909
10
748788.775998291
20
8930190.14099991
30
190.048999914169
40
0.3
41
1.0
50
0.0
51
0.0
7
Standard
11
748788.775998291
21
8930190.14099991
31
190.048999914169
210
0.0
220
0.0
230
1.0
72
0
100
AcDbText
73
0
0
TEXT
5
9C4
330
1A
100
AcDbEntity
67
0
8
label
62
1
420
16711680
6
ByLayer
370
-1
48
1.0
60
0
100
AcDbText
1

10
748788.775998291
20
8930190.54099991
30
190.048999914169
40
0.3
41
1.0
50
0.0
51
0.0
7
Standard
11
748788.775998291
21
8930190.54099991
31
190.048999914169
210
0.0
220
0.0
230
1.0
72
0
100
AcDbText
73
0
0
TEXT
5
9C5
330
1A
100
AcDbEntity
67
0
8
Length
62
244
420
659967
6
ByLayer
370
-1
48
1.0
60
0
100
AcDbText
1
10.30
10
748788.775998291
20
8930189.00599989
30
190.048999914169
40
0.3
41
1.0
50
0.0
51
0.0
7
Standard
11
748788.775998291
21
8930189.00599989
31
190.048999914169
210
0.0
220
0.0
230
1.0
72
0
100
AcDbText
73
0
0
POLYLINE
5
9D2
330
1A
100
AcDbEntity
67
0
8
Real Hole
62
1
420
16711680
6
ByLayer
370
-1
48
1.0
60
0
100
AcDb3dPolyline
10
0.0
20
0.0
30
0.0
70
8
75
0
210
0.0
220
0.0
230
1.0
0
VERTEX
5
9C6
100
AcDbEntity
8
Real Hole
62
1
420
16711680
100
AcDbVertex
100
AcDb3dPolylineVertex
10
748788.775998291
20
8930189.7599999
30
190.048999914169
70
32
0
VERTEX
5
9C7
100
AcDbEntity
8
Real Hole
62
1
420
16711680
100
AcDbVertex
100
AcDb3dPolylineVertex
10
748788.5892719
20
8930189.74920063
30
189.066647299767
70
32
0
VERTEX
5
9C8
100
AcDbEntity
8
Real Hole
62
1
420
16711680
100
AcDbVertex
100
AcDb3dPolylineVertex
10
748788.373269942
20
8930189.72718374
30
188.090502628326
70
32
0
VERTEX
5
9C9
100
AcDbEntity
8
Real Hole
62
1
420
16711680
100
AcDbVertex
100
AcDb3dPolylineVertex
10
748788.159548339
20
8930189.71021332
30
187.113755353928
70
32
0
VERTEX
5
9CA
100
AcDbEntity
8
Real Hole
62
1
420
16711680
100
AcDbVertex
100
AcDb3dPolylineVertex
10
748787.932288345
20
8930189.68973101
30
186.140136846542
70
32
0
VERTEX
5
9CB
100
AcDbEntity
8
Real Hole
62
1
420
16711680
100
AcDbVertex
100
AcDb3dPolylineVertex
10
748787.714431342
20
8930189.64501136
30
185.165181287766
70
32
0
VERTEX
5
9CC
100
AcDbEntity
8
Real Hole
62
1
420
16711680
100
AcDbVertex
100
AcDb3dPolylineVertex
10
748787.495546636
20
8930189.62447489
30
184.189646371841
70
32
0
VERTEX
5
9CD
100
AcDbEntity
8
Real Hole
62
1
420
16711680
100
AcDbVertex
100
AcDb3dPolylineVertex
10
748787.270634469
20
8930189.60874749
30
183.21539462471
70
32
0
VERTEX
5
9CE
100
AcDbEntity
8
Real Hole
62
1
420
16711680
100
AcDbVertex
100
AcDb3dPolylineVertex
10
748787.052037534
20
8930189.56779876
30
182.240438589096
70
32
0
VERTEX
5
9CF
100
AcDbEntity
8
Real Hole
62
1
420
16711680
100
AcDbVertex
100
AcDb3dPolylineVertex
10
748786.830187735
20
8930189.52395182
30
181.266344198227
70
32
0
VERTEX
5
9D0
100
AcDbEntity
8
Real Hole
62
1
420
16711680
100
AcDbVertex
100
AcDb3dPolylineVertex
10
748786.545171675
20
8930189.48865327
30
180.30847180748
70
32
0
SEQEND
5
9D1
100
AcDbEntity
8
Real Hole
0
POINT
5
9D3
330
1A
100
AcDbEntity
67
0
8
Hole
62
244
420
659967
6
ByLayer
370
-1
48
1.0
60
0
100
AcDbPoint
10
748789.010998901
20
8930190.99300018
30
189.77199996376
39
0.0
210
0.0
220
0.0
230
1.0
50
360.0
0
LINE
5
9D4
330
1A
100
AcDbEntity
67
0
8
Theoretical Hole
62
244
420
659967
6
ByLayer
370
-1
48
1.0
60
0
100
AcDbLine
10
748789.010998901
20
8930190.99300018
30
189.77199996376
11
748786.522114929
21
8930191.57722059
31
179.814964660645
39
0.0
210
0.0
220
0.0
230
1.0
0
TEXT
5
9D5
330
1A
100
AcDbEntity
67
0
8
Number
62
244
420
659967
6
ByLayer
370
-1
48
1.0
60
0
100
AcDbText
1
910
10
748789.010998901
20
8930191.37400019
30
189.77199996376
40
0.3
41
1.0
50
0.0
51
0.0
7
Standard
11
748789.010998901
21
8930191.37400019
31
189.77199996376
210
0.0
220
0.0
230
1.0
72
0
100
AcDbText
73
0
0
TEXT
5
9D6
330
1A
100
AcDbEntity
67
0
8
label
62
1
420
16711680
6
ByLayer
370
-1
48
1.0
60
0
100
AcDbText
1

10
748789.010998901
20
8930191.77400019
30
189.77199996376
40
0.3
41
1.0
50
0.0
51
0.0
7
Standard
11
748789.010998901
21
8930191.77400019
31
189.77199996376
210
0.0
220
0.0
230
1.0
72
0
100
AcDbText
73
0
0
TEXT
5
9D7
330
1A
100
AcDbEntity
67
0
8
Length
62
244
420
659967
6
ByLayer
370
-1
48
1.0
60
0
100
AcDbText
1
10.28
10
748789.010998901
20
8930190.23900017
30
189.77199996376
40
0.3
41
1.0
50
0.0
51
0.0
7
Standard
11
748789.010998901
21
8930190.23900017
31
189.77199996376
210
0.0
220
0.0
230
1.0
72
0
100
AcDbText
73
0
0
POLYLINE
5
9E4
330
1A
100
AcDbEntity
67
0
8
Real Hole
62
1
420
16711680
6
ByLayer
370
-1
48
1.0
60
0
100
AcDb3dPolyline
10
0.0
20
0.0
30
0.0
70
8
75
0
210
0.0
220
0.0
230
1.0
0
VERTEX
5
9D8
100
AcDbEntity
8
Real Hole
62
1
420
16711680
100
AcDbVertex
100
AcDb3dPolylineVertex
10
748789.010998901
20
8930190.99300018
30
189.77199996376
70
32
0
VERTEX
5
9D9
100
AcDbEntity
8
Real Hole
62
1
420
16711680
100
AcDbVertex
100
AcDb3dPolylineVertex
10
748788.79141697
20
8930191.03691682
30
188.797394880295
70
32
0
VERTEX
5
9DA
100
AcDbEntity
8
Real Hole
62
1
420
16711680
100
AcDbVertex
100
AcDb3dPolylineVertex
10
748788.570783731
20
8930191.04709013
30
187.822091111183
70
32
0
VERTEX
5
9DB
100
AcDbEntity
8
Real Hole
62
1
420
16711680
100
AcDbVertex
100
AcDb3dPolylineVertex
10
748788.358998295
20
8930191.09645205
30
186.846022256851
70
32
0
VERTEX
5
9DC
100
AcDbEntity
8
Real Hole
62
1
420
16711680
100
AcDbVertex
100
AcDb3dPolylineVertex
10
748788.142002102
20
8930191.12190488
30
185.870181688309
70
32
0
VERTEX
5
9DD
100
AcDbEntity
8
Real Hole
62
1
420
16711680
100
AcDbVertex
100
AcDb3dPolylineVertex
10
748787.940373239
20
8930191.12922774
30
184.890747198105
70
32
0
VERTEX
5
9DE
100
AcDbEntity
8
Real Hole
62
1
420
16711680
100
AcDbVertex
100
AcDb3dPolylineVertex
10
748787.715369519
20
8930191.13649535
30
183.916416296005
70
32
0
VERTEX
5
9DF
100
AcDbEntity
8
Real Hole
62
1
420
16711680
100
AcDbVertex
100
AcDb3dPolylineVertex
10
748787.473102864
20
8930191.1665426
30
182.94667209053
70
32
0
VERTEX
5
9E0
100
AcDbEntity
8
Real Hole
62
1
420
16711680
100
AcDbVertex
100
AcDb3dPolylineVertex
10
748787.235165175
20
8930191.177597
30
181.975454458237
70
32
0
VERTEX
5
9E1
100
AcDbEntity
8
Real Hole
62
1
420
16711680
100
AcDbVertex
100
AcDb3dPolylineVertex
10
748786.997121033
20
8930191.21461832
30
181.004906305313
70
32
0
VERTEX
5
9E2
100
AcDbEntity
8
Real Hole
62
1
420
16711680
100
AcDbVertex
100
AcDb3dPolylineVertex
10
748786.844454464
20
8930191.2430512
30
180.425350793839
70
32
0
SEQEND
5
9E3
100
AcDbEntity
8
Real Hole
0
POINT
5
9E5
330
1A
100
AcDbEntity
67
0
8
Hole
62
244
420
659967
6
ByLayer
370
-1
48
1.0
60
0
100
AcDbPoint
10
748789.622998413
20
8930192.64099994
30
189.810000070572
39
0.0
210
0.0
220
0.0
230
1.0
50
360.0
0
LINE
5
9E6
330
1A
100
AcDbEntity
67
0
8
Theoretical Hole
62
244
420
659967
6
ByLayer
370
-1
48
1.0
60
0
100
AcDbLine
10
748789.622998413
20
8930192.64099994
30
189.810000070572
11
748787.178219971
21
8930193.34665027
31
179.550856956482
39
0.0
210
0.0
220
0.0
230
1.0
0
TEXT
5
9E7
330
1A
100
AcDbEntity
67
0
8
Number
62
244
420
659967
6
ByLayer
370
-1
48
1.0
60
0
100
AcDbText
1
911
10
748789.622998413
20
8930193.02199995
30
189.810000070572
40
0.3
41
1.0
50
0.0
51
0.0
7
Standard
11
748789.622998413
21
8930193.02199995
31
189.810000070572
210
0.0
220
0.0
230
1.0
72
0
100
AcDbText
73
0
0
TEXT
5
9E8
330
1A
100
AcDbEntity
67
0
8
label
62
1
420
16711680
6
ByLayer
370
-1
48
1.0
60
0
100
AcDbText
1

10
748789.622998413
20
8930193.42199995
30
189.810000070572
40
0.3
41
1.0
50
0.0
51
0.0
7
Standard
11
748789.622998413
21
8930193.42199995
31
189.810000070572
210
0.0
220
0.0
230
1.0
72
0
100
AcDbText
73
0
0
TEXT
5
9E9
330
1A
100
AcDbEntity
67
0
8
Length
62
244
420
659967
6
ByLayer
370
-1
48
1.0
60
0
100
AcDbText
1
10.57
10
748789.622998413
20
8930191.88699993
30
189.810000070572
40
0.3
41
1.0
50
0.0
51
0.0
7
Standard
11
748789.622998413
21
8930191.88699993
31
189.810000070572
210
0.0
220
0.0
230
1.0
72
0
100
AcDbText
73
0
0
POLYLINE
5
9F6
330
1A
100
AcDbEntity
67
0
8
Real Hole
62
1
420
16711680
6
ByLayer
370
-1
48
1.0
60
0
100
AcDb3dPolyline
10
0.0
20
0.0
30
0.0
70
8
75
0
210
0.0
220
0.0
230
1.0
0
VERTEX
5
9EA
100
AcDbEntity
8
Real Hole
62
1
420
16711680
100
AcDbVertex
100
AcDb3dPolylineVertex
10
748789.622998413
20
8930192.64099994
30
189.810000070572
70
32
0
VERTEX
5
9EB
100
AcDbEntity
8
Real Hole
62
1
420
16711680
100
AcDbVertex
100
AcDb3dPolylineVertex
10
748789.417386514
20
8930192.61133421
30
188.831816205025
70
32
0
VERTEX
5
9EC
100
AcDbEntity
8
Real Hole
62
1
420
16711680
100
AcDbVertex
100
AcDb3dPolylineVertex
10
748789.209018406
20
8930192.60161711
30
187.853814014435
70
32
0
VERTEX
5
9ED
100
AcDbEntity
8
Real Hole
62
1
420
16711680
100
AcDbVertex
100
AcDb3dPolylineVertex
10
748788.96827
20
8930192.59291546
30
186.883265384674
70
32
0
VERTEX
5
9EE
100
AcDbEntity
8
Real Hole
62
1
420
16711680
100
AcDbVertex
100
AcDb3dPolylineVertex
10
748788.727451261
20
8930192.5993898
30
185.912716993332
70
32
0
VERTEX
5
9EF
100
AcDbEntity
8
Real Hole
62
1
420
16711680
100
AcDbVertex
100
AcDb3dPolylineVertex
10
748788.453021821
20
8930192.59512656
30
184.951119073868
70
32
0
VERTEX
5
9F0
100
AcDbEntity
8
Real Hole
62
1
420
16711680
100
AcDbVertex
100
AcDb3dPolylineVertex
10
748788.193341788
20
8930192.57441567
30
183.985646375656
70
32
0
VERTEX
5
9F1
100
AcDbEntity
8
Real Hole
62
1
420
16711680
100
AcDbVertex
100
AcDb3dPolylineVertex
10
748787.92510539
20
8930192.57198108
30
183.022296556473
70
32
0
VERTEX
5
9F2
100
AcDbEntity
8
Real Hole
62
1
420
16711680
100
AcDbVertex
100
AcDb3dPolylineVertex
10
748787.654911813
20
8930192.57815994
30
182.05951035881
70
32
0
VERTEX
5
9F3
100
AcDbEntity
8
Real Hole
62
1
420
16711680
100
AcDbVertex
100
AcDb3dPolylineVertex
10
748787.370402273
20
8930192.58024561
30
181.100839265823
70
32
0
VERTEX
5
9F4
100
AcDbEntity
8
Real Hole
62
1
420
16711680
100
AcDbVertex
100
AcDb3dPolylineVertex
10
748787.116250929
20
8930192.56879362
30
180.237545618057
70
32
0
SEQEND
5
9F5
100
AcDbEntity
8
Real Hole
0
POINT
5
9F7
330
1A
100
AcDbEntity
67
0
8
Hole
62
244
420
659967
6
ByLayer
370
-1
48
1.0
60
0
100
AcDbPoint
10
748790.07099646
20
8930194.03
30
189.805999883652
39
0.0
210
0.0
220
0.0
230
1.0
50
360.0
0
LINE
5
9F8
330
1A
100
AcDbEntity
67
0
8
Theoretical Hole
62
244
420
659967
6
ByLayer
370
-1
48
1.0
60
0
100
AcDbLine
10
748790.07099646
20
8930194.03
30
189.805999883652
11
748787.632466492
21
8930194.75973788
31
179.06343687439
39
0.0
210
0.0
220
0.0
230
1.0
0
TEXT
5
9F9
330
1A
100
AcDbEntity
67
0
8
Number
62
244
420
659967
6
ByLayer
370
-1
48
1.0
60
0
100
AcDbText
1
912
10
748790.07099646
20
8930194.41100001
30
189.805999883652
40
0.3
41
1.0
50
0.0
51
0.0
7
Standard
11
748790.07099646
21
8930194.41100001
31
189.805999883652
210
0.0
220
0.0
230
1.0
72
0
100
AcDbText
73
0
0
TEXT
5
9FA
330
1A
100
AcDbEntity
67
0
8
label
62
1
420
16711680
6
ByLayer
370
-1
48
1.0
60
0
100
AcDbText
1

10
748790.07099646
20
8930194.81100001
30
189.805999883652
40
0.3
41
1.0
50
0.0
51
0.0
7
Standard
11
748790.07099646
21
8930194.81100001
31
189.805999883652
210
0.0
220
0.0
230
1.0
72
0
100
AcDbText
73
0
0
TEXT
5
9FB
330
1A
100
AcDbEntity
67
0
8
Length
62
244
420
659967
6
ByLayer
370
-1
48
1.0
60
0
100
AcDbText
1
11.04
10
748790.07099646
20
8930193.27599999
30
189.805999883652
40
0.3
41
1.0
50
0.0
51
0.0
7
Standard
11
748790.07099646
21
8930193.27599999
31
189.805999883652
210
0.0
220
0.0
230
1.0
72
0
100
AcDbText
73
0
0
POLYLINE
5
A08
330
1A
100
AcDbEntity
67
0
8
Real Hole
62
1
420
16711680
6
ByLayer
370
-1
48
1.0
60
0
100
AcDb3dPolyline
10
0.0
20
0.0
30
0.0
70
8
75
0
210
0.0
220
0.0
230
1.0
0
VERTEX
5
9FC
100
AcDbEntity
8
Real Hole
62
1
420
16711680
100
AcDbVertex
100
AcDb3dPolylineVertex
10
748790.07099646
20
8930194.03
30
189.805999883652
70
32
0
VERTEX
5
9FD
100
AcDbEntity
8
Real Hole
62
1
420
16711680
100
AcDbVertex
100
AcDb3dPolylineVertex
10
748789.857508641
20
8930194.02519253
30
188.82906598711
70
32
0
VERTEX
5
9FE
100
AcDbEntity
8
Real Hole
62
1
420
16711680
100
AcDbVertex
100
AcDb3dPolylineVertex
10
748789.64654034
20
8930194.0277333
30
187.851576336861
70
32
0
VERTEX
5
9FF
100
AcDbEntity
8
Real Hole
62
1
420
16711680
100
AcDbVertex
100
AcDb3dPolylineVertex
10
748789.409871873
20
8930194.02765074
30
186.879985937119
70
32
0
VERTEX
5
A00
100
AcDbEntity
8
Real Hole
62
1
420
16711680
100
AcDbVertex
100
AcDb3dPolylineVertex
10
748789.164331612
20
8930193.97613101
30
185.911969551086
70
32
0
VERTEX
5
A01
100
AcDbEntity
8
Real Hole
62
1
420
16711680
100
AcDbVertex
100
AcDb3dPolylineVertex
10
748788.886660274
20
8930193.94577016
30
184.951773294449
70
32
0
VERTEX
5
A02
100
AcDbEntity
8
Real Hole
62
1
420
16711680
100
AcDbVertex
100
AcDb3dPolylineVertex
10
748788.618606743
20
8930193.92420304
30
183.988610872269
70
32
0
VERTEX
5
A03
100
AcDbEntity
8
Real Hole
62
1
420
16711680
100
AcDbVertex
100
AcDb3dPolylineVertex
10
748788.365229544
20
8930193.88457048
30
183.022055276871
70
32
0
VERTEX
5
A04
100
AcDbEntity
8
Real Hole
62
1
420
16711680
100
AcDbVertex
100
AcDb3dPolylineVertex
10
748788.052491602
20
8930193.84700186
30
182.07295907402
70
32
0
VERTEX
5
A05
100
AcDbEntity
8
Real Hole
62
1
420
16711680
100
AcDbVertex
100
AcDb3dPolylineVertex
10
748787.765664991
20
8930193.8127491
30
181.115589269638
70
32
0
VERTEX
5
A06
100
AcDbEntity
8
Real Hole
62
1
420
16711680
100
AcDbVertex
100
AcDb3dPolylineVertex
10
748787.444821533
20
8930193.78834313
30
180.168771871567
70
32
0
SEQEND
5
A07
100
AcDbEntity
8
Real Hole
0
POINT
5
A09
330
1A
100
AcDbEntity
67
0
8
Hole
62
244
420
659967
6
ByLayer
370
-1
48
1.0
60
0
100
AcDbPoint
10
748790.33800238
20
8930195.532
30
190.040000089645
39
0.0
210
0.0
220
0.0
230
1.0
50
360.0
0
LINE
5
A0A
330
1A
100
AcDbEntity
67
0
8
Theoretical Hole
62
244
420
659967
6
ByLayer
370
-1
48
1.0
60
0
100
AcDbLine
10
748790.33800238
20
8930195.532
30
190.040000089645
11
748787.899716553
21
8930196.26166591
31
178.773907073975
39
0.0
210
0.0
220
0.0
230
1.0
0
TEXT
5
A0B
330
1A
100
AcDbEntity
67
0
8
Number
62
244
420
659967
6
ByLayer
370
-1
48
1.0
60
0
100
AcDbText
1
913
10
748790.33800238
20
8930195.91300001
30
190.040000089645
40
0.3
41
1.0
50
0.0
51
0.0
7
Standard
11
748790.33800238
21
8930195.91300001
31
190.040000089645
210
0.0
220
0.0
230
1.0
72
0
100
AcDbText
73
0
0
TEXT
5
A0C
330
1A
100
AcDbEntity
67
0
8
label
62
1
420
16711680
6
ByLayer
370
-1
48
1.0
60
0
100
AcDbText
1

10
748790.33800238
20
8930196.31300001
30
190.040000089645
40
0.3
41
1.0
50
0.0
51
0.0
7
Standard
11
748790.33800238
21
8930196.31300001
31
190.040000089645
210
0.0
220
0.0
230
1.0
72
0
100
AcDbText
73
0
0
TEXT
5
A0D
330
1A
100
AcDbEntity
67
0
8
Length
62
244
420
659967
6
ByLayer
370
-1
48
1.0
60
0
100
AcDbText
1
11.55
10
748790.33800238
20
8930194.77799999
30
190.040000089645
40
0.3
41
1.0
50
0.0
51
0.0
7
Standard
11
748790.33800238
21
8930194.77799999
31
190.040000089645
210
0.0
220
0.0
230
1.0
72
0
100
AcDbText
73
0
0
POLYLINE
5
A1A
330
1A
100
AcDbEntity
67
0
8
Real Hole
62
1
420
16711680
6
ByLayer
370
-1
48
1.0
60
0
100
AcDb3dPolyline
10
0.0
20
0.0
30
0.0
70
8
75
0
210
0.0
220
0.0
230
1.0
0
VERTEX
5
A0E
100
AcDbEntity
8
Real Hole
62
1
420
16711680
100
AcDbVertex
100
AcDb3dPolylineVertex
10
748790.33800238
20
8930195.532
30
190.040000089645
70
32
0
VERTEX
5
A0F
100
AcDbEntity
8
Real Hole
62
1
420
16711680
100
AcDbVertex
100
AcDb3dPolylineVertex
10
748790.084537533
20
8930195.5637505
30
189.073176690578
70
32
0
VERTEX
5
A10
100
AcDbEntity
8
Real Hole
62
1
420
16711680
100
AcDbVertex
100
AcDb3dPolylineVertex
10
748789.836524483
20
8930195.56431324
30
188.104420193672
70
32
0
VERTEX
5
A11
100
AcDbEntity
8
Real Hole
62
1
420
16711680
100
AcDbVertex
100
AcDb3dPolylineVertex
10
748789.587858614
20
8930195.55088952
30
187.135923751831
70
32
0
VERTEX
5
A12
100
AcDbEntity
8
Real Hole
62
1
420
16711680
100
AcDbVertex
100
AcDb3dPolylineVertex
10
748789.361046609
20
8930195.51044737
30
186.162825235367
70
32
0
VERTEX
5
A13
100
AcDbEntity
8
Real Hole
62
1
420
16711680
100
AcDbVertex
100
AcDb3dPolylineVertex
10
748789.091455039
20
8930195.56539434
30
185.201419481277
70
32
0
VERTEX
5
A14
100
AcDbEntity
8
Real Hole
62
1
420
16711680
100
AcDbVertex
100
AcDb3dPolylineVertex
10
748788.793848213
20
8930195.55276486
30
184.246814378738
70
32
0
VERTEX
5
A15
100
AcDbEntity
8
Real Hole
62
1
420
16711680
100
AcDbVertex
100
AcDb3dPolylineVertex
10
748788.503800091
20
8930195.50151721
30
183.29117549324
70
32
0
VERTEX
5
A16
100
AcDbEntity
8
Real Hole
62
1
420
16711680
100
AcDbVertex
100
AcDb3dPolylineVertex
10
748788.209766563
20
8930195.42684218
30
182.33830226326
70
32
0
VERTEX
5
A17
100
AcDbEntity
8
Real Hole
62
1
420
16711680
100
AcDbVertex
100
AcDb3dPolylineVertex
10
748787.924076256
20
8930195.45929151
30
181.380529531479
70
32
0
VERTEX
5
A18
100
AcDbEntity
8
Real Hole
62
1
420
16711680
100
AcDbVertex
100
AcDb3dPolylineVertex
10
748787.599035439
20
8930195.43348186
30
180.435181745529
70
32
0
SEQEND
5
A19
100
AcDbEntity
8
Real Hole
0
POINT
5
A1B
330
1A
100
AcDbEntity
67
0
8
Hole
62
244
420
659967
6
ByLayer
370
-1
48
1.0
60
0
100
AcDbPoint
10
748790.813000854
20
8930196.88000002
30
189.995999940872
39
0.0
210
0.0
220
0.0
230
1.0
50
360.0
0
LINE
5
A1C
330
1A
100
AcDbEntity
67
0
8
Theoretical Hole
62
244
420
659967
6
ByLayer
370
-1
48
1.0
60
0
100
AcDbLine
10
748790.813000854
20
8930196.88000002
30
189.995999940872
11
748788.376233276
21
8930197.60921135
31
178.996249565125
39
0.0
210
0.0
220
0.0
230
1.0
0
TEXT
5
A1D
330
1A
100
AcDbEntity
67
0
8
Number
62
244
420
659967
6
ByLayer
370
-1
48
1.0
60
0
100
AcDbText
1
914
10
748790.813000854
20
8930197.26100003
30
189.995999940872
40
0.3
41
1.0
50
0.0
51
0.0
7
Standard
11
748790.813000854
21
8930197.26100003
31
189.995999940872
210
0.0
220
0.0
230
1.0
72
0
100
AcDbText
73
0
0
TEXT
5
A1E
330
1A
100
AcDbEntity
67
0
8
label
62
1
420
16711680
6
ByLayer
370
-1
48
1.0
60
0
100
AcDbText
1

10
748790.813000854
20
8930197.66100003
30
189.995999940872
40
0.3
41
1.0
50
0.0
51
0.0
7
Standard
11
748790.813000854
21
8930197.66100003
31
189.995999940872
210
0.0
220
0.0
230
1.0
72
0
100
AcDbText
73
0
0
TEXT
5
A1F
330
1A
100
AcDbEntity
67
0
8
Length
62
244
420
659967
6
ByLayer
370
-1
48
1.0
60
0
100
AcDbText
1
11.29
10
748790.813000854
20
8930196.12600001
30
189.995999940872
40
0.3
41
1.0
50
0.0
51
0.0
7
Standard
11
748790.813000854
21
8930196.12600001
31
189.995999940872
210
0.0
220
0.0
230
1.0
72
0
100
AcDbText
73
0
0
POLYLINE
5
A2C
330
1A
100
AcDbEntity
67
0
8
Real Hole
62
1
420
16711680
6
ByLayer
370
-1
48
1.0
60
0
100
AcDb3dPolyline
10
0.0
20
0.0
30
0.0
70
8
75
0
210
0.0
220
0.0
230
1.0
0
VERTEX
5
A20
100
AcDbEntity
8
Real Hole
62
1
420
16711680
100
AcDbVertex
100
AcDb3dPolylineVertex
10
748790.813000854
20
8930196.88000002
30
189.995999940872
70
32
0
VERTEX
5
A21
100
AcDbEntity
8
Real Hole
62
1
420
16711680
100
AcDbVertex
100
AcDb3dPolylineVertex
10
748790.589391109
20
8930196.90452881
30
189.021629878521
70
32
0
VERTEX
5
A22
100
AcDbEntity
8
Real Hole
62
1
420
16711680
100
AcDbVertex
100
AcDb3dPolylineVertex
10
748790.371174004
20
8930196.92082169
30
188.045865663528
70
32
0
VERTEX
5
A23
100
AcDbEntity
8
Real Hole
62
1
420
16711680
100
AcDbVertex
100
AcDb3dPolylineVertex
10
748790.174914237
20
8930196.8959587
30
187.065628894806
70
32
0
VERTEX
5
A24
100
AcDbEntity
8
Real Hole
62
1
420
16711680
100
AcDbVertex
100
AcDb3dPolylineVertex
10
748789.995999392
20
8930196.93944114
30
186.082725652695
70
32
0
VERTEX
5
A25
100
AcDbEntity
8
Real Hole
62
1
420
16711680
100
AcDbVertex
100
AcDb3dPolylineVertex
10
748789.760331329
20
8930196.96117891
30
185.111135133743
70
32
0
VERTEX
5
A26
100
AcDbEntity
8
Real Hole
62
1
420
16711680
100
AcDbVertex
100
AcDb3dPolylineVertex
10
748789.582930979
20
8930196.9296749
30
184.12750066185
70
32
0
VERTEX
5
A27
100
AcDbEntity
8
Real Hole
62
1
420
16711680
100
AcDbVertex
100
AcDb3dPolylineVertex
10
748789.374642071
20
8930196.91324559
30
183.149571546555
70
32
0
VERTEX
5
A28
100
AcDbEntity
8
Real Hole
62
1
420
16711680
100
AcDbVertex
100
AcDb3dPolylineVertex
10
748789.173579153
20
8930196.93002326
30
182.170137056351
70
32
0
VERTEX
5
A29
100
AcDbEntity
8
Real Hole
62
1
420
16711680
100
AcDbVertex
100
AcDb3dPolylineVertex
10
748788.947648343
20
8930196.94808219
30
181.196160921097
70
32
0
VERTEX
5
A2A
100
AcDbEntity
8
Real Hole
62
1
420
16711680
100
AcDbVertex
100
AcDb3dPolylineVertex
10
748788.779071506
20
8930196.92126157
30
180.414583810806
70
32
0
SEQEND
5
A2B
100
AcDbEntity
8
Real Hole
0
POINT
5
A2D
330
1A
100
AcDbEntity
67
0
8
Hole
62
244
420
659967
6
ByLayer
370
-1
48
1.0
60
0
100
AcDbPoint
10
748791.185002502
20
8930198.04899993
30
190.11399997139
39
0.0
210
0.0
220
0.0
230
1.0
50
360.0
0
LINE
5
A2E
330
1A
100
AcDbEntity
67
0
8
Theoretical Hole
62
244
420
659967
6
ByLayer
370
-1
48
1.0
60
0
100
AcDbLine
10
748791.185002502
20
8930198.04899993
30
190.11399997139
11
748788.748524841
21
8930198.77812591
31
179.720640071869
39
0.0
210
0.0
220
0.0
230
1.0
0
TEXT
5
A2F
330
1A
100
AcDbEntity
67
0
8
Number
62
244
420
659967
6
ByLayer
370
-1
48
1.0
60
0
100
AcDbText
1
915
10
748791.185002502
20
8930198.42999994
30
190.11399997139
40
0.3
41
1.0
50
0.0
51
0.0
7
Standard
11
748791.185002502
21
8930198.42999994
31
190.11399997139
210
0.0
220
0.0
230
1.0
72
0
100
AcDbText
73
0
0
TEXT
5
A30
330
1A
100
AcDbEntity
67
0
8
label
62
1
420
16711680
6
ByLayer
370
-1
48
1.0
60
0
100
AcDbText
1

10
748791.185002502
20
8930198.82999994
30
190.11399997139
40
0.3
41
1.0
50
0.0
51
0.0
7
Standard
11
748791.185002502
21
8930198.82999994
31
190.11399997139
210
0.0
220
0.0
230
1.0
72
0
100
AcDbText
73
0
0
TEXT
5
A31
330
1A
100
AcDbEntity
67
0
8
Length
62
244
420
659967
6
ByLayer
370
-1
48
1.0
60
0
100
AcDbText
1
10.70
10
748791.185002502
20
8930197.29499992
30
190.11399997139
40
0.3
41
1.0
50
0.0
51
0.0
7
Standard
11
748791.185002502
21
8930197.29499992
31
190.11399997139
210
0.0
220
0.0
230
1.0
72
0
100
AcDbText
73
0
0
POLYLINE
5
A3F
330
1A
100
AcDbEntity
67
0
8
Real Hole
62
1
420
16711680
6
ByLayer
370
-1
48
1.0
60
0
100
AcDb3dPolyline
10
0.0
20
0.0
30
0.0
70
8
75
0
210
0.0
220
0.0
230
1.0
0
VERTEX
5
A32
100
AcDbEntity
8
Real Hole
62
1
420
16711680
100
AcDbVertex
100
AcDb3dPolylineVertex
10
748791.185002502
20
8930198.04899993
30
190.11399997139
70
32
0
VERTEX
5
A33
100
AcDbEntity
8
Real Hole
62
1
420
16711680
100
AcDbVertex
100
AcDb3dPolylineVertex
10
748790.99306142
20
8930198.06154674
30
189.13267374897
70
32
0
VERTEX
5
A34
100
AcDbEntity
8
Real Hole
62
1
420
16711680
100
AcDbVertex
100
AcDb3dPolylineVertex
10
748790.794622776
20
8930198.09607275
30
188.153168686867
70
32
0
VERTEX
5
A35
100
AcDbEntity
8
Real Hole
62
1
420
16711680
100
AcDbVertex
100
AcDb3dPolylineVertex
10
748790.606432494
20
8930198.1177805
30
187.171275981903
70
32
0
VERTEX
5
A36
100
AcDbEntity
8
Real Hole
62
1
420
16711680
100
AcDbVertex
100
AcDb3dPolylineVertex
10
748790.382034775
20
8930198.16445529
30
186.197896846771
70
32
0
VERTEX
5
A37
100
AcDbEntity
8
Real Hole
62
1
420
16711680
100
AcDbVertex
100
AcDb3dPolylineVertex
10
748790.156134304
20
8930198.21914804
30
185.22528279686
70
32
0
VERTEX
5
A38
100
AcDbEntity
8
Real Hole
62
1
420
16711680
100
AcDbVertex
100
AcDb3dPolylineVertex
10
748789.925932464
20
8930198.2162953
30
184.252144464493
70
32
0
VERTEX
5
A39
100
AcDbEntity
8
Real Hole
62
1
420
16711680
100
AcDbVertex
100
AcDb3dPolylineVertex
10
748789.685800489
20
8930198.2375998
30
183.281637796402
70
32
0
VERTEX
5
A3A
100
AcDbEntity
8
Real Hole
62
1
420
16711680
100
AcDbVertex
100
AcDb3dPolylineVertex
10
748789.424824532
20
8930198.22081476
30
182.316438325882
70
32
0
VERTEX
5
A3B
100
AcDbEntity
8
Real Hole
62
1
420
16711680
100
AcDbVertex
100
AcDb3dPolylineVertex
10
748789.16360372
20
8930198.21269685
30
181.351193078995
70
32
0
VERTEX
5
A3C
100
AcDbEntity
8
Real Hole
62
1
420
16711680
100
AcDbVertex
100
AcDb3dPolylineVertex
10
748788.896560606
20
8930198.20887471
30
180.387516626358
70
32
0
VERTEX
5
A3D
100
AcDbEntity
8
Real Hole
62
1
420
16711680
100
AcDbVertex
100
AcDb3dPolylineVertex
10
748788.840665516
20
8930198.2082407
30
180.195486673355
70
32
0
SEQEND
5
A3E
100
AcDbEntity
8
Real Hole
0
POINT
5
A40
330
1A
100
AcDbEntity
67
0
8
Hole
62
244
420
659967
6
ByLayer
370
-1
48
1.0
60
0
100
AcDbPoint
10
748791.605000671
20
8930199.85700002
30
190.203999885559
39
0.0
210
0.0
220
0.0
230
1.0
50
360.0
0
LINE
5
A41
330
1A
100
AcDbEntity
67
0
8
Theoretical Hole
62
244
420
659967
6
ByLayer
370
-1
48
1.0
60
0
100
AcDbLine
10
748791.605000671
20
8930199.85700002
30
190.203999885559
11
748789.165867981
21
8930200.58692041
31
179.759845623016
39
0.0
210
0.0
220
0.0
230
1.0
0
TEXT
5
A42
330
1A
100
AcDbEntity
67
0
8
Number
62
244
420
659967
6
ByLayer
370
-1
48
1.0
60
0
100
AcDbText
1
916
10
748791.605000671
20
8930200.23800003
30
190.203999885559
40
0.3
41
1.0
50
0.0
51
0.0
7
Standard
11
748791.605000671
21
8930200.23800003
31
190.203999885559
210
0.0
220
0.0
230
1.0
72
0
100
AcDbText
73
0
0
TEXT
5
A43
330
1A
100
AcDbEntity
67
0
8
label
62
1
420
16711680
6
ByLayer
370
-1
48
1.0
60
0
100
AcDbText
1

10
748791.605000671
20
8930200.63800003
30
190.203999885559
40
0.3
41
1.0
50
0.0
51
0.0
7
Standard
11
748791.605000671
21
8930200.63800003
31
190.203999885559
210
0.0
220
0.0
230
1.0
72
0
100
AcDbText
73
0
0
TEXT
5
A44
330
1A
100
AcDbEntity
67
0
8
Length
62
244
420
659967
6
ByLayer
370
-1
48
1.0
60
0
100
AcDbText
1
10.75
10
748791.605000671
20
8930199.10300001
30
190.203999885559
40
0.3
41
1.0
50
0.0
51
0.0
7
Standard
11
748791.605000671
21
8930199.10300001
31
190.203999885559
210
0.0
220
0.0
230
1.0
72
0
100
AcDbText
73
0
0
POLYLINE
5
A52
330
1A
100
AcDbEntity
67
0
8
Real Hole
62
1
420
16711680
6
ByLayer
370
-1
48
1.0
60
0
100
AcDb3dPolyline
10
0.0
20
0.0
30
0.0
70
8
75
0
210
0.0
220
0.0
230
1.0
0
VERTEX
5
A45
100
AcDbEntity
8
Real Hole
62
1
420
16711680
100
AcDbVertex
100
AcDb3dPolylineVertex
10
748791.605000671
20
8930199.85700002
30
190.203999885559
70
32
0
VERTEX
5
A46
100
AcDbEntity
8
Real Hole
62
1
420
16711680
100
AcDbVertex
100
AcDb3dPolylineVertex
10
748791.373423186
20
8930199.87685319
30
189.231386014462
70
32
0
VERTEX
5
A47
100
AcDbEntity
8
Real Hole
62
1
420
16711680
100
AcDbVertex
100
AcDb3dPolylineVertex
10
748791.154670772
20
8930199.94469396
30
188.257966765404
70
32
0
VERTEX
5
A48
100
AcDbEntity
8
Real Hole
62
1
420
16711680
100
AcDbVertex
100
AcDb3dPolylineVertex
10
748790.922153827
20
8930200.01449658
30
187.287882455826
70
32
0
VERTEX
5
A49
100
AcDbEntity
8
Real Hole
62
1
420
16711680
100
AcDbVertex
100
AcDb3dPolylineVertex
10
748790.645692286
20
8930200.00445589
30
186.326909908295
70
32
0
VERTEX
5
A4A
100
AcDbEntity
8
Real Hole
62
1
420
16711680
100
AcDbVertex
100
AcDb3dPolylineVertex
10
748790.362270292
20
8930199.98890778
30
185.368040927887
70
32
0
VERTEX
5
A4B
100
AcDbEntity
8
Real Hole
62
1
420
16711680
100
AcDbVertex
100
AcDb3dPolylineVertex
10
748790.093051371
20
8930199.9844435
30
184.40497196579
70
32
0
VERTEX
5
A4C
100
AcDbEntity
8
Real Hole
62
1
420
16711680
100
AcDbVertex
100
AcDb3dPolylineVertex
10
748789.80938774
20
8930199.98756268
30
183.446053394318
70
32
0
VERTEX
5
A4D
100
AcDbEntity
8
Real Hole
62
1
420
16711680
100
AcDbVertex
100
AcDb3dPolylineVertex
10
748789.52727383
20
8930199.99337358
30
182.486689933777
70
32
0
VERTEX
5
A4E
100
AcDbEntity
8
Real Hole
62
1
420
16711680
100
AcDbVertex
100
AcDb3dPolylineVertex
10
748789.235601362
20
8930199.98909716
30
181.530181297302
70
32
0
VERTEX
5
A4F
100
AcDbEntity
8
Real Hole
62
1
420
16711680
100
AcDbVertex
100
AcDb3dPolylineVertex
10
748788.93789905
20
8930199.9789612
30
180.575576194763
70
32
0
VERTEX
5
A50
100
AcDbEntity
8
Real Hole
62
1
420
16711680
100
AcDbVertex
100
AcDb3dPolylineVertex
10
748788.749982771
20
8930199.98450561
30
180.005790122986
70
32
0
SEQEND
5
A51
100
AcDbEntity
8
Real Hole
0
POINT
5
A53
330
1A
100
AcDbEntity
67
0
8
Hole
62
244
420
659967
6
ByLayer
370
-1
48
1.0
60
0
100
AcDbPoint
10
748791.884999451
20
8930201.20899978
30
190.412999996185
39
0.0
210
0.0
220
0.0
230
1.0
50
360.0
0
LINE
5
A54
330
1A
100
AcDbEntity
67
0
8
Theoretical Hole
62
244
420
659967
6
ByLayer
370
-1
48
1.0
60
0
100
AcDbLine
10
748791.884999451
20
8930201.20899978
30
190.412999996185
11
748789.445805725
21
8930201.93893781
31
179.896826633453
39
0.0
210
0.0
220
0.0
230
1.0
0
TEXT
5
A55
330
1A
100
AcDbEntity
67
0
8
Number
62
244
420
659967
6
ByLayer
370
-1
48
1.0
60
0
100
AcDbText
1
917
10
748791.884999451
20
8930201.58999979
30
190.412999996185
40
0.3
41
1.0
50
0.0
51
0.0
7
Standard
11
748791.884999451
21
8930201.58999979
31
190.412999996185
210
0.0
220
0.0
230
1.0
72
0
100
AcDbText
73
0
0
TEXT
5
A56
330
1A
100
AcDbEntity
67
0
8
label
62
1
420
16711680
6
ByLayer
370
-1
48
1.0
60
0
100
AcDbText
1

10
748791.884999451
20
8930201.98999979
30
190.412999996185
40
0.3
41
1.0
50
0.0
51
0.0
7
Standard
11
748791.884999451
21
8930201.98999979
31
190.412999996185
210
0.0
220
0.0
230
1.0
72
0
100
AcDbText
73
0
0
TEXT
5
A57
330
1A
100
AcDbEntity
67
0
8
Length
62
244
420
659967
6
ByLayer
370
-1
48
1.0
60
0
100
AcDbText
1
10.82
10
748791.884999451
20
8930200.45499977
30
190.412999996185
40
0.3
41
1.0
50
0.0
51
0.0
7
Standard
11
748791.884999451
21
8930200.45499977
31
190.412999996185
210
0.0
220
0.0
230
1.0
72
0
100
AcDbText
73
0
0
POLYLINE
5
A64
330
1A
100
AcDbEntity
67
0
8
Real Hole
62
1
420
16711680
6
ByLayer
370
-1
48
1.0
60
0
100
AcDb3dPolyline
10
0.0
20
0.0
30
0.0
70
8
75
0
210
0.0
220
0.0
230
1.0
0
VERTEX
5
A58
100
AcDbEntity
8
Real Hole
62
1
420
16711680
100
AcDbVertex
100
AcDb3dPolylineVertex
10
748791.884999451
20
8930201.20899978
30
190.412999996185
70
32
0
VERTEX
5
A59
100
AcDbEntity
8
Real Hole
62
1
420
16711680
100
AcDbVertex
100
AcDb3dPolylineVertex
10
748791.595433977
20
8930201.25175906
30
189.456797369957
70
32
0
VERTEX
5
A5A
100
AcDbEntity
8
Real Hole
62
1
420
16711680
100
AcDbVertex
100
AcDb3dPolylineVertex
10
748791.331809994
20
8930201.28641896
30
188.492794760704
70
32
0
VERTEX
5
A5B
100
AcDbEntity
8
Real Hole
62
1
420
16711680
100
AcDbVertex
100
AcDb3dPolylineVertex
10
748791.049748656
20
8930201.32852293
30
187.534322628021
70
32
0
VERTEX
5
A5C
100
AcDbEntity
8
Real Hole
62
1
420
16711680
100
AcDbVertex
100
AcDb3dPolylineVertex
10
748790.766191181
20
8930201.43206581
30
186.580973752975
70
32
0
VERTEX
5
A5D
100
AcDbEntity
8
Real Hole
62
1
420
16711680
100
AcDbVertex
100
AcDb3dPolylineVertex
10
748790.456137713
20
8930201.40379421
30
185.630675205231
70
32
0
VERTEX
5
A5E
100
AcDbEntity
8
Real Hole
62
1
420
16711680
100
AcDbVertex
100
AcDb3dPolylineVertex
10
748790.126516756
20
8930201.41058364
30
184.686586269379
70
32
0
VERTEX
5
A5F
100
AcDbEntity
8
Real Hole
62
1
420
16711680
100
AcDbVertex
100
AcDb3dPolylineVertex
10
748789.805273947
20
8930201.39217341
30
183.73976839447
70
32
0
VERTEX
5
A60
100
AcDbEntity
8
Real Hole
62
1
420
16711680
100
AcDbVertex
100
AcDb3dPolylineVertex
10
748789.441224274
20
8930201.3653115
30
182.808776268005
70
32
0
VERTEX
5
A61
100
AcDbEntity
8
Real Hole
62
1
420
16711680
100
AcDbVertex
100
AcDb3dPolylineVertex
10
748789.104000267
20
8930201.29418575
30
181.870042690277
70
32
0
VERTEX
5
A62
100
AcDbEntity
8
Real Hole
62
1
420
16711680
100
AcDbVertex
100
AcDb3dPolylineVertex
10
748788.767889198
20
8930201.30463102
30
180.928277858734
70
32
0
SEQEND
5
A63
100
AcDbEntity
8
Real Hole
0
POINT
5
A65
330
1A
100
AcDbEntity
67
0
8
Hole
62
244
420
659967
6
ByLayer
370
-1
48
1.0
60
0
100
AcDbPoint
10
748792.08700293
20
8930202.39999976
30
190.474000104904
39
0.0
210
0.0
220
0.0
230
1.0
50
360.0
0
LINE
5
A66
330
1A
100
AcDbEntity
67
0
8
Theoretical Hole
62
244
420
659967
6
ByLayer
370
-1
48
1.0
60
0
100
AcDbLine
10
748792.08700293
20
8930202.39999976
30
190.474000104904
11
748789.649731811
21
8930203.12936273
31
179.761959442139
39
0.0
210
0.0
220
0.0
230
1.0
0
TEXT
5
A67
330
1A
100
AcDbEntity
67
0
8
Number
62
244
420
659967
6
ByLayer
370
-1
48
1.0
60
0
100
AcDbText
1
918
10
748792.08700293
20
8930202.78099978
30
190.474000104904
40
0.3
41
1.0
50
0.0
51
0.0
7
Standard
11
748792.08700293
21
8930202.78099978
31
190.474000104904
210
0.0
220
0.0
230
1.0
72
0
100
AcDbText
73
0
0
TEXT
5
A68
330
1A
100
AcDbEntity
67
0
8
label
62
1
420
16711680
6
ByLayer
370
-1
48
1.0
60
0
100
AcDbText
1

10
748792.08700293
20
8930203.18099978
30
190.474000104904
40
0.3
41
1.0
50
0.0
51
0.0
7
Standard
11
748792.08700293
21
8930203.18099978
31
190.474000104904
210
0.0
220
0.0
230
1.0
72
0
100
AcDbText
73
0
0
TEXT
5
A69
330
1A
100
AcDbEntity
67
0
8
Length
62
244
420
659967
6
ByLayer
370
-1
48
1.0
60
0
100
AcDbText
1
11.01
10
748792.08700293
20
8930201.64599976
30
190.474000104904
40
0.3
41
1.0
50
0.0
51
0.0
7
Standard
11
748792.08700293
21
8930201.64599976
31
190.474000104904
210
0.0
220
0.0
230
1.0
72
0
100
AcDbText
73
0
0
POLYLINE
5
A77
330
1A
100
AcDbEntity
67
0
8
Real Hole
62
1
420
16711680
6
ByLayer
370
-1
48
1.0
60
0
100
AcDb3dPolyline
10
0.0
20
0.0
30
0.0
70
8
75
0
210
0.0
220
0.0
230
1.0
0
VERTEX
5
A6A
100
AcDbEntity
8
Real Hole
62
1
420
16711680
100
AcDbVertex
100
AcDb3dPolylineVertex
10
748792.08700293
20
8930202.39999976
30
190.474000104904
70
32
0
VERTEX
5
A6B
100
AcDbEntity
8
Real Hole
62
1
420
16711680
100
AcDbVertex
100
AcDb3dPolylineVertex
10
748791.96807411
20
8930202.50135938
30
189.486284502983
70
32
0
VERTEX
5
A6C
100
AcDbEntity
8
Real Hole
62
1
420
16711680
100
AcDbVertex
100
AcDb3dPolylineVertex
10
748791.832899895
20
8930202.56807856
30
188.497711547852
70
32
0
VERTEX
5
A6D
100
AcDbEntity
8
Real Hole
62
1
420
16711680
100
AcDbVertex
100
AcDb3dPolylineVertex
10
748791.675553676
20
8930202.56186889
30
187.510187515259
70
32
0
VERTEX
5
A6E
100
AcDbEntity
8
Real Hole
62
1
420
16711680
100
AcDbVertex
100
AcDb3dPolylineVertex
10
748791.521879491
20
8930202.56253941
30
186.522066244125
70
32
0
VERTEX
5
A6F
100
AcDbEntity
8
Real Hole
62
1
420
16711680
100
AcDbVertex
100
AcDb3dPolylineVertex
10
748791.35600191
20
8930202.59992158
30
185.536628850937
70
32
0
VERTEX
5
A70
100
AcDbEntity
8
Real Hole
62
1
420
16711680
100
AcDbVertex
100
AcDb3dPolylineVertex
10
748791.160884973
20
8930202.64922127
30
184.557088502884
70
32
0
VERTEX
5
A71
100
AcDbEntity
8
Real Hole
62
1
420
16711680
100
AcDbVertex
100
AcDb3dPolylineVertex
10
748790.977228936
20
8930202.67647215
30
183.574475893021
70
32
0
VERTEX
5
A72
100
AcDbEntity
8
Real Hole
62
1
420
16711680
100
AcDbVertex
100
AcDb3dPolylineVertex
10
748790.801737842
20
8930202.70792174
30
182.590497144699
70
32
0
VERTEX
5
A73
100
AcDbEntity
8
Real Hole
62
1
420
16711680
100
AcDbVertex
100
AcDb3dPolylineVertex
10
748790.572851356
20
8930202.76253467
30
181.618577131271
70
32
0
VERTEX
5
A74
100
AcDbEntity
8
Real Hole
62
1
420
16711680
100
AcDbVertex
100
AcDb3dPolylineVertex
10
748790.390877422
20
8930202.80793953
30
180.636323102951
70
32
0
VERTEX
5
A75
100
AcDbEntity
8
Real Hole
62
1
420
16711680
100
AcDbVertex
100
AcDb3dPolylineVertex
10
748790.250283059
20
8930202.83828565
30
180.053817876816
70
32
0
SEQEND
5
A76
100
AcDbEntity
8
Real Hole
0
POINT
5
A78
330
1A
100
AcDbEntity
67
0
8
Hole
62
244
420
659967
6
ByLayer
370
-1
48
1.0
60
0
100
AcDbPoint
10
748792.58800238
20
8930204.16300025
30
190.570999988556
39
0.0
210
0.0
220
0.0
230
1.0
50
360.0
0
LINE
5
A79
330
1A
100
AcDbEntity
67
0
8
Theoretical Hole
62
244
420
659967
6
ByLayer
370
-1
48
1.0
60
0
100
AcDbLine
10
748792.58800238
20
8930204.16300025
30
190.570999988556
11
748790.143971619
21
8930204.89438548
31
179.912042030334
39
0.0
210
0.0
220
0.0
230
1.0
0
TEXT
5
A7A
330
1A
100
AcDbEntity
67
0
8
Number
62
244
420
659967
6
ByLayer
370
-1
48
1.0
60
0
100
AcDbText
1
919
10
748792.58800238
20
8930204.54400026
30
190.570999988556
40
0.3
41
1.0
50
0.0
51
0.0
7
Standard
11
748792.58800238
21
8930204.54400026
31
190.570999988556
210
0.0
220
0.0
230
1.0
72
0
100
AcDbText
73
0
0
TEXT
5
A7B
330
1A
100
AcDbEntity
67
0
8
label
62
1
420
16711680
6
ByLayer
370
-1
48
1.0
60
0
100
AcDbText
1

10
748792.58800238
20
8930204.94400026
30
190.570999988556
40
0.3
41
1.0
50
0.0
51
0.0
7
Standard
11
748792.58800238
21
8930204.94400026
31
190.570999988556
210
0.0
220
0.0
230
1.0
72
0
100
AcDbText
73
0
0
TEXT
5
A7C
330
1A
100
AcDbEntity
67
0
8
Length
62
244
420
659967
6
ByLayer
370
-1
48
1.0
60
0
100
AcDbText
1
10.96
10
748792.58800238
20
8930203.40900024
30
190.570999988556
40
0.3
41
1.0
50
0.0
51
0.0
7
Standard
11
748792.58800238
21
8930203.40900024
31
190.570999988556
210
0.0
220
0.0
230
1.0
72
0
100
AcDbText
73
0
0
POLYLINE
5
A8A
330
1A
100
AcDbEntity
67
0
8
Real Hole
62
1
420
16711680
6
ByLayer
370
-1
48
1.0
60
0
100
AcDb3dPolyline
10
0.0
20
0.0
30
0.0
70
8
75
0
210
0.0
220
0.0
230
1.0
0
VERTEX
5
A7D
100
AcDbEntity
8
Real Hole
62
1
420
16711680
100
AcDbVertex
100
AcDb3dPolylineVertex
10
748792.58800238
20
8930204.16300025
30
190.570999988556
70
32
0
VERTEX
5
A7E
100
AcDbEntity
8
Real Hole
62
1
420
16711680
100
AcDbVertex
100
AcDb3dPolylineVertex
10
748792.3848564
20
8930204.19838185
30
189.592490979671
70
32
0
VERTEX
5
A7F
100
AcDbEntity
8
Real Hole
62
1
420
16711680
100
AcDbVertex
100
AcDb3dPolylineVertex
10
748792.181633678
20
8930204.21598289
30
188.61351669693
70
32
0
VERTEX
5
A80
100
AcDbEntity
8
Real Hole
62
1
420
16711680
100
AcDbVertex
100
AcDb3dPolylineVertex
10
748791.956447479
20
8930204.25487925
30
187.639977582932
70
32
0
VERTEX
5
A81
100
AcDbEntity
8
Real Hole
62
1
420
16711680
100
AcDbVertex
100
AcDb3dPolylineVertex
10
748791.731524464
20
8930204.30236002
30
186.666758665085
70
32
0
VERTEX
5
A82
100
AcDbEntity
8
Real Hole
62
1
420
16711680
100
AcDbVertex
100
AcDb3dPolylineVertex
10
748791.485371169
20
8930204.30261778
30
185.697527774811
70
32
0
VERTEX
5
A83
100
AcDbEntity
8
Real Hole
62
1
420
16711680
100
AcDbVertex
100
AcDb3dPolylineVertex
10
748791.267828759
20
8930204.29197824
30
184.721535095215
70
32
0
VERTEX
5
A84
100
AcDbEntity
8
Real Hole
62
1
420
16711680
100
AcDbVertex
100
AcDb3dPolylineVertex
10
748791.027169045
20
8930204.26136245
30
183.751408466339
70
32
0
VERTEX
5
A85
100
AcDbEntity
8
Real Hole
62
1
420
16711680
100
AcDbVertex
100
AcDb3dPolylineVertex
10
748790.771452245
20
8930204.23136786
30
182.785121807098
70
32
0
VERTEX
5
A86
100
AcDbEntity
8
Real Hole
62
1
420
16711680
100
AcDbVertex
100
AcDb3dPolylineVertex
10
748790.535023626
20
8930204.19611782
30
181.814112552643
70
32
0
VERTEX
5
A87
100
AcDbEntity
8
Real Hole
62
1
420
16711680
100
AcDbVertex
100
AcDb3dPolylineVertex
10
748790.252262529
20
8930204.15087747
30
180.855990299225
70
32
0
VERTEX
5
A88
100
AcDbEntity
8
Real Hole
62
1
420
16711680
100
AcDbVertex
100
AcDb3dPolylineVertex
10
748789.965391811
20
8930204.10487694
30
179.89912594223
70
32
0
SEQEND
5
A89
100
AcDbEntity
8
Real Hole
0
POINT
5
A8B
330
1A
100
AcDbEntity
67
0
8
Hole
62
244
420
659967
6
ByLayer
370
-1
48
1.0
60
0
100
AcDbPoint
10
748793.186001953
20
8930205.65499988
30
190.392000087738
39
0.0
210
0.0
220
0.0
230
1.0
50
360.0
0
LINE
5
A8C
330
1A
100
AcDbEntity
67
0
8
Theoretical Hole
62
244
420
659967
6
ByLayer
370
-1
48
1.0
60
0
100
AcDbLine
10
748793.186001953
20
8930205.65499988
30
190.392000087738
11
748790.816403564
21
8930206.63119426
31
179.910771736145
39
0.0
210
0.0
220
0.0
230
1.0
0
TEXT
5
A8D
330
1A
100
AcDbEntity
67
0
8
Number
62
244
420
659967
6
ByLayer
370
-1
48
1.0
60
0
100
AcDbText
1
920
10
748793.186001953
20
8930206.03599989
30
190.392000087738
40
0.3
41
1.0
50
0.0
51
0.0
7
Standard
11
748793.186001953
21
8930206.03599989
31
190.392000087738
210
0.0
220
0.0
230
1.0
72
0
100
AcDbText
73
0
0
TEXT
5
A8E
330
1A
100
AcDbEntity
67
0
8
label
62
1
420
16711680
6
ByLayer
370
-1
48
1.0
60
0
100
AcDbText
1

10
748793.186001953
20
8930206.43599989
30
190.392000087738
40
0.3
41
1.0
50
0.0
51
0.0
7
Standard
11
748793.186001953
21
8930206.43599989
31
190.392000087738
210
0.0
220
0.0
230
1.0
72
0
100
AcDbText
73
0
0
TEXT
5
A8F
330
1A
100
AcDbEntity
67
0
8
Length
62
244
420
659967
6
ByLayer
370
-1
48
1.0
60
0
100
AcDbText
1
10.79
10
748793.186001953
20
8930204.90099987
30
190.392000087738
40
0.3
41
1.0
50
0.0
51
0.0
7
Standard
11
748793.186001953
21
8930204.90099987
31
190.392000087738
210
0.0
220
0.0
230
1.0
72
0
100
AcDbText
73
0
0
POLYLINE
5
A9D
330
1A
100
AcDbEntity
67
0
8
Real Hole
62
1
420
16711680
6
ByLayer
370
-1
48
1.0
60
0
100
AcDb3dPolyline
10
0.0
20
0.0
30
0.0
70
8
75
0
210
0.0
220
0.0
230
1.0
0
VERTEX
5
A90
100
AcDbEntity
8
Real Hole
62
1
420
16711680
100
AcDbVertex
100
AcDb3dPolylineVertex
10
748793.186001953
20
8930205.65499988
30
190.392000087738
70
32
0
VERTEX
5
A91
100
AcDbEntity
8
Real Hole
62
1
420
16711680
100
AcDbVertex
100
AcDb3dPolylineVertex
10
748792.992542815
20
8930205.69552128
30
189.411728927135
70
32
0
VERTEX
5
A92
100
AcDbEntity
8
Real Hole
62
1
420
16711680
100
AcDbVertex
100
AcDb3dPolylineVertex
10
748792.788034227
20
8930205.73746365
30
188.433763154984
70
32
0
VERTEX
5
A93
100
AcDbEntity
8
Real Hole
62
1
420
16711680
100
AcDbVertex
100
AcDb3dPolylineVertex
10
748792.541329202
20
8930205.80306075
30
187.466895231247
70
32
0
VERTEX
5
A94
100
AcDbEntity
8
Real Hole
62
1
420
16711680
100
AcDbVertex
100
AcDb3dPolylineVertex
10
748792.292771992
20
8930205.85898435
30
186.499893793106
70
32
0
VERTEX
5
A95
100
AcDbEntity
8
Real Hole
62
1
420
16711680
100
AcDbVertex
100
AcDb3dPolylineVertex
10
748792.065947827
20
8930205.93549549
30
185.528967746735
70
32
0
VERTEX
5
A96
100
AcDbEntity
8
Real Hole
62
1
420
16711680
100
AcDbVertex
100
AcDb3dPolylineVertex
10
748791.869212326
20
8930205.99553096
30
184.550351032257
70
32
0
VERTEX
5
A97
100
AcDbEntity
8
Real Hole
62
1
420
16711680
100
AcDbVertex
100
AcDb3dPolylineVertex
10
748791.651777801
20
8930206.06584429
30
183.576812156677
70
32
0
VERTEX
5
A98
100
AcDbEntity
8
Real Hole
62
1
420
16711680
100
AcDbVertex
100
AcDb3dPolylineVertex
10
748791.460774597
20
8930206.12647071
30
182.597096809387
70
32
0
VERTEX
5
A99
100
AcDbEntity
8
Real Hole
62
1
420
16711680
100
AcDbVertex
100
AcDb3dPolylineVertex
10
748791.256653842
20
8930206.19314834
30
181.620424160004
70
32
0
VERTEX
5
A9A
100
AcDbEntity
8
Real Hole
62
1
420
16711680
100
AcDbVertex
100
AcDb3dPolylineVertex
10
748791.036694941
20
8930206.25696888
30
180.647004970551
70
32
0
VERTEX
5
A9B
100
AcDbEntity
8
Real Hole
62
1
420
16711680
100
AcDbVertex
100
AcDb3dPolylineVertex
10
748790.870344814
20
8930206.30789062
30
179.866149791718
70
32
0
SEQEND
5
A9C
100
AcDbEntity
8
Real Hole
0
VIEWPORT
5
AA2
330
A9E
100
AcDbEntity
67
1
8
0
62
256
6
ByLayer
370
-1
48
1.0
60
0
100
AcDbViewport
10
0.0
20
0.0
30
0.0
40
297.0
41
210.0
68
1
69
1
12
50.0
22
100.0
13
0.0
23
0.0
14
10.0
24
10.0
15
10.0
25
10.0
16
0.0
26
0.0
36
1.0
17
0.0
27
0.0
37
0.0
42
50.0
43
0.0
44
0.0
45
250.0
50
0.0
51
0.0
72
1000
90
819232
110
0.0
120
0.0
130
0.0
111
1.0
121
0.0
131
0.0
112
0.0
122
1.0
132
0.0
0
ENDSEC
0
SECTION
2
OBJECTS
0
DICTIONARY
5
AA7
330
0
100
AcDbDictionary
280
0
281
1
3
ACAD_GROUP
350
AA8
3
ACAD_LAYOUT
350
AA9
3
ACAD_MLINESTYLE
350
AAD
0
DICTIONARY
5
AA8
330
AA7
100
AcDbDictionary
280
0
281
1
0
DICTIONARY
5
AA9
330
AA7
100
AcDbDictionary
280
0
281
1
3
Model
350
1E
3
Layout1
350
AA3
0
DICTIONARY
5
AAD
330
AA7
100
AcDbDictionary
280
0
281
1
3
Standard
350
19
0
LAYOUT
5
1E
330
AA9
100
AcDbPlotSettings
1

2
none_device
4
ISO_A4_(210.00_x_297.00_MM)
6

40
7.5
41
20.0
42
7.5
43
20.0
44
210.0
45
297.0
46
0.0
47
0.0
48
0.0
49
0.0
140
0.0
141
0.0
142
1.0
143
1.0
70
11952
72
1
73
1
74
5
7

75
16
147
1.0
148
0.0
149
0.0
100
AcDbLayout
1
Model
70
1
71
0
10
-20.0
20
-7.5
11
277.0
21
202.5
12
0.0
22
0.0
32
0.0
14
25.7
24
19.5
34
0.0
15
231.3
25
175.5
35
0.0
146
0.0
13
0.0
23
0.0
33
0.0
16
1.0
26
0.0
36
0.0
17
0.0
27
1.0
37
0.0
76
0
330
1A
0
LAYOUT
5
AA3
330
AA9
100
AcDbPlotSettings
1

2
none_device
4
ISO_A4_(210.00_x_297.00_MM)
6

40
7.5
41
20.0
42
7.5
43
20.0
44
210.0
45
297.0
46
0.0
47
0.0
48
0.0
49
0.0
140
0.0
141
0.0
142
1.0
143
1.0
70
688
72
1
73
1
74
5
7

75
16
147
1.0
148
0.0
149
0.0
100
AcDbLayout
1
Layout1
70
1
71
1
10
-20.0
20
-7.5
11
277.0
21
202.5
12
0.0
22
0.0
32
0.0
14
25.7
24
19.5
34
0.0
15
231.3
25
175.5
35
0.0
146
0.0
13
0.0
23
0.0
33
0.0
16
1.0
26
0.0
36
0.0
17
0.0
27
1.0
37
0.0
76
0
330
A9E
0
MLINESTYLE
5
19
330
AAD
100
AcDbMlineStyle
2
Standard
70
0
3

62
256
51
90.0
52
90.0
71
2
49
-0.5
62
256
6
ByLayer
49
0.5
62
256
6
ByLayer
0
ENDSEC
0
EOF
