999
Dxf file generated by netDxf https://netdxf.codeplex.com, Copyright(C) 2015 Daniel Carvajal, Licensed under LGPL
0
SECTION
2
HEADER
9
$ACADVER
1
AC1015
9
$DWGCODEPAGE
3
ANSI_1252
9
$HANDSEED
5
559
9
$ANGBASE
50
0.0
9
$ANGDIR
70
0
9
$ATTMODE
70
1
9
$AUNITS
70
0
9
$AUPREC
70
0
9
$CECOLOR
62
256
9
$CELTSCALE
40
1.0
9
$CELTYPE
6
ByLayer
9
$CELWEIGHT
370
-1
9
$CLAYER
8
0
9
$CMLJUST
70
0
9
$CMLSCALE
40
20.0
9
$CMLSTYLE
2
Standard
9
$DIMSTYLE
2
Standard
9
$TEXTSIZE
40
2.5
9
$TEXTSTYLE
7
Standard
9
$LUNITS
70
2
9
$LUPREC
70
4
9
$EXTNAMES
290
1
9
$INSBASE
10
0.0
20
0.0
30
0.0
9
$INSUNITS
70
0
9
$LTSCALE
40
1.0
9
$LWDISPLAY
290
0
9
$PDMODE
70
0
9
$PDSIZE
40
0.0
9
$PLINEGEN
70
0
9
$PSLTSCALE
70
1
9
$TDCREATE
40
2461287.29689188
9
$TDUCREATE
40
2461287.42189188
9
$TDUPDATE
40
2461287.29689188
9
$TDUUPDATE
40
2461287.42189188
9
$TDINDWG
40
0.0
9
$DIMADEC
70
0
9
$DIMAUNIT
70
0
9
$DIMASZ
40
0.18
9
$DIMAZIN
70
0
9
$DIMBLK
1

9
$DIMBLK1
1

9
$DIMBLK2
1

9
$DIMLDRBLK
1

9
$DIMCEN
40
0.09
9
$DIMCLRD
70
0
9
$DIMCLRE
70
0
9
$DIMCLRT
70
0
9
$DIMDEC
70
2
9
$DIMDLE
40
0.0
9
$DIMDLI
40
0.38
9
$DIMDSEP
70
46
9
$DIMEXE
40
0.18
9
$DIMEXO
40
0.0625
9
$DIMGAP
40
0.09
9
$DIMJUST
70
0
9
$DIMLFAC
40
1.0
9
$DIMLUNIT
70
2
9
$DIMLWD
70
-2
9
$DIMLWE
70
-2
9
$DIMPOST
1
<>
9
$DIMRND
40
0.0
9
$DIMSAH
70
0
9
$DIMSCALE
40
1.0
9
$DIMSE1
70
0
9
$DIMSE2
70
0
9
$DIMTAD
70
1
9
$DIMTIH
70
0
9
$DIMTOH
70
0
9
$DIMTXT
40
0.18
9
$DIMZIN
70
0
9
$DIMFRAC
70
0
9
$DIMLTYPE
6
ByBlock
9
$DIMLTEX1
6
ByBlock
9
$DIMLTEX2
6
ByBlock
0
ENDSEC
0
SECTION
2
CLASSES
0
CLASS
1
RASTERVARIABLES
2
AcDbRasterVariables
3
ISM
90
0
280
0
281
0
0
ENDSEC
0
SECTION
2
TABLES
0
TABLE
2
APPID
5
4
330
0
100
AcDbSymbolTable
70
4
0
APPID
5
17
330
4
100
AcDbSymbolTableRecord
100
AcDbRegAppTableRecord
2
ACAD
70
0
0
APPID
5
54E
330
4
100
AcDbSymbolTableRecord
100
AcDbRegAppTableRecord
2
AcCmTransparency
70
0
0
APPID
5
54F
330
4
100
AcDbSymbolTableRecord
100
AcDbRegAppTableRecord
2
GradientColor1ACI
70
0
0
APPID
5
550
330
4
100
AcDbSymbolTableRecord
100
AcDbRegAppTableRecord
2
GradientColor2ACI
70
0
0
ENDTAB
0
TABLE
2
VPORT
5
1
330
0
100
AcDbSymbolTable
70
1
0
VPORT
5
2
330
1
100
AcDbSymbolTableRecord
100
AcDbViewportTableRecord
2
*Active
70
0
10
0.0
20
0.0
11
1.0
21
1.0
12
0.0
22
0.0
13
0.0
23
0.0
14
0.5
24
0.5
15
10.0
25
10.0
16
0.0
26
0.0
36
1.0
17
0.0
27
0.0
37
0.0
40
10.0
41
1.0
75
0
76
1
0
ENDTAB
0
TABLE
2
LTYPE
5
6
330
0
100
AcDbSymbolTable
70
3
0
LTYPE
5
13
330
6
100
AcDbSymbolTableRecord
100
AcDbLinetypeTableRecord
70
0
2
Continuous
3
Solid line
72
65
73
0
40
0.0
0
LTYPE
5
14
330
6
100
AcDbSymbolTableRecord
100
AcDbLinetypeTableRecord
70
0
2
ByLayer
3

72
65
73
0
40
0.0
0
LTYPE
5
15
330
6
100
AcDbSymbolTableRecord
100
AcDbLinetypeTableRecord
70
0
2
ByBlock
3

72
65
73
0
40
0.0
0
ENDTAB
0
TABLE
2
LAYER
5
5
330
0
100
AcDbSymbolTable
70
7
0
LAYER
5
12
330
5
100
AcDbSymbolTableRecord
100
AcDbLayerTableRecord
2
0
70
0
62
7
6
Continuous
290
1
370
-3
390
0
0
LAYER
5
21
330
5
100
AcDbSymbolTableRecord
100
AcDbLayerTableRecord
2
Hole
70
0
62
7
6
Continuous
290
1
370
-3
390
0
0
LAYER
5
23
330
5
100
AcDbSymbolTableRecord
100
AcDbLayerTableRecord
2
Theoretical Hole
70
0
62
7
6
Continuous
290
1
370
-3
390
0
0
LAYER
5
25
330
5
100
AcDbSymbolTableRecord
100
AcDbLayerTableRecord
2
Number
70
0
62
7
6
Continuous
290
1
370
-3
390
0
0
LAYER
5
27
330
5
100
AcDbSymbolTableRecord
100
AcDbLayerTableRecord
2
label
70
0
62
7
6
Continuous
290
1
370
-3
390
0
0
LAYER
5
29
330
5
100
AcDbSymbolTableRecord
100
AcDbLayerTableRecord
2
Length
70
0
62
7
6
Continuous
290
1
370
-3
390
0
0
LAYER
5
33
330
5
100
AcDbSymbolTableRecord
100
AcDbLayerTableRecord
2
Real Hole
70
0
62
7
6
Continuous
290
1
370
-3
390
0
0
ENDTAB
0
TABLE
2
STYLE
5
7
330
0
100
AcDbSymbolTable
70
1
0
STYLE
5
16
330
7
100
AcDbSymbolTableRecord
100
AcDbTextStyleTableRecord
2
Standard
3
simplex.shx
70
0
71
0
40
0.0
41
1.0
42
0.0
50
0.0
0
ENDTAB
0
TABLE
2
DIMSTYLE
5
8
330
0
100
AcDbSymbolTable
70
1
100
AcDbDimStyleTable
0
DIMSTYLE
105
18
330
8
100
AcDbSymbolTableRecord
100
AcDbDimStyleTableRecord
2
Standard
70
0
3
<>
40
1.0
41
0.18
42
0.0625
43
0.38
44
0.18
45
0.0
46
0.0
73
0
74
0
75
0
76
0
77
1
78
0
79
0
140
0.18
141
0.09
144
1.0
147
0.09
173
0
176
0
177
0
178
0
179
0
271
2
275
0
276
0
277
2
278
46
280
0
340
16
345
15
346
15
347
15
371
-2
372
-2
0
ENDTAB
0
TABLE
2
VIEW
5
3
330
0
100
AcDbSymbolTable
70
0
0
ENDTAB
0
TABLE
2
UCS
5
A
330
0
100
AcDbSymbolTable
70
0
0
ENDTAB
0
TABLE
2
BLOCK_RECORD
5
B
330
0
100
AcDbSymbolTable
70
2
0
BLOCK_RECORD
5
1A
330
B
100
AcDbSymbolTableRecord
100
AcDbBlockTableRecord
2
*Model_Space
340
1E
0
BLOCK_RECORD
5
548
330
B
100
AcDbSymbolTableRecord
100
AcDbBlockTableRecord
2
*Paper_Space
340
54D
0
ENDTAB
0
ENDSEC
0
SECTION
2
BLOCKS
0
BLOCK
5
1C
330
1A
100
AcDbEntity
8
0
100
AcDbBlockBegin
2
*Model_Space
70
0
10
0.0
20
0.0
30
0.0
3
*Model_Space
0
ENDBLK
5
1B
330
1A
100
AcDbEntity
8
0
100
AcDbBlockEnd
0
BLOCK
5
54A
330
548
100
AcDbEntity
8
0
100
AcDbBlockBegin
2
*Paper_Space
70
0
10
0.0
20
0.0
30
0.0
3
*Paper_Space
0
ENDBLK
5
549
330
548
100
AcDbEntity
8
0
100
AcDbBlockEnd
0
ENDSEC
0
SECTION
2
ENTITIES
0
POINT
5
20
330
1A
100
AcDbEntity
67
0
8
Hole
62
244
420
659967
6
ByLayer
370
-1
48
1.0
60
0
100
AcDbPoint
10
748656.11599881
20
8930449.83000379
30
200.445000013351
39
0.0
210
0.0
220
0.0
230
1.0
50
360.0
0
LINE
5
22
330
1A
100
AcDbEntity
67
0
8
Theoretical Hole
62
244
420
659967
6
ByLayer
370
-1
48
1.0
60
0
100
AcDbLine
10
748656.11599881
20
8930449.83000379
30
200.445000013351
11
748657.121263092
21
8930448.96412091
31
195.014734348297
39
0.0
210
0.0
220
0.0
230
1.0
0
TEXT
5
24
330
1A
100
AcDbEntity
67
0
8
Number
62
244
420
659967
6
ByLayer
370
-1
48
1.0
60
0
100
AcDbText
1
1
10
748656.11599881
20
8930450.2110038
30
200.445000013351
40
0.3
41
1.0
50
0.0
51
0.0
7
Standard
11
748656.11599881
21
8930450.2110038
31
200.445000013351
210
0.0
220
0.0
230
1.0
72
0
100
AcDbText
73
0
0
TEXT
5
26
330
1A
100
AcDbEntity
67
0
8
label
62
1
420
16711680
6
ByLayer
370
-1
48
1.0
60
0
100
AcDbText
1

10
748656.11599881
20
8930450.6110038
30
200.445000013351
40
0.3
41
1.0
50
0.0
51
0.0
7
Standard
11
748656.11599881
21
8930450.6110038
31
200.445000013351
210
0.0
220
0.0
230
1.0
72
0
100
AcDbText
73
0
0
TEXT
5
28
330
1A
100
AcDbEntity
67
0
8
Length
62
244
420
659967
6
ByLayer
370
-1
48
1.0
60
0
100
AcDbText
1
5.59
10
748656.11599881
20
8930449.07600378
30
200.445000013351
40
0.3
41
1.0
50
0.0
51
0.0
7
Standard
11
748656.11599881
21
8930449.07600378
31
200.445000013351
210
0.0
220
0.0
230
1.0
72
0
100
AcDbText
73
0
0
POLYLINE
5
32
330
1A
100
AcDbEntity
67
0
8
Real Hole
62
1
420
16711680
6
ByLayer
370
-1
48
1.0
60
0
100
AcDb3dPolyline
10
0.0
20
0.0
30
0.0
70
8
75
0
210
0.0
220
0.0
230
1.0
0
VERTEX
5
2A
100
AcDbEntity
8
Real Hole
62
1
420
16711680
100
AcDbVertex
100
AcDb3dPolylineVertex
10
748656.11599881
20
8930449.83000379
30
200.445000013351
70
32
0
VERTEX
5
2B
100
AcDbEntity
8
Real Hole
62
1
420
16711680
100
AcDbVertex
100
AcDb3dPolylineVertex
10
748656.306749036
20
8930449.67603275
30
199.475511869431
70
32
0
VERTEX
5
2C
100
AcDbEntity
8
Real Hole
62
1
420
16711680
100
AcDbVertex
100
AcDb3dPolylineVertex
10
748656.510944014
20
8930449.51809906
30
198.509405573845
70
32
0
VERTEX
5
2D
100
AcDbEntity
8
Real Hole
62
1
420
16711680
100
AcDbVertex
100
AcDb3dPolylineVertex
10
748656.7139203
20
8930449.36189909
30
197.542760690689
70
32
0
VERTEX
5
2E
100
AcDbEntity
8
Real Hole
62
1
420
16711680
100
AcDbVertex
100
AcDb3dPolylineVertex
10
748656.928411251
20
8930449.1971954
30
196.580021699905
70
32
0
VERTEX
5
2F
100
AcDbEntity
8
Real Hole
62
1
420
16711680
100
AcDbVertex
100
AcDb3dPolylineVertex
10
748657.134431427
20
8930449.02383308
30
195.616953214645
70
32
0
VERTEX
5
30
100
AcDbEntity
8
Real Hole
62
1
420
16711680
100
AcDbVertex
100
AcDb3dPolylineVertex
10
748657.179390853
20
8930448.98803233
30
195.425388654709
70
32
0
SEQEND
5
31
100
AcDbEntity
8
Real Hole
0
POINT
5
34
330
1A
100
AcDbEntity
67
0
8
Hole
62
244
420
659967
6
ByLayer
370
-1
48
1.0
60
0
100
AcDbPoint
10
748655.24199826
20
8930448.71499829
30
200.279999991894
39
0.0
210
0.0
220
0.0
230
1.0
50
360.0
0
LINE
5
35
330
1A
100
AcDbEntity
67
0
8
Theoretical Hole
62
244
420
659967
6
ByLayer
370
-1
48
1.0
60
0
100
AcDbLine
10
748655.24199826
20
8930448.71499829
30
200.279999991894
11
748656.245664185
21
8930447.85048871
31
195.044994434357
39
0.0
210
0.0
220
0.0
230
1.0
0
TEXT
5
36
330
1A
100
AcDbEntity
67
0
8
Number
62
244
420
659967
6
ByLayer
370
-1
48
1.0
60
0
100
AcDbText
1
2
10
748655.24199826
20
8930449.0959983
30
200.279999991894
40
0.3
41
1.0
50
0.0
51
0.0
7
Standard
11
748655.24199826
21
8930449.0959983
31
200.279999991894
210
0.0
220
0.0
230
1.0
72
0
100
AcDbText
73
0
0
TEXT
5
37
330
1A
100
AcDbEntity
67
0
8
label
62
1
420
16711680
6
ByLayer
370
-1
48
1.0
60
0
100
AcDbText
1

10
748655.24199826
20
8930449.4959983
30
200.279999991894
40
0.3
41
1.0
50
0.0
51
0.0
7
Standard
11
748655.24199826
21
8930449.4959983
31
200.279999991894
210
0.0
220
0.0
230
1.0
72
0
100
AcDbText
73
0
0
TEXT
5
38
330
1A
100
AcDbEntity
67
0
8
Length
62
244
420
659967
6
ByLayer
370
-1
48
1.0
60
0
100
AcDbText
1
5.40
10
748655.24199826
20
8930447.96099828
30
200.279999991894
40
0.3
41
1.0
50
0.0
51
0.0
7
Standard
11
748655.24199826
21
8930447.96099828
31
200.279999991894
210
0.0
220
0.0
230
1.0
72
0
100
AcDbText
73
0
0
POLYLINE
5
40
330
1A
100
AcDbEntity
67
0
8
Real Hole
62
1
420
16711680
6
ByLayer
370
-1
48
1.0
60
0
100
AcDb3dPolyline
10
0.0
20
0.0
30
0.0
70
8
75
0
210
0.0
220
0.0
230
1.0
0
VERTEX
5
39
100
AcDbEntity
8
Real Hole
62
1
420
16711680
100
AcDbVertex
100
AcDb3dPolylineVertex
10
748655.24199826
20
8930448.71499829
30
200.279999991894
70
32
0
VERTEX
5
3A
100
AcDbEntity
8
Real Hole
62
1
420
16711680
100
AcDbVertex
100
AcDb3dPolylineVertex
10
748655.449559068
20
8930448.52433677
30
199.320538302898
70
32
0
VERTEX
5
3B
100
AcDbEntity
8
Real Hole
62
1
420
16711680
100
AcDbVertex
100
AcDb3dPolylineVertex
10
748655.636623418
20
8930448.32464515
30
198.358701488018
70
32
0
VERTEX
5
3C
100
AcDbEntity
8
Real Hole
62
1
420
16711680
100
AcDbVertex
100
AcDb3dPolylineVertex
10
748655.816200142
20
8930448.13153283
30
197.394098063946
70
32
0
VERTEX
5
3D
100
AcDbEntity
8
Real Hole
62
1
420
16711680
100
AcDbVertex
100
AcDb3dPolylineVertex
10
748656.013244455
20
8930447.94778602
30
196.431076308727
70
32
0
VERTEX
5
3E
100
AcDbEntity
8
Real Hole
62
1
420
16711680
100
AcDbVertex
100
AcDb3dPolylineVertex
10
748656.200517302
20
8930447.78057991
30
195.463103553295
70
32
0
SEQEND
5
3F
100
AcDbEntity
8
Real Hole
0
POINT
5
41
330
1A
100
AcDbEntity
67
0
8
Hole
62
244
420
659967
6
ByLayer
370
-1
48
1.0
60
0
100
AcDbPoint
10
748654.522000854
20
8930447.73999982
30
200.047000011444
39
0.0
210
0.0
220
0.0
230
1.0
50
360.0
0
LINE
5
42
330
1A
100
AcDbEntity
67
0
8
Theoretical Hole
62
244
420
659967
6
ByLayer
370
-1
48
1.0
60
0
100
AcDbLine
10
748654.522000854
20
8930447.73999982
30
200.047000011444
11
748655.526597565
21
8930446.87468915
31
194.956849655151
39
0.0
210
0.0
220
0.0
230
1.0
0
TEXT
5
43
330
1A
100
AcDbEntity
67
0
8
Number
62
244
420
659967
6
ByLayer
370
-1
48
1.0
60
0
100
AcDbText
1
3
10
748654.522000854
20
8930448.12099983
30
200.047000011444
40
0.3
41
1.0
50
0.0
51
0.0
7
Standard
11
748654.522000854
21
8930448.12099983
31
200.047000011444
210
0.0
220
0.0
230
1.0
72
0
100
AcDbText
73
0
0
TEXT
5
44
330
1A
100
AcDbEntity
67
0
8
label
62
1
420
16711680
6
ByLayer
370
-1
48
1.0
60
0
100
AcDbText
1

10
748654.522000854
20
8930448.52099983
30
200.047000011444
40
0.3
41
1.0
50
0.0
51
0.0
7
Standard
11
748654.522000854
21
8930448.52099983
31
200.047000011444
210
0.0
220
0.0
230
1.0
72
0
100
AcDbText
73
0
0
TEXT
5
45
330
1A
100
AcDbEntity
67
0
8
Length
62
244
420
659967
6
ByLayer
370
-1
48
1.0
60
0
100
AcDbText
1
5.26
10
748654.522000854
20
8930446.98599981
30
200.047000011444
40
0.3
41
1.0
50
0.0
51
0.0
7
Standard
11
748654.522000854
21
8930446.98599981
31
200.047000011444
210
0.0
220
0.0
230
1.0
72
0
100
AcDbText
73
0
0
POLYLINE
5
4D
330
1A
100
AcDbEntity
67
0
8
Real Hole
62
1
420
16711680
6
ByLayer
370
-1
48
1.0
60
0
100
AcDb3dPolyline
10
0.0
20
0.0
30
0.0
70
8
75
0
210
0.0
220
0.0
230
1.0
0
VERTEX
5
46
100
AcDbEntity
8
Real Hole
62
1
420
16711680
100
AcDbVertex
100
AcDb3dPolylineVertex
10
748654.522000854
20
8930447.73999982
30
200.047000011444
70
32
0
VERTEX
5
47
100
AcDbEntity
8
Real Hole
62
1
420
16711680
100
AcDbVertex
100
AcDb3dPolylineVertex
10
748654.654038643
20
8930447.49842768
30
199.085642179489
70
32
0
VERTEX
5
48
100
AcDbEntity
8
Real Hole
62
1
420
16711680
100
AcDbVertex
100
AcDb3dPolylineVertex
10
748654.764650559
20
8930447.23847334
30
198.12637742424
70
32
0
VERTEX
5
49
100
AcDbEntity
8
Real Hole
62
1
420
16711680
100
AcDbVertex
100
AcDb3dPolylineVertex
10
748654.93079341
20
8930447.01958816
30
197.164875587463
70
32
0
VERTEX
5
4A
100
AcDbEntity
8
Real Hole
62
1
420
16711680
100
AcDbVertex
100
AcDb3dPolylineVertex
10
748655.080825155
20
8930446.8043627
30
196.199904998779
70
32
0
VERTEX
5
4B
100
AcDbEntity
8
Real Hole
62
1
420
16711680
100
AcDbVertex
100
AcDb3dPolylineVertex
10
748655.221490627
20
8930446.59328406
30
195.336389144897
70
32
0
SEQEND
5
4C
100
AcDbEntity
8
Real Hole
0
POINT
5
4E
330
1A
100
AcDbEntity
67
0
8
Hole
62
244
420
659967
6
ByLayer
370
-1
48
1.0
60
0
100
AcDbPoint
10
748653.434999054
20
8930446.59400372
30
199.93899997139
39
0.0
210
0.0
220
0.0
230
1.0
50
360.0
0
LINE
5
4F
330
1A
100
AcDbEntity
67
0
8
Theoretical Hole
62
244
420
659967
6
ByLayer
370
-1
48
1.0
60
0
100
AcDbLine
10
748653.434999054
20
8930446.59400372
30
199.93899997139
11
748654.390672272
21
8930445.68265729
31
194.847464164734
39
0.0
210
0.0
220
0.0
230
1.0
0
TEXT
5
50
330
1A
100
AcDbEntity
67
0
8
Number
62
244
420
659967
6
ByLayer
370
-1
48
1.0
60
0
100
AcDbText
1
4
10
748653.434999054
20
8930446.97500374
30
199.93899997139
40
0.3
41
1.0
50
0.0
51
0.0
7
Standard
11
748653.434999054
21
8930446.97500374
31
199.93899997139
210
0.0
220
0.0
230
1.0
72
0
100
AcDbText
73
0
0
TEXT
5
51
330
1A
100
AcDbEntity
67
0
8
label
62
1
420
16711680
6
ByLayer
370
-1
48
1.0
60
0
100
AcDbText
1

10
748653.434999054
20
8930447.37500374
30
199.93899997139
40
0.3
41
1.0
50
0.0
51
0.0
7
Standard
11
748653.434999054
21
8930447.37500374
31
199.93899997139
210
0.0
220
0.0
230
1.0
72
0
100
AcDbText
73
0
0
TEXT
5
52
330
1A
100
AcDbEntity
67
0
8
Length
62
244
420
659967
6
ByLayer
370
-1
48
1.0
60
0
100
AcDbText
1
5.26
10
748653.434999054
20
8930445.84000372
30
199.93899997139
40
0.3
41
1.0
50
0.0
51
0.0
7
Standard
11
748653.434999054
21
8930445.84000372
31
199.93899997139
210
0.0
220
0.0
230
1.0
72
0
100
AcDbText
73
0
0
POLYLINE
5
5B
330
1A
100
AcDbEntity
67
0
8
Real Hole
62
1
420
16711680
6
ByLayer
370
-1
48
1.0
60
0
100
AcDb3dPolyline
10
0.0
20
0.0
30
0.0
70
8
75
0
210
0.0
220
0.0
230
1.0
0
VERTEX
5
53
100
AcDbEntity
8
Real Hole
62
1
420
16711680
100
AcDbVertex
100
AcDb3dPolylineVertex
10
748653.434999054
20
8930446.59400372
30
199.93899997139
70
32
0
VERTEX
5
54
100
AcDbEntity
8
Real Hole
62
1
420
16711680
100
AcDbVertex
100
AcDb3dPolylineVertex
10
748653.619793331
20
8930446.31246717
30
198.997411808014
70
32
0
VERTEX
5
55
100
AcDbEntity
8
Real Hole
62
1
420
16711680
100
AcDbVertex
100
AcDb3dPolylineVertex
10
748653.799039131
20
8930446.03164874
30
198.054537495613
70
32
0
VERTEX
5
56
100
AcDbEntity
8
Real Hole
62
1
420
16711680
100
AcDbVertex
100
AcDb3dPolylineVertex
10
748654.010488396
20
8930445.75043397
30
197.118477901459
70
32
0
VERTEX
5
57
100
AcDbEntity
8
Real Hole
62
1
420
16711680
100
AcDbVertex
100
AcDb3dPolylineVertex
10
748654.209836965
20
8930445.47494345
30
196.178071102142
70
32
0
VERTEX
5
58
100
AcDbEntity
8
Real Hole
62
1
420
16711680
100
AcDbVertex
100
AcDb3dPolylineVertex
10
748654.419323092
20
8930445.1959341
30
195.240910848618
70
32
0
VERTEX
5
59
100
AcDbEntity
8
Real Hole
62
1
420
16711680
100
AcDbVertex
100
AcDb3dPolylineVertex
10
748654.463277405
20
8930445.14039783
30
195.053871473312
70
32
0
SEQEND
5
5A
100
AcDbEntity
8
Real Hole
0
POINT
5
5C
330
1A
100
AcDbEntity
67
0
8
Hole
62
244
420
659967
6
ByLayer
370
-1
48
1.0
60
0
100
AcDbPoint
10
748652.143998688
20
8930445.52299695
30
200.062999984264
39
0.0
210
0.0
220
0.0
230
1.0
50
360.0
0
LINE
5
5D
330
1A
100
AcDbEntity
67
0
8
Theoretical Hole
62
244
420
659967
6
ByLayer
370
-1
48
1.0
60
0
100
AcDbLine
10
748652.143998688
20
8930445.52299695
30
200.062999984264
11
748653.084668701
21
8930444.60278516
31
195.021923145294
39
0.0
210
0.0
220
0.0
230
1.0
0
TEXT
5
5E
330
1A
100
AcDbEntity
67
0
8
Number
62
244
420
659967
6
ByLayer
370
-1
48
1.0
60
0
100
AcDbText
1
5
10
748652.143998688
20
8930445.90399696
30
200.062999984264
40
0.3
41
1.0
50
0.0
51
0.0
7
Standard
11
748652.143998688
21
8930445.90399696
31
200.062999984264
210
0.0
220
0.0
230
1.0
72
0
100
AcDbText
73
0
0
TEXT
5
5F
330
1A
100
AcDbEntity
67
0
8
label
62
1
420
16711680
6
ByLayer
370
-1
48
1.0
60
0
100
AcDbText
1

10
748652.143998688
20
8930446.30399696
30
200.062999984264
40
0.3
41
1.0
50
0.0
51
0.0
7
Standard
11
748652.143998688
21
8930446.30399696
31
200.062999984264
210
0.0
220
0.0
230
1.0
72
0
100
AcDbText
73
0
0
TEXT
5
60
330
1A
100
AcDbEntity
67
0
8
Length
62
244
420
659967
6
ByLayer
370
-1
48
1.0
60
0
100
AcDbText
1
5.21
10
748652.143998688
20
8930444.76899694
30
200.062999984264
40
0.3
41
1.0
50
0.0
51
0.0
7
Standard
11
748652.143998688
21
8930444.76899694
31
200.062999984264
210
0.0
220
0.0
230
1.0
72
0
100
AcDbText
73
0
0
POLYLINE
5
68
330
1A
100
AcDbEntity
67
0
8
Real Hole
62
1
420
16711680
6
ByLayer
370
-1
48
1.0
60
0
100
AcDb3dPolyline
10
0.0
20
0.0
30
0.0
70
8
75
0
210
0.0
220
0.0
230
1.0
0
VERTEX
5
61
100
AcDbEntity
8
Real Hole
62
1
420
16711680
100
AcDbVertex
100
AcDb3dPolylineVertex
10
748652.143998688
20
8930445.52299695
30
200.062999984264
70
32
0
VERTEX
5
62
100
AcDbEntity
8
Real Hole
62
1
420
16711680
100
AcDbVertex
100
AcDb3dPolylineVertex
10
748652.34363026
20
8930445.22990863
30
199.127988478184
70
32
0
VERTEX
5
63
100
AcDbEntity
8
Real Hole
62
1
420
16711680
100
AcDbVertex
100
AcDb3dPolylineVertex
10
748652.542389875
20
8930444.91947518
30
198.198404928684
70
32
0
VERTEX
5
64
100
AcDbEntity
8
Real Hole
62
1
420
16711680
100
AcDbVertex
100
AcDb3dPolylineVertex
10
748652.748767441
20
8930444.61522894
30
197.268435737133
70
32
0
VERTEX
5
65
100
AcDbEntity
8
Real Hole
62
1
420
16711680
100
AcDbVertex
100
AcDb3dPolylineVertex
10
748652.936404233
20
8930444.32848983
30
196.328982135296
70
32
0
VERTEX
5
66
100
AcDbEntity
8
Real Hole
62
1
420
16711680
100
AcDbVertex
100
AcDb3dPolylineVertex
10
748653.061933105
20
8930444.15766542
30
195.767678519726
70
32
0
SEQEND
5
67
100
AcDbEntity
8
Real Hole
0
POINT
5
69
330
1A
100
AcDbEntity
67
0
8
Hole
62
244
420
659967
6
ByLayer
370
-1
48
1.0
60
0
100
AcDbPoint
10
748651.134999817
20
8930444.49399762
30
199.960999986172
39
0.0
210
0.0
220
0.0
230
1.0
50
360.0
0
LINE
5
6A
330
1A
100
AcDbEntity
67
0
8
Theoretical Hole
62
244
420
659967
6
ByLayer
370
-1
48
1.0
60
0
100
AcDbLine
10
748651.134999817
20
8930444.49399762
30
199.960999986172
11
748652.073571747
21
8930443.54388623
31
195.007892211914
39
0.0
210
0.0
220
0.0
230
1.0
0
TEXT
5
6B
330
1A
100
AcDbEntity
67
0
8
Number
62
244
420
659967
6
ByLayer
370
-1
48
1.0
60
0
100
AcDbText
1
6
10
748651.134999817
20
8930444.87499763
30
199.960999986172
40
0.3
41
1.0
50
0.0
51
0.0
7
Standard
11
748651.134999817
21
8930444.87499763
31
199.960999986172
210
0.0
220
0.0
230
1.0
72
0
100
AcDbText
73
0
0
TEXT
5
6C
330
1A
100
AcDbEntity
67
0
8
label
62
1
420
16711680
6
ByLayer
370
-1
48
1.0
60
0
100
AcDbText
1

10
748651.134999817
20
8930445.27499763
30
199.960999986172
40
0.3
41
1.0
50
0.0
51
0.0
7
Standard
11
748651.134999817
21
8930445.27499763
31
199.960999986172
210
0.0
220
0.0
230
1.0
72
0
100
AcDbText
73
0
0
TEXT
5
6D
330
1A
100
AcDbEntity
67
0
8
Length
62
244
420
659967
6
ByLayer
370
-1
48
1.0
60
0
100
AcDbText
1
5.13
10
748651.134999817
20
8930443.73999761
30
199.960999986172
40
0.3
41
1.0
50
0.0
51
0.0
7
Standard
11
748651.134999817
21
8930443.73999761
31
199.960999986172
210
0.0
220
0.0
230
1.0
72
0
100
AcDbText
73
0
0
POLYLINE
5
75
330
1A
100
AcDbEntity
67
0
8
Real Hole
62
1
420
16711680
6
ByLayer
370
-1
48
1.0
60
0
100
AcDb3dPolyline
10
0.0
20
0.0
30
0.0
70
8
75
0
210
0.0
220
0.0
230
1.0
0
VERTEX
5
6E
100
AcDbEntity
8
Real Hole
62
1
420
16711680
100
AcDbVertex
100
AcDb3dPolylineVertex
10
748651.134999817
20
8930444.49399762
30
199.960999986172
70
32
0
VERTEX
5
6F
100
AcDbEntity
8
Real Hole
62
1
420
16711680
100
AcDbVertex
100
AcDb3dPolylineVertex
10
748651.313923901
20
8930444.2449067
30
199.009191235542
70
32
0
VERTEX
5
70
100
AcDbEntity
8
Real Hole
62
1
420
16711680
100
AcDbVertex
100
AcDb3dPolylineVertex
10
748651.491720235
20
8930444.00322013
30
198.055264612675
70
32
0
VERTEX
5
71
100
AcDbEntity
8
Real Hole
62
1
420
16711680
100
AcDbVertex
100
AcDb3dPolylineVertex
10
748651.711568778
20
8930443.70151137
30
197.127558490276
70
32
0
VERTEX
5
72
100
AcDbEntity
8
Real Hole
62
1
420
16711680
100
AcDbVertex
100
AcDb3dPolylineVertex
10
748651.894200628
20
8930443.46724801
30
196.172693988323
70
32
0
VERTEX
5
73
100
AcDbEntity
8
Real Hole
62
1
420
16711680
100
AcDbVertex
100
AcDb3dPolylineVertex
10
748651.941672926
20
8930443.41063266
30
195.986841699123
70
32
0
SEQEND
5
74
100
AcDbEntity
8
Real Hole
0
POINT
5
76
330
1A
100
AcDbEntity
67
0
8
Hole
62
244
420
659967
6
ByLayer
370
-1
48
1.0
60
0
100
AcDbPoint
10
748649.918000763
20
8930443.52299695
30
200.089000007153
39
0.0
210
0.0
220
0.0
230
1.0
50
360.0
0
LINE
5
77
330
1A
100
AcDbEntity
67
0
8
Theoretical Hole
62
244
420
659967
6
ByLayer
370
-1
48
1.0
60
0
100
AcDbLine
10
748649.918000763
20
8930443.52299695
30
200.089000007153
11
748650.873319214
21
8930442.50888257
31
194.882173141479
39
0.0
210
0.0
220
0.0
230
1.0
0
TEXT
5
78
330
1A
100
AcDbEntity
67
0
8
Number
62
244
420
659967
6
ByLayer
370
-1
48
1.0
60
0
100
AcDbText
1
7
10
748649.918000763
20
8930443.90399696
30
200.089000007153
40
0.3
41
1.0
50
0.0
51
0.0
7
Standard
11
748649.918000763
21
8930443.90399696
31
200.089000007153
210
0.0
220
0.0
230
1.0
72
0
100
AcDbText
73
0
0
TEXT
5
79
330
1A
100
AcDbEntity
67
0
8
label
62
1
420
16711680
6
ByLayer
370
-1
48
1.0
60
0
100
AcDbText
1

10
748649.918000763
20
8930444.30399696
30
200.089000007153
40
0.3
41
1.0
50
0.0
51
0.0
7
Standard
11
748649.918000763
21
8930444.30399696
31
200.089000007153
210
0.0
220
0.0
230
1.0
72
0
100
AcDbText
73
0
0
TEXT
5
7A
330
1A
100
AcDbEntity
67
0
8
Length
62
244
420
659967
6
ByLayer
370
-1
48
1.0
60
0
100
AcDbText
1
5.39
10
748649.918000763
20
8930442.76899694
30
200.089000007153
40
0.3
41
1.0
50
0.0
51
0.0
7
Standard
11
748649.918000763
21
8930442.76899694
31
200.089000007153
210
0.0
220
0.0
230
1.0
72
0
100
AcDbText
73
0
0
POLYLINE
5
82
330
1A
100
AcDbEntity
67
0
8
Real Hole
62
1
420
16711680
6
ByLayer
370
-1
48
1.0
60
0
100
AcDb3dPolyline
10
0.0
20
0.0
30
0.0
70
8
75
0
210
0.0
220
0.0
230
1.0
0
VERTEX
5
7B
100
AcDbEntity
8
Real Hole
62
1
420
16711680
100
AcDbVertex
100
AcDb3dPolylineVertex
10
748649.918000763
20
8930443.52299695
30
200.089000007153
70
32
0
VERTEX
5
7C
100
AcDbEntity
8
Real Hole
62
1
420
16711680
100
AcDbVertex
100
AcDb3dPolylineVertex
10
748650.079208707
20
8930443.31643735
30
199.123937746525
70
32
0
VERTEX
5
7D
100
AcDbEntity
8
Real Hole
62
1
420
16711680
100
AcDbVertex
100
AcDb3dPolylineVertex
10
748650.235853409
20
8930443.1159413
30
198.156847378254
70
32
0
VERTEX
5
7E
100
AcDbEntity
8
Real Hole
62
1
420
16711680
100
AcDbVertex
100
AcDb3dPolylineVertex
10
748650.402574991
20
8930442.87272375
30
197.201311370373
70
32
0
VERTEX
5
7F
100
AcDbEntity
8
Real Hole
62
1
420
16711680
100
AcDbVertex
100
AcDb3dPolylineVertex
10
748650.578536873
20
8930442.64999728
30
196.242442151546
70
32
0
VERTEX
5
80
100
AcDbEntity
8
Real Hole
62
1
420
16711680
100
AcDbVertex
100
AcDb3dPolylineVertex
10
748650.769359177
20
8930442.42354898
30
195.392555018902
70
32
0
SEQEND
5
81
100
AcDbEntity
8
Real Hole
0
POINT
5
83
330
1A
100
AcDbEntity
67
0
8
Hole
62
244
420
659967
6
ByLayer
370
-1
48
1.0
60
0
100
AcDbPoint
10
748649.079000061
20
8930442.42000012
30
200.075000008583
39
0.0
210
0.0
220
0.0
230
1.0
50
360.0
0
LINE
5
84
330
1A
100
AcDbEntity
67
0
8
Theoretical Hole
62
244
420
659967
6
ByLayer
370
-1
48
1.0
60
0
100
AcDbLine
10
748649.079000061
20
8930442.42000012
30
200.075000008583
11
748650.035836761
21
8930441.40427594
31
194.507202705383
39
0.0
210
0.0
220
0.0
230
1.0
0
TEXT
5
85
330
1A
100
AcDbEntity
67
0
8
Number
62
244
420
659967
6
ByLayer
370
-1
48
1.0
60
0
100
AcDbText
1
8
10
748649.079000061
20
8930442.80100014
30
200.075000008583
40
0.3
41
1.0
50
0.0
51
0.0
7
Standard
11
748649.079000061
21
8930442.80100014
31
200.075000008583
210
0.0
220
0.0
230
1.0
72
0
100
AcDbText
73
0
0
TEXT
5
86
330
1A
100
AcDbEntity
67
0
8
label
62
1
420
16711680
6
ByLayer
370
-1
48
1.0
60
0
100
AcDbText
1

10
748649.079000061
20
8930443.20100014
30
200.075000008583
40
0.3
41
1.0
50
0.0
51
0.0
7
Standard
11
748649.079000061
21
8930443.20100014
31
200.075000008583
210
0.0
220
0.0
230
1.0
72
0
100
AcDbText
73
0
0
TEXT
5
87
330
1A
100
AcDbEntity
67
0
8
Length
62
244
420
659967
6
ByLayer
370
-1
48
1.0
60
0
100
AcDbText
1
5.74
10
748649.079000061
20
8930441.66600011
30
200.075000008583
40
0.3
41
1.0
50
0.0
51
0.0
7
Standard
11
748649.079000061
21
8930441.66600011
31
200.075000008583
210
0.0
220
0.0
230
1.0
72
0
100
AcDbText
73
0
0
POLYLINE
5
8F
330
1A
100
AcDbEntity
67
0
8
Real Hole
62
1
420
16711680
6
ByLayer
370
-1
48
1.0
60
0
100
AcDb3dPolyline
10
0.0
20
0.0
30
0.0
70
8
75
0
210
0.0
220
0.0
230
1.0
0
VERTEX
5
88
100
AcDbEntity
8
Real Hole
62
1
420
16711680
100
AcDbVertex
100
AcDb3dPolylineVertex
10
748649.079000061
20
8930442.42000012
30
200.075000008583
70
32
0
VERTEX
5
89
100
AcDbEntity
8
Real Hole
62
1
420
16711680
100
AcDbVertex
100
AcDb3dPolylineVertex
10
748649.251177763
20
8930442.15426092
30
199.126455029488
70
32
0
VERTEX
5
8A
100
AcDbEntity
8
Real Hole
62
1
420
16711680
100
AcDbVertex
100
AcDb3dPolylineVertex
10
748649.406029319
20
8930441.90097116
30
198.171538671494
70
32
0
VERTEX
5
8B
100
AcDbEntity
8
Real Hole
62
1
420
16711680
100
AcDbVertex
100
AcDb3dPolylineVertex
10
748649.548130011
20
8930441.64909147
30
197.214269598961
70
32
0
VERTEX
5
8C
100
AcDbEntity
8
Real Hole
62
1
420
16711680
100
AcDbVertex
100
AcDb3dPolylineVertex
10
748649.679128354
20
8930441.42802583
30
196.24784871006
70
32
0
VERTEX
5
8D
100
AcDbEntity
8
Real Hole
62
1
420
16711680
100
AcDbVertex
100
AcDb3dPolylineVertex
10
748649.778079813
20
8930441.28670852
30
195.673185547829
70
32
0
SEQEND
5
8E
100
AcDbEntity
8
Real Hole
0
POINT
5
90
330
1A
100
AcDbEntity
67
0
8
Hole
62
244
420
659967
6
ByLayer
370
-1
48
1.0
60
0
100
AcDbPoint
10
748647.932000702
20
8930441.15200238
30
199.888000002146
39
0.0
210
0.0
220
0.0
230
1.0
50
360.0
0
LINE
5
91
330
1A
100
AcDbEntity
67
0
8
Theoretical Hole
62
244
420
659967
6
ByLayer
370
-1
48
1.0
60
0
100
AcDbLine
10
748647.932000702
20
8930441.15200238
30
199.888000002146
11
748648.872098511
21
8930440.15404706
31
194.293547710419
39
0.0
210
0.0
220
0.0
230
1.0
0
TEXT
5
92
330
1A
100
AcDbEntity
67
0
8
Number
62
244
420
659967
6
ByLayer
370
-1
48
1.0
60
0
100
AcDbText
1
9
10
748647.932000702
20
8930441.53300239
30
199.888000002146
40
0.3
41
1.0
50
0.0
51
0.0
7
Standard
11
748647.932000702
21
8930441.53300239
31
199.888000002146
210
0.0
220
0.0
230
1.0
72
0
100
AcDbText
73
0
0
TEXT
5
93
330
1A
100
AcDbEntity
67
0
8
label
62
1
420
16711680
6
ByLayer
370
-1
48
1.0
60
0
100
AcDbText
1

10
748647.932000702
20
8930441.93300239
30
199.888000002146
40
0.3
41
1.0
50
0.0
51
0.0
7
Standard
11
748647.932000702
21
8930441.93300239
31
199.888000002146
210
0.0
220
0.0
230
1.0
72
0
100
AcDbText
73
0
0
TEXT
5
94
330
1A
100
AcDbEntity
67
0
8
Length
62
244
420
659967
6
ByLayer
370
-1
48
1.0
60
0
100
AcDbText
1
5.76
10
748647.932000702
20
8930440.39800237
30
199.888000002146
40
0.3
41
1.0
50
0.0
51
0.0
7
Standard
11
748647.932000702
21
8930440.39800237
31
199.888000002146
210
0.0
220
0.0
230
1.0
72
0
100
AcDbText
73
0
0
POLYLINE
5
9C
330
1A
100
AcDbEntity
67
0
8
Real Hole
62
1
420
16711680
6
ByLayer
370
-1
48
1.0
60
0
100
AcDb3dPolyline
10
0.0
20
0.0
30
0.0
70
8
75
0
210
0.0
220
0.0
230
1.0
0
VERTEX
5
95
100
AcDbEntity
8
Real Hole
62
1
420
16711680
100
AcDbVertex
100
AcDb3dPolylineVertex
10
748647.932000702
20
8930441.15200238
30
199.888000002146
70
32
0
VERTEX
5
96
100
AcDbEntity
8
Real Hole
62
1
420
16711680
100
AcDbVertex
100
AcDb3dPolylineVertex
10
748648.104176795
20
8930440.9399886
30
198.926019957304
70
32
0
VERTEX
5
97
100
AcDbEntity
8
Real Hole
62
1
420
16711680
100
AcDbVertex
100
AcDb3dPolylineVertex
10
748648.269653236
20
8930440.72993191
30
197.96243618989
70
32
0
VERTEX
5
98
100
AcDbEntity
8
Real Hole
62
1
420
16711680
100
AcDbVertex
100
AcDb3dPolylineVertex
10
748648.476680761
20
8930440.5100091
30
197.00914000535
70
32
0
VERTEX
5
99
100
AcDbEntity
8
Real Hole
62
1
420
16711680
100
AcDbVertex
100
AcDb3dPolylineVertex
10
748648.653336828
20
8930440.32572942
30
196.042272081614
70
32
0
VERTEX
5
9A
100
AcDbEntity
8
Real Hole
62
1
420
16711680
100
AcDbVertex
100
AcDb3dPolylineVertex
10
748648.7043199
20
8930440.26649802
30
195.752630224466
70
32
0
SEQEND
5
9B
100
AcDbEntity
8
Real Hole
0
POINT
5
9D
330
1A
100
AcDbEntity
67
0
8
Hole
62
244
420
659967
6
ByLayer
370
-1
48
1.0
60
0
100
AcDbPoint
10
748646.912000244
20
8930440.29100232
30
200.021999975681
39
0.0
210
0.0
220
0.0
230
1.0
50
360.0
0
LINE
5
9E
330
1A
100
AcDbEntity
67
0
8
Theoretical Hole
62
244
420
659967
6
ByLayer
370
-1
48
1.0
60
0
100
AcDbLine
10
748646.912000244
20
8930440.29100232
30
200.021999975681
11
748647.835080688
21
8930439.3111134
31
194.503835281372
39
0.0
210
0.0
220
0.0
230
1.0
0
TEXT
5
9F
330
1A
100
AcDbEntity
67
0
8
Number
62
244
420
659967
6
ByLayer
370
-1
48
1.0
60
0
100
AcDbText
1
10
10
748646.912000244
20
8930440.67200233
30
200.021999975681
40
0.3
41
1.0
50
0.0
51
0.0
7
Standard
11
748646.912000244
21
8930440.67200233
31
200.021999975681
210
0.0
220
0.0
230
1.0
72
0
100
AcDbText
73
0
0
TEXT
5
A0
330
1A
100
AcDbEntity
67
0
8
label
62
1
420
16711680
6
ByLayer
370
-1
48
1.0
60
0
100
AcDbText
1

10
748646.912000244
20
8930441.07200233
30
200.021999975681
40
0.3
41
1.0
50
0.0
51
0.0
7
Standard
11
748646.912000244
21
8930441.07200233
31
200.021999975681
210
0.0
220
0.0
230
1.0
72
0
100
AcDbText
73
0
0
TEXT
5
A1
330
1A
100
AcDbEntity
67
0
8
Length
62
244
420
659967
6
ByLayer
370
-1
48
1.0
60
0
100
AcDbText
1
5.68
10
748646.912000244
20
8930439.53700231
30
200.021999975681
40
0.3
41
1.0
50
0.0
51
0.0
7
Standard
11
748646.912000244
21
8930439.53700231
31
200.021999975681
210
0.0
220
0.0
230
1.0
72
0
100
AcDbText
73
0
0
POLYLINE
5
A8
330
1A
100
AcDbEntity
67
0
8
Real Hole
62
1
420
16711680
6
ByLayer
370
-1
48
1.0
60
0
100
AcDb3dPolyline
10
0.0
20
0.0
30
0.0
70
8
75
0
210
0.0
220
0.0
230
1.0
0
VERTEX
5
A2
100
AcDbEntity
8
Real Hole
62
1
420
16711680
100
AcDbVertex
100
AcDb3dPolylineVertex
10
748646.912000244
20
8930440.29100232
30
200.021999975681
70
32
0
VERTEX
5
A3
100
AcDbEntity
8
Real Hole
62
1
420
16711680
100
AcDbVertex
100
AcDb3dPolylineVertex
10
748647.145010968
20
8930440.08376186
30
199.071864506245
70
32
0
VERTEX
5
A4
100
AcDbEntity
8
Real Hole
62
1
420
16711680
100
AcDbVertex
100
AcDb3dPolylineVertex
10
748647.372563487
20
8930439.88087742
30
198.119468709469
70
32
0
VERTEX
5
A5
100
AcDbEntity
8
Real Hole
62
1
420
16711680
100
AcDbVertex
100
AcDb3dPolylineVertex
10
748647.557376807
20
8930439.60112481
30
197.177352806568
70
32
0
VERTEX
5
A6
100
AcDbEntity
8
Real Hole
62
1
420
16711680
100
AcDbVertex
100
AcDb3dPolylineVertex
10
748647.735135441
20
8930439.38317119
30
196.322426935673
70
32
0
SEQEND
5
A7
100
AcDbEntity
8
Real Hole
0
POINT
5
A9
330
1A
100
AcDbEntity
67
0
8
Hole
62
244
420
659967
6
ByLayer
370
-1
48
1.0
60
0
100
AcDbPoint
10
748645.583001678
20
8930439.14599805
30
199.841999998331
39
0.0
210
0.0
220
0.0
230
1.0
50
360.0
0
LINE
5
AA
330
1A
100
AcDbEntity
67
0
8
Theoretical Hole
62
244
420
659967
6
ByLayer
370
-1
48
1.0
60
0
100
AcDbLine
10
748645.583001678
20
8930439.14599805
30
199.841999998331
11
748646.490762299
21
8930438.18236737
31
194.452204307556
39
0.0
210
0.0
220
0.0
230
1.0
0
TEXT
5
AB
330
1A
100
AcDbEntity
67
0
8
Number
62
244
420
659967
6
ByLayer
370
-1
48
1.0
60
0
100
AcDbText
1
11
10
748645.583001678
20
8930439.52699806
30
199.841999998331
40
0.3
41
1.0
50
0.0
51
0.0
7
Standard
11
748645.583001678
21
8930439.52699806
31
199.841999998331
210
0.0
220
0.0
230
1.0
72
0
100
AcDbText
73
0
0
TEXT
5
AC
330
1A
100
AcDbEntity
67
0
8
label
62
1
420
16711680
6
ByLayer
370
-1
48
1.0
60
0
100
AcDbText
1

10
748645.583001678
20
8930439.92699806
30
199.841999998331
40
0.3
41
1.0
50
0.0
51
0.0
7
Standard
11
748645.583001678
21
8930439.92699806
31
199.841999998331
210
0.0
220
0.0
230
1.0
72
0
100
AcDbText
73
0
0
TEXT
5
AD
330
1A
100
AcDbEntity
67
0
8
Length
62
244
420
659967
6
ByLayer
370
-1
48
1.0
60
0
100
AcDbText
1
5.55
10
748645.583001678
20
8930438.39199804
30
199.841999998331
40
0.3
41
1.0
50
0.0
51
0.0
7
Standard
11
748645.583001678
21
8930438.39199804
31
199.841999998331
210
0.0
220
0.0
230
1.0
72
0
100
AcDbText
73
0
0
POLYLINE
5
B5
330
1A
100
AcDbEntity
67
0
8
Real Hole
62
1
420
16711680
6
ByLayer
370
-1
48
1.0
60
0
100
AcDb3dPolyline
10
0.0
20
0.0
30
0.0
70
8
75
0
210
0.0
220
0.0
230
1.0
0
VERTEX
5
AE
100
AcDbEntity
8
Real Hole
62
1
420
16711680
100
AcDbVertex
100
AcDb3dPolylineVertex
10
748645.583001678
20
8930439.14599805
30
199.841999998331
70
32
0
VERTEX
5
AF
100
AcDbEntity
8
Real Hole
62
1
420
16711680
100
AcDbVertex
100
AcDb3dPolylineVertex
10
748645.774542724
20
8930438.96943467
30
198.876527359724
70
32
0
VERTEX
5
B0
100
AcDbEntity
8
Real Hole
62
1
420
16711680
100
AcDbVertex
100
AcDb3dPolylineVertex
10
748645.962957983
20
8930438.76801928
30
197.915313830614
70
32
0
VERTEX
5
B1
100
AcDbEntity
8
Real Hole
62
1
420
16711680
100
AcDbVertex
100
AcDb3dPolylineVertex
10
748646.189741438
20
8930438.57514785
30
196.960656872034
70
32
0
VERTEX
5
B2
100
AcDbEntity
8
Real Hole
62
1
420
16711680
100
AcDbVertex
100
AcDb3dPolylineVertex
10
748646.414796894
20
8930438.37722288
30
196.006625643015
70
32
0
VERTEX
5
B3
100
AcDbEntity
8
Real Hole
62
1
420
16711680
100
AcDbVertex
100
AcDb3dPolylineVertex
10
748646.482467537
20
8930438.31547444
30
195.720954885721
70
32
0
SEQEND
5
B4
100
AcDbEntity
8
Real Hole
0
POINT
5
B6
330
1A
100
AcDbEntity
67
0
8
Hole
62
244
420
659967
6
ByLayer
370
-1
48
1.0
60
0
100
AcDbPoint
10
748644.48299939
20
8930438.22799878
30
199.936999997139
39
0.0
210
0.0
220
0.0
230
1.0
50
360.0
0
LINE
5
B7
330
1A
100
AcDbEntity
67
0
8
Theoretical Hole
62
244
420
659967
6
ByLayer
370
-1
48
1.0
60
0
100
AcDbLine
10
748644.48299939
20
8930438.22799878
30
199.936999997139
11
748645.374574249
21
8930437.28088574
31
194.438765605927
39
0.0
210
0.0
220
0.0
230
1.0
0
TEXT
5
B8
330
1A
100
AcDbEntity
67
0
8
Number
62
244
420
659967
6
ByLayer
370
-1
48
1.0
60
0
100
AcDbText
1
12
10
748644.48299939
20
8930438.60899879
30
199.936999997139
40
0.3
41
1.0
50
0.0
51
0.0
7
Standard
11
748644.48299939
21
8930438.60899879
31
199.936999997139
210
0.0
220
0.0
230
1.0
72
0
100
AcDbText
73
0
0
TEXT
5
B9
330
1A
100
AcDbEntity
67
0
8
label
62
1
420
16711680
6
ByLayer
370
-1
48
1.0
60
0
100
AcDbText
1

10
748644.48299939
20
8930439.00899879
30
199.936999997139
40
0.3
41
1.0
50
0.0
51
0.0
7
Standard
11
748644.48299939
21
8930439.00899879
31
199.936999997139
210
0.0
220
0.0
230
1.0
72
0
100
AcDbText
73
0
0
TEXT
5
BA
330
1A
100
AcDbEntity
67
0
8
Length
62
244
420
659967
6
ByLayer
370
-1
48
1.0
60
0
100
AcDbText
1
5.65
10
748644.48299939
20
8930437.47399877
30
199.936999997139
40
0.3
41
1.0
50
0.0
51
0.0
7
Standard
11
748644.48299939
21
8930437.47399877
31
199.936999997139
210
0.0
220
0.0
230
1.0
72
0
100
AcDbText
73
0
0
POLYLINE
5
C2
330
1A
100
AcDbEntity
67
0
8
Real Hole
62
1
420
16711680
6
ByLayer
370
-1
48
1.0
60
0
100
AcDb3dPolyline
10
0.0
20
0.0
30
0.0
70
8
75
0
210
0.0
220
0.0
230
1.0
0
VERTEX
5
BB
100
AcDbEntity
8
Real Hole
62
1
420
16711680
100
AcDbVertex
100
AcDb3dPolylineVertex
10
748644.48299939
20
8930438.22799878
30
199.936999997139
70
32
0
VERTEX
5
BC
100
AcDbEntity
8
Real Hole
62
1
420
16711680
100
AcDbVertex
100
AcDb3dPolylineVertex
10
748644.59973867
20
8930438.01765534
30
198.966367444038
70
32
0
VERTEX
5
BD
100
AcDbEntity
8
Real Hole
62
1
420
16711680
100
AcDbVertex
100
AcDb3dPolylineVertex
10
748644.728155573
20
8930437.80094601
30
197.998614272118
70
32
0
VERTEX
5
BE
100
AcDbEntity
8
Real Hole
62
1
420
16711680
100
AcDbVertex
100
AcDb3dPolylineVertex
10
748644.882993137
20
8930437.55827366
30
197.040942391396
70
32
0
VERTEX
5
BF
100
AcDbEntity
8
Real Hole
62
1
420
16711680
100
AcDbVertex
100
AcDb3dPolylineVertex
10
748645.044135993
20
8930437.3295003
30
196.080892523766
70
32
0
VERTEX
5
C0
100
AcDbEntity
8
Real Hole
62
1
420
16711680
100
AcDbVertex
100
AcDb3dPolylineVertex
10
748645.214812522
20
8930437.0892462
30
195.125304898262
70
32
0
SEQEND
5
C1
100
AcDbEntity
8
Real Hole
0
POINT
5
C3
330
1A
100
AcDbEntity
67
0
8
Hole
62
244
420
659967
6
ByLayer
370
-1
48
1.0
60
0
100
AcDbPoint
10
748643.321000641
20
8930437.44099622
30
199.93899997139
39
0.0
210
0.0
220
0.0
230
1.0
50
360.0
0
LINE
5
C4
330
1A
100
AcDbEntity
67
0
8
Theoretical Hole
62
244
420
659967
6
ByLayer
370
-1
48
1.0
60
0
100
AcDbLine
10
748643.321000641
20
8930437.44099622
30
199.93899997139
11
748644.155763214
21
8930436.44581036
31
194.553428253174
39
0.0
210
0.0
220
0.0
230
1.0
0
TEXT
5
C5
330
1A
100
AcDbEntity
67
0
8
Number
62
244
420
659967
6
ByLayer
370
-1
48
1.0
60
0
100
AcDbText
1
13
10
748643.321000641
20
8930437.82199623
30
199.93899997139
40
0.3
41
1.0
50
0.0
51
0.0
7
Standard
11
748643.321000641
21
8930437.82199623
31
199.93899997139
210
0.0
220
0.0
230
1.0
72
0
100
AcDbText
73
0
0
TEXT
5
C6
330
1A
100
AcDbEntity
67
0
8
label
62
1
420
16711680
6
ByLayer
370
-1
48
1.0
60
0
100
AcDbText
1

10
748643.321000641
20
8930438.22199623
30
199.93899997139
40
0.3
41
1.0
50
0.0
51
0.0
7
Standard
11
748643.321000641
21
8930438.22199623
31
199.93899997139
210
0.0
220
0.0
230
1.0
72
0
100
AcDbText
73
0
0
TEXT
5
C7
330
1A
100
AcDbEntity
67
0
8
Length
62
244
420
659967
6
ByLayer
370
-1
48
1.0
60
0
100
AcDbText
1
5.54
10
748643.321000641
20
8930436.68699621
30
199.93899997139
40
0.3
41
1.0
50
0.0
51
0.0
7
Standard
11
748643.321000641
21
8930436.68699621
31
199.93899997139
210
0.0
220
0.0
230
1.0
72
0
100
AcDbText
73
0
0
POLYLINE
5
CF
330
1A
100
AcDbEntity
67
0
8
Real Hole
62
1
420
16711680
6
ByLayer
370
-1
48
1.0
60
0
100
AcDb3dPolyline
10
0.0
20
0.0
30
0.0
70
8
75
0
210
0.0
220
0.0
230
1.0
0
VERTEX
5
C8
100
AcDbEntity
8
Real Hole
62
1
420
16711680
100
AcDbVertex
100
AcDb3dPolylineVertex
10
748643.321000641
20
8930437.44099622
30
199.93899997139
70
32
0
VERTEX
5
C9
100
AcDbEntity
8
Real Hole
62
1
420
16711680
100
AcDbVertex
100
AcDb3dPolylineVertex
10
748643.472427835
20
8930437.24457686
30
198.970243414879
70
32
0
VERTEX
5
CA
100
AcDbEntity
8
Real Hole
62
1
420
16711680
100
AcDbVertex
100
AcDb3dPolylineVertex
10
748643.618157303
20
8930437.06525682
30
197.997305950165
70
32
0
VERTEX
5
CB
100
AcDbEntity
8
Real Hole
62
1
420
16711680
100
AcDbVertex
100
AcDb3dPolylineVertex
10
748643.771575993
20
8930436.88415961
30
197.025880893707
70
32
0
VERTEX
5
CC
100
AcDbEntity
8
Real Hole
62
1
420
16711680
100
AcDbVertex
100
AcDb3dPolylineVertex
10
748643.960696702
20
8930436.67114787
30
196.067309459686
70
32
0
VERTEX
5
CD
100
AcDbEntity
8
Real Hole
62
1
420
16711680
100
AcDbVertex
100
AcDb3dPolylineVertex
10
748644.114024406
20
8930436.5131468
30
195.194654783249
70
32
0
SEQEND
5
CE
100
AcDbEntity
8
Real Hole
0
POINT
5
D0
330
1A
100
AcDbEntity
67
0
8
Hole
62
244
420
659967
6
ByLayer
370
-1
48
1.0
60
0
100
AcDbPoint
10
748642.23299939
20
8930436.32599835
30
200.095999976635
39
0.0
210
0.0
220
0.0
230
1.0
50
360.0
0
LINE
5
D1
330
1A
100
AcDbEntity
67
0
8
Theoretical Hole
62
244
420
659967
6
ByLayer
370
-1
48
1.0
60
0
100
AcDbLine
10
748642.23299939
20
8930436.32599835
30
200.095999976635
11
748643.064366882
21
8930435.33486371
31
194.781173309326
39
0.0
210
0.0
220
0.0
230
1.0
0
TEXT
5
D2
330
1A
100
AcDbEntity
67
0
8
Number
62
244
420
659967
6
ByLayer
370
-1
48
1.0
60
0
100
AcDbText
1
14
10
748642.23299939
20
8930436.70699837
30
200.095999976635
40
0.3
41
1.0
50
0.0
51
0.0
7
Standard
11
748642.23299939
21
8930436.70699837
31
200.095999976635
210
0.0
220
0.0
230
1.0
72
0
100
AcDbText
73
0
0
TEXT
5
D3
330
1A
100
AcDbEntity
67
0
8
label
62
1
420
16711680
6
ByLayer
370
-1
48
1.0
60
0
100
AcDbText
1

10
748642.23299939
20
8930437.10699837
30
200.095999976635
40
0.3
41
1.0
50
0.0
51
0.0
7
Standard
11
748642.23299939
21
8930437.10699837
31
200.095999976635
210
0.0
220
0.0
230
1.0
72
0
100
AcDbText
73
0
0
TEXT
5
D4
330
1A
100
AcDbEntity
67
0
8
Length
62
244
420
659967
6
ByLayer
370
-1
48
1.0
60
0
100
AcDbText
1
5.47
10
748642.23299939
20
8930435.57199834
30
200.095999976635
40
0.3
41
1.0
50
0.0
51
0.0
7
Standard
11
748642.23299939
21
8930435.57199834
31
200.095999976635
210
0.0
220
0.0
230
1.0
72
0
100
AcDbText
73
0
0
POLYLINE
5
DC
330
1A
100
AcDbEntity
67
0
8
Real Hole
62
1
420
16711680
6
ByLayer
370
-1
48
1.0
60
0
100
AcDb3dPolyline
10
0.0
20
0.0
30
0.0
70
8
75
0
210
0.0
220
0.0
230
1.0
0
VERTEX
5
D5
100
AcDbEntity
8
Real Hole
62
1
420
16711680
100
AcDbVertex
100
AcDb3dPolylineVertex
10
748642.23299939
20
8930436.32599835
30
200.095999976635
70
32
0
VERTEX
5
D6
100
AcDbEntity
8
Real Hole
62
1
420
16711680
100
AcDbVertex
100
AcDb3dPolylineVertex
10
748642.367178416
20
8930436.12714461
30
199.125199696064
70
32
0
VERTEX
5
D7
100
AcDbEntity
8
Real Hole
62
1
420
16711680
100
AcDbVertex
100
AcDb3dPolylineVertex
10
748642.492990439
20
8930435.93984594
30
198.15098693037
70
32
0
VERTEX
5
D8
100
AcDbEntity
8
Real Hole
62
1
420
16711680
100
AcDbVertex
100
AcDb3dPolylineVertex
10
748642.63405103
20
8930435.71286957
30
197.187356492519
70
32
0
VERTEX
5
D9
100
AcDbEntity
8
Real Hole
62
1
420
16711680
100
AcDbVertex
100
AcDb3dPolylineVertex
10
748642.763165837
20
8930435.50988738
30
196.216723939419
70
32
0
VERTEX
5
DA
100
AcDbEntity
8
Real Hole
62
1
420
16711680
100
AcDbVertex
100
AcDb3dPolylineVertex
10
748642.853134578
20
8930435.34897326
30
195.541436931133
70
32
0
SEQEND
5
DB
100
AcDbEntity
8
Real Hole
0
POINT
5
DD
330
1A
100
AcDbEntity
67
0
8
Hole
62
244
420
659967
6
ByLayer
370
-1
48
1.0
60
0
100
AcDbPoint
10
748641.069999283
20
8930435.40999799
30
199.996000012398
39
0.0
210
0.0
220
0.0
230
1.0
50
360.0
0
LINE
5
DE
330
1A
100
AcDbEntity
67
0
8
Theoretical Hole
62
244
420
659967
6
ByLayer
370
-1
48
1.0
60
0
100
AcDbLine
10
748641.069999283
20
8930435.40999799
30
199.996000012398
11
748641.899674957
21
8930434.4208775
31
194.732001384735
39
0.0
210
0.0
220
0.0
230
1.0
0
TEXT
5
DF
330
1A
100
AcDbEntity
67
0
8
Number
62
244
420
659967
6
ByLayer
370
-1
48
1.0
60
0
100
AcDbText
1
15
10
748641.069999283
20
8930435.790998
30
199.996000012398
40
0.3
41
1.0
50
0.0
51
0.0
7
Standard
11
748641.069999283
21
8930435.790998
31
199.996000012398
210
0.0
220
0.0
230
1.0
72
0
100
AcDbText
73
0
0
TEXT
5
E0
330
1A
100
AcDbEntity
67
0
8
label
62
1
420
16711680
6
ByLayer
370
-1
48
1.0
60
0
100
AcDbText
1

10
748641.069999283
20
8930436.190998
30
199.996000012398
40
0.3
41
1.0
50
0.0
51
0.0
7
Standard
11
748641.069999283
21
8930436.190998
31
199.996000012398
210
0.0
220
0.0
230
1.0
72
0
100
AcDbText
73
0
0
TEXT
5
E1
330
1A
100
AcDbEntity
67
0
8
Length
62
244
420
659967
6
ByLayer
370
-1
48
1.0
60
0
100
AcDbText
1
5.42
10
748641.069999283
20
8930434.65599798
30
199.996000012398
40
0.3
41
1.0
50
0.0
51
0.0
7
Standard
11
748641.069999283
21
8930434.65599798
31
199.996000012398
210
0.0
220
0.0
230
1.0
72
0
100
AcDbText
73
0
0
POLYLINE
5
E9
330
1A
100
AcDbEntity
67
0
8
Real Hole
62
1
420
16711680
6
ByLayer
370
-1
48
1.0
60
0
100
AcDb3dPolyline
10
0.0
20
0.0
30
0.0
70
8
75
0
210
0.0
220
0.0
230
1.0
0
VERTEX
5
E2
100
AcDbEntity
8
Real Hole
62
1
420
16711680
100
AcDbVertex
100
AcDb3dPolylineVertex
10
748641.069999283
20
8930435.40999799
30
199.996000012398
70
32
0
VERTEX
5
E3
100
AcDbEntity
8
Real Hole
62
1
420
16711680
100
AcDbVertex
100
AcDb3dPolylineVertex
10
748641.245703568
20
8930435.19177805
30
199.036047896385
70
32
0
VERTEX
5
E4
100
AcDbEntity
8
Real Hole
62
1
420
16711680
100
AcDbVertex
100
AcDb3dPolylineVertex
10
748641.418630158
20
8930434.99002116
30
198.071998914719
70
32
0
VERTEX
5
E5
100
AcDbEntity
8
Real Hole
62
1
420
16711680
100
AcDbVertex
100
AcDb3dPolylineVertex
10
748641.546198075
20
8930434.8245502
30
197.094069441795
70
32
0
VERTEX
5
E6
100
AcDbEntity
8
Real Hole
62
1
420
16711680
100
AcDbVertex
100
AcDb3dPolylineVertex
10
748641.731753891
20
8930434.58307831
30
196.141567429543
70
32
0
VERTEX
5
E7
100
AcDbEntity
8
Real Hole
62
1
420
16711680
100
AcDbVertex
100
AcDb3dPolylineVertex
10
748641.766312008
20
8930434.54697846
30
195.94791146183
70
32
0
SEQEND
5
E8
100
AcDbEntity
8
Real Hole
0
POINT
5
EA
330
1A
100
AcDbEntity
67
0
8
Hole
62
244
420
659967
6
ByLayer
370
-1
48
1.0
60
0
100
AcDbPoint
10
748639.878999298
20
8930434.30600171
30
199.784
39
0.0
210
0.0
220
0.0
230
1.0
50
360.0
0
LINE
5
EB
330
1A
100
AcDbEntity
67
0
8
Theoretical Hole
62
244
420
659967
6
ByLayer
370
-1
48
1.0
60
0
100
AcDbLine
10
748639.878999298
20
8930434.30600171
30
199.784
11
748640.705710953
21
8930433.32041364
31
194.632177909851
39
0.0
210
0.0
220
0.0
230
1.0
0
TEXT
5
EC
330
1A
100
AcDbEntity
67
0
8
Number
62
244
420
659967
6
ByLayer
370
-1
48
1.0
60
0
100
AcDbText
1
16
10
748639.878999298
20
8930434.68700172
30
199.784
40
0.3
41
1.0
50
0.0
51
0.0
7
Standard
11
748639.878999298
21
8930434.68700172
31
199.784
210
0.0
220
0.0
230
1.0
72
0
100
AcDbText
73
0
0
TEXT
5
ED
330
1A
100
AcDbEntity
67
0
8
label
62
1
420
16711680
6
ByLayer
370
-1
48
1.0
60
0
100
AcDbText
1

10
748639.878999298
20
8930435.08700172
30
199.784
40
0.3
41
1.0
50
0.0
51
0.0
7
Standard
11
748639.878999298
21
8930435.08700172
31
199.784
210
0.0
220
0.0
230
1.0
72
0
100
AcDbText
73
0
0
TEXT
5
EE
330
1A
100
AcDbEntity
67
0
8
Length
62
244
420
659967
6
ByLayer
370
-1
48
1.0
60
0
100
AcDbText
1
5.31
10
748639.878999298
20
8930433.5520017
30
199.784
40
0.3
41
1.0
50
0.0
51
0.0
7
Standard
11
748639.878999298
21
8930433.5520017
31
199.784
210
0.0
220
0.0
230
1.0
72
0
100
AcDbText
73
0
0
POLYLINE
5
F5
330
1A
100
AcDbEntity
67
0
8
Real Hole
62
1
420
16711680
6
ByLayer
370
-1
48
1.0
60
0
100
AcDb3dPolyline
10
0.0
20
0.0
30
0.0
70
8
75
0
210
0.0
220
0.0
230
1.0
0
VERTEX
5
EF
100
AcDbEntity
8
Real Hole
62
1
420
16711680
100
AcDbVertex
100
AcDb3dPolylineVertex
10
748639.878999298
20
8930434.30600171
30
199.784
70
32
0
VERTEX
5
F0
100
AcDbEntity
8
Real Hole
62
1
420
16711680
100
AcDbVertex
100
AcDb3dPolylineVertex
10
748640.054359352
20
8930434.13689485
30
198.814128002167
70
32
0
VERTEX
5
F1
100
AcDbEntity
8
Real Hole
62
1
420
16711680
100
AcDbVertex
100
AcDb3dPolylineVertex
10
748640.222106402
20
8930433.96469771
30
197.843453487396
70
32
0
VERTEX
5
F2
100
AcDbEntity
8
Real Hole
62
1
420
16711680
100
AcDbVertex
100
AcDb3dPolylineVertex
10
748640.381943648
20
8930433.79900788
30
196.870314678192
70
32
0
VERTEX
5
F3
100
AcDbEntity
8
Real Hole
62
1
420
16711680
100
AcDbVertex
100
AcDb3dPolylineVertex
10
748640.568164652
20
8930433.60569827
30
195.90701158905
70
32
0
SEQEND
5
F4
100
AcDbEntity
8
Real Hole
0
POINT
5
F6
330
1A
100
AcDbEntity
67
0
8
Hole
62
244
420
659967
6
ByLayer
370
-1
48
1.0
60
0
100
AcDbPoint
10
748638.876000946
20
8930433.41700177
30
199.793000003338
39
0.0
210
0.0
220
0.0
230
1.0
50
360.0
0
LINE
5
F7
330
1A
100
AcDbEntity
67
0
8
Theoretical Hole
62
244
420
659967
6
ByLayer
370
-1
48
1.0
60
0
100
AcDbLine
10
748638.876000946
20
8930433.41700177
30
199.793000003338
11
748639.700458115
21
8930432.43409924
31
194.846659263611
39
0.0
210
0.0
220
0.0
230
1.0
0
TEXT
5
F8
330
1A
100
AcDbEntity
67
0
8
Number
62
244
420
659967
6
ByLayer
370
-1
48
1.0
60
0
100
AcDbText
1
17
10
748638.876000946
20
8930433.79800178
30
199.793000003338
40
0.3
41
1.0
50
0.0
51
0.0
7
Standard
11
748638.876000946
21
8930433.79800178
31
199.793000003338
210
0.0
220
0.0
230
1.0
72
0
100
AcDbText
73
0
0
TEXT
5
F9
330
1A
100
AcDbEntity
67
0
8
label
62
1
420
16711680
6
ByLayer
370
-1
48
1.0
60
0
100
AcDbText
1

10
748638.876000946
20
8930434.19800178
30
199.793000003338
40
0.3
41
1.0
50
0.0
51
0.0
7
Standard
11
748638.876000946
21
8930434.19800178
31
199.793000003338
210
0.0
220
0.0
230
1.0
72
0
100
AcDbText
73
0
0
TEXT
5
FA
330
1A
100
AcDbEntity
67
0
8
Length
62
244
420
659967
6
ByLayer
370
-1
48
1.0
60
0
100
AcDbText
1
5.11
10
748638.876000946
20
8930432.66300176
30
199.793000003338
40
0.3
41
1.0
50
0.0
51
0.0
7
Standard
11
748638.876000946
21
8930432.66300176
31
199.793000003338
210
0.0
220
0.0
230
1.0
72
0
100
AcDbText
73
0
0
POLYLINE
5
101
330
1A
100
AcDbEntity
67
0
8
Real Hole
62
1
420
16711680
6
ByLayer
370
-1
48
1.0
60
0
100
AcDb3dPolyline
10
0.0
20
0.0
30
0.0
70
8
75
0
210
0.0
220
0.0
230
1.0
0
VERTEX
5
FB
100
AcDbEntity
8
Real Hole
62
1
420
16711680
100
AcDbVertex
100
AcDb3dPolylineVertex
10
748638.876000946
20
8930433.41700177
30
199.793000003338
70
32
0
VERTEX
5
FC
100
AcDbEntity
8
Real Hole
62
1
420
16711680
100
AcDbVertex
100
AcDb3dPolylineVertex
10
748638.980429029
20
8930433.19953072
30
198.82253559494
70
32
0
VERTEX
5
FD
100
AcDbEntity
8
Real Hole
62
1
420
16711680
100
AcDbVertex
100
AcDb3dPolylineVertex
10
748639.089246979
20
8930433.00265099
30
197.848165532589
70
32
0
VERTEX
5
FE
100
AcDbEntity
8
Real Hole
62
1
420
16711680
100
AcDbVertex
100
AcDb3dPolylineVertex
10
748639.200553273
20
8930432.7755469
30
196.880676766872
70
32
0
VERTEX
5
FF
100
AcDbEntity
8
Real Hole
62
1
420
16711680
100
AcDbVertex
100
AcDb3dPolylineVertex
10
748639.332683449
20
8930432.49180512
30
195.930923005581
70
32
0
SEQEND
5
100
100
AcDbEntity
8
Real Hole
0
POINT
5
102
330
1A
100
AcDbEntity
67
0
8
Hole
62
244
420
659967
6
ByLayer
370
-1
48
1.0
60
0
100
AcDbPoint
10
748637.624000137
20
8930432.35699658
30
199.540999999285
39
0.0
210
0.0
220
0.0
230
1.0
50
360.0
0
LINE
5
103
330
1A
100
AcDbEntity
67
0
8
Theoretical Hole
62
244
420
659967
6
ByLayer
370
-1
48
1.0
60
0
100
AcDbLine
10
748637.624000137
20
8930432.35699658
30
199.540999999285
11
748638.432359283
21
8930431.36973004
31
194.592873653412
39
0.0
210
0.0
220
0.0
230
1.0
0
TEXT
5
104
330
1A
100
AcDbEntity
67
0
8
Number
62
244
420
659967
6
ByLayer
370
-1
48
1.0
60
0
100
AcDbText
1
18
10
748637.624000137
20
8930432.7379966
30
199.540999999285
40
0.3
41
1.0
50
0.0
51
0.0
7
Standard
11
748637.624000137
21
8930432.7379966
31
199.540999999285
210
0.0
220
0.0
230
1.0
72
0
100
AcDbText
73
0
0
TEXT
5
105
330
1A
100
AcDbEntity
67
0
8
label
62
1
420
16711680
6
ByLayer
370
-1
48
1.0
60
0
100
AcDbText
1

10
748637.624000137
20
8930433.1379966
30
199.540999999285
40
0.3
41
1.0
50
0.0
51
0.0
7
Standard
11
748637.624000137
21
8930433.1379966
31
199.540999999285
210
0.0
220
0.0
230
1.0
72
0
100
AcDbText
73
0
0
TEXT
5
106
330
1A
100
AcDbEntity
67
0
8
Length
62
244
420
659967
6
ByLayer
370
-1
48
1.0
60
0
100
AcDbText
1
5.11
10
748637.624000137
20
8930431.60299657
30
199.540999999285
40
0.3
41
1.0
50
0.0
51
0.0
7
Standard
11
748637.624000137
21
8930431.60299657
31
199.540999999285
210
0.0
220
0.0
230
1.0
72
0
100
AcDbText
73
0
0
POLYLINE
5
10D
330
1A
100
AcDbEntity
67
0
8
Real Hole
62
1
420
16711680
6
ByLayer
370
-1
48
1.0
60
0
100
AcDb3dPolyline
10
0.0
20
0.0
30
0.0
70
8
75
0
210
0.0
220
0.0
230
1.0
0
VERTEX
5
107
100
AcDbEntity
8
Real Hole
62
1
420
16711680
100
AcDbVertex
100
AcDb3dPolylineVertex
10
748637.624000137
20
8930432.35699658
30
199.540999999285
70
32
0
VERTEX
5
108
100
AcDbEntity
8
Real Hole
62
1
420
16711680
100
AcDbVertex
100
AcDb3dPolylineVertex
10
748637.791180228
20
8930432.11510708
30
198.585206976175
70
32
0
VERTEX
5
109
100
AcDbEntity
8
Real Hole
62
1
420
16711680
100
AcDbVertex
100
AcDb3dPolylineVertex
10
748637.953939711
20
8930431.88031526
30
197.626884451151
70
32
0
VERTEX
5
10A
100
AcDbEntity
8
Real Hole
62
1
420
16711680
100
AcDbVertex
100
AcDb3dPolylineVertex
10
748638.144502705
20
8930431.61715953
30
196.681138863802
70
32
0
VERTEX
5
10B
100
AcDbEntity
8
Real Hole
62
1
420
16711680
100
AcDbVertex
100
AcDb3dPolylineVertex
10
748638.259045785
20
8930431.45080958
30
196.010909190416
70
32
0
SEQEND
5
10C
100
AcDbEntity
8
Real Hole
0
POINT
5
10E
330
1A
100
AcDbEntity
67
0
8
Hole
62
244
420
659967
6
ByLayer
370
-1
48
1.0
60
0
100
AcDbPoint
10
748636.506999557
20
8930431.78499799
30
199.510999998093
39
0.0
210
0.0
220
0.0
230
1.0
50
360.0
0
LINE
5
10F
330
1A
100
AcDbEntity
67
0
8
Theoretical Hole
62
244
420
659967
6
ByLayer
370
-1
48
1.0
60
0
100
AcDbLine
10
748636.506999557
20
8930431.78499799
30
199.510999998093
11
748637.29001004
21
8930430.79991345
31
194.609969696045
39
0.0
210
0.0
220
0.0
230
1.0
0
TEXT
5
110
330
1A
100
AcDbEntity
67
0
8
Number
62
244
420
659967
6
ByLayer
370
-1
48
1.0
60
0
100
AcDbText
1
19
10
748636.506999557
20
8930432.165998
30
199.510999998093
40
0.3
41
1.0
50
0.0
51
0.0
7
Standard
11
748636.506999557
21
8930432.165998
31
199.510999998093
210
0.0
220
0.0
230
1.0
72
0
100
AcDbText
73
0
0
TEXT
5
111
330
1A
100
AcDbEntity
67
0
8
label
62
1
420
16711680
6
ByLayer
370
-1
48
1.0
60
0
100
AcDbText
1

10
748636.506999557
20
8930432.565998
30
199.510999998093
40
0.3
41
1.0
50
0.0
51
0.0
7
Standard
11
748636.506999557
21
8930432.565998
31
199.510999998093
210
0.0
220
0.0
230
1.0
72
0
100
AcDbText
73
0
0
TEXT
5
112
330
1A
100
AcDbEntity
67
0
8
Length
62
244
420
659967
6
ByLayer
370
-1
48
1.0
60
0
100
AcDbText
1
5.06
10
748636.506999557
20
8930431.03099798
30
199.510999998093
40
0.3
41
1.0
50
0.0
51
0.0
7
Standard
11
748636.506999557
21
8930431.03099798
31
199.510999998093
210
0.0
220
0.0
230
1.0
72
0
100
AcDbText
73
0
0
POLYLINE
5
119
330
1A
100
AcDbEntity
67
0
8
Real Hole
62
1
420
16711680
6
ByLayer
370
-1
48
1.0
60
0
100
AcDb3dPolyline
10
0.0
20
0.0
30
0.0
70
8
75
0
210
0.0
220
0.0
230
1.0
0
VERTEX
5
113
100
AcDbEntity
8
Real Hole
62
1
420
16711680
100
AcDbVertex
100
AcDb3dPolylineVertex
10
748636.506999557
20
8930431.78499799
30
199.510999998093
70
32
0
VERTEX
5
114
100
AcDbEntity
8
Real Hole
62
1
420
16711680
100
AcDbVertex
100
AcDb3dPolylineVertex
10
748636.664327209
20
8930431.55358432
30
198.550950130463
70
32
0
VERTEX
5
115
100
AcDbEntity
8
Real Hole
62
1
420
16711680
100
AcDbVertex
100
AcDb3dPolylineVertex
10
748636.805497652
20
8930431.3207594
30
197.588732203484
70
32
0
VERTEX
5
116
100
AcDbEntity
8
Real Hole
62
1
420
16711680
100
AcDbVertex
100
AcDb3dPolylineVertex
10
748637.016974633
20
8930431.05867307
30
196.647143920898
70
32
0
VERTEX
5
117
100
AcDbEntity
8
Real Hole
62
1
420
16711680
100
AcDbVertex
100
AcDb3dPolylineVertex
10
748637.171232884
20
8930430.81266891
30
195.690229019165
70
32
0
SEQEND
5
118
100
AcDbEntity
8
Real Hole
0
POINT
5
11A
330
1A
100
AcDbEntity
67
0
8
Hole
62
244
420
659967
6
ByLayer
370
-1
48
1.0
60
0
100
AcDbPoint
10
748635.679000443
20
8930430.7719975
30
199.135000010967
39
0.0
210
0.0
220
0.0
230
1.0
50
360.0
0
LINE
5
11B
330
1A
100
AcDbEntity
67
0
8
Theoretical Hole
62
244
420
659967
6
ByLayer
370
-1
48
1.0
60
0
100
AcDbLine
10
748635.679000443
20
8930430.7719975
30
199.135000010967
11
748636.450175827
21
8930429.80180554
31
194.373653491974
39
0.0
210
0.0
220
0.0
230
1.0
0
TEXT
5
11C
330
1A
100
AcDbEntity
67
0
8
Number
62
244
420
659967
6
ByLayer
370
-1
48
1.0
60
0
100
AcDbText
1
20
10
748635.679000443
20
8930431.15299751
30
199.135000010967
40
0.3
41
1.0
50
0.0
51
0.0
7
Standard
11
748635.679000443
21
8930431.15299751
31
199.135000010967
210
0.0
220
0.0
230
1.0
72
0
100
AcDbText
73
0
0
TEXT
5
11D
330
1A
100
AcDbEntity
67
0
8
label
62
1
420
16711680
6
ByLayer
370
-1
48
1.0
60
0
100
AcDbText
1

10
748635.679000443
20
8930431.55299751
30
199.135000010967
40
0.3
41
1.0
50
0.0
51
0.0
7
Standard
11
748635.679000443
21
8930431.55299751
31
199.135000010967
210
0.0
220
0.0
230
1.0
72
0
100
AcDbText
73
0
0
TEXT
5
11E
330
1A
100
AcDbEntity
67
0
8
Length
62
244
420
659967
6
ByLayer
370
-1
48
1.0
60
0
100
AcDbText
1
4.92
10
748635.679000443
20
8930430.01799749
30
199.135000010967
40
0.3
41
1.0
50
0.0
51
0.0
7
Standard
11
748635.679000443
21
8930430.01799749
31
199.135000010967
210
0.0
220
0.0
230
1.0
72
0
100
AcDbText
73
0
0
POLYLINE
5
125
330
1A
100
AcDbEntity
67
0
8
Real Hole
62
1
420
16711680
6
ByLayer
370
-1
48
1.0
60
0
100
AcDb3dPolyline
10
0.0
20
0.0
30
0.0
70
8
75
0
210
0.0
220
0.0
230
1.0
0
VERTEX
5
11F
100
AcDbEntity
8
Real Hole
62
1
420
16711680
100
AcDbVertex
100
AcDb3dPolylineVertex
10
748635.679000443
20
8930430.7719975
30
199.135000010967
70
32
0
VERTEX
5
120
100
AcDbEntity
8
Real Hole
62
1
420
16711680
100
AcDbVertex
100
AcDb3dPolylineVertex
10
748635.873894026
20
8930430.62163815
30
198.165769120693
70
32
0
VERTEX
5
121
100
AcDbEntity
8
Real Hole
62
1
420
16711680
100
AcDbVertex
100
AcDb3dPolylineVertex
10
748636.079071825
20
8930430.49669184
30
197.195052644253
70
32
0
VERTEX
5
122
100
AcDbEntity
8
Real Hole
62
1
420
16711680
100
AcDbVertex
100
AcDb3dPolylineVertex
10
748636.289513653
20
8930430.338055
30
196.230403205395
70
32
0
VERTEX
5
123
100
AcDbEntity
8
Real Hole
62
1
420
16711680
100
AcDbVertex
100
AcDb3dPolylineVertex
10
748636.358165627
20
8930430.2885416
30
195.636403819561
70
32
0
SEQEND
5
124
100
AcDbEntity
8
Real Hole
0
POINT
5
126
330
1A
100
AcDbEntity
67
0
8
Hole
62
244
420
659967
6
ByLayer
370
-1
48
1.0
60
0
100
AcDbPoint
10
748678.220998352
20
8930440.63499646
30
199.485999999583
39
0.0
210
0.0
220
0.0
230
1.0
50
360.0
0
LINE
5
127
330
1A
100
AcDbEntity
67
0
8
Theoretical Hole
62
244
420
659967
6
ByLayer
370
-1
48
1.0
60
0
100
AcDbLine
10
748678.220998352
20
8930440.63499646
30
199.485999999583
11
748680.731473511
21
8930439.13904767
31
188.632557472229
39
0.0
210
0.0
220
0.0
230
1.0
0
TEXT
5
128
330
1A
100
AcDbEntity
67
0
8
Number
62
244
420
659967
6
ByLayer
370
-1
48
1.0
60
0
100
AcDbText
1
64
10
748678.220998352
20
8930441.01599647
30
199.485999999583
40
0.3
41
1.0
50
0.0
51
0.0
7
Standard
11
748678.220998352
21
8930441.01599647
31
199.485999999583
210
0.0
220
0.0
230
1.0
72
0
100
AcDbText
73
0
0
TEXT
5
129
330
1A
100
AcDbEntity
67
0
8
label
62
1
420
16711680
6
ByLayer
370
-1
48
1.0
60
0
100
AcDbText
1

10
748678.220998352
20
8930441.41599647
30
199.485999999583
40
0.3
41
1.0
50
0.0
51
0.0
7
Standard
11
748678.220998352
21
8930441.41599647
31
199.485999999583
210
0.0
220
0.0
230
1.0
72
0
100
AcDbText
73
0
0
TEXT
5
12A
330
1A
100
AcDbEntity
67
0
8
Length
62
244
420
659967
6
ByLayer
370
-1
48
1.0
60
0
100
AcDbText
1
11.24
10
748678.220998352
20
8930439.88099645
30
199.485999999583
40
0.3
41
1.0
50
0.0
51
0.0
7
Standard
11
748678.220998352
21
8930439.88099645
31
199.485999999583
210
0.0
220
0.0
230
1.0
72
0
100
AcDbText
73
0
0
POLYLINE
5
137
330
1A
100
AcDbEntity
67
0
8
Real Hole
62
1
420
16711680
6
ByLayer
370
-1
48
1.0
60
0
100
AcDb3dPolyline
10
0.0
20
0.0
30
0.0
70
8
75
0
210
0.0
220
0.0
230
1.0
0
VERTEX
5
12B
100
AcDbEntity
8
Real Hole
62
1
420
16711680
100
AcDbVertex
100
AcDb3dPolylineVertex
10
748678.220998352
20
8930440.63499646
30
199.485999999583
70
32
0
VERTEX
5
12C
100
AcDbEntity
8
Real Hole
62
1
420
16711680
100
AcDbVertex
100
AcDb3dPolylineVertex
10
748678.396574026
20
8930440.47960562
30
198.513875065386
70
32
0
VERTEX
5
12D
100
AcDbEntity
8
Real Hole
62
1
420
16711680
100
AcDbVertex
100
AcDb3dPolylineVertex
10
748678.585536992
20
8930440.29833333
30
197.548767147601
70
32
0
VERTEX
5
12E
100
AcDbEntity
8
Real Hole
62
1
420
16711680
100
AcDbVertex
100
AcDb3dPolylineVertex
10
748678.790117627
20
8930440.11967753
30
196.586359201014
70
32
0
VERTEX
5
12F
100
AcDbEntity
8
Real Hole
62
1
420
16711680
100
AcDbVertex
100
AcDb3dPolylineVertex
10
748678.971818214
20
8930439.93112634
30
195.621251283228
70
32
0
VERTEX
5
130
100
AcDbEntity
8
Real Hole
62
1
420
16711680
100
AcDbVertex
100
AcDb3dPolylineVertex
10
748679.14228714
20
8930439.74889551
30
194.652885375559
70
32
0
VERTEX
5
131
100
AcDbEntity
8
Real Hole
62
1
420
16711680
100
AcDbVertex
100
AcDb3dPolylineVertex
10
748679.326839631
20
8930439.56266038
30
193.687869010508
70
32
0
VERTEX
5
132
100
AcDbEntity
8
Real Hole
62
1
420
16711680
100
AcDbVertex
100
AcDb3dPolylineVertex
10
748679.514959877
20
8930439.38270037
30
192.722351012766
70
32
0
VERTEX
5
133
100
AcDbEntity
8
Real Hole
62
1
420
16711680
100
AcDbVertex
100
AcDb3dPolylineVertex
10
748679.694581097
20
8930439.22523217
30
191.751299796641
70
32
0
VERTEX
5
134
100
AcDbEntity
8
Real Hole
62
1
420
16711680
100
AcDbVertex
100
AcDb3dPolylineVertex
10
748679.894155806
20
8930439.02362697
30
190.792381225169
70
32
0
VERTEX
5
135
100
AcDbEntity
8
Real Hole
62
1
420
16711680
100
AcDbVertex
100
AcDb3dPolylineVertex
10
748680.093360966
20
8930438.86562567
30
189.92904275471
70
32
0
SEQEND
5
136
100
AcDbEntity
8
Real Hole
0
POINT
5
138
330
1A
100
AcDbEntity
67
0
8
Hole
62
244
420
659967
6
ByLayer
370
-1
48
1.0
60
0
100
AcDbPoint
10
748677.067998474
20
8930439.65200238
30
199.691000005245
39
0.0
210
0.0
220
0.0
230
1.0
50
360.0
0
LINE
5
139
330
1A
100
AcDbEntity
67
0
8
Theoretical Hole
62
244
420
659967
6
ByLayer
370
-1
48
1.0
60
0
100
AcDbLine
10
748677.067998474
20
8930439.65200238
30
199.691000005245
11
748679.448857849
21
8930438.23328595
31
189.635969718933
39
0.0
210
0.0
220
0.0
230
1.0
0
TEXT
5
13A
330
1A
100
AcDbEntity
67
0
8
Number
62
244
420
659967
6
ByLayer
370
-1
48
1.0
60
0
100
AcDbText
1
65
10
748677.067998474
20
8930440.03300239
30
199.691000005245
40
0.3
41
1.0
50
0.0
51
0.0
7
Standard
11
748677.067998474
21
8930440.03300239
31
199.691000005245
210
0.0
220
0.0
230
1.0
72
0
100
AcDbText
73
0
0
TEXT
5
13B
330
1A
100
AcDbEntity
67
0
8
label
62
1
420
16711680
6
ByLayer
370
-1
48
1.0
60
0
100
AcDbText
1

10
748677.067998474
20
8930440.43300239
30
199.691000005245
40
0.3
41
1.0
50
0.0
51
0.0
7
Standard
11
748677.067998474
21
8930440.43300239
31
199.691000005245
210
0.0
220
0.0
230
1.0
72
0
100
AcDbText
73
0
0
TEXT
5
13C
330
1A
100
AcDbEntity
67
0
8
Length
62
244
420
659967
6
ByLayer
370
-1
48
1.0
60
0
100
AcDbText
1
10.43
10
748677.067998474
20
8930438.89800237
30
199.691000005245
40
0.3
41
1.0
50
0.0
51
0.0
7
Standard
11
748677.067998474
21
8930438.89800237
31
199.691000005245
210
0.0
220
0.0
230
1.0
72
0
100
AcDbText
73
0
0
POLYLINE
5
149
330
1A
100
AcDbEntity
67
0
8
Real Hole
62
1
420
16711680
6
ByLayer
370
-1
48
1.0
60
0
100
AcDb3dPolyline
10
0.0
20
0.0
30
0.0
70
8
75
0
210
0.0
220
0.0
230
1.0
0
VERTEX
5
13D
100
AcDbEntity
8
Real Hole
62
1
420
16711680
100
AcDbVertex
100
AcDb3dPolylineVertex
10
748677.067998474
20
8930439.65200238
30
199.691000005245
70
32
0
VERTEX
5
13E
100
AcDbEntity
8
Real Hole
62
1
420
16711680
100
AcDbVertex
100
AcDb3dPolylineVertex
10
748677.277419855
20
8930439.48518229
30
198.727509638309
70
32
0
VERTEX
5
13F
100
AcDbEntity
8
Real Hole
62
1
420
16711680
100
AcDbVertex
100
AcDb3dPolylineVertex
10
748677.488344466
20
8930439.3334501
30
197.76185538435
70
32
0
VERTEX
5
140
100
AcDbEntity
8
Real Hole
62
1
420
16711680
100
AcDbVertex
100
AcDb3dPolylineVertex
10
748677.700891083
20
8930439.13635396
30
196.804788371563
70
32
0
VERTEX
5
141
100
AcDbEntity
8
Real Hole
62
1
420
16711680
100
AcDbVertex
100
AcDb3dPolylineVertex
10
748677.89631558
20
8930438.96333526
30
195.839452287197
70
32
0
VERTEX
5
142
100
AcDbEntity
8
Real Hole
62
1
420
16711680
100
AcDbVertex
100
AcDb3dPolylineVertex
10
748678.089007919
20
8930438.79333459
30
194.873031636715
70
32
0
VERTEX
5
143
100
AcDbEntity
8
Real Hole
62
1
420
16711680
100
AcDbVertex
100
AcDb3dPolylineVertex
10
748678.296136206
20
8930438.62500589
30
193.909307500362
70
32
0
VERTEX
5
144
100
AcDbEntity
8
Real Hole
62
1
420
16711680
100
AcDbVertex
100
AcDb3dPolylineVertex
10
748678.511730378
20
8930438.47432558
30
192.944520493984
70
32
0
VERTEX
5
145
100
AcDbEntity
8
Real Hole
62
1
420
16711680
100
AcDbVertex
100
AcDb3dPolylineVertex
10
748678.71732456
20
8930438.30544858
30
191.980564137936
70
32
0
VERTEX
5
146
100
AcDbEntity
8
Real Hole
62
1
420
16711680
100
AcDbVertex
100
AcDb3dPolylineVertex
10
748678.947645848
20
8930438.14243238
30
191.021201154232
70
32
0
VERTEX
5
147
100
AcDbEntity
8
Real Hole
62
1
420
16711680
100
AcDbVertex
100
AcDb3dPolylineVertex
10
748679.144517963
20
8930437.95071511
30
190.059699079037
70
32
0
SEQEND
5
148
100
AcDbEntity
8
Real Hole
0
POINT
5
14A
330
1A
100
AcDbEntity
67
0
8
Hole
62
244
420
659967
6
ByLayer
370
-1
48
1.0
60
0
100
AcDbPoint
10
748676.217000549
20
8930438.6220036
30
199.617000004292
39
0.0
210
0.0
220
0.0
230
1.0
50
360.0
0
LINE
5
14B
330
1A
100
AcDbEntity
67
0
8
Theoretical Hole
62
244
420
659967
6
ByLayer
370
-1
48
1.0
60
0
100
AcDbLine
10
748676.217000549
20
8930438.6220036
30
199.617000004292
11
748678.385137146
21
8930437.03865247
31
189.755935272217
39
0.0
210
0.0
220
0.0
230
1.0
0
TEXT
5
14C
330
1A
100
AcDbEntity
67
0
8
Number
62
244
420
659967
6
ByLayer
370
-1
48
1.0
60
0
100
AcDbText
1
66
10
748676.217000549
20
8930439.00300361
30
199.617000004292
40
0.3
41
1.0
50
0.0
51
0.0
7
Standard
11
748676.217000549
21
8930439.00300361
31
199.617000004292
210
0.0
220
0.0
230
1.0
72
0
100
AcDbText
73
0
0
TEXT
5
14D
330
1A
100
AcDbEntity
67
0
8
label
62
1
420
16711680
6
ByLayer
370
-1
48
1.0
60
0
100
AcDbText
1

10
748676.217000549
20
8930439.40300361
30
199.617000004292
40
0.3
41
1.0
50
0.0
51
0.0
7
Standard
11
748676.217000549
21
8930439.40300361
31
199.617000004292
210
0.0
220
0.0
230
1.0
72
0
100
AcDbText
73
0
0
TEXT
5
14E
330
1A
100
AcDbEntity
67
0
8
Length
62
244
420
659967
6
ByLayer
370
-1
48
1.0
60
0
100
AcDbText
1
10.22
10
748676.217000549
20
8930437.86800359
30
199.617000004292
40
0.3
41
1.0
50
0.0
51
0.0
7
Standard
11
748676.217000549
21
8930437.86800359
31
199.617000004292
210
0.0
220
0.0
230
1.0
72
0
100
AcDbText
73
0
0
POLYLINE
5
15B
330
1A
100
AcDbEntity
67
0
8
Real Hole
62
1
420
16711680
6
ByLayer
370
-1
48
1.0
60
0
100
AcDb3dPolyline
10
0.0
20
0.0
30
0.0
70
8
75
0
210
0.0
220
0.0
230
1.0
0
VERTEX
5
14F
100
AcDbEntity
8
Real Hole
62
1
420
16711680
100
AcDbVertex
100
AcDb3dPolylineVertex
10
748676.217000549
20
8930438.6220036
30
199.617000004292
70
32
0
VERTEX
5
150
100
AcDbEntity
8
Real Hole
62
1
420
16711680
100
AcDbVertex
100
AcDb3dPolylineVertex
10
748676.373638188
20
8930438.4409847
30
198.646074255943
70
32
0
VERTEX
5
151
100
AcDbEntity
8
Real Hole
62
1
420
16711680
100
AcDbVertex
100
AcDb3dPolylineVertex
10
748676.508080428
20
8930438.24848108
30
197.674031278133
70
32
0
VERTEX
5
152
100
AcDbEntity
8
Real Hole
62
1
420
16711680
100
AcDbVertex
100
AcDb3dPolylineVertex
10
748676.636313742
20
8930438.03421878
30
196.705709120274
70
32
0
VERTEX
5
153
100
AcDbEntity
8
Real Hole
62
1
420
16711680
100
AcDbVertex
100
AcDb3dPolylineVertex
10
748676.778102701
20
8930437.81487863
30
195.740418573856
70
32
0
VERTEX
5
154
100
AcDbEntity
8
Real Hole
62
1
420
16711680
100
AcDbVertex
100
AcDb3dPolylineVertex
10
748676.928028231
20
8930437.62415187
30
194.770291706562
70
32
0
VERTEX
5
155
100
AcDbEntity
8
Real Hole
62
1
420
16711680
100
AcDbVertex
100
AcDb3dPolylineVertex
10
748677.075590199
20
8930437.42840152
30
193.800803562641
70
32
0
VERTEX
5
156
100
AcDbEntity
8
Real Hole
62
1
420
16711680
100
AcDbVertex
100
AcDb3dPolylineVertex
10
748677.207803553
20
8930437.19056814
30
192.838538071156
70
32
0
VERTEX
5
157
100
AcDbEntity
8
Real Hole
62
1
420
16711680
100
AcDbVertex
100
AcDb3dPolylineVertex
10
748677.365310615
20
8930436.96620862
30
191.87684478426
70
32
0
VERTEX
5
158
100
AcDbEntity
8
Real Hole
62
1
420
16711680
100
AcDbVertex
100
AcDb3dPolylineVertex
10
748677.489783233
20
8930436.84024994
30
190.892649075031
70
32
0
VERTEX
5
159
100
AcDbEntity
8
Real Hole
62
1
420
16711680
100
AcDbVertex
100
AcDb3dPolylineVertex
10
748677.648583715
20
8930436.64210551
30
189.925425907612
70
32
0
SEQEND
5
15A
100
AcDbEntity
8
Real Hole
0
POINT
5
15C
330
1A
100
AcDbEntity
67
0
8
Hole
62
244
420
659967
6
ByLayer
370
-1
48
1.0
60
0
100
AcDbPoint
10
748675.021001404
20
8930437.42399793
30
199.942999979496
39
0.0
210
0.0
220
0.0
230
1.0
50
360.0
0
LINE
5
15D
330
1A
100
AcDbEntity
67
0
8
Theoretical Hole
62
244
420
659967
6
ByLayer
370
-1
48
1.0
60
0
100
AcDbLine
10
748675.021001404
20
8930437.42399793
30
199.942999979496
11
748676.879064148
21
8930435.52925305
31
190.052844604492
39
0.0
210
0.0
220
0.0
230
1.0
0
TEXT
5
15E
330
1A
100
AcDbEntity
67
0
8
Number
62
244
420
659967
6
ByLayer
370
-1
48
1.0
60
0
100
AcDbText
1
67
10
748675.021001404
20
8930437.80499794
30
199.942999979496
40
0.3
41
1.0
50
0.0
51
0.0
7
Standard
11
748675.021001404
21
8930437.80499794
31
199.942999979496
210
0.0
220
0.0
230
1.0
72
0
100
AcDbText
73
0
0
TEXT
5
15F
330
1A
100
AcDbEntity
67
0
8
label
62
1
420
16711680
6
ByLayer
370
-1
48
1.0
60
0
100
AcDbText
1

10
748675.021001404
20
8930438.20499794
30
199.942999979496
40
0.3
41
1.0
50
0.0
51
0.0
7
Standard
11
748675.021001404
21
8930438.20499794
31
199.942999979496
210
0.0
220
0.0
230
1.0
72
0
100
AcDbText
73
0
0
TEXT
5
160
330
1A
100
AcDbEntity
67
0
8
Length
62
244
420
659967
6
ByLayer
370
-1
48
1.0
60
0
100
AcDbText
1
10.24
10
748675.021001404
20
8930436.66999792
30
199.942999979496
40
0.3
41
1.0
50
0.0
51
0.0
7
Standard
11
748675.021001404
21
8930436.66999792
31
199.942999979496
210
0.0
220
0.0
230
1.0
72
0
100
AcDbText
73
0
0
POLYLINE
5
16D
330
1A
100
AcDbEntity
67
0
8
Real Hole
62
1
420
16711680
6
ByLayer
370
-1
48
1.0
60
0
100
AcDb3dPolyline
10
0.0
20
0.0
30
0.0
70
8
75
0
210
0.0
220
0.0
230
1.0
0
VERTEX
5
161
100
AcDbEntity
8
Real Hole
62
1
420
16711680
100
AcDbVertex
100
AcDb3dPolylineVertex
10
748675.021001404
20
8930437.42399793
30
199.942999979496
70
32
0
VERTEX
5
162
100
AcDbEntity
8
Real Hole
62
1
420
16711680
100
AcDbVertex
100
AcDb3dPolylineVertex
10
748675.165662368
20
8930437.21469088
30
198.975909611225
70
32
0
VERTEX
5
163
100
AcDbEntity
8
Real Hole
62
1
420
16711680
100
AcDbVertex
100
AcDb3dPolylineVertex
10
748675.299208438
20
8930436.99693419
30
198.009086271763
70
32
0
VERTEX
5
164
100
AcDbEntity
8
Real Hole
62
1
420
16711680
100
AcDbVertex
100
AcDb3dPolylineVertex
10
748675.474946355
20
8930436.76515614
30
197.052323481083
70
32
0
VERTEX
5
165
100
AcDbEntity
8
Real Hole
62
1
420
16711680
100
AcDbVertex
100
AcDb3dPolylineVertex
10
748675.6444189
20
8930436.55765818
30
196.088879724979
70
32
0
VERTEX
5
166
100
AcDbEntity
8
Real Hole
62
1
420
16711680
100
AcDbVertex
100
AcDb3dPolylineVertex
10
748675.81603468
20
8930436.37096207
30
195.121567865849
70
32
0
VERTEX
5
167
100
AcDbEntity
8
Real Hole
62
1
420
16711680
100
AcDbVertex
100
AcDb3dPolylineVertex
10
748675.990593498
20
8930436.18377058
30
194.154878279209
70
32
0
VERTEX
5
168
100
AcDbEntity
8
Real Hole
62
1
420
16711680
100
AcDbVertex
100
AcDb3dPolylineVertex
10
748676.16632325
20
8930435.9545068
30
193.197508474827
70
32
0
VERTEX
5
169
100
AcDbEntity
8
Real Hole
62
1
420
16711680
100
AcDbVertex
100
AcDb3dPolylineVertex
10
748676.342048829
20
8930435.75249998
30
192.234017988682
70
32
0
VERTEX
5
16A
100
AcDbEntity
8
Real Hole
62
1
420
16711680
100
AcDbVertex
100
AcDb3dPolylineVertex
10
748676.541025465
20
8930435.5698518
30
191.271185060978
70
32
0
VERTEX
5
16B
100
AcDbEntity
8
Real Hole
62
1
420
16711680
100
AcDbVertex
100
AcDb3dPolylineVertex
10
748676.704477017
20
8930435.4106801
30
190.504407068729
70
32
0
SEQEND
5
16C
100
AcDbEntity
8
Real Hole
0
POINT
5
16E
330
1A
100
AcDbEntity
67
0
8
Hole
62
244
420
659967
6
ByLayer
370
-1
48
1.0
60
0
100
AcDbPoint
10
748673.806996887
20
8930436.16099744
30
199.902999987841
39
0.0
210
0.0
220
0.0
230
1.0
50
360.0
0
LINE
5
16F
330
1A
100
AcDbEntity
67
0
8
Theoretical Hole
62
244
420
659967
6
ByLayer
370
-1
48
1.0
60
0
100
AcDbLine
10
748673.806996887
20
8930436.16099744
30
199.902999987841
11
748675.451787537
21
8930434.06633191
31
189.984335502625
39
0.0
210
0.0
220
0.0
230
1.0
0
TEXT
5
170
330
1A
100
AcDbEntity
67
0
8
Number
62
244
420
659967
6
ByLayer
370
-1
48
1.0
60
0
100
AcDbText
1
68
10
748673.806996887
20
8930436.54199745
30
199.902999987841
40
0.3
41
1.0
50
0.0
51
0.0
7
Standard
11
748673.806996887
21
8930436.54199745
31
199.902999987841
210
0.0
220
0.0
230
1.0
72
0
100
AcDbText
73
0
0
TEXT
5
171
330
1A
100
AcDbEntity
67
0
8
label
62
1
420
16711680
6
ByLayer
370
-1
48
1.0
60
0
100
AcDbText
1

10
748673.806996887
20
8930436.94199745
30
199.902999987841
40
0.3
41
1.0
50
0.0
51
0.0
7
Standard
11
748673.806996887
21
8930436.94199745
31
199.902999987841
210
0.0
220
0.0
230
1.0
72
0
100
AcDbText
73
0
0
TEXT
5
172
330
1A
100
AcDbEntity
67
0
8
Length
62
244
420
659967
6
ByLayer
370
-1
48
1.0
60
0
100
AcDbText
1
10.27
10
748673.806996887
20
8930435.40699743
30
199.902999987841
40
0.3
41
1.0
50
0.0
51
0.0
7
Standard
11
748673.806996887
21
8930435.40699743
31
199.902999987841
210
0.0
220
0.0
230
1.0
72
0
100
AcDbText
73
0
0
POLYLINE
5
17F
330
1A
100
AcDbEntity
67
0
8
Real Hole
62
1
420
16711680
6
ByLayer
370
-1
48
1.0
60
0
100
AcDb3dPolyline
10
0.0
20
0.0
30
0.0
70
8
75
0
210
0.0
220
0.0
230
1.0
0
VERTEX
5
173
100
AcDbEntity
8
Real Hole
62
1
420
16711680
100
AcDbVertex
100
AcDb3dPolylineVertex
10
748673.806996887
20
8930436.16099744
30
199.902999987841
70
32
0
VERTEX
5
174
100
AcDbEntity
8
Real Hole
62
1
420
16711680
100
AcDbVertex
100
AcDb3dPolylineVertex
10
748673.921468755
20
8930435.94212601
30
198.933984270334
70
32
0
VERTEX
5
175
100
AcDbEntity
8
Real Hole
62
1
420
16711680
100
AcDbVertex
100
AcDb3dPolylineVertex
10
748674.022867044
20
8930435.72024377
30
197.964197387934
70
32
0
VERTEX
5
176
100
AcDbEntity
8
Real Hole
62
1
420
16711680
100
AcDbVertex
100
AcDb3dPolylineVertex
10
748674.127586817
20
8930435.46183263
30
197.003854861498
70
32
0
VERTEX
5
177
100
AcDbEntity
8
Real Hole
62
1
420
16711680
100
AcDbVertex
100
AcDb3dPolylineVertex
10
748674.221867775
20
8930435.20926373
30
196.040880313158
70
32
0
VERTEX
5
178
100
AcDbEntity
8
Real Hole
62
1
420
16711680
100
AcDbVertex
100
AcDb3dPolylineVertex
10
748674.314879363
20
8930434.94747858
30
195.080246558428
70
32
0
VERTEX
5
179
100
AcDbEntity
8
Real Hole
62
1
420
16711680
100
AcDbVertex
100
AcDb3dPolylineVertex
10
748674.409365182
20
8930434.73772793
30
194.107067694902
70
32
0
VERTEX
5
17A
100
AcDbEntity
8
Real Hole
62
1
420
16711680
100
AcDbVertex
100
AcDb3dPolylineVertex
10
748674.520933633
20
8930434.52727823
30
193.135850062609
70
32
0
VERTEX
5
17B
100
AcDbEntity
8
Real Hole
62
1
420
16711680
100
AcDbVertex
100
AcDb3dPolylineVertex
10
748674.629332369
20
8930434.32629614
30
192.162271132708
70
32
0
VERTEX
5
17C
100
AcDbEntity
8
Real Hole
62
1
420
16711680
100
AcDbVertex
100
AcDb3dPolylineVertex
10
748674.777669018
20
8930434.05445318
30
191.211430659533
70
32
0
VERTEX
5
17D
100
AcDbEntity
8
Real Hole
62
1
420
16711680
100
AcDbVertex
100
AcDb3dPolylineVertex
10
748674.867426222
20
8930433.86736708
30
190.335678210497
70
32
0
SEQEND
5
17E
100
AcDbEntity
8
Real Hole
0
POINT
5
180
330
1A
100
AcDbEntity
67
0
8
Hole
62
244
420
659967
6
ByLayer
370
-1
48
1.0
60
0
100
AcDbPoint
10
748672.863999908
20
8930434.4990025
30
199.672999998569
39
0.0
210
0.0
220
0.0
230
1.0
50
360.0
0
LINE
5
181
330
1A
100
AcDbEntity
67
0
8
Theoretical Hole
62
244
420
659967
6
ByLayer
370
-1
48
1.0
60
0
100
AcDbLine
10
748672.863999908
20
8930434.4990025
30
199.672999998569
11
748674.423024719
21
8930432.33018689
31
189.704645713806
39
0.0
210
0.0
220
0.0
230
1.0
0
TEXT
5
182
330
1A
100
AcDbEntity
67
0
8
Number
62
244
420
659967
6
ByLayer
370
-1
48
1.0
60
0
100
AcDbText
1
69
10
748672.863999908
20
8930434.88000252
30
199.672999998569
40
0.3
41
1.0
50
0.0
51
0.0
7
Standard
11
748672.863999908
21
8930434.88000252
31
199.672999998569
210
0.0
220
0.0
230
1.0
72
0
100
AcDbText
73
0
0
TEXT
5
183
330
1A
100
AcDbEntity
67
0
8
label
62
1
420
16711680
6
ByLayer
370
-1
48
1.0
60
0
100
AcDbText
1

10
748672.863999908
20
8930435.28000252
30
199.672999998569
40
0.3
41
1.0
50
0.0
51
0.0
7
Standard
11
748672.863999908
21
8930435.28000252
31
199.672999998569
210
0.0
220
0.0
230
1.0
72
0
100
AcDbText
73
0
0
TEXT
5
184
330
1A
100
AcDbEntity
67
0
8
Length
62
244
420
659967
6
ByLayer
370
-1
48
1.0
60
0
100
AcDbText
1
10.32
10
748672.863999908
20
8930433.7450025
30
199.672999998569
40
0.3
41
1.0
50
0.0
51
0.0
7
Standard
11
748672.863999908
21
8930433.7450025
31
199.672999998569
210
0.0
220
0.0
230
1.0
72
0
100
AcDbText
73
0
0
POLYLINE
5
190
330
1A
100
AcDbEntity
67
0
8
Real Hole
62
1
420
16711680
6
ByLayer
370
-1
48
1.0
60
0
100
AcDb3dPolyline
10
0.0
20
0.0
30
0.0
70
8
75
0
210
0.0
220
0.0
230
1.0
0
VERTEX
5
185
100
AcDbEntity
8
Real Hole
62
1
420
16711680
100
AcDbVertex
100
AcDb3dPolylineVertex
10
748672.863999908
20
8930434.4990025
30
199.672999998569
70
32
0
VERTEX
5
186
100
AcDbEntity
8
Real Hole
62
1
420
16711680
100
AcDbVertex
100
AcDb3dPolylineVertex
10
748672.954455493
20
8930434.29007207
30
198.699261924267
70
32
0
VERTEX
5
187
100
AcDbEntity
8
Real Hole
62
1
420
16711680
100
AcDbVertex
100
AcDb3dPolylineVertex
10
748673.014352699
20
8930434.070069
30
197.72560336256
70
32
0
VERTEX
5
188
100
AcDbEntity
8
Real Hole
62
1
420
16711680
100
AcDbVertex
100
AcDb3dPolylineVertex
10
748673.107699325
20
8930433.86952119
30
196.750376841068
70
32
0
VERTEX
5
189
100
AcDbEntity
8
Real Hole
62
1
420
16711680
100
AcDbVertex
100
AcDb3dPolylineVertex
10
748673.211947446
20
8930433.67229794
30
195.775576492786
70
32
0
VERTEX
5
18A
100
AcDbEntity
8
Real Hole
62
1
420
16711680
100
AcDbVertex
100
AcDb3dPolylineVertex
10
748673.325732475
20
8930433.48081438
30
194.800698420048
70
32
0
VERTEX
5
18B
100
AcDbEntity
8
Real Hole
62
1
420
16711680
100
AcDbVertex
100
AcDb3dPolylineVertex
10
748673.422187751
20
8930433.3010767
30
193.821724077702
70
32
0
VERTEX
5
18C
100
AcDbEntity
8
Real Hole
62
1
420
16711680
100
AcDbVertex
100
AcDb3dPolylineVertex
10
748673.509528344
20
8930433.08990531
30
192.848185202122
70
32
0
VERTEX
5
18D
100
AcDbEntity
8
Real Hole
62
1
420
16711680
100
AcDbVertex
100
AcDb3dPolylineVertex
10
748673.607882028
20
8930432.86962037
30
191.877720972538
70
32
0
VERTEX
5
18E
100
AcDbEntity
8
Real Hole
62
1
420
16711680
100
AcDbVertex
100
AcDb3dPolylineVertex
10
748673.724895244
20
8930432.65633337
30
190.907764097691
70
32
0
SEQEND
5
18F
100
AcDbEntity
8
Real Hole
0
POINT
5
191
330
1A
100
AcDbEntity
67
0
8
Hole
62
244
420
659967
6
ByLayer
370
-1
48
1.0
60
0
100
AcDbPoint
10
748671.731999939
20
8930434.1429997
30
199.739000013113
39
0.0
210
0.0
220
0.0
230
1.0
50
360.0
0
LINE
5
192
330
1A
100
AcDbEntity
67
0
8
Theoretical Hole
62
244
420
659967
6
ByLayer
370
-1
48
1.0
60
0
100
AcDbLine
10
748671.731999939
20
8930434.1429997
30
199.739000013113
11
748673.020131653
21
8930431.82583051
31
189.817087730408
39
0.0
210
0.0
220
0.0
230
1.0
0
TEXT
5
193
330
1A
100
AcDbEntity
67
0
8
Number
62
244
420
659967
6
ByLayer
370
-1
48
1.0
60
0
100
AcDbText
1
70
10
748671.731999939
20
8930434.52399971
30
199.739000013113
40
0.3
41
1.0
50
0.0
51
0.0
7
Standard
11
748671.731999939
21
8930434.52399971
31
199.739000013113
210
0.0
220
0.0
230
1.0
72
0
100
AcDbText
73
0
0
TEXT
5
194
330
1A
100
AcDbEntity
67
0
8
label
62
1
420
16711680
6
ByLayer
370
-1
48
1.0
60
0
100
AcDbText
1

10
748671.731999939
20
8930434.92399971
30
199.739000013113
40
0.3
41
1.0
50
0.0
51
0.0
7
Standard
11
748671.731999939
21
8930434.92399971
31
199.739000013113
210
0.0
220
0.0
230
1.0
72
0
100
AcDbText
73
0
0
TEXT
5
195
330
1A
100
AcDbEntity
67
0
8
Length
62
244
420
659967
6
ByLayer
370
-1
48
1.0
60
0
100
AcDbText
1
10.27
10
748671.731999939
20
8930433.38899969
30
199.739000013113
40
0.3
41
1.0
50
0.0
51
0.0
7
Standard
11
748671.731999939
21
8930433.38899969
31
199.739000013113
210
0.0
220
0.0
230
1.0
72
0
100
AcDbText
73
0
0
POLYLINE
5
1A1
330
1A
100
AcDbEntity
67
0
8
Real Hole
62
1
420
16711680
6
ByLayer
370
-1
48
1.0
60
0
100
AcDb3dPolyline
10
0.0
20
0.0
30
0.0
70
8
75
0
210
0.0
220
0.0
230
1.0
0
VERTEX
5
196
100
AcDbEntity
8
Real Hole
62
1
420
16711680
100
AcDbVertex
100
AcDb3dPolylineVertex
10
748671.731999939
20
8930434.1429997
30
199.739000013113
70
32
0
VERTEX
5
197
100
AcDbEntity
8
Real Hole
62
1
420
16711680
100
AcDbVertex
100
AcDb3dPolylineVertex
10
748671.811967922
20
8930433.88906454
30
198.775090208292
70
32
0
VERTEX
5
198
100
AcDbEntity
8
Real Hole
62
1
420
16711680
100
AcDbVertex
100
AcDb3dPolylineVertex
10
748671.879294848
20
8930433.64160179
30
197.808534910917
70
32
0
VERTEX
5
199
100
AcDbEntity
8
Real Hole
62
1
420
16711680
100
AcDbVertex
100
AcDb3dPolylineVertex
10
748671.960670894
20
8930433.40392165
30
196.840606143713
70
32
0
VERTEX
5
19A
100
AcDbEntity
8
Real Hole
62
1
420
16711680
100
AcDbVertex
100
AcDb3dPolylineVertex
10
748672.053281551
20
8930433.1720265
30
195.872283866644
70
32
0
VERTEX
5
19B
100
AcDbEntity
8
Real Hole
62
1
420
16711680
100
AcDbVertex
100
AcDb3dPolylineVertex
10
748672.142962133
20
8930432.93356161
30
194.905282190084
70
32
0
VERTEX
5
19C
100
AcDbEntity
8
Real Hole
62
1
420
16711680
100
AcDbVertex
100
AcDb3dPolylineVertex
10
748672.218011653
20
8930432.69451682
30
193.937178304434
70
32
0
VERTEX
5
19D
100
AcDbEntity
8
Real Hole
62
1
420
16711680
100
AcDbVertex
100
AcDb3dPolylineVertex
10
748672.28157944
20
8930432.45793931
30
192.967647722006
70
32
0
VERTEX
5
19E
100
AcDbEntity
8
Real Hole
62
1
420
16711680
100
AcDbVertex
100
AcDb3dPolylineVertex
10
748672.395636981
20
8930432.17449813
30
192.01546495223
70
32
0
VERTEX
5
19F
100
AcDbEntity
8
Real Hole
62
1
420
16711680
100
AcDbVertex
100
AcDb3dPolylineVertex
10
748672.505527323
20
8930431.91970305
30
191.05473392272
70
32
0
SEQEND
5
1A0
100
AcDbEntity
8
Real Hole
0
POINT
5
1A2
330
1A
100
AcDbEntity
67
0
8
Hole
62
244
420
659967
6
ByLayer
370
-1
48
1.0
60
0
100
AcDbPoint
10
748670.014001434
20
8930433.72799878
30
199.795999994516
39
0.0
210
0.0
220
0.0
230
1.0
50
360.0
0
LINE
5
1A3
330
1A
100
AcDbEntity
67
0
8
Theoretical Hole
62
244
420
659967
6
ByLayer
370
-1
48
1.0
60
0
100
AcDbLine
10
748670.014001434
20
8930433.72799878
30
199.795999994516
11
748671.28005368
21
8930431.42029004
31
189.972534736633
39
0.0
210
0.0
220
0.0
230
1.0
0
TEXT
5
1A4
330
1A
100
AcDbEntity
67
0
8
Number
62
244
420
659967
6
ByLayer
370
-1
48
1.0
60
0
100
AcDbText
1
71
10
748670.014001434
20
8930434.10899879
30
199.795999994516
40
0.3
41
1.0
50
0.0
51
0.0
7
Standard
11
748670.014001434
21
8930434.10899879
31
199.795999994516
210
0.0
220
0.0
230
1.0
72
0
100
AcDbText
73
0
0
TEXT
5
1A5
330
1A
100
AcDbEntity
67
0
8
label
62
1
420
16711680
6
ByLayer
370
-1
48
1.0
60
0
100
AcDbText
1

10
748670.014001434
20
8930434.50899879
30
199.795999994516
40
0.3
41
1.0
50
0.0
51
0.0
7
Standard
11
748670.014001434
21
8930434.50899879
31
199.795999994516
210
0.0
220
0.0
230
1.0
72
0
100
AcDbText
73
0
0
TEXT
5
1A6
330
1A
100
AcDbEntity
67
0
8
Length
62
244
420
659967
6
ByLayer
370
-1
48
1.0
60
0
100
AcDbText
1
10.17
10
748670.014001434
20
8930432.97399877
30
199.795999994516
40
0.3
41
1.0
50
0.0
51
0.0
7
Standard
11
748670.014001434
21
8930432.97399877
31
199.795999994516
210
0.0
220
0.0
230
1.0
72
0
100
AcDbText
73
0
0
POLYLINE
5
1B3
330
1A
100
AcDbEntity
67
0
8
Real Hole
62
1
420
16711680
6
ByLayer
370
-1
48
1.0
60
0
100
AcDb3dPolyline
10
0.0
20
0.0
30
0.0
70
8
75
0
210
0.0
220
0.0
230
1.0
0
VERTEX
5
1A7
100
AcDbEntity
8
Real Hole
62
1
420
16711680
100
AcDbVertex
100
AcDb3dPolylineVertex
10
748670.014001434
20
8930433.72799878
30
199.795999994516
70
32
0
VERTEX
5
1A8
100
AcDbEntity
8
Real Hole
62
1
420
16711680
100
AcDbVertex
100
AcDb3dPolylineVertex
10
748670.09038729
20
8930433.53096232
30
198.818584075212
70
32
0
VERTEX
5
1A9
100
AcDbEntity
8
Real Hole
62
1
420
16711680
100
AcDbVertex
100
AcDb3dPolylineVertex
10
748670.145918568
20
8930433.32529699
30
197.841538539171
70
32
0
VERTEX
5
1AA
100
AcDbEntity
8
Real Hole
62
1
420
16711680
100
AcDbVertex
100
AcDb3dPolylineVertex
10
748670.208168139
20
8930433.07581298
30
196.875162353754
70
32
0
VERTEX
5
1AB
100
AcDbEntity
8
Real Hole
62
1
420
16711680
100
AcDbVertex
100
AcDb3dPolylineVertex
10
748670.29134733
20
8930432.84665804
30
195.905333032846
70
32
0
VERTEX
5
1AC
100
AcDbEntity
8
Real Hole
62
1
420
16711680
100
AcDbVertex
100
AcDb3dPolylineVertex
10
748670.388391202
20
8930432.62838642
30
194.934281816721
70
32
0
VERTEX
5
1AD
100
AcDbEntity
8
Real Hole
62
1
420
16711680
100
AcDbVertex
100
AcDb3dPolylineVertex
10
748670.469497537
20
8930432.42185204
30
193.959209909677
70
32
0
VERTEX
5
1AE
100
AcDbEntity
8
Real Hole
62
1
420
16711680
100
AcDbVertex
100
AcDb3dPolylineVertex
10
748670.542818552
20
8930432.1702991
30
192.994147768259
70
32
0
VERTEX
5
1AF
100
AcDbEntity
8
Real Hole
62
1
420
16711680
100
AcDbVertex
100
AcDb3dPolylineVertex
10
748670.633602624
20
8930431.9277442
30
192.028267374277
70
32
0
VERTEX
5
1B0
100
AcDbEntity
8
Real Hole
62
1
420
16711680
100
AcDbVertex
100
AcDb3dPolylineVertex
10
748670.6967395
20
8930431.72428493
30
191.051221361399
70
32
0
VERTEX
5
1B1
100
AcDbEntity
8
Real Hole
62
1
420
16711680
100
AcDbVertex
100
AcDb3dPolylineVertex
10
748670.715562587
20
8930431.67415361
30
190.858523836374
70
32
0
SEQEND
5
1B2
100
AcDbEntity
8
Real Hole
0
POINT
5
1B4
330
1A
100
AcDbEntity
67
0
8
Hole
62
244
420
659967
6
ByLayer
370
-1
48
1.0
60
0
100
AcDbPoint
10
748668.653001373
20
8930433.28799634
30
199.834999999046
39
0.0
210
0.0
220
0.0
230
1.0
50
360.0
0
LINE
5
1B5
330
1A
100
AcDbEntity
67
0
8
Theoretical Hole
62
244
420
659967
6
ByLayer
370
-1
48
1.0
60
0
100
AcDbLine
10
748668.653001373
20
8930433.28799634
30
199.834999999046
11
748669.613706177
21
8930430.85035138
31
190.049713691711
39
0.0
210
0.0
220
0.0
230
1.0
0
TEXT
5
1B6
330
1A
100
AcDbEntity
67
0
8
Number
62
244
420
659967
6
ByLayer
370
-1
48
1.0
60
0
100
AcDbText
1
72
10
748668.653001373
20
8930433.66899635
30
199.834999999046
40
0.3
41
1.0
50
0.0
51
0.0
7
Standard
11
748668.653001373
21
8930433.66899635
31
199.834999999046
210
0.0
220
0.0
230
1.0
72
0
100
AcDbText
73
0
0
TEXT
5
1B7
330
1A
100
AcDbEntity
67
0
8
label
62
1
420
16711680
6
ByLayer
370
-1
48
1.0
60
0
100
AcDbText
1

10
748668.653001373
20
8930434.06899635
30
199.834999999046
40
0.3
41
1.0
50
0.0
51
0.0
7
Standard
11
748668.653001373
21
8930434.06899635
31
199.834999999046
210
0.0
220
0.0
230
1.0
72
0
100
AcDbText
73
0
0
TEXT
5
1B8
330
1A
100
AcDbEntity
67
0
8
Length
62
244
420
659967
6
ByLayer
370
-1
48
1.0
60
0
100
AcDbText
1
10.13
10
748668.653001373
20
8930432.53399633
30
199.834999999046
40
0.3
41
1.0
50
0.0
51
0.0
7
Standard
11
748668.653001373
21
8930432.53399633
31
199.834999999046
210
0.0
220
0.0
230
1.0
72
0
100
AcDbText
73
0
0
POLYLINE
5
1C5
330
1A
100
AcDbEntity
67
0
8
Real Hole
62
1
420
16711680
6
ByLayer
370
-1
48
1.0
60
0
100
AcDb3dPolyline
10
0.0
20
0.0
30
0.0
70
8
75
0
210
0.0
220
0.0
230
1.0
0
VERTEX
5
1B9
100
AcDbEntity
8
Real Hole
62
1
420
16711680
100
AcDbVertex
100
AcDb3dPolylineVertex
10
748668.653001373
20
8930433.28799634
30
199.834999999046
70
32
0
VERTEX
5
1BA
100
AcDbEntity
8
Real Hole
62
1
420
16711680
100
AcDbVertex
100
AcDb3dPolylineVertex
10
748668.713121486
20
8930433.04650858
30
198.866460284233
70
32
0
VERTEX
5
1BB
100
AcDbEntity
8
Real Hole
62
1
420
16711680
100
AcDbVertex
100
AcDb3dPolylineVertex
10
748668.757346658
20
8930432.806253
30
197.896758517265
70
32
0
VERTEX
5
1BC
100
AcDbEntity
8
Real Hole
62
1
420
16711680
100
AcDbVertex
100
AcDb3dPolylineVertex
10
748668.80009978
20
8930432.56452809
30
196.927355965614
70
32
0
VERTEX
5
1BD
100
AcDbEntity
8
Real Hole
62
1
420
16711680
100
AcDbVertex
100
AcDb3dPolylineVertex
10
748668.83345901
20
8930432.29971908
30
195.963632306099
70
32
0
VERTEX
5
1BE
100
AcDbEntity
8
Real Hole
62
1
420
16711680
100
AcDbVertex
100
AcDb3dPolylineVertex
10
748668.867973035
20
8930432.04644542
30
194.99685378933
70
32
0
VERTEX
5
1BF
100
AcDbEntity
8
Real Hole
62
1
420
16711680
100
AcDbVertex
100
AcDb3dPolylineVertex
10
748668.908053701
20
8930431.8082103
30
194.026473483086
70
32
0
VERTEX
5
1C0
100
AcDbEntity
8
Real Hole
62
1
420
16711680
100
AcDbVertex
100
AcDb3dPolylineVertex
10
748668.933740621
20
8930431.60344009
30
193.048000296593
70
32
0
VERTEX
5
1C1
100
AcDbEntity
8
Real Hole
62
1
420
16711680
100
AcDbVertex
100
AcDb3dPolylineVertex
10
748668.963250374
20
8930431.33614437
30
192.084837874413
70
32
0
VERTEX
5
1C2
100
AcDbEntity
8
Real Hole
62
1
420
16711680
100
AcDbVertex
100
AcDb3dPolylineVertex
10
748669.017341381
20
8930431.06860571
30
191.122810324669
70
32
0
VERTEX
5
1C3
100
AcDbEntity
8
Real Hole
62
1
420
16711680
100
AcDbVertex
100
AcDb3dPolylineVertex
10
748669.058744913
20
8930430.87041836
30
190.348854025841
70
32
0
SEQEND
5
1C4
100
AcDbEntity
8
Real Hole
0
POINT
5
1C6
330
1A
100
AcDbEntity
67
0
8
Hole
62
244
420
659967
6
ByLayer
370
-1
48
1.0
60
0
100
AcDbPoint
10
748667.399999207
20
8930432.97899823
30
199.751000007629
39
0.0
210
0.0
220
0.0
230
1.0
50
360.0
0
LINE
5
1C7
330
1A
100
AcDbEntity
67
0
8
Theoretical Hole
62
244
420
659967
6
ByLayer
370
-1
48
1.0
60
0
100
AcDbLine
10
748667.399999207
20
8930432.97899823
30
199.751000007629
11
748668.335610931
21
8930430.54545789
31
190.014012893677
39
0.0
210
0.0
220
0.0
230
1.0
0
TEXT
5
1C8
330
1A
100
AcDbEntity
67
0
8
Number
62
244
420
659967
6
ByLayer
370
-1
48
1.0
60
0
100
AcDbText
1
73
10
748667.399999207
20
8930433.35999824
30
199.751000007629
40
0.3
41
1.0
50
0.0
51
0.0
7
Standard
11
748667.399999207
21
8930433.35999824
31
199.751000007629
210
0.0
220
0.0
230
1.0
72
0
100
AcDbText
73
0
0
TEXT
5
1C9
330
1A
100
AcDbEntity
67
0
8
label
62
1
420
16711680
6
ByLayer
370
-1
48
1.0
60
0
100
AcDbText
1

10
748667.399999207
20
8930433.75999824
30
199.751000007629
40
0.3
41
1.0
50
0.0
51
0.0
7
Standard
11
748667.399999207
21
8930433.75999824
31
199.751000007629
210
0.0
220
0.0
230
1.0
72
0
100
AcDbText
73
0
0
TEXT
5
1CA
330
1A
100
AcDbEntity
67
0
8
Length
62
244
420
659967
6
ByLayer
370
-1
48
1.0
60
0
100
AcDbText
1
10.08
10
748667.399999207
20
8930432.22499822
30
199.751000007629
40
0.3
41
1.0
50
0.0
51
0.0
7
Standard
11
748667.399999207
21
8930432.22499822
31
199.751000007629
210
0.0
220
0.0
230
1.0
72
0
100
AcDbText
73
0
0
POLYLINE
5
1D7
330
1A
100
AcDbEntity
67
0
8
Real Hole
62
1
420
16711680
6
ByLayer
370
-1
48
1.0
60
0
100
AcDb3dPolyline
10
0.0
20
0.0
30
0.0
70
8
75
0
210
0.0
220
0.0
230
1.0
0
VERTEX
5
1CB
100
AcDbEntity
8
Real Hole
62
1
420
16711680
100
AcDbVertex
100
AcDb3dPolylineVertex
10
748667.399999207
20
8930432.97899823
30
199.751000007629
70
32
0
VERTEX
5
1CC
100
AcDbEntity
8
Real Hole
62
1
420
16711680
100
AcDbVertex
100
AcDb3dPolylineVertex
10
748667.483056238
20
8930432.70320426
30
198.793378373623
70
32
0
VERTEX
5
1CD
100
AcDbEntity
8
Real Hole
62
1
420
16711680
100
AcDbVertex
100
AcDb3dPolylineVertex
10
748667.559529936
20
8930432.42308741
30
197.836463412285
70
32
0
VERTEX
5
1CE
100
AcDbEntity
8
Real Hole
62
1
420
16711680
100
AcDbVertex
100
AcDb3dPolylineVertex
10
748667.640666445
20
8930432.13768833
30
196.881495079041
70
32
0
VERTEX
5
1CF
100
AcDbEntity
8
Real Hole
62
1
420
16711680
100
AcDbVertex
100
AcDb3dPolylineVertex
10
748667.760981118
20
8930431.85992353
30
195.928410133362
70
32
0
VERTEX
5
1D0
100
AcDbEntity
8
Real Hole
62
1
420
16711680
100
AcDbVertex
100
AcDb3dPolylineVertex
10
748667.869414812
20
8930431.58535151
30
194.972977241516
70
32
0
VERTEX
5
1D1
100
AcDbEntity
8
Real Hole
62
1
420
16711680
100
AcDbVertex
100
AcDb3dPolylineVertex
10
748667.967771535
20
8930431.32965712
30
194.011235794067
70
32
0
VERTEX
5
1D2
100
AcDbEntity
8
Real Hole
62
1
420
16711680
100
AcDbVertex
100
AcDb3dPolylineVertex
10
748668.057400649
20
8930431.06846707
30
193.050118526459
70
32
0
VERTEX
5
1D3
100
AcDbEntity
8
Real Hole
62
1
420
16711680
100
AcDbVertex
100
AcDb3dPolylineVertex
10
748668.17800874
20
8930430.77497773
30
192.101794799805
70
32
0
VERTEX
5
1D4
100
AcDbEntity
8
Real Hole
62
1
420
16711680
100
AcDbVertex
100
AcDb3dPolylineVertex
10
748668.271221583
20
8930430.55559521
30
191.130618652344
70
32
0
VERTEX
5
1D5
100
AcDbEntity
8
Real Hole
62
1
420
16711680
100
AcDbVertex
100
AcDb3dPolylineVertex
10
748668.321685319
20
8930430.44883828
30
190.74844606781
70
32
0
SEQEND
5
1D6
100
AcDbEntity
8
Real Hole
0
POINT
5
1D8
330
1A
100
AcDbEntity
67
0
8
Hole
62
244
420
659967
6
ByLayer
370
-1
48
1.0
60
0
100
AcDbPoint
10
748666.007001465
20
8930432.40500073
30
199.827000012636
39
0.0
210
0.0
220
0.0
230
1.0
50
360.0
0
LINE
5
1D9
330
1A
100
AcDbEntity
67
0
8
Theoretical Hole
62
244
420
659967
6
ByLayer
370
-1
48
1.0
60
0
100
AcDbLine
10
748666.007001465
20
8930432.40500073
30
199.827000012636
11
748666.763841217
21
8930429.90768628
31
190.142399391174
39
0.0
210
0.0
220
0.0
230
1.0
0
TEXT
5
1DA
330
1A
100
AcDbEntity
67
0
8
Number
62
244
420
659967
6
ByLayer
370
-1
48
1.0
60
0
100
AcDbText
1
74
10
748666.007001465
20
8930432.78600075
30
199.827000012636
40
0.3
41
1.0
50
0.0
51
0.0
7
Standard
11
748666.007001465
21
8930432.78600075
31
199.827000012636
210
0.0
220
0.0
230
1.0
72
0
100
AcDbText
73
0
0
TEXT
5
1DB
330
1A
100
AcDbEntity
67
0
8
label
62
1
420
16711680
6
ByLayer
370
-1
48
1.0
60
0
100
AcDbText
1

10
748666.007001465
20
8930433.18600075
30
199.827000012636
40
0.3
41
1.0
50
0.0
51
0.0
7
Standard
11
748666.007001465
21
8930433.18600075
31
199.827000012636
210
0.0
220
0.0
230
1.0
72
0
100
AcDbText
73
0
0
TEXT
5
1DC
330
1A
100
AcDbEntity
67
0
8
Length
62
244
420
659967
6
ByLayer
370
-1
48
1.0
60
0
100
AcDbText
1
10.03
10
748666.007001465
20
8930431.65100073
30
199.827000012636
40
0.3
41
1.0
50
0.0
51
0.0
7
Standard
11
748666.007001465
21
8930431.65100073
31
199.827000012636
210
0.0
220
0.0
230
1.0
72
0
100
AcDbText
73
0
0
POLYLINE
5
1E9
330
1A
100
AcDbEntity
67
0
8
Real Hole
62
1
420
16711680
6
ByLayer
370
-1
48
1.0
60
0
100
AcDb3dPolyline
10
0.0
20
0.0
30
0.0
70
8
75
0
210
0.0
220
0.0
230
1.0
0
VERTEX
5
1DD
100
AcDbEntity
8
Real Hole
62
1
420
16711680
100
AcDbVertex
100
AcDb3dPolylineVertex
10
748666.007001465
20
8930432.40500073
30
199.827000012636
70
32
0
VERTEX
5
1DE
100
AcDbEntity
8
Real Hole
62
1
420
16711680
100
AcDbVertex
100
AcDb3dPolylineVertex
10
748666.054935978
20
8930432.11607771
30
198.870848467588
70
32
0
VERTEX
5
1DF
100
AcDbEntity
8
Real Hole
62
1
420
16711680
100
AcDbVertex
100
AcDb3dPolylineVertex
10
748666.086762694
20
8930431.82779508
30
197.913832178354
70
32
0
VERTEX
5
1E0
100
AcDbEntity
8
Real Hole
62
1
420
16711680
100
AcDbVertex
100
AcDb3dPolylineVertex
10
748666.097318707
20
8930431.53144144
30
196.958812346697
70
32
0
VERTEX
5
1E1
100
AcDbEntity
8
Real Hole
62
1
420
16711680
100
AcDbVertex
100
AcDb3dPolylineVertex
10
748666.109096115
20
8930431.23563437
30
196.003637185335
70
32
0
VERTEX
5
1E2
100
AcDbEntity
8
Real Hole
62
1
420
16711680
100
AcDbVertex
100
AcDb3dPolylineVertex
10
748666.162537237
20
8930430.94445639
30
195.048462262392
70
32
0
VERTEX
5
1E3
100
AcDbEntity
8
Real Hole
62
1
420
16711680
100
AcDbVertex
100
AcDb3dPolylineVertex
10
748666.196632301
20
8930430.66434984
30
194.089098801851
70
32
0
VERTEX
5
1E4
100
AcDbEntity
8
Real Hole
62
1
420
16711680
100
AcDbVertex
100
AcDb3dPolylineVertex
10
748666.202723791
20
8930430.3735445
30
193.132336011171
70
32
0
VERTEX
5
1E5
100
AcDbEntity
8
Real Hole
62
1
420
16711680
100
AcDbVertex
100
AcDb3dPolylineVertex
10
748666.255443593
20
8930430.0673738
30
192.181820264101
70
32
0
VERTEX
5
1E6
100
AcDbEntity
8
Real Hole
62
1
420
16711680
100
AcDbVertex
100
AcDb3dPolylineVertex
10
748666.310051506
20
8930429.77302246
30
191.227684369326
70
32
0
VERTEX
5
1E7
100
AcDbEntity
8
Real Hole
62
1
420
16711680
100
AcDbVertex
100
AcDb3dPolylineVertex
10
748666.314695691
20
8930429.74602299
30
191.131510129213
70
32
0
SEQEND
5
1E8
100
AcDbEntity
8
Real Hole
0
POINT
5
1EA
330
1A
100
AcDbEntity
67
0
8
Hole
62
244
420
659967
6
ByLayer
370
-1
48
1.0
60
0
100
AcDbPoint
10
748664.363999908
20
8930432.03599744
30
199.742999991417
39
0.0
210
0.0
220
0.0
230
1.0
50
360.0
0
LINE
5
1EB
330
1A
100
AcDbEntity
67
0
8
Theoretical Hole
62
244
420
659967
6
ByLayer
370
-1
48
1.0
60
0
100
AcDbLine
10
748664.363999908
20
8930432.03599744
30
199.742999991417
11
748664.983224457
21
8930429.4958363
31
190.059766372681
39
0.0
210
0.0
220
0.0
230
1.0
0
TEXT
5
1EC
330
1A
100
AcDbEntity
67
0
8
Number
62
244
420
659967
6
ByLayer
370
-1
48
1.0
60
0
100
AcDbText
1
75
10
748664.363999908
20
8930432.41699745
30
199.742999991417
40
0.3
41
1.0
50
0.0
51
0.0
7
Standard
11
748664.363999908
21
8930432.41699745
31
199.742999991417
210
0.0
220
0.0
230
1.0
72
0
100
AcDbText
73
0
0
TEXT
5
1ED
330
1A
100
AcDbEntity
67
0
8
label
62
1
420
16711680
6
ByLayer
370
-1
48
1.0
60
0
100
AcDbText
1

10
748664.363999908
20
8930432.81699745
30
199.742999991417
40
0.3
41
1.0
50
0.0
51
0.0
7
Standard
11
748664.363999908
21
8930432.81699745
31
199.742999991417
210
0.0
220
0.0
230
1.0
72
0
100
AcDbText
73
0
0
TEXT
5
1EE
330
1A
100
AcDbEntity
67
0
8
Length
62
244
420
659967
6
ByLayer
370
-1
48
1.0
60
0
100
AcDbText
1
10.03
10
748664.363999908
20
8930431.28199743
30
199.742999991417
40
0.3
41
1.0
50
0.0
51
0.0
7
Standard
11
748664.363999908
21
8930431.28199743
31
199.742999991417
210
0.0
220
0.0
230
1.0
72
0
100
AcDbText
73
0
0
POLYLINE
5
1FB
330
1A
100
AcDbEntity
67
0
8
Real Hole
62
1
420
16711680
6
ByLayer
370
-1
48
1.0
60
0
100
AcDb3dPolyline
10
0.0
20
0.0
30
0.0
70
8
75
0
210
0.0
220
0.0
230
1.0
0
VERTEX
5
1EF
100
AcDbEntity
8
Real Hole
62
1
420
16711680
100
AcDbVertex
100
AcDb3dPolylineVertex
10
748664.363999908
20
8930432.03599744
30
199.742999991417
70
32
0
VERTEX
5
1F0
100
AcDbEntity
8
Real Hole
62
1
420
16711680
100
AcDbVertex
100
AcDb3dPolylineVertex
10
748664.419966777
20
8930431.75942938
30
198.783636769295
70
32
0
VERTEX
5
1F1
100
AcDbEntity
8
Real Hole
62
1
420
16711680
100
AcDbVertex
100
AcDb3dPolylineVertex
10
748664.481850592
20
8930431.4960001
30
197.82094498539
70
32
0
VERTEX
5
1F2
100
AcDbEntity
8
Real Hole
62
1
420
16711680
100
AcDbVertex
100
AcDb3dPolylineVertex
10
748664.543808018
20
8930431.25096695
30
196.853412112236
70
32
0
VERTEX
5
1F3
100
AcDbEntity
8
Real Hole
62
1
420
16711680
100
AcDbVertex
100
AcDb3dPolylineVertex
10
748664.594965269
20
8930430.97892361
30
195.892487725258
70
32
0
VERTEX
5
1F4
100
AcDbEntity
8
Real Hole
62
1
420
16711680
100
AcDbVertex
100
AcDb3dPolylineVertex
10
748664.673733895
20
8930430.71180718
30
194.93204828167
70
32
0
VERTEX
5
1F5
100
AcDbEntity
8
Real Hole
62
1
420
16711680
100
AcDbVertex
100
AcDb3dPolylineVertex
10
748664.750119244
20
8930430.44888704
30
193.970259150505
70
32
0
VERTEX
5
1F6
100
AcDbEntity
8
Real Hole
62
1
420
16711680
100
AcDbVertex
100
AcDb3dPolylineVertex
10
748664.83217681
20
8930430.24639814
30
192.994418581963
70
32
0
VERTEX
5
1F7
100
AcDbEntity
8
Real Hole
62
1
420
16711680
100
AcDbVertex
100
AcDb3dPolylineVertex
10
748664.911555295
20
8930429.99510054
30
192.029768904686
70
32
0
VERTEX
5
1F8
100
AcDbEntity
8
Real Hole
62
1
420
16711680
100
AcDbVertex
100
AcDb3dPolylineVertex
10
748664.992529278
20
8930429.73303013
30
191.068123778343
70
32
0
VERTEX
5
1F9
100
AcDbEntity
8
Real Hole
62
1
420
16711680
100
AcDbVertex
100
AcDb3dPolylineVertex
10
748665.027440792
20
8930429.6243587
30
190.684754332542
70
32
0
SEQEND
5
1FA
100
AcDbEntity
8
Real Hole
0
POINT
5
1FC
330
1A
100
AcDbEntity
67
0
8
Hole
62
244
420
659967
6
ByLayer
370
-1
48
1.0
60
0
100
AcDbPoint
10
748662.940000122
20
8930431.60299878
30
199.933999976158
39
0.0
210
0.0
220
0.0
230
1.0
50
360.0
0
LINE
5
1FD
330
1A
100
AcDbEntity
67
0
8
Theoretical Hole
62
244
420
659967
6
ByLayer
370
-1
48
1.0
60
0
100
AcDbLine
10
748662.940000122
20
8930431.60299878
30
199.933999976158
11
748663.560723846
21
8930429.05668073
31
190.179975112915
39
0.0
210
0.0
220
0.0
230
1.0
0
TEXT
5
1FE
330
1A
100
AcDbEntity
67
0
8
Number
62
244
420
659967
6
ByLayer
370
-1
48
1.0
60
0
100
AcDbText
1
76
10
748662.940000122
20
8930431.98399879
30
199.933999976158
40
0.3
41
1.0
50
0.0
51
0.0
7
Standard
11
748662.940000122
21
8930431.98399879
31
199.933999976158
210
0.0
220
0.0
230
1.0
72
0
100
AcDbText
73
0
0
TEXT
5
1FF
330
1A
100
AcDbEntity
67
0
8
label
62
1
420
16711680
6
ByLayer
370
-1
48
1.0
60
0
100
AcDbText
1

10
748662.940000122
20
8930432.38399879
30
199.933999976158
40
0.3
41
1.0
50
0.0
51
0.0
7
Standard
11
748662.940000122
21
8930432.38399879
31
199.933999976158
210
0.0
220
0.0
230
1.0
72
0
100
AcDbText
73
0
0
TEXT
5
200
330
1A
100
AcDbEntity
67
0
8
Length
62
244
420
659967
6
ByLayer
370
-1
48
1.0
60
0
100
AcDbText
1
10.10
10
748662.940000122
20
8930430.84899877
30
199.933999976158
40
0.3
41
1.0
50
0.0
51
0.0
7
Standard
11
748662.940000122
21
8930430.84899877
31
199.933999976158
210
0.0
220
0.0
230
1.0
72
0
100
AcDbText
73
0
0
POLYLINE
5
20D
330
1A
100
AcDbEntity
67
0
8
Real Hole
62
1
420
16711680
6
ByLayer
370
-1
48
1.0
60
0
100
AcDb3dPolyline
10
0.0
20
0.0
30
0.0
70
8
75
0
210
0.0
220
0.0
230
1.0
0
VERTEX
5
201
100
AcDbEntity
8
Real Hole
62
1
420
16711680
100
AcDbVertex
100
AcDb3dPolylineVertex
10
748662.940000122
20
8930431.60299878
30
199.933999976158
70
32
0
VERTEX
5
202
100
AcDbEntity
8
Real Hole
62
1
420
16711680
100
AcDbVertex
100
AcDb3dPolylineVertex
10
748662.967201532
20
8930431.33191191
30
198.971829494476
70
32
0
VERTEX
5
203
100
AcDbEntity
8
Real Hole
62
1
420
16711680
100
AcDbVertex
100
AcDb3dPolylineVertex
10
748662.97473322
20
8930431.06057595
30
198.009374341011
70
32
0
VERTEX
5
204
100
AcDbEntity
8
Real Hole
62
1
420
16711680
100
AcDbVertex
100
AcDb3dPolylineVertex
10
748662.96614702
20
8930430.76782946
30
197.053222855568
70
32
0
VERTEX
5
205
100
AcDbEntity
8
Real Hole
62
1
420
16711680
100
AcDbVertex
100
AcDb3dPolylineVertex
10
748662.992554901
20
8930430.4837002
30
196.094800433159
70
32
0
VERTEX
5
206
100
AcDbEntity
8
Real Hole
62
1
420
16711680
100
AcDbVertex
100
AcDb3dPolylineVertex
10
748663.02691826
20
8930430.21766298
30
195.131450613976
70
32
0
VERTEX
5
207
100
AcDbEntity
8
Real Hole
62
1
420
16711680
100
AcDbVertex
100
AcDb3dPolylineVertex
10
748663.053818887
20
8930429.95601098
30
194.16666313076
70
32
0
VERTEX
5
208
100
AcDbEntity
8
Real Hole
62
1
420
16711680
100
AcDbVertex
100
AcDb3dPolylineVertex
10
748663.066104641
20
8930429.67796163
30
193.206174811363
70
32
0
VERTEX
5
209
100
AcDbEntity
8
Real Hole
62
1
420
16711680
100
AcDbVertex
100
AcDb3dPolylineVertex
10
748663.10661686
20
8930429.3978651
30
192.24705835247
70
32
0
VERTEX
5
20A
100
AcDbEntity
8
Real Hole
62
1
420
16711680
100
AcDbVertex
100
AcDb3dPolylineVertex
10
748663.147083288
20
8930429.1191154
30
191.287547072411
70
32
0
VERTEX
5
20B
100
AcDbEntity
8
Real Hole
62
1
420
16711680
100
AcDbVertex
100
AcDb3dPolylineVertex
10
748663.17381533
20
8930428.83736973
30
190.328431090355
70
32
0
SEQEND
5
20C
100
AcDbEntity
8
Real Hole
0
POINT
5
20E
330
1A
100
AcDbEntity
67
0
8
Hole
62
244
420
659967
6
ByLayer
370
-1
48
1.0
60
0
100
AcDbPoint
10
748661.262998169
20
8930431.38900189
30
199.977000018597
39
0.0
210
0.0
220
0.0
230
1.0
50
360.0
0
LINE
5
20F
330
1A
100
AcDbEntity
67
0
8
Theoretical Hole
62
244
420
659967
6
ByLayer
370
-1
48
1.0
60
0
100
AcDbLine
10
748661.262998169
20
8930431.38900189
30
199.977000018597
11
748661.711396759
21
8930428.81182294
31
190.138835510254
39
0.0
210
0.0
220
0.0
230
1.0
0
TEXT
5
210
330
1A
100
AcDbEntity
67
0
8
Number
62
244
420
659967
6
ByLayer
370
-1
48
1.0
60
0
100
AcDbText
1
77
10
748661.262998169
20
8930431.77000191
30
199.977000018597
40
0.3
41
1.0
50
0.0
51
0.0
7
Standard
11
748661.262998169
21
8930431.77000191
31
199.977000018597
210
0.0
220
0.0
230
1.0
72
0
100
AcDbText
73
0
0
TEXT
5
211
330
1A
100
AcDbEntity
67
0
8
label
62
1
420
16711680
6
ByLayer
370
-1
48
1.0
60
0
100
AcDbText
1

10
748661.262998169
20
8930432.17000191
30
199.977000018597
40
0.3
41
1.0
50
0.0
51
0.0
7
Standard
11
748661.262998169
21
8930432.17000191
31
199.977000018597
210
0.0
220
0.0
230
1.0
72
0
100
AcDbText
73
0
0
TEXT
5
212
330
1A
100
AcDbEntity
67
0
8
Length
62
244
420
659967
6
ByLayer
370
-1
48
1.0
60
0
100
AcDbText
1
10.18
10
748661.262998169
20
8930430.63500188
30
199.977000018597
40
0.3
41
1.0
50
0.0
51
0.0
7
Standard
11
748661.262998169
21
8930430.63500188
31
199.977000018597
210
0.0
220
0.0
230
1.0
72
0
100
AcDbText
73
0
0
POLYLINE
5
21F
330
1A
100
AcDbEntity
67
0
8
Real Hole
62
1
420
16711680
6
ByLayer
370
-1
48
1.0
60
0
100
AcDb3dPolyline
10
0.0
20
0.0
30
0.0
70
8
75
0
210
0.0
220
0.0
230
1.0
0
VERTEX
5
213
100
AcDbEntity
8
Real Hole
62
1
420
16711680
100
AcDbVertex
100
AcDb3dPolylineVertex
10
748661.262998169
20
8930431.38900189
30
199.977000018597
70
32
0
VERTEX
5
214
100
AcDbEntity
8
Real Hole
62
1
420
16711680
100
AcDbVertex
100
AcDb3dPolylineVertex
10
748661.252933212
20
8930431.12936647
30
199.011345764637
70
32
0
VERTEX
5
215
100
AcDbEntity
8
Real Hole
62
1
420
16711680
100
AcDbVertex
100
AcDb3dPolylineVertex
10
748661.252509491
20
8930430.85960661
30
198.048418184757
70
32
0
VERTEX
5
216
100
AcDbEntity
8
Real Hole
62
1
420
16711680
100
AcDbVertex
100
AcDb3dPolylineVertex
10
748661.245570408
20
8930430.57567601
30
197.089598437786
70
32
0
VERTEX
5
217
100
AcDbEntity
8
Real Hole
62
1
420
16711680
100
AcDbVertex
100
AcDb3dPolylineVertex
10
748661.244282378
20
8930430.29183094
30
196.13072921896
70
32
0
VERTEX
5
218
100
AcDbEntity
8
Real Hole
62
1
420
16711680
100
AcDbVertex
100
AcDb3dPolylineVertex
10
748661.235037528
20
8930430.02576237
30
195.166819354534
70
32
0
VERTEX
5
219
100
AcDbEntity
8
Real Hole
62
1
420
16711680
100
AcDbVertex
100
AcDb3dPolylineVertex
10
748661.237374751
20
8930429.74678104
30
194.206525584698
70
32
0
VERTEX
5
21A
100
AcDbEntity
8
Real Hole
62
1
420
16711680
100
AcDbVertex
100
AcDb3dPolylineVertex
10
748661.259310734
20
8930429.48500411
30
193.241646548748
70
32
0
VERTEX
5
21B
100
AcDbEntity
8
Real Hole
62
1
420
16711680
100
AcDbVertex
100
AcDb3dPolylineVertex
10
748661.265179447
20
8930429.20942931
30
192.28038479948
70
32
0
VERTEX
5
21C
100
AcDbEntity
8
Real Hole
62
1
420
16711680
100
AcDbVertex
100
AcDb3dPolylineVertex
10
748661.276620982
20
8930428.94310932
30
191.316568156719
70
32
0
VERTEX
5
21D
100
AcDbEntity
8
Real Hole
62
1
420
16711680
100
AcDbVertex
100
AcDb3dPolylineVertex
10
748661.295458728
20
8930428.7139812
30
190.446427127361
70
32
0
SEQEND
5
21E
100
AcDbEntity
8
Real Hole
0
POINT
5
220
330
1A
100
AcDbEntity
67
0
8
Hole
62
244
420
659967
6
ByLayer
370
-1
48
1.0
60
0
100
AcDbPoint
10
748659.863999908
20
8930431.18100171
30
199.857000013828
39
0.0
210
0.0
220
0.0
230
1.0
50
360.0
0
LINE
5
221
330
1A
100
AcDbEntity
67
0
8
Theoretical Hole
62
244
420
659967
6
ByLayer
370
-1
48
1.0
60
0
100
AcDbLine
10
748659.863999908
20
8930431.18100171
30
199.857000013828
11
748660.258241241
21
8930428.60460858
31
190.109442314148
39
0.0
210
0.0
220
0.0
230
1.0
0
TEXT
5
222
330
1A
100
AcDbEntity
67
0
8
Number
62
244
420
659967
6
ByLayer
370
-1
48
1.0
60
0
100
AcDbText
1
78
10
748659.863999908
20
8930431.56200172
30
199.857000013828
40
0.3
41
1.0
50
0.0
51
0.0
7
Standard
11
748659.863999908
21
8930431.56200172
31
199.857000013828
210
0.0
220
0.0
230
1.0
72
0
100
AcDbText
73
0
0
TEXT
5
223
330
1A
100
AcDbEntity
67
0
8
label
62
1
420
16711680
6
ByLayer
370
-1
48
1.0
60
0
100
AcDbText
1

10
748659.863999908
20
8930431.96200172
30
199.857000013828
40
0.3
41
1.0
50
0.0
51
0.0
7
Standard
11
748659.863999908
21
8930431.96200172
31
199.857000013828
210
0.0
220
0.0
230
1.0
72
0
100
AcDbText
73
0
0
TEXT
5
224
330
1A
100
AcDbEntity
67
0
8
Length
62
244
420
659967
6
ByLayer
370
-1
48
1.0
60
0
100
AcDbText
1
10.09
10
748659.863999908
20
8930430.4270017
30
199.857000013828
40
0.3
41
1.0
50
0.0
51
0.0
7
Standard
11
748659.863999908
21
8930430.4270017
31
199.857000013828
210
0.0
220
0.0
230
1.0
72
0
100
AcDbText
73
0
0
POLYLINE
5
231
330
1A
100
AcDbEntity
67
0
8
Real Hole
62
1
420
16711680
6
ByLayer
370
-1
48
1.0
60
0
100
AcDb3dPolyline
10
0.0
20
0.0
30
0.0
70
8
75
0
210
0.0
220
0.0
230
1.0
0
VERTEX
5
225
100
AcDbEntity
8
Real Hole
62
1
420
16711680
100
AcDbVertex
100
AcDb3dPolylineVertex
10
748659.863999908
20
8930431.18100171
30
199.857000013828
70
32
0
VERTEX
5
226
100
AcDbEntity
8
Real Hole
62
1
420
16711680
100
AcDbVertex
100
AcDb3dPolylineVertex
10
748659.847395364
20
8930430.90233727
30
198.896755060196
70
32
0
VERTEX
5
227
100
AcDbEntity
8
Real Hole
62
1
420
16711680
100
AcDbVertex
100
AcDb3dPolylineVertex
10
748659.859904083
20
8930430.62580852
30
197.935830852032
70
32
0
VERTEX
5
228
100
AcDbEntity
8
Real Hole
62
1
420
16711680
100
AcDbVertex
100
AcDb3dPolylineVertex
10
748659.839581791
20
8930430.34907137
30
196.975100180149
70
32
0
VERTEX
5
229
100
AcDbEntity
8
Real Hole
62
1
420
16711680
100
AcDbVertex
100
AcDb3dPolylineVertex
10
748659.816081652
20
8930430.05245929
30
196.02039112711
70
32
0
VERTEX
5
22A
100
AcDbEntity
8
Real Hole
62
1
420
16711680
100
AcDbVertex
100
AcDb3dPolylineVertex
10
748659.815972371
20
8930429.73946135
30
195.070637365818
70
32
0
VERTEX
5
22B
100
AcDbEntity
8
Real Hole
62
1
420
16711680
100
AcDbVertex
100
AcDb3dPolylineVertex
10
748659.828249165
20
8930429.45253043
30
194.112764975071
70
32
0
VERTEX
5
22C
100
AcDbEntity
8
Real Hole
62
1
420
16711680
100
AcDbVertex
100
AcDb3dPolylineVertex
10
748659.843252077
20
8930429.16238289
30
193.155900618076
70
32
0
VERTEX
5
22D
100
AcDbEntity
8
Real Hole
62
1
420
16711680
100
AcDbVertex
100
AcDb3dPolylineVertex
10
748659.846696514
20
8930428.87638073
30
192.197677752018
70
32
0
VERTEX
5
22E
100
AcDbEntity
8
Real Hole
62
1
420
16711680
100
AcDbVertex
100
AcDb3dPolylineVertex
10
748659.842621725
20
8930428.58086758
30
191.242347380161
70
32
0
VERTEX
5
22F
100
AcDbEntity
8
Real Hole
62
1
420
16711680
100
AcDbVertex
100
AcDb3dPolylineVertex
10
748659.825751392
20
8930428.3660305
30
190.576344152927
70
32
0
SEQEND
5
230
100
AcDbEntity
8
Real Hole
0
POINT
5
232
330
1A
100
AcDbEntity
67
0
8
Hole
62
244
420
659967
6
ByLayer
370
-1
48
1.0
60
0
100
AcDbPoint
10
748658.505998199
20
8930430.89100079
30
199.823999991655
39
0.0
210
0.0
220
0.0
230
1.0
50
360.0
0
LINE
5
233
330
1A
100
AcDbEntity
67
0
8
Theoretical Hole
62
244
420
659967
6
ByLayer
370
-1
48
1.0
60
0
100
AcDbLine
10
748658.505998199
20
8930430.89100079
30
199.823999991655
11
748658.898919647
21
8930428.32324414
31
190.13621862793
39
0.0
210
0.0
220
0.0
230
1.0
0
TEXT
5
234
330
1A
100
AcDbEntity
67
0
8
Number
62
244
420
659967
6
ByLayer
370
-1
48
1.0
60
0
100
AcDbText
1
79
10
748658.505998199
20
8930431.27200081
30
199.823999991655
40
0.3
41
1.0
50
0.0
51
0.0
7
Standard
11
748658.505998199
21
8930431.27200081
31
199.823999991655
210
0.0
220
0.0
230
1.0
72
0
100
AcDbText
73
0
0
TEXT
5
235
330
1A
100
AcDbEntity
67
0
8
label
62
1
420
16711680
6
ByLayer
370
-1
48
1.0
60
0
100
AcDbText
1

10
748658.505998199
20
8930431.67200081
30
199.823999991655
40
0.3
41
1.0
50
0.0
51
0.0
7
Standard
11
748658.505998199
21
8930431.67200081
31
199.823999991655
210
0.0
220
0.0
230
1.0
72
0
100
AcDbText
73
0
0
TEXT
5
236
330
1A
100
AcDbEntity
67
0
8
Length
62
244
420
659967
6
ByLayer
370
-1
48
1.0
60
0
100
AcDbText
1
10.03
10
748658.505998199
20
8930430.13700079
30
199.823999991655
40
0.3
41
1.0
50
0.0
51
0.0
7
Standard
11
748658.505998199
21
8930430.13700079
31
199.823999991655
210
0.0
220
0.0
230
1.0
72
0
100
AcDbText
73
0
0
POLYLINE
5
243
330
1A
100
AcDbEntity
67
0
8
Real Hole
62
1
420
16711680
6
ByLayer
370
-1
48
1.0
60
0
100
AcDb3dPolyline
10
0.0
20
0.0
30
0.0
70
8
75
0
210
0.0
220
0.0
230
1.0
0
VERTEX
5
237
100
AcDbEntity
8
Real Hole
62
1
420
16711680
100
AcDbVertex
100
AcDb3dPolylineVertex
10
748658.505998199
20
8930430.89100079
30
199.823999991655
70
32
0
VERTEX
5
238
100
AcDbEntity
8
Real Hole
62
1
420
16711680
100
AcDbVertex
100
AcDb3dPolylineVertex
10
748658.486363699
20
8930430.61841931
30
198.862067630529
70
32
0
VERTEX
5
239
100
AcDbEntity
8
Real Hole
62
1
420
16711680
100
AcDbVertex
100
AcDb3dPolylineVertex
10
748658.446846539
20
8930430.33142708
30
197.904950132608
70
32
0
VERTEX
5
23A
100
AcDbEntity
8
Real Hole
62
1
420
16711680
100
AcDbVertex
100
AcDb3dPolylineVertex
10
748658.432257658
20
8930430.04042249
30
196.94833981061
70
32
0
VERTEX
5
23B
100
AcDbEntity
8
Real Hole
62
1
420
16711680
100
AcDbVertex
100
AcDb3dPolylineVertex
10
748658.426103843
20
8930429.76284068
30
195.987657418489
70
32
0
VERTEX
5
23C
100
AcDbEntity
8
Real Hole
62
1
420
16711680
100
AcDbVertex
100
AcDb3dPolylineVertex
10
748658.455662796
20
8930429.50096731
30
195.023007979631
70
32
0
VERTEX
5
23D
100
AcDbEntity
8
Real Hole
62
1
420
16711680
100
AcDbVertex
100
AcDb3dPolylineVertex
10
748658.451547948
20
8930429.19480114
30
194.071038832903
70
32
0
VERTEX
5
23E
100
AcDbEntity
8
Real Hole
62
1
420
16711680
100
AcDbVertex
100
AcDb3dPolylineVertex
10
748658.457907283
20
8930428.85431676
30
193.130809893847
70
32
0
VERTEX
5
23F
100
AcDbEntity
8
Real Hole
62
1
420
16711680
100
AcDbVertex
100
AcDb3dPolylineVertex
10
748658.475964659
20
8930428.58028059
30
192.169260134935
70
32
0
VERTEX
5
240
100
AcDbEntity
8
Real Hole
62
1
420
16711680
100
AcDbVertex
100
AcDb3dPolylineVertex
10
748658.498233918
20
8930428.30470281
30
191.208239188433
70
32
0
VERTEX
5
241
100
AcDbEntity
8
Real Hole
62
1
420
16711680
100
AcDbVertex
100
AcDb3dPolylineVertex
10
748658.518884365
20
8930428.0159071
30
190.251071563005
70
32
0
SEQEND
5
242
100
AcDbEntity
8
Real Hole
0
POINT
5
244
330
1A
100
AcDbEntity
67
0
8
Hole
62
244
420
659967
6
ByLayer
370
-1
48
1.0
60
0
100
AcDbPoint
10
748656.898999756
20
8930430.92000012
30
199.751999994755
39
0.0
210
0.0
220
0.0
230
1.0
50
360.0
0
LINE
5
245
330
1A
100
AcDbEntity
67
0
8
Theoretical Hole
62
244
420
659967
6
ByLayer
370
-1
48
1.0
60
0
100
AcDbLine
10
748656.898999756
20
8930430.92000012
30
199.751999994755
11
748657.102391785
21
8930428.33565717
31
190.104209503174
39
0.0
210
0.0
220
0.0
230
1.0
0
TEXT
5
246
330
1A
100
AcDbEntity
67
0
8
Number
62
244
420
659967
6
ByLayer
370
-1
48
1.0
60
0
100
AcDbText
1
80
10
748656.898999756
20
8930431.30100014
30
199.751999994755
40
0.3
41
1.0
50
0.0
51
0.0
7
Standard
11
748656.898999756
21
8930431.30100014
31
199.751999994755
210
0.0
220
0.0
230
1.0
72
0
100
AcDbText
73
0
0
TEXT
5
247
330
1A
100
AcDbEntity
67
0
8
label
62
1
420
16711680
6
ByLayer
370
-1
48
1.0
60
0
100
AcDbText
1

10
748656.898999756
20
8930431.70100014
30
199.751999994755
40
0.3
41
1.0
50
0.0
51
0.0
7
Standard
11
748656.898999756
21
8930431.70100014
31
199.751999994755
210
0.0
220
0.0
230
1.0
72
0
100
AcDbText
73
0
0
TEXT
5
248
330
1A
100
AcDbEntity
67
0
8
Length
62
244
420
659967
6
ByLayer
370
-1
48
1.0
60
0
100
AcDbText
1
9.99
10
748656.898999756
20
8930430.16600011
30
199.751999994755
40
0.3
41
1.0
50
0.0
51
0.0
7
Standard
11
748656.898999756
21
8930430.16600011
31
199.751999994755
210
0.0
220
0.0
230
1.0
72
0
100
AcDbText
73
0
0
POLYLINE
5
255
330
1A
100
AcDbEntity
67
0
8
Real Hole
62
1
420
16711680
6
ByLayer
370
-1
48
1.0
60
0
100
AcDb3dPolyline
10
0.0
20
0.0
30
0.0
70
8
75
0
210
0.0
220
0.0
230
1.0
0
VERTEX
5
249
100
AcDbEntity
8
Real Hole
62
1
420
16711680
100
AcDbVertex
100
AcDb3dPolylineVertex
10
748656.898999756
20
8930430.92000012
30
199.751999994755
70
32
0
VERTEX
5
24A
100
AcDbEntity
8
Real Hole
62
1
420
16711680
100
AcDbVertex
100
AcDb3dPolylineVertex
10
748656.876548186
20
8930430.67980269
30
198.781535586357
70
32
0
VERTEX
5
24B
100
AcDbEntity
8
Real Hole
62
1
420
16711680
100
AcDbVertex
100
AcDb3dPolylineVertex
10
748656.84864215
20
8930430.42334046
30
197.815384289265
70
32
0
VERTEX
5
24C
100
AcDbEntity
8
Real Hole
62
1
420
16711680
100
AcDbVertex
100
AcDb3dPolylineVertex
10
748656.816144218
20
8930430.18139039
30
196.84564008379
70
32
0
VERTEX
5
24D
100
AcDbEntity
8
Real Hole
62
1
420
16711680
100
AcDbVertex
100
AcDb3dPolylineVertex
10
748656.808316743
20
8930429.93231635
30
195.877187153339
70
32
0
VERTEX
5
24E
100
AcDbEntity
8
Real Hole
62
1
420
16711680
100
AcDbVertex
100
AcDb3dPolylineVertex
10
748656.799956401
20
8930429.69409912
30
194.906011244297
70
32
0
VERTEX
5
24F
100
AcDbEntity
8
Real Hole
62
1
420
16711680
100
AcDbVertex
100
AcDb3dPolylineVertex
10
748656.781673519
20
8930429.4515106
30
193.93605436945
70
32
0
VERTEX
5
250
100
AcDbEntity
8
Real Hole
62
1
420
16711680
100
AcDbVertex
100
AcDb3dPolylineVertex
10
748656.759520506
20
8930429.18148129
30
192.973456999302
70
32
0
VERTEX
5
251
100
AcDbEntity
8
Real Hole
62
1
420
16711680
100
AcDbVertex
100
AcDb3dPolylineVertex
10
748656.739940246
20
8930428.94732611
30
192.001454969883
70
32
0
VERTEX
5
252
100
AcDbEntity
8
Real Hole
62
1
420
16711680
100
AcDbVertex
100
AcDb3dPolylineVertex
10
748656.718473529
20
8930428.71504025
30
191.029044291019
70
32
0
VERTEX
5
253
100
AcDbEntity
8
Real Hole
62
1
420
16711680
100
AcDbVertex
100
AcDb3dPolylineVertex
10
748656.702634981
20
8930428.49987464
30
190.155285974979
70
32
0
SEQEND
5
254
100
AcDbEntity
8
Real Hole
0
POINT
5
256
330
1A
100
AcDbEntity
67
0
8
Hole
62
244
420
659967
6
ByLayer
370
-1
48
1.0
60
0
100
AcDbPoint
10
748655.384000366
20
8930430.74499707
30
199.576999997735
39
0.0
210
0.0
220
0.0
230
1.0
50
360.0
0
LINE
5
257
330
1A
100
AcDbEntity
67
0
8
Theoretical Hole
62
244
420
659967
6
ByLayer
370
-1
48
1.0
60
0
100
AcDbLine
10
748655.384000366
20
8930430.74499707
30
199.576999997735
11
748655.46277005
21
8930428.16683392
31
189.977495750427
39
0.0
210
0.0
220
0.0
230
1.0
0
TEXT
5
258
330
1A
100
AcDbEntity
67
0
8
Number
62
244
420
659967
6
ByLayer
370
-1
48
1.0
60
0
100
AcDbText
1
81
10
748655.384000366
20
8930431.12599708
30
199.576999997735
40
0.3
41
1.0
50
0.0
51
0.0
7
Standard
11
748655.384000366
21
8930431.12599708
31
199.576999997735
210
0.0
220
0.0
230
1.0
72
0
100
AcDbText
73
0
0
TEXT
5
259
330
1A
100
AcDbEntity
67
0
8
label
62
1
420
16711680
6
ByLayer
370
-1
48
1.0
60
0
100
AcDbText
1

10
748655.384000366
20
8930431.52599708
30
199.576999997735
40
0.3
41
1.0
50
0.0
51
0.0
7
Standard
11
748655.384000366
21
8930431.52599708
31
199.576999997735
210
0.0
220
0.0
230
1.0
72
0
100
AcDbText
73
0
0
TEXT
5
25A
330
1A
100
AcDbEntity
67
0
8
Length
62
244
420
659967
6
ByLayer
370
-1
48
1.0
60
0
100
AcDbText
1
9.94
10
748655.384000366
20
8930429.99099706
30
199.576999997735
40
0.3
41
1.0
50
0.0
51
0.0
7
Standard
11
748655.384000366
21
8930429.99099706
31
199.576999997735
210
0.0
220
0.0
230
1.0
72
0
100
AcDbText
73
0
0
POLYLINE
5
266
330
1A
100
AcDbEntity
67
0
8
Real Hole
62
1
420
16711680
6
ByLayer
370
-1
48
1.0
60
0
100
AcDb3dPolyline
10
0.0
20
0.0
30
0.0
70
8
75
0
210
0.0
220
0.0
230
1.0
0
VERTEX
5
25B
100
AcDbEntity
8
Real Hole
62
1
420
16711680
100
AcDbVertex
100
AcDb3dPolylineVertex
10
748655.384000366
20
8930430.74499707
30
199.576999997735
70
32
0
VERTEX
5
25C
100
AcDbEntity
8
Real Hole
62
1
420
16711680
100
AcDbVertex
100
AcDb3dPolylineVertex
10
748655.357060231
20
8930430.48385699
30
198.612075066209
70
32
0
VERTEX
5
25D
100
AcDbEntity
8
Real Hole
62
1
420
16711680
100
AcDbVertex
100
AcDb3dPolylineVertex
10
748655.29824355
20
8930430.22265427
30
197.648584699273
70
32
0
VERTEX
5
25E
100
AcDbEntity
8
Real Hole
62
1
420
16711680
100
AcDbVertex
100
AcDb3dPolylineVertex
10
748655.267395084
20
8930429.96958803
30
196.681627606988
70
32
0
VERTEX
5
25F
100
AcDbEntity
8
Real Hole
62
1
420
16711680
100
AcDbVertex
100
AcDb3dPolylineVertex
10
748655.236911943
20
8930429.71545784
30
195.714938258767
70
32
0
VERTEX
5
260
100
AcDbEntity
8
Real Hole
62
1
420
16711680
100
AcDbVertex
100
AcDb3dPolylineVertex
10
748655.185108876
20
8930429.47706787
30
194.745151376367
70
32
0
VERTEX
5
261
100
AcDbEntity
8
Real Hole
62
1
420
16711680
100
AcDbVertex
100
AcDb3dPolylineVertex
10
748655.177333628
20
8930429.14713924
30
193.80117735827
70
32
0
VERTEX
5
262
100
AcDbEntity
8
Real Hole
62
1
420
16711680
100
AcDbVertex
100
AcDb3dPolylineVertex
10
748655.172257563
20
8930428.9006999
30
192.832032537103
70
32
0
VERTEX
5
263
100
AcDbEntity
8
Real Hole
62
1
420
16711680
100
AcDbVertex
100
AcDb3dPolylineVertex
10
748655.151887824
20
8930428.65963702
30
191.861736631036
70
32
0
VERTEX
5
264
100
AcDbEntity
8
Real Hole
62
1
420
16711680
100
AcDbVertex
100
AcDb3dPolylineVertex
10
748655.116704886
20
8930428.43367367
30
190.991275167108
70
32
0
SEQEND
5
265
100
AcDbEntity
8
Real Hole
0
POINT
5
267
330
1A
100
AcDbEntity
67
0
8
Hole
62
244
420
659967
6
ByLayer
370
-1
48
1.0
60
0
100
AcDbPoint
10
748654.019998138
20
8930430.83999829
30
199.746000012398
39
0.0
210
0.0
220
0.0
230
1.0
50
360.0
0
LINE
5
268
330
1A
100
AcDbEntity
67
0
8
Theoretical Hole
62
244
420
659967
6
ByLayer
370
-1
48
1.0
60
0
100
AcDbLine
10
748654.019998138
20
8930430.83999829
30
199.746000012398
11
748654.098428314
21
8930428.2729588
31
190.174570640564
39
0.0
210
0.0
220
0.0
230
1.0
0
TEXT
5
269
330
1A
100
AcDbEntity
67
0
8
Number
62
244
420
659967
6
ByLayer
370
-1
48
1.0
60
0
100
AcDbText
1
82
10
748654.019998138
20
8930431.2209983
30
199.746000012398
40
0.3
41
1.0
50
0.0
51
0.0
7
Standard
11
748654.019998138
21
8930431.2209983
31
199.746000012398
210
0.0
220
0.0
230
1.0
72
0
100
AcDbText
73
0
0
TEXT
5
26A
330
1A
100
AcDbEntity
67
0
8
label
62
1
420
16711680
6
ByLayer
370
-1
48
1.0
60
0
100
AcDbText
1

10
748654.019998138
20
8930431.6209983
30
199.746000012398
40
0.3
41
1.0
50
0.0
51
0.0
7
Standard
11
748654.019998138
21
8930431.6209983
31
199.746000012398
210
0.0
220
0.0
230
1.0
72
0
100
AcDbText
73
0
0
TEXT
5
26B
330
1A
100
AcDbEntity
67
0
8
Length
62
244
420
659967
6
ByLayer
370
-1
48
1.0
60
0
100
AcDbText
1
9.91
10
748654.019998138
20
8930430.08599828
30
199.746000012398
40
0.3
41
1.0
50
0.0
51
0.0
7
Standard
11
748654.019998138
21
8930430.08599828
31
199.746000012398
210
0.0
220
0.0
230
1.0
72
0
100
AcDbText
73
0
0
POLYLINE
5
278
330
1A
100
AcDbEntity
67
0
8
Real Hole
62
1
420
16711680
6
ByLayer
370
-1
48
1.0
60
0
100
AcDb3dPolyline
10
0.0
20
0.0
30
0.0
70
8
75
0
210
0.0
220
0.0
230
1.0
0
VERTEX
5
26C
100
AcDbEntity
8
Real Hole
62
1
420
16711680
100
AcDbVertex
100
AcDb3dPolylineVertex
10
748654.019998138
20
8930430.83999829
30
199.746000012398
70
32
0
VERTEX
5
26D
100
AcDbEntity
8
Real Hole
62
1
420
16711680
100
AcDbVertex
100
AcDb3dPolylineVertex
10
748653.948252996
20
8930430.57629617
30
198.784067651272
70
32
0
VERTEX
5
26E
100
AcDbEntity
8
Real Hole
62
1
420
16711680
100
AcDbVertex
100
AcDb3dPolylineVertex
10
748653.878243541
20
8930430.29466628
30
197.827102025986
70
32
0
VERTEX
5
26F
100
AcDbEntity
8
Real Hole
62
1
420
16711680
100
AcDbVertex
100
AcDb3dPolylineVertex
10
748653.842751881
20
8930430.01372068
30
196.868034800529
70
32
0
VERTEX
5
270
100
AcDbEntity
8
Real Hole
62
1
420
16711680
100
AcDbVertex
100
AcDb3dPolylineVertex
10
748653.825456923
20
8930429.74771671
30
195.90421791935
70
32
0
VERTEX
5
271
100
AcDbEntity
8
Real Hole
62
1
420
16711680
100
AcDbVertex
100
AcDb3dPolylineVertex
10
748653.795640593
20
8930429.45468907
30
194.948579033852
70
32
0
VERTEX
5
272
100
AcDbEntity
8
Real Hole
62
1
420
16711680
100
AcDbVertex
100
AcDb3dPolylineVertex
10
748653.771578287
20
8930429.18718557
30
193.985322674751
70
32
0
VERTEX
5
273
100
AcDbEntity
8
Real Hole
62
1
420
16711680
100
AcDbVertex
100
AcDb3dPolylineVertex
10
748653.738497054
20
8930428.91421657
30
193.023868760109
70
32
0
VERTEX
5
274
100
AcDbEntity
8
Real Hole
62
1
420
16711680
100
AcDbVertex
100
AcDb3dPolylineVertex
10
748653.717552041
20
8930428.63500457
30
192.063867768288
70
32
0
VERTEX
5
275
100
AcDbEntity
8
Real Hole
62
1
420
16711680
100
AcDbVertex
100
AcDb3dPolylineVertex
10
748653.701685821
20
8930428.35730438
30
191.103331288338
70
32
0
VERTEX
5
276
100
AcDbEntity
8
Real Hole
62
1
420
16711680
100
AcDbVertex
100
AcDb3dPolylineVertex
10
748653.686652129
20
8930428.14013438
30
190.333518704414
70
32
0
SEQEND
5
277
100
AcDbEntity
8
Real Hole
0
POINT
5
279
330
1A
100
AcDbEntity
67
0
8
Hole
62
244
420
659967
6
ByLayer
370
-1
48
1.0
60
0
100
AcDbPoint
10
748652.430001801
20
8930430.78699689
30
199.767999997377
39
0.0
210
0.0
220
0.0
230
1.0
50
360.0
0
LINE
5
27A
330
1A
100
AcDbEntity
67
0
8
Theoretical Hole
62
244
420
659967
6
ByLayer
370
-1
48
1.0
60
0
100
AcDbLine
10
748652.430001801
20
8930430.78699689
30
199.767999997377
11
748652.508218353
21
8930428.2269917
31
190.236097892761
39
0.0
210
0.0
220
0.0
230
1.0
0
TEXT
5
27B
330
1A
100
AcDbEntity
67
0
8
Number
62
244
420
659967
6
ByLayer
370
-1
48
1.0
60
0
100
AcDbText
1
83
10
748652.430001801
20
8930431.1679969
30
199.767999997377
40
0.3
41
1.0
50
0.0
51
0.0
7
Standard
11
748652.430001801
21
8930431.1679969
31
199.767999997377
210
0.0
220
0.0
230
1.0
72
0
100
AcDbText
73
0
0
TEXT
5
27C
330
1A
100
AcDbEntity
67
0
8
label
62
1
420
16711680
6
ByLayer
370
-1
48
1.0
60
0
100
AcDbText
1

10
748652.430001801
20
8930431.5679969
30
199.767999997377
40
0.3
41
1.0
50
0.0
51
0.0
7
Standard
11
748652.430001801
21
8930431.5679969
31
199.767999997377
210
0.0
220
0.0
230
1.0
72
0
100
AcDbText
73
0
0
TEXT
5
27D
330
1A
100
AcDbEntity
67
0
8
Length
62
244
420
659967
6
ByLayer
370
-1
48
1.0
60
0
100
AcDbText
1
9.87
10
748652.430001801
20
8930430.03299688
30
199.767999997377
40
0.3
41
1.0
50
0.0
51
0.0
7
Standard
11
748652.430001801
21
8930430.03299688
31
199.767999997377
210
0.0
220
0.0
230
1.0
72
0
100
AcDbText
73
0
0
POLYLINE
5
28A
330
1A
100
AcDbEntity
67
0
8
Real Hole
62
1
420
16711680
6
ByLayer
370
-1
48
1.0
60
0
100
AcDb3dPolyline
10
0.0
20
0.0
30
0.0
70
8
75
0
210
0.0
220
0.0
230
1.0
0
VERTEX
5
27E
100
AcDbEntity
8
Real Hole
62
1
420
16711680
100
AcDbVertex
100
AcDb3dPolylineVertex
10
748652.430001801
20
8930430.78699689
30
199.767999997377
70
32
0
VERTEX
5
27F
100
AcDbEntity
8
Real Hole
62
1
420
16711680
100
AcDbVertex
100
AcDb3dPolylineVertex
10
748652.380924655
20
8930430.52601512
30
198.803904583693
70
32
0
VERTEX
5
280
100
AcDbEntity
8
Real Hole
62
1
420
16711680
100
AcDbVertex
100
AcDb3dPolylineVertex
10
748652.320028705
20
8930430.24672114
30
197.845631947756
70
32
0
VERTEX
5
281
100
AcDbEntity
8
Real Hole
62
1
420
16711680
100
AcDbVertex
100
AcDb3dPolylineVertex
10
748652.298515698
20
8930429.99370735
30
196.878408541918
70
32
0
VERTEX
5
282
100
AcDbEntity
8
Real Hole
62
1
420
16711680
100
AcDbVertex
100
AcDb3dPolylineVertex
10
748652.277233114
20
8930429.71065836
30
195.919539084673
70
32
0
VERTEX
5
283
100
AcDbEntity
8
Real Hole
62
1
420
16711680
100
AcDbVertex
100
AcDb3dPolylineVertex
10
748652.25767835
20
8930429.44245045
30
194.956376424074
70
32
0
VERTEX
5
284
100
AcDbEntity
8
Real Hole
62
1
420
16711680
100
AcDbVertex
100
AcDb3dPolylineVertex
10
748652.232751181
20
8930429.18822377
30
193.98955332303
70
32
0
VERTEX
5
285
100
AcDbEntity
8
Real Hole
62
1
420
16711680
100
AcDbVertex
100
AcDb3dPolylineVertex
10
748652.198796769
20
8930428.92094784
30
193.026531567812
70
32
0
VERTEX
5
286
100
AcDbEntity
8
Real Hole
62
1
420
16711680
100
AcDbVertex
100
AcDb3dPolylineVertex
10
748652.168992912
20
8930428.63833241
30
192.067761292696
70
32
0
VERTEX
5
287
100
AcDbEntity
8
Real Hole
62
1
420
16711680
100
AcDbVertex
100
AcDb3dPolylineVertex
10
748652.127524411
20
8930428.34841065
30
191.111609807253
70
32
0
VERTEX
5
288
100
AcDbEntity
8
Real Hole
62
1
420
16711680
100
AcDbVertex
100
AcDb3dPolylineVertex
10
748652.113582318
20
8930428.14598327
30
190.441663136721
70
32
0
SEQEND
5
289
100
AcDbEntity
8
Real Hole
0
POINT
5
28B
330
1A
100
AcDbEntity
67
0
8
Hole
62
244
420
659967
6
ByLayer
370
-1
48
1.0
60
0
100
AcDbPoint
10
748651.024999207
20
8930430.74399762
30
199.657999997973
39
0.0
210
0.0
220
0.0
230
1.0
50
360.0
0
LINE
5
28C
330
1A
100
AcDbEntity
67
0
8
Theoretical Hole
62
244
420
659967
6
ByLayer
370
-1
48
1.0
60
0
100
AcDbLine
10
748651.024999207
20
8930430.74399762
30
199.657999997973
11
748651.102830475
21
8930428.19655805
31
190.133081993103
39
0.0
210
0.0
220
0.0
230
1.0
0
TEXT
5
28D
330
1A
100
AcDbEntity
67
0
8
Number
62
244
420
659967
6
ByLayer
370
-1
48
1.0
60
0
100
AcDbText
1
84
10
748651.024999207
20
8930431.12499763
30
199.657999997973
40
0.3
41
1.0
50
0.0
51
0.0
7
Standard
11
748651.024999207
21
8930431.12499763
31
199.657999997973
210
0.0
220
0.0
230
1.0
72
0
100
AcDbText
73
0
0
TEXT
5
28E
330
1A
100
AcDbEntity
67
0
8
label
62
1
420
16711680
6
ByLayer
370
-1
48
1.0
60
0
100
AcDbText
1

10
748651.024999207
20
8930431.52499763
30
199.657999997973
40
0.3
41
1.0
50
0.0
51
0.0
7
Standard
11
748651.024999207
21
8930431.52499763
31
199.657999997973
210
0.0
220
0.0
230
1.0
72
0
100
AcDbText
73
0
0
TEXT
5
28F
330
1A
100
AcDbEntity
67
0
8
Length
62
244
420
659967
6
ByLayer
370
-1
48
1.0
60
0
100
AcDbText
1
9.86
10
748651.024999207
20
8930429.98999761
30
199.657999997973
40
0.3
41
1.0
50
0.0
51
0.0
7
Standard
11
748651.024999207
21
8930429.98999761
31
199.657999997973
210
0.0
220
0.0
230
1.0
72
0
100
AcDbText
73
0
0
POLYLINE
5
29C
330
1A
100
AcDbEntity
67
0
8
Real Hole
62
1
420
16711680
6
ByLayer
370
-1
48
1.0
60
0
100
AcDb3dPolyline
10
0.0
20
0.0
30
0.0
70
8
75
0
210
0.0
220
0.0
230
1.0
0
VERTEX
5
290
100
AcDbEntity
8
Real Hole
62
1
420
16711680
100
AcDbVertex
100
AcDb3dPolylineVertex
10
748651.024999207
20
8930430.74399762
30
199.657999997973
70
32
0
VERTEX
5
291
100
AcDbEntity
8
Real Hole
62
1
420
16711680
100
AcDbVertex
100
AcDb3dPolylineVertex
10
748650.951437978
20
8930430.45157005
30
198.70454580152
70
32
0
VERTEX
5
292
100
AcDbEntity
8
Real Hole
62
1
420
16711680
100
AcDbVertex
100
AcDb3dPolylineVertex
10
748650.871134614
20
8930430.14784859
30
197.755175119281
70
32
0
VERTEX
5
293
100
AcDbEntity
8
Real Hole
62
1
420
16711680
100
AcDbVertex
100
AcDb3dPolylineVertex
10
748650.845199978
20
8930429.86065386
30
196.797654157519
70
32
0
VERTEX
5
294
100
AcDbEntity
8
Real Hole
62
1
420
16711680
100
AcDbVertex
100
AcDb3dPolylineVertex
10
748650.837829267
20
8930429.56120412
30
195.843570476413
70
32
0
VERTEX
5
295
100
AcDbEntity
8
Real Hole
62
1
420
16711680
100
AcDbVertex
100
AcDb3dPolylineVertex
10
748650.840428551
20
8930429.28021448
30
194.8838634547
70
32
0
VERTEX
5
296
100
AcDbEntity
8
Real Hole
62
1
420
16711680
100
AcDbVertex
100
AcDb3dPolylineVertex
10
748650.839191263
20
8930428.98484247
30
193.92848158443
70
32
0
VERTEX
5
297
100
AcDbEntity
8
Real Hole
62
1
420
16711680
100
AcDbVertex
100
AcDb3dPolylineVertex
10
748650.827350175
20
8930428.71685653
30
192.965131765246
70
32
0
VERTEX
5
298
100
AcDbEntity
8
Real Hole
62
1
420
16711680
100
AcDbVertex
100
AcDb3dPolylineVertex
10
748650.819109311
20
8930428.45462851
30
192.000160699725
70
32
0
VERTEX
5
299
100
AcDbEntity
8
Real Hole
62
1
420
16711680
100
AcDbVertex
100
AcDb3dPolylineVertex
10
748650.810568621
20
8930428.19443254
30
191.034643178821
70
32
0
VERTEX
5
29A
100
AcDbEntity
8
Real Hole
62
1
420
16711680
100
AcDbVertex
100
AcDb3dPolylineVertex
10
748650.808290502
20
8930428.13962083
30
190.842313772082
70
32
0
SEQEND
5
29B
100
AcDbEntity
8
Real Hole
0
POINT
5
29D
330
1A
100
AcDbEntity
67
0
8
Hole
62
244
420
659967
6
ByLayer
370
-1
48
1.0
60
0
100
AcDbPoint
10
748649.46000058
20
8930430.61999707
30
199.608000000954
39
0.0
210
0.0
220
0.0
230
1.0
50
360.0
0
LINE
5
29E
330
1A
100
AcDbEntity
67
0
8
Theoretical Hole
62
244
420
659967
6
ByLayer
370
-1
48
1.0
60
0
100
AcDbLine
10
748649.46000058
20
8930430.61999707
30
199.608000000954
11
748649.682309692
21
8930428.07389264
31
190.116064628601
39
0.0
210
0.0
220
0.0
230
1.0
0
TEXT
5
29F
330
1A
100
AcDbEntity
67
0
8
Number
62
244
420
659967
6
ByLayer
370
-1
48
1.0
60
0
100
AcDbText
1
85
10
748649.46000058
20
8930431.00099708
30
199.608000000954
40
0.3
41
1.0
50
0.0
51
0.0
7
Standard
11
748649.46000058
21
8930431.00099708
31
199.608000000954
210
0.0
220
0.0
230
1.0
72
0
100
AcDbText
73
0
0
TEXT
5
2A0
330
1A
100
AcDbEntity
67
0
8
label
62
1
420
16711680
6
ByLayer
370
-1
48
1.0
60
0
100
AcDbText
1

10
748649.46000058
20
8930431.40099708
30
199.608000000954
40
0.3
41
1.0
50
0.0
51
0.0
7
Standard
11
748649.46000058
21
8930431.40099708
31
199.608000000954
210
0.0
220
0.0
230
1.0
72
0
100
AcDbText
73
0
0
TEXT
5
2A1
330
1A
100
AcDbEntity
67
0
8
Length
62
244
420
659967
6
ByLayer
370
-1
48
1.0
60
0
100
AcDbText
1
9.83
10
748649.46000058
20
8930429.86599706
30
199.608000000954
40
0.3
41
1.0
50
0.0
51
0.0
7
Standard
11
748649.46000058
21
8930429.86599706
31
199.608000000954
210
0.0
220
0.0
230
1.0
72
0
100
AcDbText
73
0
0
POLYLINE
5
2AE
330
1A
100
AcDbEntity
67
0
8
Real Hole
62
1
420
16711680
6
ByLayer
370
-1
48
1.0
60
0
100
AcDb3dPolyline
10
0.0
20
0.0
30
0.0
70
8
75
0
210
0.0
220
0.0
230
1.0
0
VERTEX
5
2A2
100
AcDbEntity
8
Real Hole
62
1
420
16711680
100
AcDbVertex
100
AcDb3dPolylineVertex
10
748649.46000058
20
8930430.61999707
30
199.608000000954
70
32
0
VERTEX
5
2A3
100
AcDbEntity
8
Real Hole
62
1
420
16711680
100
AcDbVertex
100
AcDb3dPolylineVertex
10
748649.419206785
20
8930430.36868449
30
198.640954038143
70
32
0
VERTEX
5
2A4
100
AcDbEntity
8
Real Hole
62
1
420
16711680
100
AcDbVertex
100
AcDb3dPolylineVertex
10
748649.377481928
20
8930430.1271234
30
197.671465953827
70
32
0
VERTEX
5
2A5
100
AcDbEntity
8
Real Hole
62
1
420
16711680
100
AcDbVertex
100
AcDb3dPolylineVertex
10
748649.356398796
20
8930429.91325425
30
196.694831093788
70
32
0
VERTEX
5
2A6
100
AcDbEntity
8
Real Hole
62
1
420
16711680
100
AcDbVertex
100
AcDb3dPolylineVertex
10
748649.334467491
20
8930429.64185868
30
195.7326130476
70
32
0
VERTEX
5
2A7
100
AcDbEntity
8
Real Hole
62
1
420
16711680
100
AcDbVertex
100
AcDb3dPolylineVertex
10
748649.299501454
20
8930429.40761595
30
194.761063775063
70
32
0
VERTEX
5
2A8
100
AcDbEntity
8
Real Hole
62
1
420
16711680
100
AcDbVertex
100
AcDb3dPolylineVertex
10
748649.308516165
20
8930429.16637044
30
193.790641983986
70
32
0
VERTEX
5
2A9
100
AcDbEntity
8
Real Hole
62
1
420
16711680
100
AcDbVertex
100
AcDb3dPolylineVertex
10
748649.320268353
20
8930428.92778735
30
192.81959076786
70
32
0
VERTEX
5
2AA
100
AcDbEntity
8
Real Hole
62
1
420
16711680
100
AcDbVertex
100
AcDb3dPolylineVertex
10
748649.340934535
20
8930428.69576971
30
191.847098549843
70
32
0
VERTEX
5
2AB
100
AcDbEntity
8
Real Hole
62
1
420
16711680
100
AcDbVertex
100
AcDb3dPolylineVertex
10
748649.370133904
20
8930428.45305853
30
190.877439698219
70
32
0
VERTEX
5
2AC
100
AcDbEntity
8
Real Hole
62
1
420
16711680
100
AcDbVertex
100
AcDb3dPolylineVertex
10
748649.371947838
20
8930428.42835741
30
190.780554970741
70
32
0
SEQEND
5
2AD
100
AcDbEntity
8
Real Hole
0
POINT
5
2AF
330
1A
100
AcDbEntity
67
0
8
Hole
62
244
420
659967
6
ByLayer
370
-1
48
1.0
60
0
100
AcDbPoint
10
748648.11599881
20
8930430.3720036
30
199.625999992728
39
0.0
210
0.0
220
0.0
230
1.0
50
360.0
0
LINE
5
2B0
330
1A
100
AcDbEntity
67
0
8
Theoretical Hole
62
244
420
659967
6
ByLayer
370
-1
48
1.0
60
0
100
AcDbLine
10
748648.11599881
20
8930430.3720036
30
199.625999992728
11
748648.507989471
21
8930427.8457356
31
190.144611915588
39
0.0
210
0.0
220
0.0
230
1.0
0
TEXT
5
2B1
330
1A
100
AcDbEntity
67
0
8
Number
62
244
420
659967
6
ByLayer
370
-1
48
1.0
60
0
100
AcDbText
1
86
10
748648.11599881
20
8930430.75300361
30
199.625999992728
40
0.3
41
1.0
50
0.0
51
0.0
7
Standard
11
748648.11599881
21
8930430.75300361
31
199.625999992728
210
0.0
220
0.0
230
1.0
72
0
100
AcDbText
73
0
0
TEXT
5
2B2
330
1A
100
AcDbEntity
67
0
8
label
62
1
420
16711680
6
ByLayer
370
-1
48
1.0
60
0
100
AcDbText
1

10
748648.11599881
20
8930431.15300361
30
199.625999992728
40
0.3
41
1.0
50
0.0
51
0.0
7
Standard
11
748648.11599881
21
8930431.15300361
31
199.625999992728
210
0.0
220
0.0
230
1.0
72
0
100
AcDbText
73
0
0
TEXT
5
2B3
330
1A
100
AcDbEntity
67
0
8
Length
62
244
420
659967
6
ByLayer
370
-1
48
1.0
60
0
100
AcDbText
1
9.82
10
748648.11599881
20
8930429.61800359
30
199.625999992728
40
0.3
41
1.0
50
0.0
51
0.0
7
Standard
11
748648.11599881
21
8930429.61800359
31
199.625999992728
210
0.0
220
0.0
230
1.0
72
0
100
AcDbText
73
0
0
POLYLINE
5
2C0
330
1A
100
AcDbEntity
67
0
8
Real Hole
62
1
420
16711680
6
ByLayer
370
-1
48
1.0
60
0
100
AcDb3dPolyline
10
0.0
20
0.0
30
0.0
70
8
75
0
210
0.0
220
0.0
230
1.0
0
VERTEX
5
2B4
100
AcDbEntity
8
Real Hole
62
1
420
16711680
100
AcDbVertex
100
AcDb3dPolylineVertex
10
748648.11599881
20
8930430.3720036
30
199.625999992728
70
32
0
VERTEX
5
2B5
100
AcDbEntity
8
Real Hole
62
1
420
16711680
100
AcDbVertex
100
AcDb3dPolylineVertex
10
748648.114325269
20
8930430.09804951
30
198.664258664489
70
32
0
VERTEX
5
2B6
100
AcDbEntity
8
Real Hole
62
1
420
16711680
100
AcDbVertex
100
AcDb3dPolylineVertex
10
748648.120827489
20
8930429.82416748
30
197.702517336249
70
32
0
VERTEX
5
2B7
100
AcDbEntity
8
Real Hole
62
1
420
16711680
100
AcDbVertex
100
AcDb3dPolylineVertex
10
748648.101231118
20
8930429.5227667
30
196.74922115171
70
32
0
VERTEX
5
2B8
100
AcDbEntity
8
Real Hole
62
1
420
16711680
100
AcDbVertex
100
AcDb3dPolylineVertex
10
748648.119327926
20
8930429.19704084
30
195.803930109382
70
32
0
VERTEX
5
2B9
100
AcDbEntity
8
Real Hole
62
1
420
16711680
100
AcDbVertex
100
AcDb3dPolylineVertex
10
748648.127375546
20
8930428.92588775
30
194.84142739141
70
32
0
VERTEX
5
2BA
100
AcDbEntity
8
Real Hole
62
1
420
16711680
100
AcDbVertex
100
AcDb3dPolylineVertex
10
748648.151359973
20
8930428.64204733
30
193.882855957389
70
32
0
VERTEX
5
2BB
100
AcDbEntity
8
Real Hole
62
1
420
16711680
100
AcDbVertex
100
AcDb3dPolylineVertex
10
748648.17656661
20
8930428.35680156
30
192.924733227134
70
32
0
VERTEX
5
2BC
100
AcDbEntity
8
Real Hole
62
1
420
16711680
100
AcDbVertex
100
AcDb3dPolylineVertex
10
748648.181842526
20
8930428.06047373
30
191.969661301017
70
32
0
VERTEX
5
2BD
100
AcDbEntity
8
Real Hole
62
1
420
16711680
100
AcDbVertex
100
AcDb3dPolylineVertex
10
748648.193812405
20
8930427.7585073
30
191.016418045402
70
32
0
VERTEX
5
2BE
100
AcDbEntity
8
Real Hole
62
1
420
16711680
100
AcDbVertex
100
AcDb3dPolylineVertex
10
748648.215164868
20
8930427.54267745
30
190.246378486991
70
32
0
SEQEND
5
2BF
100
AcDbEntity
8
Real Hole
0
POINT
5
2C1
330
1A
100
AcDbEntity
67
0
8
Hole
62
244
420
659967
6
ByLayer
370
-1
48
1.0
60
0
100
AcDbPoint
10
748646.541001862
20
8930430.10800366
30
199.606999998927
39
0.0
210
0.0
220
0.0
230
1.0
50
360.0
0
LINE
5
2C2
330
1A
100
AcDbEntity
67
0
8
Theoretical Hole
62
244
420
659967
6
ByLayer
370
-1
48
1.0
60
0
100
AcDbLine
10
748646.541001862
20
8930430.10800366
30
199.606999998927
11
748646.933900421
21
8930427.57589154
31
190.116850456238
39
0.0
210
0.0
220
0.0
230
1.0
0
TEXT
5
2C3
330
1A
100
AcDbEntity
67
0
8
Number
62
244
420
659967
6
ByLayer
370
-1
48
1.0
60
0
100
AcDbText
1
87
10
748646.541001862
20
8930430.48900368
30
199.606999998927
40
0.3
41
1.0
50
0.0
51
0.0
7
Standard
11
748646.541001862
21
8930430.48900368
31
199.606999998927
210
0.0
220
0.0
230
1.0
72
0
100
AcDbText
73
0
0
TEXT
5
2C4
330
1A
100
AcDbEntity
67
0
8
label
62
1
420
16711680
6
ByLayer
370
-1
48
1.0
60
0
100
AcDbText
1

10
748646.541001862
20
8930430.88900368
30
199.606999998927
40
0.3
41
1.0
50
0.0
51
0.0
7
Standard
11
748646.541001862
21
8930430.88900368
31
199.606999998927
210
0.0
220
0.0
230
1.0
72
0
100
AcDbText
73
0
0
TEXT
5
2C5
330
1A
100
AcDbEntity
67
0
8
Length
62
244
420
659967
6
ByLayer
370
-1
48
1.0
60
0
100
AcDbText
1
9.83
10
748646.541001862
20
8930429.35400365
30
199.606999998927
40
0.3
41
1.0
50
0.0
51
0.0
7
Standard
11
748646.541001862
21
8930429.35400365
31
199.606999998927
210
0.0
220
0.0
230
1.0
72
0
100
AcDbText
73
0
0
POLYLINE
5
2D2
330
1A
100
AcDbEntity
67
0
8
Real Hole
62
1
420
16711680
6
ByLayer
370
-1
48
1.0
60
0
100
AcDb3dPolyline
10
0.0
20
0.0
30
0.0
70
8
75
0
210
0.0
220
0.0
230
1.0
0
VERTEX
5
2C6
100
AcDbEntity
8
Real Hole
62
1
420
16711680
100
AcDbVertex
100
AcDb3dPolylineVertex
10
748646.541001862
20
8930430.10800366
30
199.606999998927
70
32
0
VERTEX
5
2C7
100
AcDbEntity
8
Real Hole
62
1
420
16711680
100
AcDbVertex
100
AcDb3dPolylineVertex
10
748646.539675288
20
8930429.82650258
30
198.647440021873
70
32
0
VERTEX
5
2C8
100
AcDbEntity
8
Real Hole
62
1
420
16711680
100
AcDbVertex
100
AcDb3dPolylineVertex
10
748646.539973572
20
8930429.54165082
30
197.688868528247
70
32
0
VERTEX
5
2C9
100
AcDbEntity
8
Real Hole
62
1
420
16711680
100
AcDbVertex
100
AcDb3dPolylineVertex
10
748646.530035574
20
8930429.25563328
30
196.730695610881
70
32
0
VERTEX
5
2CA
100
AcDbEntity
8
Real Hole
62
1
420
16711680
100
AcDbVertex
100
AcDb3dPolylineVertex
10
748646.529982394
20
8930428.95076899
30
195.778299933314
70
32
0
VERTEX
5
2CB
100
AcDbEntity
8
Real Hole
62
1
420
16711680
100
AcDbVertex
100
AcDb3dPolylineVertex
10
748646.545018477
20
8930428.67403023
30
194.817472105861
70
32
0
VERTEX
5
2CC
100
AcDbEntity
8
Real Hole
62
1
420
16711680
100
AcDbVertex
100
AcDb3dPolylineVertex
10
748646.559741052
20
8930428.38035874
30
193.861679201961
70
32
0
VERTEX
5
2CD
100
AcDbEntity
8
Real Hole
62
1
420
16711680
100
AcDbVertex
100
AcDb3dPolylineVertex
10
748646.557723051
20
8930428.06786446
30
192.911761885524
70
32
0
VERTEX
5
2CE
100
AcDbEntity
8
Real Hole
62
1
420
16711680
100
AcDbVertex
100
AcDb3dPolylineVertex
10
748646.558131721
20
8930427.73339991
30
191.969353323817
70
32
0
VERTEX
5
2CF
100
AcDbEntity
8
Real Hole
62
1
420
16711680
100
AcDbVertex
100
AcDb3dPolylineVertex
10
748646.573946962
20
8930427.41003423
30
191.023212080836
70
32
0
VERTEX
5
2D0
100
AcDbEntity
8
Real Hole
62
1
420
16711680
100
AcDbVertex
100
AcDb3dPolylineVertex
10
748646.59864786
20
8930427.15766125
30
190.264464026332
70
32
0
SEQEND
5
2D1
100
AcDbEntity
8
Real Hole
0
POINT
5
2D3
330
1A
100
AcDbEntity
67
0
8
Hole
62
244
420
659967
6
ByLayer
370
-1
48
1.0
60
0
100
AcDbPoint
10
748645.058999603
20
8930429.93200116
30
199.48400000298
39
0.0
210
0.0
220
0.0
230
1.0
50
360.0
0
LINE
5
2D4
330
1A
100
AcDbEntity
67
0
8
Theoretical Hole
62
244
420
659967
6
ByLayer
370
-1
48
1.0
60
0
100
AcDbLine
10
748645.058999603
20
8930429.93200116
30
199.48400000298
11
748645.453313416
21
8930427.39075665
31
189.985990127563
39
0.0
210
0.0
220
0.0
230
1.0
0
TEXT
5
2D5
330
1A
100
AcDbEntity
67
0
8
Number
62
244
420
659967
6
ByLayer
370
-1
48
1.0
60
0
100
AcDbText
1
88
10
748645.058999603
20
8930430.31300117
30
199.48400000298
40
0.3
41
1.0
50
0.0
51
0.0
7
Standard
11
748645.058999603
21
8930430.31300117
31
199.48400000298
210
0.0
220
0.0
230
1.0
72
0
100
AcDbText
73
0
0
TEXT
5
2D6
330
1A
100
AcDbEntity
67
0
8
label
62
1
420
16711680
6
ByLayer
370
-1
48
1.0
60
0
100
AcDbText
1

10
748645.058999603
20
8930430.71300117
30
199.48400000298
40
0.3
41
1.0
50
0.0
51
0.0
7
Standard
11
748645.058999603
21
8930430.71300117
31
199.48400000298
210
0.0
220
0.0
230
1.0
72
0
100
AcDbText
73
0
0
TEXT
5
2D7
330
1A
100
AcDbEntity
67
0
8
Length
62
244
420
659967
6
ByLayer
370
-1
48
1.0
60
0
100
AcDbText
1
9.84
10
748645.058999603
20
8930429.17800115
30
199.48400000298
40
0.3
41
1.0
50
0.0
51
0.0
7
Standard
11
748645.058999603
21
8930429.17800115
31
199.48400000298
210
0.0
220
0.0
230
1.0
72
0
100
AcDbText
73
0
0
POLYLINE
5
2E4
330
1A
100
AcDbEntity
67
0
8
Real Hole
62
1
420
16711680
6
ByLayer
370
-1
48
1.0
60
0
100
AcDb3dPolyline
10
0.0
20
0.0
30
0.0
70
8
75
0
210
0.0
220
0.0
230
1.0
0
VERTEX
5
2D8
100
AcDbEntity
8
Real Hole
62
1
420
16711680
100
AcDbVertex
100
AcDb3dPolylineVertex
10
748645.058999603
20
8930429.93200116
30
199.48400000298
70
32
0
VERTEX
5
2D9
100
AcDbEntity
8
Real Hole
62
1
420
16711680
100
AcDbVertex
100
AcDb3dPolylineVertex
10
748645.049412431
20
8930429.65468447
30
198.523269271493
70
32
0
VERTEX
5
2DA
100
AcDbEntity
8
Real Hole
62
1
420
16711680
100
AcDbVertex
100
AcDb3dPolylineVertex
10
748645.082642188
20
8930429.38443957
30
197.561051284909
70
32
0
VERTEX
5
2DB
100
AcDbEntity
8
Real Hole
62
1
420
16711680
100
AcDbVertex
100
AcDb3dPolylineVertex
10
748645.061824149
20
8930429.09682863
30
196.603530203938
70
32
0
VERTEX
5
2DC
100
AcDbEntity
8
Real Hole
62
1
420
16711680
100
AcDbVertex
100
AcDb3dPolylineVertex
10
748645.08143829
20
8930428.81349139
30
195.644710576177
70
32
0
VERTEX
5
2DD
100
AcDbEntity
8
Real Hole
62
1
420
16711680
100
AcDbVertex
100
AcDb3dPolylineVertex
10
748645.111419366
20
8930428.54235988
30
194.682635104299
70
32
0
VERTEX
5
2DE
100
AcDbEntity
8
Real Hole
62
1
420
16711680
100
AcDbVertex
100
AcDb3dPolylineVertex
10
748645.137767521
20
8930428.27169495
30
193.720322405934
70
32
0
VERTEX
5
2DF
100
AcDbEntity
8
Real Hole
62
1
420
16711680
100
AcDbVertex
100
AcDb3dPolylineVertex
10
748645.167992605
20
8930428.01006715
30
192.755626952291
70
32
0
VERTEX
5
2E0
100
AcDbEntity
8
Real Hole
62
1
420
16711680
100
AcDbVertex
100
AcDb3dPolylineVertex
10
748645.199837973
20
8930427.75219564
30
191.789972579122
70
32
0
VERTEX
5
2E1
100
AcDbEntity
8
Real Hole
62
1
420
16711680
100
AcDbVertex
100
AcDb3dPolylineVertex
10
748645.228539725
20
8930427.48582654
30
190.826529299855
70
32
0
VERTEX
5
2E2
100
AcDbEntity
8
Real Hole
62
1
420
16711680
100
AcDbVertex
100
AcDb3dPolylineVertex
10
748645.241131713
20
8930427.32547264
30
190.248491084218
70
32
0
SEQEND
5
2E3
100
AcDbEntity
8
Real Hole
0
POINT
5
2E5
330
1A
100
AcDbEntity
67
0
8
Hole
62
244
420
659967
6
ByLayer
370
-1
48
1.0
60
0
100
AcDbPoint
10
748643.535001343
20
8930429.5769978
30
199.347000001013
39
0.0
210
0.0
220
0.0
230
1.0
50
360.0
0
LINE
5
2E6
330
1A
100
AcDbEntity
67
0
8
Theoretical Hole
62
244
420
659967
6
ByLayer
370
-1
48
1.0
60
0
100
AcDbLine
10
748643.535001343
20
8930429.5769978
30
199.347000001013
11
748643.930440491
21
8930427.02849774
31
189.788820823669
39
0.0
210
0.0
220
0.0
230
1.0
0
TEXT
5
2E7
330
1A
100
AcDbEntity
67
0
8
Number
62
244
420
659967
6
ByLayer
370
-1
48
1.0
60
0
100
AcDbText
1
89
10
748643.535001343
20
8930429.95799782
30
199.347000001013
40
0.3
41
1.0
50
0.0
51
0.0
7
Standard
11
748643.535001343
21
8930429.95799782
31
199.347000001013
210
0.0
220
0.0
230
1.0
72
0
100
AcDbText
73
0
0
TEXT
5
2E8
330
1A
100
AcDbEntity
67
0
8
label
62
1
420
16711680
6
ByLayer
370
-1
48
1.0
60
0
100
AcDbText
1

10
748643.535001343
20
8930430.35799782
30
199.347000001013
40
0.3
41
1.0
50
0.0
51
0.0
7
Standard
11
748643.535001343
21
8930430.35799782
31
199.347000001013
210
0.0
220
0.0
230
1.0
72
0
100
AcDbText
73
0
0
TEXT
5
2E9
330
1A
100
AcDbEntity
67
0
8
Length
62
244
420
659967
6
ByLayer
370
-1
48
1.0
60
0
100
AcDbText
1
9.90
10
748643.535001343
20
8930428.8229978
30
199.347000001013
40
0.3
41
1.0
50
0.0
51
0.0
7
Standard
11
748643.535001343
21
8930428.8229978
31
199.347000001013
210
0.0
220
0.0
230
1.0
72
0
100
AcDbText
73
0
0
POLYLINE
5
2F6
330
1A
100
AcDbEntity
67
0
8
Real Hole
62
1
420
16711680
6
ByLayer
370
-1
48
1.0
60
0
100
AcDb3dPolyline
10
0.0
20
0.0
30
0.0
70
8
75
0
210
0.0
220
0.0
230
1.0
0
VERTEX
5
2EA
100
AcDbEntity
8
Real Hole
62
1
420
16711680
100
AcDbVertex
100
AcDb3dPolylineVertex
10
748643.535001343
20
8930429.5769978
30
199.347000001013
70
32
0
VERTEX
5
2EB
100
AcDbEntity
8
Real Hole
62
1
420
16711680
100
AcDbVertex
100
AcDb3dPolylineVertex
10
748643.582194818
20
8930429.3093503
30
198.384639559329
70
32
0
VERTEX
5
2EC
100
AcDbEntity
8
Real Hole
62
1
420
16711680
100
AcDbVertex
100
AcDb3dPolylineVertex
10
748643.614735832
20
8930429.03564052
30
197.423377869666
70
32
0
VERTEX
5
2ED
100
AcDbEntity
8
Real Hole
62
1
420
16711680
100
AcDbVertex
100
AcDb3dPolylineVertex
10
748643.62003955
20
8930428.7516747
30
196.464558241904
70
32
0
VERTEX
5
2EE
100
AcDbEntity
8
Real Hole
62
1
420
16711680
100
AcDbVertex
100
AcDb3dPolylineVertex
10
748643.641609182
20
8930428.47637777
30
195.503440974295
70
32
0
VERTEX
5
2EF
100
AcDbEntity
8
Real Hole
62
1
420
16711680
100
AcDbVertex
100
AcDb3dPolylineVertex
10
748643.674482559
20
8930428.21320336
30
194.539252636969
70
32
0
VERTEX
5
2F0
100
AcDbEntity
8
Real Hole
62
1
420
16711680
100
AcDbVertex
100
AcDb3dPolylineVertex
10
748643.686919709
20
8930427.94036691
30
193.577272770941
70
32
0
VERTEX
5
2F1
100
AcDbEntity
8
Real Hole
62
1
420
16711680
100
AcDbVertex
100
AcDb3dPolylineVertex
10
748643.6939828
20
8930427.65543513
30
192.618750927985
70
32
0
VERTEX
5
2F2
100
AcDbEntity
8
Real Hole
62
1
420
16711680
100
AcDbVertex
100
AcDb3dPolylineVertex
10
748643.721844678
20
8930427.37480836
30
191.659338353217
70
32
0
VERTEX
5
2F3
100
AcDbEntity
8
Real Hole
62
1
420
16711680
100
AcDbVertex
100
AcDb3dPolylineVertex
10
748643.741597538
20
8930427.09651737
30
190.699045060217
70
32
0
VERTEX
5
2F4
100
AcDbEntity
8
Real Hole
62
1
420
16711680
100
AcDbVertex
100
AcDb3dPolylineVertex
10
748643.748609742
20
8930427.01266031
30
190.411088822424
70
32
0
SEQEND
5
2F5
100
AcDbEntity
8
Real Hole
0
POINT
5
2F7
330
1A
100
AcDbEntity
67
0
8
Hole
62
244
420
659967
6
ByLayer
370
-1
48
1.0
60
0
100
AcDbPoint
10
748642.176999634
20
8930429.3929997
30
199.252999996781
39
0.0
210
0.0
220
0.0
230
1.0
50
360.0
0
LINE
5
2F8
330
1A
100
AcDbEntity
67
0
8
Theoretical Hole
62
244
420
659967
6
ByLayer
370
-1
48
1.0
60
0
100
AcDbLine
10
748642.176999634
20
8930429.3929997
30
199.252999996781
11
748642.573522156
21
8930426.83751874
31
189.655299743652
39
0.0
210
0.0
220
0.0
230
1.0
0
TEXT
5
2F9
330
1A
100
AcDbEntity
67
0
8
Number
62
244
420
659967
6
ByLayer
370
-1
48
1.0
60
0
100
AcDbText
1
90
10
748642.176999634
20
8930429.77399971
30
199.252999996781
40
0.3
41
1.0
50
0.0
51
0.0
7
Standard
11
748642.176999634
21
8930429.77399971
31
199.252999996781
210
0.0
220
0.0
230
1.0
72
0
100
AcDbText
73
0
0
TEXT
5
2FA
330
1A
100
AcDbEntity
67
0
8
label
62
1
420
16711680
6
ByLayer
370
-1
48
1.0
60
0
100
AcDbText
1

10
748642.176999634
20
8930430.17399971
30
199.252999996781
40
0.3
41
1.0
50
0.0
51
0.0
7
Standard
11
748642.176999634
21
8930430.17399971
31
199.252999996781
210
0.0
220
0.0
230
1.0
72
0
100
AcDbText
73
0
0
TEXT
5
2FB
330
1A
100
AcDbEntity
67
0
8
Length
62
244
420
659967
6
ByLayer
370
-1
48
1.0
60
0
100
AcDbText
1
9.94
10
748642.176999634
20
8930428.63899969
30
199.252999996781
40
0.3
41
1.0
50
0.0
51
0.0
7
Standard
11
748642.176999634
21
8930428.63899969
31
199.252999996781
210
0.0
220
0.0
230
1.0
72
0
100
AcDbText
73
0
0
POLYLINE
5
308
330
1A
100
AcDbEntity
67
0
8
Real Hole
62
1
420
16711680
6
ByLayer
370
-1
48
1.0
60
0
100
AcDb3dPolyline
10
0.0
20
0.0
30
0.0
70
8
75
0
210
0.0
220
0.0
230
1.0
0
VERTEX
5
2FC
100
AcDbEntity
8
Real Hole
62
1
420
16711680
100
AcDbVertex
100
AcDb3dPolylineVertex
10
748642.176999634
20
8930429.3929997
30
199.252999996781
70
32
0
VERTEX
5
2FD
100
AcDbEntity
8
Real Hole
62
1
420
16711680
100
AcDbVertex
100
AcDb3dPolylineVertex
10
748642.156936932
20
8930429.12044938
30
198.291067635655
70
32
0
VERTEX
5
2FE
100
AcDbEntity
8
Real Hole
62
1
420
16711680
100
AcDbVertex
100
AcDb3dPolylineVertex
10
748642.140045555
20
8930428.85121851
30
197.32814011538
70
32
0
VERTEX
5
2FF
100
AcDbEntity
8
Real Hole
62
1
420
16711680
100
AcDbVertex
100
AcDb3dPolylineVertex
10
748642.11404339
20
8930428.57563095
30
196.367215847611
70
32
0
VERTEX
5
300
100
AcDbEntity
8
Real Hole
62
1
420
16711680
100
AcDbVertex
100
AcDb3dPolylineVertex
10
748642.103347821
20
8930428.24627869
30
195.423069452882
70
32
0
VERTEX
5
301
100
AcDbEntity
8
Real Hole
62
1
420
16711680
100
AcDbVertex
100
AcDb3dPolylineVertex
10
748642.110551981
20
8930427.94283001
30
194.470248913407
70
32
0
VERTEX
5
302
100
AcDbEntity
8
Real Hole
62
1
420
16711680
100
AcDbVertex
100
AcDb3dPolylineVertex
10
748642.114348417
20
8930427.65282063
30
193.513232445359
70
32
0
VERTEX
5
303
100
AcDbEntity
8
Real Hole
62
1
420
16711680
100
AcDbVertex
100
AcDb3dPolylineVertex
10
748642.11378934
20
8930427.36161809
30
192.556571220994
70
32
0
VERTEX
5
304
100
AcDbEntity
8
Real Hole
62
1
420
16711680
100
AcDbVertex
100
AcDb3dPolylineVertex
10
748642.116379844
20
8930427.0705934
30
191.59985945189
70
32
0
VERTEX
5
305
100
AcDbEntity
8
Real Hole
62
1
420
16711680
100
AcDbVertex
100
AcDb3dPolylineVertex
10
748642.113365037
20
8930426.78743105
30
190.640791630387
70
32
0
VERTEX
5
306
100
AcDbEntity
8
Real Hole
62
1
420
16711680
100
AcDbVertex
100
AcDb3dPolylineVertex
10
748642.112746788
20
8930426.75886874
30
190.544959759355
70
32
0
SEQEND
5
307
100
AcDbEntity
8
Real Hole
0
POINT
5
309
330
1A
100
AcDbEntity
67
0
8
Hole
62
244
420
659967
6
ByLayer
370
-1
48
1.0
60
0
100
AcDbPoint
10
748640.658999985
20
8930429.00699811
30
199.022000005484
39
0.0
210
0.0
220
0.0
230
1.0
50
360.0
0
LINE
5
30A
330
1A
100
AcDbEntity
67
0
8
Theoretical Hole
62
244
420
659967
6
ByLayer
370
-1
48
1.0
60
0
100
AcDbLine
10
748640.658999985
20
8930429.00699811
30
199.022000005484
11
748641.170594757
21
8930426.4420567
31
189.328655799866
39
0.0
210
0.0
220
0.0
230
1.0
0
TEXT
5
30B
330
1A
100
AcDbEntity
67
0
8
Number
62
244
420
659967
6
ByLayer
370
-1
48
1.0
60
0
100
AcDbText
1
91
10
748640.658999985
20
8930429.38799812
30
199.022000005484
40
0.3
41
1.0
50
0.0
51
0.0
7
Standard
11
748640.658999985
21
8930429.38799812
31
199.022000005484
210
0.0
220
0.0
230
1.0
72
0
100
AcDbText
73
0
0
TEXT
5
30C
330
1A
100
AcDbEntity
67
0
8
label
62
1
420
16711680
6
ByLayer
370
-1
48
1.0
60
0
100
AcDbText
1

10
748640.658999985
20
8930429.78799812
30
199.022000005484
40
0.3
41
1.0
50
0.0
51
0.0
7
Standard
11
748640.658999985
21
8930429.78799812
31
199.022000005484
210
0.0
220
0.0
230
1.0
72
0
100
AcDbText
73
0
0
TEXT
5
30D
330
1A
100
AcDbEntity
67
0
8
Length
62
244
420
659967
6
ByLayer
370
-1
48
1.0
60
0
100
AcDbText
1
10.04
10
748640.658999985
20
8930428.2529981
30
199.022000005484
40
0.3
41
1.0
50
0.0
51
0.0
7
Standard
11
748640.658999985
21
8930428.2529981
31
199.022000005484
210
0.0
220
0.0
230
1.0
72
0
100
AcDbText
73
0
0
POLYLINE
5
319
330
1A
100
AcDbEntity
67
0
8
Real Hole
62
1
420
16711680
6
ByLayer
370
-1
48
1.0
60
0
100
AcDb3dPolyline
10
0.0
20
0.0
30
0.0
70
8
75
0
210
0.0
220
0.0
230
1.0
0
VERTEX
5
30E
100
AcDbEntity
8
Real Hole
62
1
420
16711680
100
AcDbVertex
100
AcDb3dPolylineVertex
10
748640.658999985
20
8930429.00699811
30
199.022000005484
70
32
0
VERTEX
5
30F
100
AcDbEntity
8
Real Hole
62
1
420
16711680
100
AcDbVertex
100
AcDb3dPolylineVertex
10
748640.667205559
20
8930428.74443187
30
198.057120909929
70
32
0
VERTEX
5
310
100
AcDbEntity
8
Real Hole
62
1
420
16711680
100
AcDbVertex
100
AcDb3dPolylineVertex
10
748640.701724385
20
8930428.48503469
30
197.091967275381
70
32
0
VERTEX
5
311
100
AcDbEntity
8
Real Hole
62
1
420
16711680
100
AcDbVertex
100
AcDb3dPolylineVertex
10
748640.727461053
20
8930428.19145315
30
196.136379888296
70
32
0
VERTEX
5
312
100
AcDbEntity
8
Real Hole
62
1
420
16711680
100
AcDbVertex
100
AcDb3dPolylineVertex
10
748640.836268654
20
8930427.79507904
30
195.224761178732
70
32
0
VERTEX
5
313
100
AcDbEntity
8
Real Hole
62
1
420
16711680
100
AcDbVertex
100
AcDb3dPolylineVertex
10
748640.898718169
20
8930427.49718909
30
194.272205999136
70
32
0
VERTEX
5
314
100
AcDbEntity
8
Real Hole
62
1
420
16711680
100
AcDbVertex
100
AcDb3dPolylineVertex
10
748640.950721627
20
8930427.2040581
30
193.317548921347
70
32
0
VERTEX
5
315
100
AcDbEntity
8
Real Hole
62
1
420
16711680
100
AcDbVertex
100
AcDb3dPolylineVertex
10
748641.00408346
20
8930426.91388278
30
192.362064531088
70
32
0
VERTEX
5
316
100
AcDbEntity
8
Real Hole
62
1
420
16711680
100
AcDbVertex
100
AcDb3dPolylineVertex
10
748641.046429878
20
8930426.61634164
30
191.40829484725
70
32
0
VERTEX
5
317
100
AcDbEntity
8
Real Hole
62
1
420
16711680
100
AcDbVertex
100
AcDb3dPolylineVertex
10
748641.065980648
20
8930426.49234276
30
191.02850263381
70
32
0
SEQEND
5
318
100
AcDbEntity
8
Real Hole
0
POINT
5
31A
330
1A
100
AcDbEntity
67
0
8
Hole
62
244
420
659967
6
ByLayer
370
-1
48
1.0
60
0
100
AcDbPoint
10
748639.148999756
20
8930428.65699963
30
199.006000002861
39
0.0
210
0.0
220
0.0
230
1.0
50
360.0
0
LINE
5
31B
330
1A
100
AcDbEntity
67
0
8
Theoretical Hole
62
244
420
659967
6
ByLayer
370
-1
48
1.0
60
0
100
AcDbLine
10
748639.148999756
20
8930428.65699963
30
199.006000002861
11
748639.97392041
21
8930426.19442944
31
189.204221328735
39
0.0
210
0.0
220
0.0
230
1.0
0
TEXT
5
31C
330
1A
100
AcDbEntity
67
0
8
Number
62
244
420
659967
6
ByLayer
370
-1
48
1.0
60
0
100
AcDbText
1
92
10
748639.148999756
20
8930429.03799965
30
199.006000002861
40
0.3
41
1.0
50
0.0
51
0.0
7
Standard
11
748639.148999756
21
8930429.03799965
31
199.006000002861
210
0.0
220
0.0
230
1.0
72
0
100
AcDbText
73
0
0
TEXT
5
31D
330
1A
100
AcDbEntity
67
0
8
label
62
1
420
16711680
6
ByLayer
370
-1
48
1.0
60
0
100
AcDbText
1

10
748639.148999756
20
8930429.43799965
30
199.006000002861
40
0.3
41
1.0
50
0.0
51
0.0
7
Standard
11
748639.148999756
21
8930429.43799965
31
199.006000002861
210
0.0
220
0.0
230
1.0
72
0
100
AcDbText
73
0
0
TEXT
5
31E
330
1A
100
AcDbEntity
67
0
8
Length
62
244
420
659967
6
ByLayer
370
-1
48
1.0
60
0
100
AcDbText
1
10.14
10
748639.148999756
20
8930427.90299963
30
199.006000002861
40
0.3
41
1.0
50
0.0
51
0.0
7
Standard
11
748639.148999756
21
8930427.90299963
31
199.006000002861
210
0.0
220
0.0
230
1.0
72
0
100
AcDbText
73
0
0
POLYLINE
5
32B
330
1A
100
AcDbEntity
67
0
8
Real Hole
62
1
420
16711680
6
ByLayer
370
-1
48
1.0
60
0
100
AcDb3dPolyline
10
0.0
20
0.0
30
0.0
70
8
75
0
210
0.0
220
0.0
230
1.0
0
VERTEX
5
31F
100
AcDbEntity
8
Real Hole
62
1
420
16711680
100
AcDbVertex
100
AcDb3dPolylineVertex
10
748639.148999756
20
8930428.65699963
30
199.006000002861
70
32
0
VERTEX
5
320
100
AcDbEntity
8
Real Hole
62
1
420
16711680
100
AcDbVertex
100
AcDb3dPolylineVertex
10
748639.243614016
20
8930428.38159554
30
198.049338778496
70
32
0
VERTEX
5
321
100
AcDbEntity
8
Real Hole
62
1
420
16711680
100
AcDbVertex
100
AcDb3dPolylineVertex
10
748639.339041685
20
8930428.10382377
30
197.093443116188
70
32
0
VERTEX
5
322
100
AcDbEntity
8
Real Hole
62
1
420
16711680
100
AcDbVertex
100
AcDb3dPolylineVertex
10
748639.422794377
20
8930427.82144152
30
196.13780423069
70
32
0
VERTEX
5
323
100
AcDbEntity
8
Real Hole
62
1
420
16711680
100
AcDbVertex
100
AcDb3dPolylineVertex
10
748639.503979122
20
8930427.54108875
30
195.181346615791
70
32
0
VERTEX
5
324
100
AcDbEntity
8
Real Hole
62
1
420
16711680
100
AcDbVertex
100
AcDb3dPolylineVertex
10
748639.573939358
20
8930427.25944667
30
194.224380930901
70
32
0
VERTEX
5
325
100
AcDbEntity
8
Real Hole
62
1
420
16711680
100
AcDbVertex
100
AcDb3dPolylineVertex
10
748639.618411665
20
8930426.95347874
30
193.273378333092
70
32
0
VERTEX
5
326
100
AcDbEntity
8
Real Hole
62
1
420
16711680
100
AcDbVertex
100
AcDb3dPolylineVertex
10
748639.701730733
20
8930426.65883903
30
192.321409186363
70
32
0
VERTEX
5
327
100
AcDbEntity
8
Real Hole
62
1
420
16711680
100
AcDbVertex
100
AcDb3dPolylineVertex
10
748639.772763317
20
8930426.37832694
30
191.36419053936
70
32
0
VERTEX
5
328
100
AcDbEntity
8
Real Hole
62
1
420
16711680
100
AcDbVertex
100
AcDb3dPolylineVertex
10
748639.855194276
20
8930426.0830925
30
190.412328204155
70
32
0
VERTEX
5
329
100
AcDbEntity
8
Real Hole
62
1
420
16711680
100
AcDbVertex
100
AcDb3dPolylineVertex
10
748639.863433187
20
8930426.05346446
30
190.317174395561
70
32
0
SEQEND
5
32A
100
AcDbEntity
8
Real Hole
0
POINT
5
32C
330
1A
100
AcDbEntity
67
0
8
Hole
62
244
420
659967
6
ByLayer
370
-1
48
1.0
60
0
100
AcDbPoint
10
748637.690000122
20
8930428.24399762
30
198.904000004768
39
0.0
210
0.0
220
0.0
230
1.0
50
360.0
0
LINE
5
32D
330
1A
100
AcDbEntity
67
0
8
Theoretical Hole
62
244
420
659967
6
ByLayer
370
-1
48
1.0
60
0
100
AcDbLine
10
748637.690000122
20
8930428.24399762
30
198.904000004768
11
748638.515603607
21
8930425.77939038
31
189.237349113464
39
0.0
210
0.0
220
0.0
230
1.0
0
TEXT
5
32E
330
1A
100
AcDbEntity
67
0
8
Number
62
244
420
659967
6
ByLayer
370
-1
48
1.0
60
0
100
AcDbText
1
93
10
748637.690000122
20
8930428.62499763
30
198.904000004768
40
0.3
41
1.0
50
0.0
51
0.0
7
Standard
11
748637.690000122
21
8930428.62499763
31
198.904000004768
210
0.0
220
0.0
230
1.0
72
0
100
AcDbText
73
0
0
TEXT
5
32F
330
1A
100
AcDbEntity
67
0
8
label
62
1
420
16711680
6
ByLayer
370
-1
48
1.0
60
0
100
AcDbText
1

10
748637.690000122
20
8930429.02499763
30
198.904000004768
40
0.3
41
1.0
50
0.0
51
0.0
7
Standard
11
748637.690000122
21
8930429.02499763
31
198.904000004768
210
0.0
220
0.0
230
1.0
72
0
100
AcDbText
73
0
0
TEXT
5
330
330
1A
100
AcDbEntity
67
0
8
Length
62
244
420
659967
6
ByLayer
370
-1
48
1.0
60
0
100
AcDbText
1
10.01
10
748637.690000122
20
8930427.48999761
30
198.904000004768
40
0.3
41
1.0
50
0.0
51
0.0
7
Standard
11
748637.690000122
21
8930427.48999761
31
198.904000004768
210
0.0
220
0.0
230
1.0
72
0
100
AcDbText
73
0
0
POLYLINE
5
33C
330
1A
100
AcDbEntity
67
0
8
Real Hole
62
1
420
16711680
6
ByLayer
370
-1
48
1.0
60
0
100
AcDb3dPolyline
10
0.0
20
0.0
30
0.0
70
8
75
0
210
0.0
220
0.0
230
1.0
0
VERTEX
5
331
100
AcDbEntity
8
Real Hole
62
1
420
16711680
100
AcDbVertex
100
AcDb3dPolylineVertex
10
748637.690000122
20
8930428.24399762
30
198.904000004768
70
32
0
VERTEX
5
332
100
AcDbEntity
8
Real Hole
62
1
420
16711680
100
AcDbVertex
100
AcDb3dPolylineVertex
10
748637.699269878
20
8930427.95227392
30
197.94754227066
70
32
0
VERTEX
5
333
100
AcDbEntity
8
Real Hole
62
1
420
16711680
100
AcDbVertex
100
AcDb3dPolylineVertex
10
748637.73305186
20
8930427.65062545
30
196.994721731186
70
32
0
VERTEX
5
334
100
AcDbEntity
8
Real Hole
62
1
420
16711680
100
AcDbVertex
100
AcDb3dPolylineVertex
10
748637.781296258
20
8930427.37617772
30
196.034330805778
70
32
0
VERTEX
5
335
100
AcDbEntity
8
Real Hole
62
1
420
16711680
100
AcDbVertex
100
AcDb3dPolylineVertex
10
748637.825406586
20
8930427.07082837
30
195.083112439156
70
32
0
VERTEX
5
336
100
AcDbEntity
8
Real Hole
62
1
420
16711680
100
AcDbVertex
100
AcDb3dPolylineVertex
10
748637.893295696
20
8930426.77839892
30
194.12923832798
70
32
0
VERTEX
5
337
100
AcDbEntity
8
Real Hole
62
1
420
16711680
100
AcDbVertex
100
AcDb3dPolylineVertex
10
748637.948683208
20
8930426.50171428
30
193.169874867439
70
32
0
VERTEX
5
338
100
AcDbEntity
8
Real Hole
62
1
420
16711680
100
AcDbVertex
100
AcDb3dPolylineVertex
10
748638.016486531
20
8930426.21885805
30
192.213112076759
70
32
0
VERTEX
5
339
100
AcDbEntity
8
Real Hole
62
1
420
16711680
100
AcDbVertex
100
AcDb3dPolylineVertex
10
748638.065954929
20
8930425.94309597
30
191.253160199165
70
32
0
VERTEX
5
33A
100
AcDbEntity
8
Real Hole
62
1
420
16711680
100
AcDbVertex
100
AcDb3dPolylineVertex
10
748638.116569971
20
8930425.67419462
30
190.291323384285
70
32
0
SEQEND
5
33B
100
AcDbEntity
8
Real Hole
0
POINT
5
33D
330
1A
100
AcDbEntity
67
0
8
Hole
62
244
420
659967
6
ByLayer
370
-1
48
1.0
60
0
100
AcDbPoint
10
748636.180999344
20
8930427.79400067
30
199.001000007629
39
0.0
210
0.0
220
0.0
230
1.0
50
360.0
0
LINE
5
33E
330
1A
100
AcDbEntity
67
0
8
Theoretical Hole
62
244
420
659967
6
ByLayer
370
-1
48
1.0
60
0
100
AcDbLine
10
748636.180999344
20
8930427.79400067
30
199.001000007629
11
748637.00803334
21
8930425.32512097
31
189.283786376953
39
0.0
210
0.0
220
0.0
230
1.0
0
TEXT
5
33F
330
1A
100
AcDbEntity
67
0
8
Number
62
244
420
659967
6
ByLayer
370
-1
48
1.0
60
0
100
AcDbText
1
94
10
748636.180999344
20
8930428.17500068
30
199.001000007629
40
0.3
41
1.0
50
0.0
51
0.0
7
Standard
11
748636.180999344
21
8930428.17500068
31
199.001000007629
210
0.0
220
0.0
230
1.0
72
0
100
AcDbText
73
0
0
TEXT
5
340
330
1A
100
AcDbEntity
67
0
8
label
62
1
420
16711680
6
ByLayer
370
-1
48
1.0
60
0
100
AcDbText
1

10
748636.180999344
20
8930428.57500068
30
199.001000007629
40
0.3
41
1.0
50
0.0
51
0.0
7
Standard
11
748636.180999344
21
8930428.57500068
31
199.001000007629
210
0.0
220
0.0
230
1.0
72
0
100
AcDbText
73
0
0
TEXT
5
341
330
1A
100
AcDbEntity
67
0
8
Length
62
244
420
659967
6
ByLayer
370
-1
48
1.0
60
0
100
AcDbText
1
10.06
10
748636.180999344
20
8930427.04000066
30
199.001000007629
40
0.3
41
1.0
50
0.0
51
0.0
7
Standard
11
748636.180999344
21
8930427.04000066
31
199.001000007629
210
0.0
220
0.0
230
1.0
72
0
100
AcDbText
73
0
0
POLYLINE
5
34E
330
1A
100
AcDbEntity
67
0
8
Real Hole
62
1
420
16711680
6
ByLayer
370
-1
48
1.0
60
0
100
AcDb3dPolyline
10
0.0
20
0.0
30
0.0
70
8
75
0
210
0.0
220
0.0
230
1.0
0
VERTEX
5
342
100
AcDbEntity
8
Real Hole
62
1
420
16711680
100
AcDbVertex
100
AcDb3dPolylineVertex
10
748636.180999344
20
8930427.79400067
30
199.001000007629
70
32
0
VERTEX
5
343
100
AcDbEntity
8
Real Hole
62
1
420
16711680
100
AcDbVertex
100
AcDb3dPolylineVertex
10
748636.188188433
20
8930427.51761805
30
198.039979239941
70
32
0
VERTEX
5
344
100
AcDbEntity
8
Real Hole
62
1
420
16711680
100
AcDbVertex
100
AcDb3dPolylineVertex
10
748636.203101247
20
8930427.24490564
30
197.077999195099
70
32
0
VERTEX
5
345
100
AcDbEntity
8
Real Hole
62
1
420
16711680
100
AcDbVertex
100
AcDb3dPolylineVertex
10
748636.260458929
20
8930426.98872213
30
196.113074382782
70
32
0
VERTEX
5
346
100
AcDbEntity
8
Real Hole
62
1
420
16711680
100
AcDbVertex
100
AcDb3dPolylineVertex
10
748636.336007258
20
8930426.7344902
30
195.148886283875
70
32
0
VERTEX
5
347
100
AcDbEntity
8
Real Hole
62
1
420
16711680
100
AcDbVertex
100
AcDb3dPolylineVertex
10
748636.408632805
20
8930426.48677223
30
194.18277986908
70
32
0
VERTEX
5
348
100
AcDbEntity
8
Real Hole
62
1
420
16711680
100
AcDbVertex
100
AcDb3dPolylineVertex
10
748636.459682798
20
8930426.22291355
30
193.219570240021
70
32
0
VERTEX
5
349
100
AcDbEntity
8
Real Hole
62
1
420
16711680
100
AcDbVertex
100
AcDb3dPolylineVertex
10
748636.513529008
20
8930425.96717386
30
192.254325469971
70
32
0
VERTEX
5
34A
100
AcDbEntity
8
Real Hole
62
1
420
16711680
100
AcDbVertex
100
AcDb3dPolylineVertex
10
748636.57431597
20
8930425.73178892
30
191.284326156616
70
32
0
VERTEX
5
34B
100
AcDbEntity
8
Real Hole
62
1
420
16711680
100
AcDbVertex
100
AcDb3dPolylineVertex
10
748636.637709384
20
8930425.4685462
30
190.32168157959
70
32
0
VERTEX
5
34C
100
AcDbEntity
8
Real Hole
62
1
420
16711680
100
AcDbVertex
100
AcDb3dPolylineVertex
10
748636.643010234
20
8930425.44488983
30
190.224664291382
70
32
0
SEQEND
5
34D
100
AcDbEntity
8
Real Hole
0
POINT
5
34F
330
1A
100
AcDbEntity
67
0
8
Hole
62
244
420
659967
6
ByLayer
370
-1
48
1.0
60
0
100
AcDbPoint
10
748634.870000427
20
8930427.40600018
30
199.201999997735
39
0.0
210
0.0
220
0.0
230
1.0
50
360.0
0
LINE
5
350
330
1A
100
AcDbEntity
67
0
8
Theoretical Hole
62
244
420
659967
6
ByLayer
370
-1
48
1.0
60
0
100
AcDbLine
10
748634.870000427
20
8930427.40600018
30
199.201999997735
11
748635.698175018
21
8930424.93371777
31
189.361555656433
39
0.0
210
0.0
220
0.0
230
1.0
0
TEXT
5
351
330
1A
100
AcDbEntity
67
0
8
Number
62
244
420
659967
6
ByLayer
370
-1
48
1.0
60
0
100
AcDbText
1
95
10
748634.870000427
20
8930427.7870002
30
199.201999997735
40
0.3
41
1.0
50
0.0
51
0.0
7
Standard
11
748634.870000427
21
8930427.7870002
31
199.201999997735
210
0.0
220
0.0
230
1.0
72
0
100
AcDbText
73
0
0
TEXT
5
352
330
1A
100
AcDbEntity
67
0
8
label
62
1
420
16711680
6
ByLayer
370
-1
48
1.0
60
0
100
AcDbText
1

10
748634.870000427
20
8930428.1870002
30
199.201999997735
40
0.3
41
1.0
50
0.0
51
0.0
7
Standard
11
748634.870000427
21
8930428.1870002
31
199.201999997735
210
0.0
220
0.0
230
1.0
72
0
100
AcDbText
73
0
0
TEXT
5
353
330
1A
100
AcDbEntity
67
0
8
Length
62
244
420
659967
6
ByLayer
370
-1
48
1.0
60
0
100
AcDbText
1
10.18
10
748634.870000427
20
8930426.65200018
30
199.201999997735
40
0.3
41
1.0
50
0.0
51
0.0
7
Standard
11
748634.870000427
21
8930426.65200018
31
199.201999997735
210
0.0
220
0.0
230
1.0
72
0
100
AcDbText
73
0
0
POLYLINE
5
360
330
1A
100
AcDbEntity
67
0
8
Real Hole
62
1
420
16711680
6
ByLayer
370
-1
48
1.0
60
0
100
AcDb3dPolyline
10
0.0
20
0.0
30
0.0
70
8
75
0
210
0.0
220
0.0
230
1.0
0
VERTEX
5
354
100
AcDbEntity
8
Real Hole
62
1
420
16711680
100
AcDbVertex
100
AcDb3dPolylineVertex
10
748634.870000427
20
8930427.40600018
30
199.201999997735
70
32
0
VERTEX
5
355
100
AcDbEntity
8
Real Hole
62
1
420
16711680
100
AcDbVertex
100
AcDb3dPolylineVertex
10
748634.940488895
20
8930427.105471
30
198.250835692525
70
32
0
VERTEX
5
356
100
AcDbEntity
8
Real Hole
62
1
420
16711680
100
AcDbVertex
100
AcDb3dPolylineVertex
10
748635.007743468
20
8930426.80896984
30
197.298174237847
70
32
0
VERTEX
5
357
100
AcDbEntity
8
Real Hole
62
1
420
16711680
100
AcDbVertex
100
AcDb3dPolylineVertex
10
748635.088205298
20
8930426.5291035
30
196.341513013482
70
32
0
VERTEX
5
358
100
AcDbEntity
8
Real Hole
62
1
420
16711680
100
AcDbVertex
100
AcDb3dPolylineVertex
10
748635.175947701
20
8930426.27685814
30
195.37783584559
70
32
0
VERTEX
5
359
100
AcDbEntity
8
Real Hole
62
1
420
16711680
100
AcDbVertex
100
AcDb3dPolylineVertex
10
748635.239968573
20
8930426.001527
30
194.418620442986
70
32
0
VERTEX
5
35A
100
AcDbEntity
8
Real Hole
62
1
420
16711680
100
AcDbVertex
100
AcDb3dPolylineVertex
10
748635.330792194
20
8930425.73366206
30
193.459454393029
70
32
0
VERTEX
5
35B
100
AcDbEntity
8
Real Hole
62
1
420
16711680
100
AcDbVertex
100
AcDb3dPolylineVertex
10
748635.420394009
20
8930425.49156659
30
192.493348455071
70
32
0
VERTEX
5
35C
100
AcDbEntity
8
Real Hole
62
1
420
16711680
100
AcDbVertex
100
AcDb3dPolylineVertex
10
748635.510755187
20
8930425.23988991
30
191.529764508843
70
32
0
VERTEX
5
35D
100
AcDbEntity
8
Real Hole
62
1
420
16711680
100
AcDbVertex
100
AcDb3dPolylineVertex
10
748635.587016767
20
8930424.98060827
30
190.566977834344
70
32
0
VERTEX
5
35E
100
AcDbEntity
8
Real Hole
62
1
420
16711680
100
AcDbVertex
100
AcDb3dPolylineVertex
10
748635.600823229
20
8930424.93149023
30
190.37359557116
70
32
0
SEQEND
5
35F
100
AcDbEntity
8
Real Hole
0
POINT
5
361
330
1A
100
AcDbEntity
67
0
8
Hole
62
244
420
659967
6
ByLayer
370
-1
48
1.0
60
0
100
AcDbPoint
10
748633.561999863
20
8930426.80700116
30
199.011999985218
39
0.0
210
0.0
220
0.0
230
1.0
50
360.0
0
LINE
5
362
330
1A
100
AcDbEntity
67
0
8
Theoretical Hole
62
244
420
659967
6
ByLayer
370
-1
48
1.0
60
0
100
AcDbLine
10
748633.561999863
20
8930426.80700116
30
199.011999985218
11
748634.391217773
21
8930424.33159833
31
189.275923332214
39
0.0
210
0.0
220
0.0
230
1.0
0
TEXT
5
363
330
1A
100
AcDbEntity
67
0
8
Number
62
244
420
659967
6
ByLayer
370
-1
48
1.0
60
0
100
AcDbText
1
96
10
748633.561999863
20
8930427.18800117
30
199.011999985218
40
0.3
41
1.0
50
0.0
51
0.0
7
Standard
11
748633.561999863
21
8930427.18800117
31
199.011999985218
210
0.0
220
0.0
230
1.0
72
0
100
AcDbText
73
0
0
TEXT
5
364
330
1A
100
AcDbEntity
67
0
8
label
62
1
420
16711680
6
ByLayer
370
-1
48
1.0
60
0
100
AcDbText
1

10
748633.561999863
20
8930427.58800117
30
199.011999985218
40
0.3
41
1.0
50
0.0
51
0.0
7
Standard
11
748633.561999863
21
8930427.58800117
31
199.011999985218
210
0.0
220
0.0
230
1.0
72
0
100
AcDbText
73
0
0
TEXT
5
365
330
1A
100
AcDbEntity
67
0
8
Length
62
244
420
659967
6
ByLayer
370
-1
48
1.0
60
0
100
AcDbText
1
10.08
10
748633.561999863
20
8930426.05300115
30
199.011999985218
40
0.3
41
1.0
50
0.0
51
0.0
7
Standard
11
748633.561999863
21
8930426.05300115
31
199.011999985218
210
0.0
220
0.0
230
1.0
72
0
100
AcDbText
73
0
0
POLYLINE
5
372
330
1A
100
AcDbEntity
67
0
8
Real Hole
62
1
420
16711680
6
ByLayer
370
-1
48
1.0
60
0
100
AcDb3dPolyline
10
0.0
20
0.0
30
0.0
70
8
75
0
210
0.0
220
0.0
230
1.0
0
VERTEX
5
366
100
AcDbEntity
8
Real Hole
62
1
420
16711680
100
AcDbVertex
100
AcDb3dPolylineVertex
10
748633.561999863
20
8930426.80700116
30
199.011999985218
70
32
0
VERTEX
5
367
100
AcDbEntity
8
Real Hole
62
1
420
16711680
100
AcDbVertex
100
AcDb3dPolylineVertex
10
748633.618003273
20
8930426.54397743
30
198.048837443829
70
32
0
VERTEX
5
368
100
AcDbEntity
8
Real Hole
62
1
420
16711680
100
AcDbVertex
100
AcDb3dPolylineVertex
10
748633.680395608
20
8930426.2905343
30
197.083501359463
70
32
0
VERTEX
5
369
100
AcDbEntity
8
Real Hole
62
1
420
16711680
100
AcDbVertex
100
AcDb3dPolylineVertex
10
748633.731339043
20
8930426.02991037
30
196.119405886173
70
32
0
VERTEX
5
36A
100
AcDbEntity
8
Real Hole
62
1
420
16711680
100
AcDbVertex
100
AcDb3dPolylineVertex
10
748633.793907513
20
8930425.7429456
30
195.163510223866
70
32
0
VERTEX
5
36B
100
AcDbEntity
8
Real Hole
62
1
420
16711680
100
AcDbVertex
100
AcDb3dPolylineVertex
10
748633.871741091
20
8930425.47346144
30
194.203656097889
70
32
0
VERTEX
5
36C
100
AcDbEntity
8
Real Hole
62
1
420
16711680
100
AcDbVertex
100
AcDb3dPolylineVertex
10
748633.944660252
20
8930425.22618132
30
193.237459560871
70
32
0
VERTEX
5
36D
100
AcDbEntity
8
Real Hole
62
1
420
16711680
100
AcDbVertex
100
AcDb3dPolylineVertex
10
748634.00219736
20
8930424.95455842
30
192.276777645588
70
32
0
VERTEX
5
36E
100
AcDbEntity
8
Real Hole
62
1
420
16711680
100
AcDbVertex
100
AcDb3dPolylineVertex
10
748634.072876101
20
8930424.68761616
30
191.315660377979
70
32
0
VERTEX
5
36F
100
AcDbEntity
8
Real Hole
62
1
420
16711680
100
AcDbVertex
100
AcDb3dPolylineVertex
10
748634.143797105
20
8930424.42961125
30
190.352123161793
70
32
0
VERTEX
5
370
100
AcDbEntity
8
Real Hole
62
1
420
16711680
100
AcDbVertex
100
AcDb3dPolylineVertex
10
748634.150790935
20
8930424.40341859
30
190.255867859364
70
32
0
SEQEND
5
371
100
AcDbEntity
8
Real Hole
0
POINT
5
373
330
1A
100
AcDbEntity
67
0
8
Hole
62
244
420
659967
6
ByLayer
370
-1
48
1.0
60
0
100
AcDbPoint
10
748632.044000214
20
8930426.23700147
30
199.135000010967
39
0.0
210
0.0
220
0.0
230
1.0
50
360.0
0
LINE
5
374
330
1A
100
AcDbEntity
67
0
8
Theoretical Hole
62
244
420
659967
6
ByLayer
370
-1
48
1.0
60
0
100
AcDbLine
10
748632.044000214
20
8930426.23700147
30
199.135000010967
11
748632.873441284
21
8930423.76093488
31
189.430173477173
39
0.0
210
0.0
220
0.0
230
1.0
0
TEXT
5
375
330
1A
100
AcDbEntity
67
0
8
Number
62
244
420
659967
6
ByLayer
370
-1
48
1.0
60
0
100
AcDbText
1
97
10
748632.044000214
20
8930426.61800148
30
199.135000010967
40
0.3
41
1.0
50
0.0
51
0.0
7
Standard
11
748632.044000214
21
8930426.61800148
31
199.135000010967
210
0.0
220
0.0
230
1.0
72
0
100
AcDbText
73
0
0
TEXT
5
376
330
1A
100
AcDbEntity
67
0
8
label
62
1
420
16711680
6
ByLayer
370
-1
48
1.0
60
0
100
AcDbText
1

10
748632.044000214
20
8930427.01800148
30
199.135000010967
40
0.3
41
1.0
50
0.0
51
0.0
7
Standard
11
748632.044000214
21
8930427.01800148
31
199.135000010967
210
0.0
220
0.0
230
1.0
72
0
100
AcDbText
73
0
0
TEXT
5
377
330
1A
100
AcDbEntity
67
0
8
Length
62
244
420
659967
6
ByLayer
370
-1
48
1.0
60
0
100
AcDbText
1
10.05
10
748632.044000214
20
8930425.48300146
30
199.135000010967
40
0.3
41
1.0
50
0.0
51
0.0
7
Standard
11
748632.044000214
21
8930425.48300146
31
199.135000010967
210
0.0
220
0.0
230
1.0
72
0
100
AcDbText
73
0
0
POLYLINE
5
384
330
1A
100
AcDbEntity
67
0
8
Real Hole
62
1
420
16711680
6
ByLayer
370
-1
48
1.0
60
0
100
AcDb3dPolyline
10
0.0
20
0.0
30
0.0
70
8
75
0
210
0.0
220
0.0
230
1.0
0
VERTEX
5
378
100
AcDbEntity
8
Real Hole
62
1
420
16711680
100
AcDbVertex
100
AcDb3dPolylineVertex
10
748632.044000214
20
8930426.23700147
30
199.135000010967
70
32
0
VERTEX
5
379
100
AcDbEntity
8
Real Hole
62
1
420
16711680
100
AcDbVertex
100
AcDb3dPolylineVertex
10
748632.125068133
20
8930425.9901415
30
198.169345757008
70
32
0
VERTEX
5
37A
100
AcDbEntity
8
Real Hole
62
1
420
16711680
100
AcDbVertex
100
AcDb3dPolylineVertex
10
748632.199247023
20
8930425.72624164
30
197.207652231693
70
32
0
VERTEX
5
37B
100
AcDbEntity
8
Real Hole
62
1
420
16711680
100
AcDbVertex
100
AcDb3dPolylineVertex
10
748632.230911573
20
8930425.45547073
30
196.245529433727
70
32
0
VERTEX
5
37C
100
AcDbEntity
8
Real Hole
62
1
420
16711680
100
AcDbVertex
100
AcDb3dPolylineVertex
10
748632.296204006
20
8930425.20154147
30
195.280512830257
70
32
0
VERTEX
5
37D
100
AcDbEntity
8
Real Hole
62
1
420
16711680
100
AcDbVertex
100
AcDb3dPolylineVertex
10
748632.361968076
20
8930424.96065311
30
194.312190791607
70
32
0
VERTEX
5
37E
100
AcDbEntity
8
Real Hole
62
1
420
16711680
100
AcDbVertex
100
AcDb3dPolylineVertex
10
748632.411845361
20
8930424.71615367
30
193.343825122356
70
32
0
VERTEX
5
37F
100
AcDbEntity
8
Real Hole
62
1
420
16711680
100
AcDbVertex
100
AcDb3dPolylineVertex
10
748632.456617837
20
8930424.45935445
30
192.378397723675
70
32
0
VERTEX
5
380
100
AcDbEntity
8
Real Hole
62
1
420
16711680
100
AcDbVertex
100
AcDb3dPolylineVertex
10
748632.523996984
20
8930424.21996622
30
191.40981461668
70
32
0
VERTEX
5
381
100
AcDbEntity
8
Real Hole
62
1
420
16711680
100
AcDbVertex
100
AcDb3dPolylineVertex
10
748632.593892699
20
8930423.96516948
30
190.445349475384
70
32
0
VERTEX
5
382
100
AcDbEntity
8
Real Hole
62
1
420
16711680
100
AcDbVertex
100
AcDb3dPolylineVertex
10
748632.639575069
20
8930423.7537015
30
189.675158282757
70
32
0
SEQEND
5
383
100
AcDbEntity
8
Real Hole
0
POINT
5
385
330
1A
100
AcDbEntity
67
0
8
Hole
62
244
420
659967
6
ByLayer
370
-1
48
1.0
60
0
100
AcDbPoint
10
748630.784999435
20
8930425.86999707
30
199.110000005007
39
0.0
210
0.0
220
0.0
230
1.0
50
360.0
0
LINE
5
386
330
1A
100
AcDbEntity
67
0
8
Theoretical Hole
62
244
420
659967
6
ByLayer
370
-1
48
1.0
60
0
100
AcDbLine
10
748630.784999435
20
8930425.86999707
30
199.110000005007
11
748631.82957608
21
8930423.39110761
31
189.229638656616
39
0.0
210
0.0
220
0.0
230
1.0
0
TEXT
5
387
330
1A
100
AcDbEntity
67
0
8
Number
62
244
420
659967
6
ByLayer
370
-1
48
1.0
60
0
100
AcDbText
1
98
10
748630.784999435
20
8930426.25099708
30
199.110000005007
40
0.3
41
1.0
50
0.0
51
0.0
7
Standard
11
748630.784999435
21
8930426.25099708
31
199.110000005007
210
0.0
220
0.0
230
1.0
72
0
100
AcDbText
73
0
0
TEXT
5
388
330
1A
100
AcDbEntity
67
0
8
label
62
1
420
16711680
6
ByLayer
370
-1
48
1.0
60
0
100
AcDbText
1

10
748630.784999435
20
8930426.65099708
30
199.110000005007
40
0.3
41
1.0
50
0.0
51
0.0
7
Standard
11
748630.784999435
21
8930426.65099708
31
199.110000005007
210
0.0
220
0.0
230
1.0
72
0
100
AcDbText
73
0
0
TEXT
5
389
330
1A
100
AcDbEntity
67
0
8
Length
62
244
420
659967
6
ByLayer
370
-1
48
1.0
60
0
100
AcDbText
1
10.24
10
748630.784999435
20
8930425.11599706
30
199.110000005007
40
0.3
41
1.0
50
0.0
51
0.0
7
Standard
11
748630.784999435
21
8930425.11599706
31
199.110000005007
210
0.0
220
0.0
230
1.0
72
0
100
AcDbText
73
0
0
POLYLINE
5
395
330
1A
100
AcDbEntity
67
0
8
Real Hole
62
1
420
16711680
6
ByLayer
370
-1
48
1.0
60
0
100
AcDb3dPolyline
10
0.0
20
0.0
30
0.0
70
8
75
0
210
0.0
220
0.0
230
1.0
0
VERTEX
5
38A
100
AcDbEntity
8
Real Hole
62
1
420
16711680
100
AcDbVertex
100
AcDb3dPolylineVertex
10
748630.784999435
20
8930425.86999707
30
199.110000005007
70
32
0
VERTEX
5
38B
100
AcDbEntity
8
Real Hole
62
1
420
16711680
100
AcDbVertex
100
AcDb3dPolylineVertex
10
748630.833807649
20
8930425.58325218
30
198.153237154722
70
32
0
VERTEX
5
38C
100
AcDbEntity
8
Real Hole
62
1
420
16711680
100
AcDbVertex
100
AcDb3dPolylineVertex
10
748630.850868089
20
8930425.29438959
30
197.196018567324
70
32
0
VERTEX
5
38D
100
AcDbEntity
8
Real Hole
62
1
420
16711680
100
AcDbVertex
100
AcDb3dPolylineVertex
10
748630.908020226
20
8930425.02388512
30
196.23499785924
70
32
0
VERTEX
5
38E
100
AcDbEntity
8
Real Hole
62
1
420
16711680
100
AcDbVertex
100
AcDb3dPolylineVertex
10
748630.965922704
20
8930424.75920825
30
195.272400489092
70
32
0
VERTEX
5
38F
100
AcDbEntity
8
Real Hole
62
1
420
16711680
100
AcDbVertex
100
AcDb3dPolylineVertex
10
748631.014067223
20
8930424.48644524
30
194.311524739504
70
32
0
VERTEX
5
390
100
AcDbEntity
8
Real Hole
62
1
420
16711680
100
AcDbVertex
100
AcDb3dPolylineVertex
10
748631.061130976
20
8930424.18624525
30
193.358810296297
70
32
0
VERTEX
5
391
100
AcDbEntity
8
Real Hole
62
1
420
16711680
100
AcDbVertex
100
AcDb3dPolylineVertex
10
748631.110651558
20
8930423.90250509
30
192.401188721895
70
32
0
VERTEX
5
392
100
AcDbEntity
8
Real Hole
62
1
420
16711680
100
AcDbVertex
100
AcDb3dPolylineVertex
10
748631.16491062
20
8930423.62440281
30
191.442170968294
70
32
0
VERTEX
5
393
100
AcDbEntity
8
Real Hole
62
1
420
16711680
100
AcDbVertex
100
AcDb3dPolylineVertex
10
748631.21661899
20
8930423.33816676
30
190.485408177614
70
32
0
SEQEND
5
394
100
AcDbEntity
8
Real Hole
0
POINT
5
396
330
1A
100
AcDbEntity
67
0
8
Hole
62
244
420
659967
6
ByLayer
370
-1
48
1.0
60
0
100
AcDbPoint
10
748629.374000137
20
8930425.13800244
30
198.943999996424
39
0.0
210
0.0
220
0.0
230
1.0
50
360.0
0
LINE
5
397
330
1A
100
AcDbEntity
67
0
8
Theoretical Hole
62
244
420
659967
6
ByLayer
370
-1
48
1.0
60
0
100
AcDbLine
10
748629.374000137
20
8930425.13800244
30
198.943999996424
11
748630.596660202
21
8930422.65213208
31
188.71240385437
39
0.0
210
0.0
220
0.0
230
1.0
0
TEXT
5
398
330
1A
100
AcDbEntity
67
0
8
Number
62
244
420
659967
6
ByLayer
370
-1
48
1.0
60
0
100
AcDbText
1
99
10
748629.374000137
20
8930425.51900245
30
198.943999996424
40
0.3
41
1.0
50
0.0
51
0.0
7
Standard
11
748629.374000137
21
8930425.51900245
31
198.943999996424
210
0.0
220
0.0
230
1.0
72
0
100
AcDbText
73
0
0
TEXT
5
399
330
1A
100
AcDbEntity
67
0
8
label
62
1
420
16711680
6
ByLayer
370
-1
48
1.0
60
0
100
AcDbText
1

10
748629.374000137
20
8930425.91900245
30
198.943999996424
40
0.3
41
1.0
50
0.0
51
0.0
7
Standard
11
748629.374000137
21
8930425.91900245
31
198.943999996424
210
0.0
220
0.0
230
1.0
72
0
100
AcDbText
73
0
0
TEXT
5
39A
330
1A
100
AcDbEntity
67
0
8
Length
62
244
420
659967
6
ByLayer
370
-1
48
1.0
60
0
100
AcDbText
1
10.60
10
748629.374000137
20
8930424.38400243
30
198.943999996424
40
0.3
41
1.0
50
0.0
51
0.0
7
Standard
11
748629.374000137
21
8930424.38400243
31
198.943999996424
210
0.0
220
0.0
230
1.0
72
0
100
AcDbText
73
0
0
POLYLINE
5
3A6
330
1A
100
AcDbEntity
67
0
8
Real Hole
62
1
420
16711680
6
ByLayer
370
-1
48
1.0
60
0
100
AcDb3dPolyline
10
0.0
20
0.0
30
0.0
70
8
75
0
210
0.0
220
0.0
230
1.0
0
VERTEX
5
39B
100
AcDbEntity
8
Real Hole
62
1
420
16711680
100
AcDbVertex
100
AcDb3dPolylineVertex
10
748629.374000137
20
8930425.13800244
30
198.943999996424
70
32
0
VERTEX
5
39C
100
AcDbEntity
8
Real Hole
62
1
420
16711680
100
AcDbVertex
100
AcDb3dPolylineVertex
10
748629.403420161
20
8930424.86630289
30
197.982067635298
70
32
0
VERTEX
5
39D
100
AcDbEntity
8
Real Hole
62
1
420
16711680
100
AcDbVertex
100
AcDb3dPolylineVertex
10
748629.464340901
20
8930424.61371528
30
197.016413440943
70
32
0
VERTEX
5
39E
100
AcDbEntity
8
Real Hole
62
1
420
16711680
100
AcDbVertex
100
AcDb3dPolylineVertex
10
748629.529545119
20
8930424.34107219
30
196.056510200739
70
32
0
VERTEX
5
39F
100
AcDbEntity
8
Real Hole
62
1
420
16711680
100
AcDbVertex
100
AcDb3dPolylineVertex
10
748629.602244889
20
8930424.06513457
30
195.098088016748
70
32
0
VERTEX
5
3A0
100
AcDbEntity
8
Real Hole
62
1
420
16711680
100
AcDbVertex
100
AcDb3dPolylineVertex
10
748629.681299066
20
8930423.79391198
30
194.138823261499
70
32
0
VERTEX
5
3A1
100
AcDbEntity
8
Real Hole
62
1
420
16711680
100
AcDbVertex
100
AcDb3dPolylineVertex
10
748629.768007135
20
8930423.53935437
30
193.175660839319
70
32
0
VERTEX
5
3A2
100
AcDbEntity
8
Real Hole
62
1
420
16711680
100
AcDbVertex
100
AcDb3dPolylineVertex
10
748629.859251445
20
8930423.28907041
30
192.211797466516
70
32
0
VERTEX
5
3A3
100
AcDbEntity
8
Real Hole
62
1
420
16711680
100
AcDbVertex
100
AcDb3dPolylineVertex
10
748629.93850482
20
8930423.02805309
30
191.249722233057
70
32
0
VERTEX
5
3A4
100
AcDbEntity
8
Real Hole
62
1
420
16711680
100
AcDbVertex
100
AcDb3dPolylineVertex
10
748630.016919261
20
8930422.77205043
30
190.286231746912
70
32
0
SEQEND
5
3A5
100
AcDbEntity
8
Real Hole
0
POINT
5
3A7
330
1A
100
AcDbEntity
67
0
8
Hole
62
244
420
659967
6
ByLayer
370
-1
48
1.0
60
0
100
AcDbPoint
10
748628.117999619
20
8930424.2510014
30
199.033000012875
39
0.0
210
0.0
220
0.0
230
1.0
50
360.0
0
LINE
5
3A8
330
1A
100
AcDbEntity
67
0
8
Theoretical Hole
62
244
420
659967
6
ByLayer
370
-1
48
1.0
60
0
100
AcDbLine
10
748628.117999619
20
8930424.2510014
30
199.033000012875
11
748629.623025482
21
8930422.07503705
31
189.254607757568
39
0.0
210
0.0
220
0.0
230
1.0
0
TEXT
5
3A9
330
1A
100
AcDbEntity
67
0
8
Number
62
244
420
659967
6
ByLayer
370
-1
48
1.0
60
0
100
AcDbText
1
100
10
748628.117999619
20
8930424.63200142
30
199.033000012875
40
0.3
41
1.0
50
0.0
51
0.0
7
Standard
11
748628.117999619
21
8930424.63200142
31
199.033000012875
210
0.0
220
0.0
230
1.0
72
0
100
AcDbText
73
0
0
TEXT
5
3AA
330
1A
100
AcDbEntity
67
0
8
label
62
1
420
16711680
6
ByLayer
370
-1
48
1.0
60
0
100
AcDbText
1

10
748628.117999619
20
8930425.03200142
30
199.033000012875
40
0.3
41
1.0
50
0.0
51
0.0
7
Standard
11
748628.117999619
21
8930425.03200142
31
199.033000012875
210
0.0
220
0.0
230
1.0
72
0
100
AcDbText
73
0
0
TEXT
5
3AB
330
1A
100
AcDbEntity
67
0
8
Length
62
244
420
659967
6
ByLayer
370
-1
48
1.0
60
0
100
AcDbText
1
10.13
10
748628.117999619
20
8930423.4970014
30
199.033000012875
40
0.3
41
1.0
50
0.0
51
0.0
7
Standard
11
748628.117999619
21
8930423.4970014
31
199.033000012875
210
0.0
220
0.0
230
1.0
72
0
100
AcDbText
73
0
0
POLYLINE
5
3B8
330
1A
100
AcDbEntity
67
0
8
Real Hole
62
1
420
16711680
6
ByLayer
370
-1
48
1.0
60
0
100
AcDb3dPolyline
10
0.0
20
0.0
30
0.0
70
8
75
0
210
0.0
220
0.0
230
1.0
0
VERTEX
5
3AC
100
AcDbEntity
8
Real Hole
62
1
420
16711680
100
AcDbVertex
100
AcDb3dPolylineVertex
10
748628.117999619
20
8930424.2510014
30
199.033000012875
70
32
0
VERTEX
5
3AD
100
AcDbEntity
8
Real Hole
62
1
420
16711680
100
AcDbVertex
100
AcDb3dPolylineVertex
10
748628.243532663
20
8930424.00674048
30
198.071450194359
70
32
0
VERTEX
5
3AE
100
AcDbEntity
8
Real Hole
62
1
420
16711680
100
AcDbVertex
100
AcDb3dPolylineVertex
10
748628.375176882
20
8930423.77863415
30
197.10675480032
70
32
0
VERTEX
5
3AF
100
AcDbEntity
8
Real Hole
62
1
420
16711680
100
AcDbVertex
100
AcDb3dPolylineVertex
10
748628.497774845
20
8930423.55645667
30
196.139487048626
70
32
0
VERTEX
5
3B0
100
AcDbEntity
8
Real Hole
62
1
420
16711680
100
AcDbVertex
100
AcDb3dPolylineVertex
10
748628.615219449
20
8930423.30505417
30
195.178756257534
70
32
0
VERTEX
5
3B1
100
AcDbEntity
8
Real Hole
62
1
420
16711680
100
AcDbVertex
100
AcDb3dPolylineVertex
10
748628.748011773
20
8930423.04102604
30
194.223426362514
70
32
0
VERTEX
5
3B2
100
AcDbEntity
8
Real Hole
62
1
420
16711680
100
AcDbVertex
100
AcDb3dPolylineVertex
10
748628.874642735
20
8930422.81820576
30
193.256826421261
70
32
0
VERTEX
5
3B3
100
AcDbEntity
8
Real Hole
62
1
420
16711680
100
AcDbVertex
100
AcDb3dPolylineVertex
10
748629.011862462
20
8930422.60314541
30
192.289913674831
70
32
0
VERTEX
5
3B4
100
AcDbEntity
8
Real Hole
62
1
420
16711680
100
AcDbVertex
100
AcDb3dPolylineVertex
10
748629.157279556
20
8930422.38336079
30
191.325263997555
70
32
0
VERTEX
5
3B5
100
AcDbEntity
8
Real Hole
62
1
420
16711680
100
AcDbVertex
100
AcDb3dPolylineVertex
10
748629.304945176
20
8930422.17740755
30
190.357908269405
70
32
0
VERTEX
5
3B6
100
AcDbEntity
8
Real Hole
62
1
420
16711680
100
AcDbVertex
100
AcDb3dPolylineVertex
10
748629.334111994
20
8930422.13378935
30
190.164914151669
70
32
0
SEQEND
5
3B7
100
AcDbEntity
8
Real Hole
0
POINT
5
3B9
330
1A
100
AcDbEntity
67
0
8
Hole
62
244
420
659967
6
ByLayer
370
-1
48
1.0
60
0
100
AcDbPoint
10
748626.940000122
20
8930423.7039967
30
199.231999998927
39
0.0
210
0.0
220
0.0
230
1.0
50
360.0
0
LINE
5
3BA
330
1A
100
AcDbEntity
67
0
8
Theoretical Hole
62
244
420
659967
6
ByLayer
370
-1
48
1.0
60
0
100
AcDbLine
10
748626.940000122
20
8930423.7039967
30
199.231999998927
11
748628.1839729
21
8930421.3020802
31
189.262434562683
39
0.0
210
0.0
220
0.0
230
1.0
0
TEXT
5
3BB
330
1A
100
AcDbEntity
67
0
8
Number
62
244
420
659967
6
ByLayer
370
-1
48
1.0
60
0
100
AcDbText
1
101
10
748626.940000122
20
8930424.08499672
30
199.231999998927
40
0.3
41
1.0
50
0.0
51
0.0
7
Standard
11
748626.940000122
21
8930424.08499672
31
199.231999998927
210
0.0
220
0.0
230
1.0
72
0
100
AcDbText
73
0
0
TEXT
5
3BC
330
1A
100
AcDbEntity
67
0
8
label
62
1
420
16711680
6
ByLayer
370
-1
48
1.0
60
0
100
AcDbText
1

10
748626.940000122
20
8930424.48499672
30
199.231999998927
40
0.3
41
1.0
50
0.0
51
0.0
7
Standard
11
748626.940000122
21
8930424.48499672
31
199.231999998927
210
0.0
220
0.0
230
1.0
72
0
100
AcDbText
73
0
0
TEXT
5
3BD
330
1A
100
AcDbEntity
67
0
8
Length
62
244
420
659967
6
ByLayer
370
-1
48
1.0
60
0
100
AcDbText
1
10.33
10
748626.940000122
20
8930422.9499967
30
199.231999998927
40
0.3
41
1.0
50
0.0
51
0.0
7
Standard
11
748626.940000122
21
8930422.9499967
31
199.231999998927
210
0.0
220
0.0
230
1.0
72
0
100
AcDbText
73
0
0
POLYLINE
5
3CA
330
1A
100
AcDbEntity
67
0
8
Real Hole
62
1
420
16711680
6
ByLayer
370
-1
48
1.0
60
0
100
AcDb3dPolyline
10
0.0
20
0.0
30
0.0
70
8
75
0
210
0.0
220
0.0
230
1.0
0
VERTEX
5
3BE
100
AcDbEntity
8
Real Hole
62
1
420
16711680
100
AcDbVertex
100
AcDb3dPolylineVertex
10
748626.940000122
20
8930423.7039967
30
199.231999998927
70
32
0
VERTEX
5
3BF
100
AcDbEntity
8
Real Hole
62
1
420
16711680
100
AcDbVertex
100
AcDb3dPolylineVertex
10
748626.969092479
20
8930423.4871147
30
198.256235783935
70
32
0
VERTEX
5
3C0
100
AcDbEntity
8
Real Hole
62
1
420
16711680
100
AcDbVertex
100
AcDb3dPolylineVertex
10
748627.010942494
20
8930423.26938148
30
197.281125074267
70
32
0
VERTEX
5
3C1
100
AcDbEntity
8
Real Hole
62
1
420
16711680
100
AcDbVertex
100
AcDb3dPolylineVertex
10
748627.059363013
20
8930423.04674499
30
196.307426815867
70
32
0
VERTEX
5
3C2
100
AcDbEntity
8
Real Hole
62
1
420
16711680
100
AcDbVertex
100
AcDb3dPolylineVertex
10
748627.083914196
20
8930422.80794512
30
195.336668377757
70
32
0
VERTEX
5
3C3
100
AcDbEntity
8
Real Hole
62
1
420
16711680
100
AcDbVertex
100
AcDb3dPolylineVertex
10
748627.123921459
20
8930422.54831498
30
194.371789103389
70
32
0
VERTEX
5
3C4
100
AcDbEntity
8
Real Hole
62
1
420
16711680
100
AcDbVertex
100
AcDb3dPolylineVertex
10
748627.17975693
20
8930422.31466596
30
193.401072626948
70
32
0
VERTEX
5
3C5
100
AcDbEntity
8
Real Hole
62
1
420
16711680
100
AcDbVertex
100
AcDb3dPolylineVertex
10
748627.22581852
20
8930422.08096759
30
192.429855471492
70
32
0
VERTEX
5
3C6
100
AcDbEntity
8
Real Hole
62
1
420
16711680
100
AcDbVertex
100
AcDb3dPolylineVertex
10
748627.256628578
20
8930421.82636695
30
191.463299876094
70
32
0
VERTEX
5
3C7
100
AcDbEntity
8
Real Hole
62
1
420
16711680
100
AcDbVertex
100
AcDb3dPolylineVertex
10
748627.312194651
20
8930421.5753098
30
190.496924048305
70
32
0
VERTEX
5
3C8
100
AcDbEntity
8
Real Hole
62
1
420
16711680
100
AcDbVertex
100
AcDb3dPolylineVertex
10
748627.32254309
20
8930421.5277677
30
190.302932387233
70
32
0
SEQEND
5
3C9
100
AcDbEntity
8
Real Hole
0
POINT
5
3CB
330
1A
100
AcDbEntity
67
0
8
Hole
62
244
420
659967
6
ByLayer
370
-1
48
1.0
60
0
100
AcDbPoint
10
748625.437999313
20
8930422.73199658
30
199.774999996662
39
0.0
210
0.0
220
0.0
230
1.0
50
360.0
0
LINE
5
3CC
330
1A
100
AcDbEntity
67
0
8
Theoretical Hole
62
244
420
659967
6
ByLayer
370
-1
48
1.0
60
0
100
AcDbLine
10
748625.437999313
20
8930422.73199658
30
199.774999996662
11
748626.644876068
21
8930420.16841321
31
189.353316864014
39
0.0
210
0.0
220
0.0
230
1.0
0
TEXT
5
3CD
330
1A
100
AcDbEntity
67
0
8
Number
62
244
420
659967
6
ByLayer
370
-1
48
1.0
60
0
100
AcDbText
1
102
10
748625.437999313
20
8930423.1129966
30
199.774999996662
40
0.3
41
1.0
50
0.0
51
0.0
7
Standard
11
748625.437999313
21
8930423.1129966
31
199.774999996662
210
0.0
220
0.0
230
1.0
72
0
100
AcDbText
73
0
0
TEXT
5
3CE
330
1A
100
AcDbEntity
67
0
8
label
62
1
420
16711680
6
ByLayer
370
-1
48
1.0
60
0
100
AcDbText
1

10
748625.437999313
20
8930423.5129966
30
199.774999996662
40
0.3
41
1.0
50
0.0
51
0.0
7
Standard
11
748625.437999313
21
8930423.5129966
31
199.774999996662
210
0.0
220
0.0
230
1.0
72
0
100
AcDbText
73
0
0
TEXT
5
3CF
330
1A
100
AcDbEntity
67
0
8
Length
62
244
420
659967
6
ByLayer
370
-1
48
1.0
60
0
100
AcDbText
1
10.80
10
748625.437999313
20
8930421.97799657
30
199.774999996662
40
0.3
41
1.0
50
0.0
51
0.0
7
Standard
11
748625.437999313
21
8930421.97799657
31
199.774999996662
210
0.0
220
0.0
230
1.0
72
0
100
AcDbText
73
0
0
POLYLINE
5
3DC
330
1A
100
AcDbEntity
67
0
8
Real Hole
62
1
420
16711680
6
ByLayer
370
-1
48
1.0
60
0
100
AcDb3dPolyline
10
0.0
20
0.0
30
0.0
70
8
75
0
210
0.0
220
0.0
230
1.0
0
VERTEX
5
3D0
100
AcDbEntity
8
Real Hole
62
1
420
16711680
100
AcDbVertex
100
AcDb3dPolylineVertex
10
748625.437999313
20
8930422.73199658
30
199.774999996662
70
32
0
VERTEX
5
3D1
100
AcDbEntity
8
Real Hole
62
1
420
16711680
100
AcDbVertex
100
AcDb3dPolylineVertex
10
748625.51235683
20
8930422.43942709
30
198.821651121616
70
32
0
VERTEX
5
3D2
100
AcDbEntity
8
Real Hole
62
1
420
16711680
100
AcDbVertex
100
AcDb3dPolylineVertex
10
748625.578035479
20
8930422.15607004
30
197.864888330936
70
32
0
VERTEX
5
3D3
100
AcDbEntity
8
Real Hole
62
1
420
16711680
100
AcDbVertex
100
AcDb3dPolylineVertex
10
748625.697108393
20
8930421.89087318
30
196.908074757099
70
32
0
VERTEX
5
3D4
100
AcDbEntity
8
Real Hole
62
1
420
16711680
100
AcDbVertex
100
AcDb3dPolylineVertex
10
748625.811269736
20
8930421.64571838
30
195.945335766315
70
32
0
VERTEX
5
3D5
100
AcDbEntity
8
Real Hole
62
1
420
16711680
100
AcDbVertex
100
AcDb3dPolylineVertex
10
748625.915857797
20
8930421.37663166
30
194.987915417194
70
32
0
VERTEX
5
3D6
100
AcDbEntity
8
Real Hole
62
1
420
16711680
100
AcDbVertex
100
AcDb3dPolylineVertex
10
748626.020789569
20
8930421.08421211
30
194.037399670124
70
32
0
VERTEX
5
3D7
100
AcDbEntity
8
Real Hole
62
1
420
16711680
100
AcDbVertex
100
AcDb3dPolylineVertex
10
748626.130952542
20
8930420.7857626
30
193.089353462696
70
32
0
VERTEX
5
3D8
100
AcDbEntity
8
Real Hole
62
1
420
16711680
100
AcDbVertex
100
AcDb3dPolylineVertex
10
748626.251470809
20
8930420.49779563
30
192.13932695055
70
32
0
VERTEX
5
3D9
100
AcDbEntity
8
Real Hole
62
1
420
16711680
100
AcDbVertex
100
AcDb3dPolylineVertex
10
748626.376811688
20
8930420.22665744
30
191.184981724262
70
32
0
VERTEX
5
3DA
100
AcDbEntity
8
Real Hole
62
1
420
16711680
100
AcDbVertex
100
AcDb3dPolylineVertex
10
748626.496273582
20
8930419.93825083
30
190.234955212116
70
32
0
SEQEND
5
3DB
100
AcDbEntity
8
Real Hole
0
POINT
5
3DD
330
1A
100
AcDbEntity
67
0
8
Hole
62
244
420
659967
6
ByLayer
370
-1
48
1.0
60
0
100
AcDbPoint
10
748623.988999908
20
8930422.06299786
30
199.96999998951
39
0.0
210
0.0
220
0.0
230
1.0
50
360.0
0
LINE
5
3DE
330
1A
100
AcDbEntity
67
0
8
Theoretical Hole
62
244
420
659967
6
ByLayer
370
-1
48
1.0
60
0
100
AcDbLine
10
748623.988999908
20
8930422.06299786
30
199.96999998951
11
748625.360688751
21
8930419.56480603
31
189.480271896362
39
0.0
210
0.0
220
0.0
230
1.0
0
TEXT
5
3DF
330
1A
100
AcDbEntity
67
0
8
Number
62
244
420
659967
6
ByLayer
370
-1
48
1.0
60
0
100
AcDbText
1
103
10
748623.988999908
20
8930422.44399788
30
199.96999998951
40
0.3
41
1.0
50
0.0
51
0.0
7
Standard
11
748623.988999908
21
8930422.44399788
31
199.96999998951
210
0.0
220
0.0
230
1.0
72
0
100
AcDbText
73
0
0
TEXT
5
3E0
330
1A
100
AcDbEntity
67
0
8
label
62
1
420
16711680
6
ByLayer
370
-1
48
1.0
60
0
100
AcDbText
1

10
748623.988999908
20
8930422.84399788
30
199.96999998951
40
0.3
41
1.0
50
0.0
51
0.0
7
Standard
11
748623.988999908
21
8930422.84399788
31
199.96999998951
210
0.0
220
0.0
230
1.0
72
0
100
AcDbText
73
0
0
TEXT
5
3E1
330
1A
100
AcDbEntity
67
0
8
Length
62
244
420
659967
6
ByLayer
370
-1
48
1.0
60
0
100
AcDbText
1
10.87
10
748623.988999908
20
8930421.30899786
30
199.96999998951
40
0.3
41
1.0
50
0.0
51
0.0
7
Standard
11
748623.988999908
21
8930421.30899786
31
199.96999998951
210
0.0
220
0.0
230
1.0
72
0
100
AcDbText
73
0
0
POLYLINE
5
3EE
330
1A
100
AcDbEntity
67
0
8
Real Hole
62
1
420
16711680
6
ByLayer
370
-1
48
1.0
60
0
100
AcDb3dPolyline
10
0.0
20
0.0
30
0.0
70
8
75
0
210
0.0
220
0.0
230
1.0
0
VERTEX
5
3E2
100
AcDbEntity
8
Real Hole
62
1
420
16711680
100
AcDbVertex
100
AcDb3dPolylineVertex
10
748623.988999908
20
8930422.06299786
30
199.96999998951
70
32
0
VERTEX
5
3E3
100
AcDbEntity
8
Real Hole
62
1
420
16711680
100
AcDbVertex
100
AcDb3dPolylineVertex
10
748624.119436776
20
8930421.83478068
30
199.005166789532
70
32
0
VERTEX
5
3E4
100
AcDbEntity
8
Real Hole
62
1
420
16711680
100
AcDbVertex
100
AcDb3dPolylineVertex
10
748624.248108482
20
8930421.62652479
30
198.035593112946
70
32
0
VERTEX
5
3E5
100
AcDbEntity
8
Real Hole
62
1
420
16711680
100
AcDbVertex
100
AcDb3dPolylineVertex
10
748624.373405819
20
8930421.40333884
30
197.068903645515
70
32
0
VERTEX
5
3E6
100
AcDbEntity
8
Real Hole
62
1
420
16711680
100
AcDbVertex
100
AcDb3dPolylineVertex
10
748624.485159075
20
8930421.16225659
30
196.10485454464
70
32
0
VERTEX
5
3E7
100
AcDbEntity
8
Real Hole
62
1
420
16711680
100
AcDbVertex
100
AcDb3dPolylineVertex
10
748624.60019589
20
8930420.88966088
30
195.149627884865
70
32
0
VERTEX
5
3E8
100
AcDbEntity
8
Real Hole
62
1
420
16711680
100
AcDbVertex
100
AcDb3dPolylineVertex
10
748624.728535002
20
8930420.63236492
30
194.191855629921
70
32
0
VERTEX
5
3E9
100
AcDbEntity
8
Real Hole
62
1
420
16711680
100
AcDbVertex
100
AcDb3dPolylineVertex
10
748624.863491481
20
8930420.37961392
30
193.23378249073
70
32
0
VERTEX
5
3EA
100
AcDbEntity
8
Real Hole
62
1
420
16711680
100
AcDbVertex
100
AcDb3dPolylineVertex
10
748624.992064183
20
8930420.14112775
30
192.27118559742
70
32
0
VERTEX
5
3EB
100
AcDbEntity
8
Real Hole
62
1
420
16711680
100
AcDbVertex
100
AcDb3dPolylineVertex
10
748625.126769608
20
8930419.91207771
30
191.307136258125
70
32
0
VERTEX
5
3EC
100
AcDbEntity
8
Real Hole
62
1
420
16711680
100
AcDbVertex
100
AcDb3dPolylineVertex
10
748625.253870075
20
8930419.66843943
30
190.34563418293
70
32
0
SEQEND
5
3ED
100
AcDbEntity
8
Real Hole
0
POINT
5
3EF
330
1A
100
AcDbEntity
67
0
8
Hole
62
244
420
659967
6
ByLayer
370
-1
48
1.0
60
0
100
AcDbPoint
10
748622.813999718
20
8930421.33600049
30
199.94000001812
39
0.0
210
0.0
220
0.0
230
1.0
50
360.0
0
LINE
5
3F0
330
1A
100
AcDbEntity
67
0
8
Theoretical Hole
62
244
420
659967
6
ByLayer
370
-1
48
1.0
60
0
100
AcDbLine
10
748622.813999718
20
8930421.33600049
30
199.94000001812
11
748624.3151632
21
8930418.99679761
31
189.545180877686
39
0.0
210
0.0
220
0.0
230
1.0
0
TEXT
5
3F1
330
1A
100
AcDbEntity
67
0
8
Number
62
244
420
659967
6
ByLayer
370
-1
48
1.0
60
0
100
AcDbText
1
104
10
748622.813999718
20
8930421.7170005
30
199.94000001812
40
0.3
41
1.0
50
0.0
51
0.0
7
Standard
11
748622.813999718
21
8930421.7170005
31
199.94000001812
210
0.0
220
0.0
230
1.0
72
0
100
AcDbText
73
0
0
TEXT
5
3F2
330
1A
100
AcDbEntity
67
0
8
label
62
1
420
16711680
6
ByLayer
370
-1
48
1.0
60
0
100
AcDbText
1

10
748622.813999718
20
8930422.1170005
30
199.94000001812
40
0.3
41
1.0
50
0.0
51
0.0
7
Standard
11
748622.813999718
21
8930422.1170005
31
199.94000001812
210
0.0
220
0.0
230
1.0
72
0
100
AcDbText
73
0
0
TEXT
5
3F3
330
1A
100
AcDbEntity
67
0
8
Length
62
244
420
659967
6
ByLayer
370
-1
48
1.0
60
0
100
AcDbText
1
10.76
10
748622.813999718
20
8930420.58200048
30
199.94000001812
40
0.3
41
1.0
50
0.0
51
0.0
7
Standard
11
748622.813999718
21
8930420.58200048
31
199.94000001812
210
0.0
220
0.0
230
1.0
72
0
100
AcDbText
73
0
0
POLYLINE
5
400
330
1A
100
AcDbEntity
67
0
8
Real Hole
62
1
420
16711680
6
ByLayer
370
-1
48
1.0
60
0
100
AcDb3dPolyline
10
0.0
20
0.0
30
0.0
70
8
75
0
210
0.0
220
0.0
230
1.0
0
VERTEX
5
3F4
100
AcDbEntity
8
Real Hole
62
1
420
16711680
100
AcDbVertex
100
AcDb3dPolylineVertex
10
748622.813999718
20
8930421.33600049
30
199.94000001812
70
32
0
VERTEX
5
3F5
100
AcDbEntity
8
Real Hole
62
1
420
16711680
100
AcDbVertex
100
AcDb3dPolylineVertex
10
748622.907291306
20
8930421.07093702
30
198.980292757988
70
32
0
VERTEX
5
3F6
100
AcDbEntity
8
Real Hole
62
1
420
16711680
100
AcDbVertex
100
AcDb3dPolylineVertex
10
748623.014512052
20
8930420.80793809
30
198.021473011017
70
32
0
VERTEX
5
3F7
100
AcDbEntity
8
Real Hole
62
1
420
16711680
100
AcDbVertex
100
AcDb3dPolylineVertex
10
748623.122070497
20
8930420.55926614
30
197.058875760078
70
32
0
VERTEX
5
3F8
100
AcDbEntity
8
Real Hole
62
1
420
16711680
100
AcDbVertex
100
AcDb3dPolylineVertex
10
748623.22696579
20
8930420.29911845
30
196.099021634102
70
32
0
VERTEX
5
3F9
100
AcDbEntity
8
Real Hole
62
1
420
16711680
100
AcDbVertex
100
AcDb3dPolylineVertex
10
748623.314712172
20
8930420.0404778
30
195.137041529655
70
32
0
VERTEX
5
3FA
100
AcDbEntity
8
Real Hole
62
1
420
16711680
100
AcDbVertex
100
AcDb3dPolylineVertex
10
748623.423625653
20
8930419.77636473
30
194.178719004631
70
32
0
VERTEX
5
3FB
100
AcDbEntity
8
Real Hole
62
1
420
16711680
100
AcDbVertex
100
AcDb3dPolylineVertex
10
748623.538817649
20
8930419.51969151
30
193.219109972954
70
32
0
VERTEX
5
3FC
100
AcDbEntity
8
Real Hole
62
1
420
16711680
100
AcDbVertex
100
AcDb3dPolylineVertex
10
748623.655784433
20
8930419.2608798
30
192.260290106773
70
32
0
VERTEX
5
3FD
100
AcDbEntity
8
Real Hole
62
1
420
16711680
100
AcDbVertex
100
AcDb3dPolylineVertex
10
748623.765941744
20
8930419.02518396
30
191.294726809502
70
32
0
VERTEX
5
3FE
100
AcDbEntity
8
Real Hole
62
1
420
16711680
100
AcDbVertex
100
AcDb3dPolylineVertex
10
748623.877143806
20
8930418.79109864
30
190.328891238213
70
32
0
SEQEND
5
3FF
100
AcDbEntity
8
Real Hole
0
POINT
5
401
330
1A
100
AcDbEntity
67
0
8
Hole
62
244
420
659967
6
ByLayer
370
-1
48
1.0
60
0
100
AcDbPoint
10
748621.681999748
20
8930420.48199658
30
199.92600001955
39
0.0
210
0.0
220
0.0
230
1.0
50
360.0
0
LINE
5
402
330
1A
100
AcDbEntity
67
0
8
Theoretical Hole
62
244
420
659967
6
ByLayer
370
-1
48
1.0
60
0
100
AcDbLine
10
748621.681999748
20
8930420.48199658
30
199.92600001955
11
748623.350510185
21
8930418.32863812
31
189.878751358032
39
0.0
210
0.0
220
0.0
230
1.0
0
TEXT
5
403
330
1A
100
AcDbEntity
67
0
8
Number
62
244
420
659967
6
ByLayer
370
-1
48
1.0
60
0
100
AcDbText
1
105
10
748621.681999748
20
8930420.8629966
30
199.92600001955
40
0.3
41
1.0
50
0.0
51
0.0
7
Standard
11
748621.681999748
21
8930420.8629966
31
199.92600001955
210
0.0
220
0.0
230
1.0
72
0
100
AcDbText
73
0
0
TEXT
5
404
330
1A
100
AcDbEntity
67
0
8
label
62
1
420
16711680
6
ByLayer
370
-1
48
1.0
60
0
100
AcDbText
1

10
748621.681999748
20
8930421.2629966
30
199.92600001955
40
0.3
41
1.0
50
0.0
51
0.0
7
Standard
11
748621.681999748
21
8930421.2629966
31
199.92600001955
210
0.0
220
0.0
230
1.0
72
0
100
AcDbText
73
0
0
TEXT
5
405
330
1A
100
AcDbEntity
67
0
8
Length
62
244
420
659967
6
ByLayer
370
-1
48
1.0
60
0
100
AcDbText
1
10.41
10
748621.681999748
20
8930419.72799657
30
199.92600001955
40
0.3
41
1.0
50
0.0
51
0.0
7
Standard
11
748621.681999748
21
8930419.72799657
31
199.92600001955
210
0.0
220
0.0
230
1.0
72
0
100
AcDbText
73
0
0
POLYLINE
5
412
330
1A
100
AcDbEntity
67
0
8
Real Hole
62
1
420
16711680
6
ByLayer
370
-1
48
1.0
60
0
100
AcDb3dPolyline
10
0.0
20
0.0
30
0.0
70
8
75
0
210
0.0
220
0.0
230
1.0
0
VERTEX
5
406
100
AcDbEntity
8
Real Hole
62
1
420
16711680
100
AcDbVertex
100
AcDb3dPolylineVertex
10
748621.681999748
20
8930420.48199658
30
199.92600001955
70
32
0
VERTEX
5
407
100
AcDbEntity
8
Real Hole
62
1
420
16711680
100
AcDbVertex
100
AcDb3dPolylineVertex
10
748621.717292102
20
8930420.16283302
30
198.978957733154
70
32
0
VERTEX
5
408
100
AcDbEntity
8
Real Hole
62
1
420
16711680
100
AcDbVertex
100
AcDb3dPolylineVertex
10
748621.754108345
20
8930419.83304988
30
198.035619160175
70
32
0
VERTEX
5
409
100
AcDbEntity
8
Real Hole
62
1
420
16711680
100
AcDbVertex
100
AcDb3dPolylineVertex
10
748621.829769348
20
8930419.51741366
30
197.089760204792
70
32
0
VERTEX
5
40A
100
AcDbEntity
8
Real Hole
62
1
420
16711680
100
AcDbVertex
100
AcDb3dPolylineVertex
10
748621.912791183
20
8930419.20005088
30
196.145097157001
70
32
0
VERTEX
5
40B
100
AcDbEntity
8
Real Hole
62
1
420
16711680
100
AcDbVertex
100
AcDb3dPolylineVertex
10
748621.977121746
20
8930418.85497134
30
195.208731075764
70
32
0
VERTEX
5
40C
100
AcDbEntity
8
Real Hole
62
1
420
16711680
100
AcDbVertex
100
AcDb3dPolylineVertex
10
748622.062280004
20
8930418.51443295
30
194.272364517689
70
32
0
VERTEX
5
40D
100
AcDbEntity
8
Real Hole
62
1
420
16711680
100
AcDbVertex
100
AcDb3dPolylineVertex
10
748622.144147103
20
8930418.16621094
30
193.338534256458
70
32
0
VERTEX
5
40E
100
AcDbEntity
8
Real Hole
62
1
420
16711680
100
AcDbVertex
100
AcDb3dPolylineVertex
10
748622.218732183
20
8930417.84185629
30
192.395543953419
70
32
0
VERTEX
5
40F
100
AcDbEntity
8
Real Hole
62
1
420
16711680
100
AcDbVertex
100
AcDb3dPolylineVertex
10
748622.316531425
20
8930417.51874475
30
191.454249760151
70
32
0
VERTEX
5
410
100
AcDbEntity
8
Real Hole
62
1
420
16711680
100
AcDbVertex
100
AcDb3dPolylineVertex
10
748622.353113299
20
8930417.3844717
30
191.079240223408
70
32
0
SEQEND
5
411
100
AcDbEntity
8
Real Hole
0
POINT
5
413
330
1A
100
AcDbEntity
67
0
8
Hole
62
244
420
659967
6
ByLayer
370
-1
48
1.0
60
0
100
AcDbPoint
10
748620.584000175
20
8930419.55999951
30
200.151999970913
39
0.0
210
0.0
220
0.0
230
1.0
50
360.0
0
LINE
5
414
330
1A
100
AcDbEntity
67
0
8
Theoretical Hole
62
244
420
659967
6
ByLayer
370
-1
48
1.0
60
0
100
AcDbLine
10
748620.584000175
20
8930419.55999951
30
200.151999970913
11
748622.399221962
21
8930417.5347691
31
190.072466453552
39
0.0
210
0.0
220
0.0
230
1.0
0
TEXT
5
415
330
1A
100
AcDbEntity
67
0
8
Number
62
244
420
659967
6
ByLayer
370
-1
48
1.0
60
0
100
AcDbText
1
106
10
748620.584000175
20
8930419.94099952
30
200.151999970913
40
0.3
41
1.0
50
0.0
51
0.0
7
Standard
11
748620.584000175
21
8930419.94099952
31
200.151999970913
210
0.0
220
0.0
230
1.0
72
0
100
AcDbText
73
0
0
TEXT
5
416
330
1A
100
AcDbEntity
67
0
8
label
62
1
420
16711680
6
ByLayer
370
-1
48
1.0
60
0
100
AcDbText
1

10
748620.584000175
20
8930420.34099953
30
200.151999970913
40
0.3
41
1.0
50
0.0
51
0.0
7
Standard
11
748620.584000175
21
8930420.34099953
31
200.151999970913
210
0.0
220
0.0
230
1.0
72
0
100
AcDbText
73
0
0
TEXT
5
417
330
1A
100
AcDbEntity
67
0
8
Length
62
244
420
659967
6
ByLayer
370
-1
48
1.0
60
0
100
AcDbText
1
10.44
10
748620.584000175
20
8930418.8059995
30
200.151999970913
40
0.3
41
1.0
50
0.0
51
0.0
7
Standard
11
748620.584000175
21
8930418.8059995
31
200.151999970913
210
0.0
220
0.0
230
1.0
72
0
100
AcDbText
73
0
0
POLYLINE
5
424
330
1A
100
AcDbEntity
67
0
8
Real Hole
62
1
420
16711680
6
ByLayer
370
-1
48
1.0
60
0
100
AcDb3dPolyline
10
0.0
20
0.0
30
0.0
70
8
75
0
210
0.0
220
0.0
230
1.0
0
VERTEX
5
418
100
AcDbEntity
8
Real Hole
62
1
420
16711680
100
AcDbVertex
100
AcDb3dPolylineVertex
10
748620.584000175
20
8930419.55999951
30
200.151999970913
70
32
0
VERTEX
5
419
100
AcDbEntity
8
Real Hole
62
1
420
16711680
100
AcDbVertex
100
AcDb3dPolylineVertex
10
748620.788023715
20
8930419.34228006
30
199.197551092148
70
32
0
VERTEX
5
41A
100
AcDbEntity
8
Real Hole
62
1
420
16711680
100
AcDbVertex
100
AcDb3dPolylineVertex
10
748620.992904847
20
8930419.11719756
30
198.244995852947
70
32
0
VERTEX
5
41B
100
AcDbEntity
8
Real Hole
62
1
420
16711680
100
AcDbVertex
100
AcDb3dPolylineVertex
10
748621.168637579
20
8930418.86706238
30
197.292866488934
70
32
0
VERTEX
5
41C
100
AcDbEntity
8
Real Hole
62
1
420
16711680
100
AcDbVertex
100
AcDb3dPolylineVertex
10
748621.345085567
20
8930418.62295042
30
196.339307090282
70
32
0
VERTEX
5
41D
100
AcDbEntity
8
Real Hole
62
1
420
16711680
100
AcDbVertex
100
AcDb3dPolylineVertex
10
748621.530562585
20
8930418.37165098
30
195.389335175991
70
32
0
VERTEX
5
41E
100
AcDbEntity
8
Real Hole
62
1
420
16711680
100
AcDbVertex
100
AcDb3dPolylineVertex
10
748621.678807443
20
8930418.11175005
30
194.435146829128
70
32
0
VERTEX
5
41F
100
AcDbEntity
8
Real Hole
62
1
420
16711680
100
AcDbVertex
100
AcDb3dPolylineVertex
10
748621.858216231
20
8930417.82850115
30
193.493031045437
70
32
0
VERTEX
5
420
100
AcDbEntity
8
Real Hole
62
1
420
16711680
100
AcDbVertex
100
AcDb3dPolylineVertex
10
748622.044399446
20
8930417.55861335
30
192.548310777187
70
32
0
VERTEX
5
421
100
AcDbEntity
8
Real Hole
62
1
420
16711680
100
AcDbVertex
100
AcDb3dPolylineVertex
10
748622.224083131
20
8930417.30679874
30
191.597362061977
70
32
0
VERTEX
5
422
100
AcDbEntity
8
Real Hole
62
1
420
16711680
100
AcDbVertex
100
AcDb3dPolylineVertex
10
748622.366741961
20
8930417.1034389
30
190.836905976772
70
32
0
SEQEND
5
423
100
AcDbEntity
8
Real Hole
0
POINT
5
425
330
1A
100
AcDbEntity
67
0
8
Hole
62
244
420
659967
6
ByLayer
370
-1
48
1.0
60
0
100
AcDbPoint
10
748619.452999657
20
8930418.32200055
30
200.098999997616
39
0.0
210
0.0
220
0.0
230
1.0
50
360.0
0
LINE
5
426
330
1A
100
AcDbEntity
67
0
8
Theoretical Hole
62
244
420
659967
6
ByLayer
370
-1
48
1.0
60
0
100
AcDbLine
10
748619.452999657
20
8930418.32200055
30
200.098999997616
11
748621.270560806
21
8930416.29416089
31
189.740985473633
39
0.0
210
0.0
220
0.0
230
1.0
0
TEXT
5
427
330
1A
100
AcDbEntity
67
0
8
Number
62
244
420
659967
6
ByLayer
370
-1
48
1.0
60
0
100
AcDbText
1
107
10
748619.452999657
20
8930418.70300056
30
200.098999997616
40
0.3
41
1.0
50
0.0
51
0.0
7
Standard
11
748619.452999657
21
8930418.70300056
31
200.098999997616
210
0.0
220
0.0
230
1.0
72
0
100
AcDbText
73
0
0
TEXT
5
428
330
1A
100
AcDbEntity
67
0
8
label
62
1
420
16711680
6
ByLayer
370
-1
48
1.0
60
0
100
AcDbText
1

10
748619.452999657
20
8930419.10300056
30
200.098999997616
40
0.3
41
1.0
50
0.0
51
0.0
7
Standard
11
748619.452999657
21
8930419.10300056
31
200.098999997616
210
0.0
220
0.0
230
1.0
72
0
100
AcDbText
73
0
0
TEXT
5
429
330
1A
100
AcDbEntity
67
0
8
Length
62
244
420
659967
6
ByLayer
370
-1
48
1.0
60
0
100
AcDbText
1
10.71
10
748619.452999657
20
8930417.56800054
30
200.098999997616
40
0.3
41
1.0
50
0.0
51
0.0
7
Standard
11
748619.452999657
21
8930417.56800054
31
200.098999997616
210
0.0
220
0.0
230
1.0
72
0
100
AcDbText
73
0
0
POLYLINE
5
436
330
1A
100
AcDbEntity
67
0
8
Real Hole
62
1
420
16711680
6
ByLayer
370
-1
48
1.0
60
0
100
AcDb3dPolyline
10
0.0
20
0.0
30
0.0
70
8
75
0
210
0.0
220
0.0
230
1.0
0
VERTEX
5
42A
100
AcDbEntity
8
Real Hole
62
1
420
16711680
100
AcDbVertex
100
AcDb3dPolylineVertex
10
748619.452999657
20
8930418.32200055
30
200.098999997616
70
32
0
VERTEX
5
42B
100
AcDbEntity
8
Real Hole
62
1
420
16711680
100
AcDbVertex
100
AcDb3dPolylineVertex
10
748619.627906104
20
8930418.05864544
30
199.150289377213
70
32
0
VERTEX
5
42C
100
AcDbEntity
8
Real Hole
62
1
420
16711680
100
AcDbVertex
100
AcDb3dPolylineVertex
10
748619.792021608
20
8930417.80746816
30
198.196362754345
70
32
0
VERTEX
5
42D
100
AcDbEntity
8
Real Hole
62
1
420
16711680
100
AcDbVertex
100
AcDb3dPolylineVertex
10
748619.98106951
20
8930417.54301898
30
197.250673791409
70
32
0
VERTEX
5
42E
100
AcDbEntity
8
Real Hole
62
1
420
16711680
100
AcDbVertex
100
AcDb3dPolylineVertex
10
748620.151289707
20
8930417.31129234
30
196.292901536465
70
32
0
VERTEX
5
42F
100
AcDbEntity
8
Real Hole
62
1
420
16711680
100
AcDbVertex
100
AcDb3dPolylineVertex
10
748620.342031186
20
8930417.04846983
30
195.347099324703
70
32
0
VERTEX
5
430
100
AcDbEntity
8
Real Hole
62
1
420
16711680
100
AcDbVertex
100
AcDb3dPolylineVertex
10
748620.515304153
20
8930416.78206019
30
194.398942014217
70
32
0
VERTEX
5
431
100
AcDbEntity
8
Real Hole
62
1
420
16711680
100
AcDbVertex
100
AcDb3dPolylineVertex
10
748620.701082056
20
8930416.47866051
30
193.464364072323
70
32
0
VERTEX
5
432
100
AcDbEntity
8
Real Hole
62
1
420
16711680
100
AcDbVertex
100
AcDb3dPolylineVertex
10
748620.879881089
20
8930416.19560962
30
192.522072812557
70
32
0
VERTEX
5
433
100
AcDbEntity
8
Real Hole
62
1
420
16711680
100
AcDbVertex
100
AcDb3dPolylineVertex
10
748621.060370629
20
8930415.92902784
30
191.575310727596
70
32
0
VERTEX
5
434
100
AcDbEntity
8
Real Hole
62
1
420
16711680
100
AcDbVertex
100
AcDb3dPolylineVertex
10
748621.243539756
20
8930415.66528563
30
190.628269216061
70
32
0
SEQEND
5
435
100
AcDbEntity
8
Real Hole
0
POINT
5
437
330
1A
100
AcDbEntity
67
0
8
Hole
62
244
420
659967
6
ByLayer
370
-1
48
1.0
60
0
100
AcDbPoint
10
748618.296000069
20
8930417.21299939
30
199.763000002146
39
0.0
210
0.0
220
0.0
230
1.0
50
360.0
0
LINE
5
438
330
1A
100
AcDbEntity
67
0
8
Theoretical Hole
62
244
420
659967
6
ByLayer
370
-1
48
1.0
60
0
100
AcDbLine
10
748618.296000069
20
8930417.21299939
30
199.763000002146
11
748620.115370338
21
8930415.18314175
31
189.71622618103
39
0.0
210
0.0
220
0.0
230
1.0
0
TEXT
5
439
330
1A
100
AcDbEntity
67
0
8
Number
62
244
420
659967
6
ByLayer
370
-1
48
1.0
60
0
100
AcDbText
1
108
10
748618.296000069
20
8930417.5939994
30
199.763000002146
40
0.3
41
1.0
50
0.0
51
0.0
7
Standard
11
748618.296000069
21
8930417.5939994
31
199.763000002146
210
0.0
220
0.0
230
1.0
72
0
100
AcDbText
73
0
0
TEXT
5
43A
330
1A
100
AcDbEntity
67
0
8
label
62
1
420
16711680
6
ByLayer
370
-1
48
1.0
60
0
100
AcDbText
1

10
748618.296000069
20
8930417.9939994
30
199.763000002146
40
0.3
41
1.0
50
0.0
51
0.0
7
Standard
11
748618.296000069
21
8930417.9939994
31
199.763000002146
210
0.0
220
0.0
230
1.0
72
0
100
AcDbText
73
0
0
TEXT
5
43B
330
1A
100
AcDbEntity
67
0
8
Length
62
244
420
659967
6
ByLayer
370
-1
48
1.0
60
0
100
AcDbText
1
10.41
10
748618.296000069
20
8930416.45899938
30
199.763000002146
40
0.3
41
1.0
50
0.0
51
0.0
7
Standard
11
748618.296000069
21
8930416.45899938
31
199.763000002146
210
0.0
220
0.0
230
1.0
72
0
100
AcDbText
73
0
0
POLYLINE
5
448
330
1A
100
AcDbEntity
67
0
8
Real Hole
62
1
420
16711680
6
ByLayer
370
-1
48
1.0
60
0
100
AcDb3dPolyline
10
0.0
20
0.0
30
0.0
70
8
75
0
210
0.0
220
0.0
230
1.0
0
VERTEX
5
43C
100
AcDbEntity
8
Real Hole
62
1
420
16711680
100
AcDbVertex
100
AcDb3dPolylineVertex
10
748618.296000069
20
8930417.21299939
30
199.763000002146
70
32
0
VERTEX
5
43D
100
AcDbEntity
8
Real Hole
62
1
420
16711680
100
AcDbVertex
100
AcDb3dPolylineVertex
10
748618.423411255
20
8930416.95337971
30
198.805730989218
70
32
0
VERTEX
5
43E
100
AcDbEntity
8
Real Hole
62
1
420
16711680
100
AcDbVertex
100
AcDb3dPolylineVertex
10
748618.558108365
20
8930416.71520646
30
197.843894114733
70
32
0
VERTEX
5
43F
100
AcDbEntity
8
Real Hole
62
1
420
16711680
100
AcDbVertex
100
AcDb3dPolylineVertex
10
748618.710838353
20
8930416.47021692
30
196.886473646402
70
32
0
VERTEX
5
440
100
AcDbEntity
8
Real Hole
62
1
420
16711680
100
AcDbVertex
100
AcDb3dPolylineVertex
10
748618.858108466
20
8930416.22346281
30
195.928651323557
70
32
0
VERTEX
5
441
100
AcDbEntity
8
Real Hole
62
1
420
16711680
100
AcDbVertex
100
AcDb3dPolylineVertex
10
748619.003984337
20
8930415.9745249
30
194.971180429697
70
32
0
VERTEX
5
442
100
AcDbEntity
8
Real Hole
62
1
420
16711680
100
AcDbVertex
100
AcDb3dPolylineVertex
10
748619.130044466
20
8930415.70832364
30
194.015541544199
70
32
0
VERTEX
5
443
100
AcDbEntity
8
Real Hole
62
1
420
16711680
100
AcDbVertex
100
AcDb3dPolylineVertex
10
748619.26661635
20
8930415.41861884
30
193.068219652414
70
32
0
VERTEX
5
444
100
AcDbEntity
8
Real Hole
62
1
420
16711680
100
AcDbVertex
100
AcDb3dPolylineVertex
10
748619.401638215
20
8930415.13129263
30
192.119951238871
70
32
0
VERTEX
5
445
100
AcDbEntity
8
Real Hole
62
1
420
16711680
100
AcDbVertex
100
AcDb3dPolylineVertex
10
748619.534770434
20
8930414.84290342
30
191.171738138437
70
32
0
VERTEX
5
446
100
AcDbEntity
8
Real Hole
62
1
420
16711680
100
AcDbVertex
100
AcDb3dPolylineVertex
10
748619.635463779
20
8930414.61916404
30
190.410291185617
70
32
0
SEQEND
5
447
100
AcDbEntity
8
Real Hole
0
POINT
5
449
330
1A
100
AcDbEntity
67
0
8
Hole
62
244
420
659967
6
ByLayer
370
-1
48
1.0
60
0
100
AcDbPoint
10
748617.033000057
20
8930416.64100079
30
200.103999992847
39
0.0
210
0.0
220
0.0
230
1.0
50
360.0
0
LINE
5
44A
330
1A
100
AcDbEntity
67
0
8
Theoretical Hole
62
244
420
659967
6
ByLayer
370
-1
48
1.0
60
0
100
AcDbLine
10
748617.033000057
20
8930416.64100079
30
200.103999992847
11
748618.853848045
21
8930414.60949139
31
189.943887313843
39
0.0
210
0.0
220
0.0
230
1.0
0
TEXT
5
44B
330
1A
100
AcDbEntity
67
0
8
Number
62
244
420
659967
6
ByLayer
370
-1
48
1.0
60
0
100
AcDbText
1
109
10
748617.033000057
20
8930417.02200081
30
200.103999992847
40
0.3
41
1.0
50
0.0
51
0.0
7
Standard
11
748617.033000057
21
8930417.02200081
31
200.103999992847
210
0.0
220
0.0
230
1.0
72
0
100
AcDbText
73
0
0
TEXT
5
44C
330
1A
100
AcDbEntity
67
0
8
label
62
1
420
16711680
6
ByLayer
370
-1
48
1.0
60
0
100
AcDbText
1

10
748617.033000057
20
8930417.42200081
30
200.103999992847
40
0.3
41
1.0
50
0.0
51
0.0
7
Standard
11
748617.033000057
21
8930417.42200081
31
200.103999992847
210
0.0
220
0.0
230
1.0
72
0
100
AcDbText
73
0
0
TEXT
5
44D
330
1A
100
AcDbEntity
67
0
8
Length
62
244
420
659967
6
ByLayer
370
-1
48
1.0
60
0
100
AcDbText
1
10.52
10
748617.033000057
20
8930415.88700079
30
200.103999992847
40
0.3
41
1.0
50
0.0
51
0.0
7
Standard
11
748617.033000057
21
8930415.88700079
31
200.103999992847
210
0.0
220
0.0
230
1.0
72
0
100
AcDbText
73
0
0
POLYLINE
5
45A
330
1A
100
AcDbEntity
67
0
8
Real Hole
62
1
420
16711680
6
ByLayer
370
-1
48
1.0
60
0
100
AcDb3dPolyline
10
0.0
20
0.0
30
0.0
70
8
75
0
210
0.0
220
0.0
230
1.0
0
VERTEX
5
44E
100
AcDbEntity
8
Real Hole
62
1
420
16711680
100
AcDbVertex
100
AcDb3dPolylineVertex
10
748617.033000057
20
8930416.64100079
30
200.103999992847
70
32
0
VERTEX
5
44F
100
AcDbEntity
8
Real Hole
62
1
420
16711680
100
AcDbVertex
100
AcDb3dPolylineVertex
10
748617.157482734
20
8930416.49571304
30
199.12247284317
70
32
0
VERTEX
5
450
100
AcDbEntity
8
Real Hole
62
1
420
16711680
100
AcDbVertex
100
AcDb3dPolylineVertex
10
748617.278723633
20
8930416.34837426
30
198.140845676899
70
32
0
VERTEX
5
451
100
AcDbEntity
8
Real Hole
62
1
420
16711680
100
AcDbVertex
100
AcDb3dPolylineVertex
10
748617.4105731
20
8930416.18916549
30
197.162444731235
70
32
0
VERTEX
5
452
100
AcDbEntity
8
Real Hole
62
1
420
16711680
100
AcDbVertex
100
AcDb3dPolylineVertex
10
748617.528549766
20
8930416.02654593
30
196.182834526539
70
32
0
VERTEX
5
453
100
AcDbEntity
8
Real Hole
62
1
420
16711680
100
AcDbVertex
100
AcDb3dPolylineVertex
10
748617.647360986
20
8930415.85013555
30
195.205714603901
70
32
0
VERTEX
5
454
100
AcDbEntity
8
Real Hole
62
1
420
16711680
100
AcDbVertex
100
AcDb3dPolylineVertex
10
748617.779856389
20
8930415.67576896
30
194.229988476276
70
32
0
VERTEX
5
455
100
AcDbEntity
8
Real Hole
62
1
420
16711680
100
AcDbVertex
100
AcDb3dPolylineVertex
10
748617.914680605
20
8930415.50492923
30
193.253957649708
70
32
0
VERTEX
5
456
100
AcDbEntity
8
Real Hole
62
1
420
16711680
100
AcDbVertex
100
AcDb3dPolylineVertex
10
748618.052502935
20
8930415.33738034
30
192.277775188923
70
32
0
VERTEX
5
457
100
AcDbEntity
8
Real Hole
62
1
420
16711680
100
AcDbVertex
100
AcDb3dPolylineVertex
10
748618.195297664
20
8930415.17224257
30
191.301896950245
70
32
0
VERTEX
5
458
100
AcDbEntity
8
Real Hole
62
1
420
16711680
100
AcDbVertex
100
AcDb3dPolylineVertex
10
748618.328849619
20
8930415.01828329
30
190.322886368275
70
32
0
SEQEND
5
459
100
AcDbEntity
8
Real Hole
0
POINT
5
45B
330
1A
100
AcDbEntity
67
0
8
Hole
62
244
420
659967
6
ByLayer
370
-1
48
1.0
60
0
100
AcDbPoint
10
748615.893000191
20
8930415.77800183
30
199.997999986649
39
0.0
210
0.0
220
0.0
230
1.0
50
360.0
0
LINE
5
45C
330
1A
100
AcDbEntity
67
0
8
Theoretical Hole
62
244
420
659967
6
ByLayer
370
-1
48
1.0
60
0
100
AcDbLine
10
748615.893000191
20
8930415.77800183
30
199.997999986649
11
748617.716440742
21
8930413.74360089
31
190.004708847046
39
0.0
210
0.0
220
0.0
230
1.0
0
TEXT
5
45D
330
1A
100
AcDbEntity
67
0
8
Number
62
244
420
659967
6
ByLayer
370
-1
48
1.0
60
0
100
AcDbText
1
110
10
748615.893000191
20
8930416.15900184
30
199.997999986649
40
0.3
41
1.0
50
0.0
51
0.0
7
Standard
11
748615.893000191
21
8930416.15900184
31
199.997999986649
210
0.0
220
0.0
230
1.0
72
0
100
AcDbText
73
0
0
TEXT
5
45E
330
1A
100
AcDbEntity
67
0
8
label
62
1
420
16711680
6
ByLayer
370
-1
48
1.0
60
0
100
AcDbText
1

10
748615.893000191
20
8930416.55900184
30
199.997999986649
40
0.3
41
1.0
50
0.0
51
0.0
7
Standard
11
748615.893000191
21
8930416.55900184
31
199.997999986649
210
0.0
220
0.0
230
1.0
72
0
100
AcDbText
73
0
0
TEXT
5
45F
330
1A
100
AcDbEntity
67
0
8
Length
62
244
420
659967
6
ByLayer
370
-1
48
1.0
60
0
100
AcDbText
1
10.36
10
748615.893000191
20
8930415.02400182
30
199.997999986649
40
0.3
41
1.0
50
0.0
51
0.0
7
Standard
11
748615.893000191
21
8930415.02400182
31
199.997999986649
210
0.0
220
0.0
230
1.0
72
0
100
AcDbText
73
0
0
POLYLINE
5
46C
330
1A
100
AcDbEntity
67
0
8
Real Hole
62
1
420
16711680
6
ByLayer
370
-1
48
1.0
60
0
100
AcDb3dPolyline
10
0.0
20
0.0
30
0.0
70
8
75
0
210
0.0
220
0.0
230
1.0
0
VERTEX
5
460
100
AcDbEntity
8
Real Hole
62
1
420
16711680
100
AcDbVertex
100
AcDb3dPolylineVertex
10
748615.893000191
20
8930415.77800183
30
199.997999986649
70
32
0
VERTEX
5
461
100
AcDbEntity
8
Real Hole
62
1
420
16711680
100
AcDbVertex
100
AcDb3dPolylineVertex
10
748616.011944851
20
8930415.54415642
30
199.033029278755
70
32
0
VERTEX
5
462
100
AcDbEntity
8
Real Hole
62
1
420
16711680
100
AcDbVertex
100
AcDb3dPolylineVertex
10
748616.139622321
20
8930415.31457676
30
198.068150242805
70
32
0
VERTEX
5
463
100
AcDbEntity
8
Real Hole
62
1
420
16711680
100
AcDbVertex
100
AcDb3dPolylineVertex
10
748616.276392763
20
8930415.09544306
30
197.102089008331
70
32
0
VERTEX
5
464
100
AcDbEntity
8
Real Hole
62
1
420
16711680
100
AcDbVertex
100
AcDb3dPolylineVertex
10
748616.412941223
20
8930414.88597815
30
196.133853992462
70
32
0
VERTEX
5
465
100
AcDbEntity
8
Real Hole
62
1
420
16711680
100
AcDbVertex
100
AcDb3dPolylineVertex
10
748616.545403724
20
8930414.6851645
30
195.163221200943
70
32
0
VERTEX
5
466
100
AcDbEntity
8
Real Hole
62
1
420
16711680
100
AcDbVertex
100
AcDb3dPolylineVertex
10
748616.682600146
20
8930414.4623292
30
194.198067983627
70
32
0
VERTEX
5
467
100
AcDbEntity
8
Real Hole
62
1
420
16711680
100
AcDbVertex
100
AcDb3dPolylineVertex
10
748616.814721232
20
8930414.23274915
30
193.233787378311
70
32
0
VERTEX
5
468
100
AcDbEntity
8
Real Hole
62
1
420
16711680
100
AcDbVertex
100
AcDb3dPolylineVertex
10
748616.954500621
20
8930414.01112656
30
192.268724760056
70
32
0
VERTEX
5
469
100
AcDbEntity
8
Real Hole
62
1
420
16711680
100
AcDbVertex
100
AcDb3dPolylineVertex
10
748617.097680991
20
8930413.79249065
30
191.303479990005
70
32
0
VERTEX
5
46A
100
AcDbEntity
8
Real Hole
62
1
420
16711680
100
AcDbVertex
100
AcDb3dPolylineVertex
10
748617.220084374
20
8930413.59305911
30
190.434431871414
70
32
0
SEQEND
5
46B
100
AcDbEntity
8
Real Hole
0
POINT
5
46D
330
1A
100
AcDbEntity
67
0
8
Hole
62
244
420
659967
6
ByLayer
370
-1
48
1.0
60
0
100
AcDbPoint
10
748614.862000053
20
8930414.76099973
30
199.802000006676
39
0.0
210
0.0
220
0.0
230
1.0
50
360.0
0
LINE
5
46E
330
1A
100
AcDbEntity
67
0
8
Theoretical Hole
62
244
420
659967
6
ByLayer
370
-1
48
1.0
60
0
100
AcDbLine
10
748614.862000053
20
8930414.76099973
30
199.802000006676
11
748616.687211102
21
8930412.72462659
31
189.736877998352
39
0.0
210
0.0
220
0.0
230
1.0
0
TEXT
5
46F
330
1A
100
AcDbEntity
67
0
8
Number
62
244
420
659967
6
ByLayer
370
-1
48
1.0
60
0
100
AcDbText
1
111
10
748614.862000053
20
8930415.14199974
30
199.802000006676
40
0.3
41
1.0
50
0.0
51
0.0
7
Standard
11
748614.862000053
21
8930415.14199974
31
199.802000006676
210
0.0
220
0.0
230
1.0
72
0
100
AcDbText
73
0
0
TEXT
5
470
330
1A
100
AcDbEntity
67
0
8
label
62
1
420
16711680
6
ByLayer
370
-1
48
1.0
60
0
100
AcDbText
1

10
748614.862000053
20
8930415.54199974
30
199.802000006676
40
0.3
41
1.0
50
0.0
51
0.0
7
Standard
11
748614.862000053
21
8930415.54199974
31
199.802000006676
210
0.0
220
0.0
230
1.0
72
0
100
AcDbText
73
0
0
TEXT
5
471
330
1A
100
AcDbEntity
67
0
8
Length
62
244
420
659967
6
ByLayer
370
-1
48
1.0
60
0
100
AcDbText
1
10.43
10
748614.862000053
20
8930414.00699972
30
199.802000006676
40
0.3
41
1.0
50
0.0
51
0.0
7
Standard
11
748614.862000053
21
8930414.00699972
31
199.802000006676
210
0.0
220
0.0
230
1.0
72
0
100
AcDbText
73
0
0
POLYLINE
5
47E
330
1A
100
AcDbEntity
67
0
8
Real Hole
62
1
420
16711680
6
ByLayer
370
-1
48
1.0
60
0
100
AcDb3dPolyline
10
0.0
20
0.0
30
0.0
70
8
75
0
210
0.0
220
0.0
230
1.0
0
VERTEX
5
472
100
AcDbEntity
8
Real Hole
62
1
420
16711680
100
AcDbVertex
100
AcDb3dPolylineVertex
10
748614.862000053
20
8930414.76099973
30
199.802000006676
70
32
0
VERTEX
5
473
100
AcDbEntity
8
Real Hole
62
1
420
16711680
100
AcDbVertex
100
AcDb3dPolylineVertex
10
748615.06357879
20
8930414.53696662
30
198.848493238926
70
32
0
VERTEX
5
474
100
AcDbEntity
8
Real Hole
62
1
420
16711680
100
AcDbVertex
100
AcDb3dPolylineVertex
10
748615.263751244
20
8930414.30176474
30
197.897382816315
70
32
0
VERTEX
5
475
100
AcDbEntity
8
Real Hole
62
1
420
16711680
100
AcDbVertex
100
AcDb3dPolylineVertex
10
748615.429752892
20
8930414.06495379
30
196.940113743782
70
32
0
VERTEX
5
476
100
AcDbEntity
8
Real Hole
62
1
420
16711680
100
AcDbVertex
100
AcDb3dPolylineVertex
10
748615.609482115
20
8930413.82179754
30
195.986923178673
70
32
0
VERTEX
5
477
100
AcDbEntity
8
Real Hole
62
1
420
16711680
100
AcDbVertex
100
AcDb3dPolylineVertex
10
748615.776163285
20
8930413.60100536
30
195.025950392723
70
32
0
VERTEX
5
478
100
AcDbEntity
8
Real Hole
62
1
420
16711680
100
AcDbVertex
100
AcDb3dPolylineVertex
10
748615.93231911
20
8930413.36137133
30
194.067728003502
70
32
0
VERTEX
5
479
100
AcDbEntity
8
Real Hole
62
1
420
16711680
100
AcDbVertex
100
AcDb3dPolylineVertex
10
748616.089898174
20
8930413.10682552
30
193.113592108726
70
32
0
VERTEX
5
47A
100
AcDbEntity
8
Real Hole
62
1
420
16711680
100
AcDbVertex
100
AcDb3dPolylineVertex
10
748616.254313534
20
8930412.86103933
30
192.15831371212
70
32
0
VERTEX
5
47B
100
AcDbEntity
8
Real Hole
62
1
420
16711680
100
AcDbVertex
100
AcDb3dPolylineVertex
10
748616.43232066
20
8930412.61477022
30
191.205598792076
70
32
0
VERTEX
5
47C
100
AcDbEntity
8
Real Hole
62
1
420
16711680
100
AcDbVertex
100
AcDb3dPolylineVertex
10
748616.601292913
20
8930412.37372165
30
190.249908408165
70
32
0
SEQEND
5
47D
100
AcDbEntity
8
Real Hole
0
POINT
5
47F
330
1A
100
AcDbEntity
67
0
8
Hole
62
244
420
659967
6
ByLayer
370
-1
48
1.0
60
0
100
AcDbPoint
10
748613.667999809
20
8930413.41900067
30
200.196000000477
39
0.0
210
0.0
220
0.0
230
1.0
50
360.0
0
LINE
5
480
330
1A
100
AcDbEntity
67
0
8
Theoretical Hole
62
244
420
659967
6
ByLayer
370
-1
48
1.0
60
0
100
AcDbLine
10
748613.667999809
20
8930413.41900067
30
200.196000000477
11
748615.635856216
21
8930411.47775464
31
189.993842681885
39
0.0
210
0.0
220
0.0
230
1.0
0
TEXT
5
481
330
1A
100
AcDbEntity
67
0
8
Number
62
244
420
659967
6
ByLayer
370
-1
48
1.0
60
0
100
AcDbText
1
112
10
748613.667999809
20
8930413.80000068
30
200.196000000477
40
0.3
41
1.0
50
0.0
51
0.0
7
Standard
11
748613.667999809
21
8930413.80000068
31
200.196000000477
210
0.0
220
0.0
230
1.0
72
0
100
AcDbText
73
0
0
TEXT
5
482
330
1A
100
AcDbEntity
67
0
8
label
62
1
420
16711680
6
ByLayer
370
-1
48
1.0
60
0
100
AcDbText
1

10
748613.667999809
20
8930414.20000068
30
200.196000000477
40
0.3
41
1.0
50
0.0
51
0.0
7
Standard
11
748613.667999809
21
8930414.20000068
31
200.196000000477
210
0.0
220
0.0
230
1.0
72
0
100
AcDbText
73
0
0
TEXT
5
483
330
1A
100
AcDbEntity
67
0
8
Length
62
244
420
659967
6
ByLayer
370
-1
48
1.0
60
0
100
AcDbText
1
10.57
10
748613.667999809
20
8930412.66500066
30
200.196000000477
40
0.3
41
1.0
50
0.0
51
0.0
7
Standard
11
748613.667999809
21
8930412.66500066
31
200.196000000477
210
0.0
220
0.0
230
1.0
72
0
100
AcDbText
73
0
0
POLYLINE
5
490
330
1A
100
AcDbEntity
67
0
8
Real Hole
62
1
420
16711680
6
ByLayer
370
-1
48
1.0
60
0
100
AcDb3dPolyline
10
0.0
20
0.0
30
0.0
70
8
75
0
210
0.0
220
0.0
230
1.0
0
VERTEX
5
484
100
AcDbEntity
8
Real Hole
62
1
420
16711680
100
AcDbVertex
100
AcDb3dPolylineVertex
10
748613.667999809
20
8930413.41900067
30
200.196000000477
70
32
0
VERTEX
5
485
100
AcDbEntity
8
Real Hole
62
1
420
16711680
100
AcDbVertex
100
AcDb3dPolylineVertex
10
748613.855863368
20
8930413.16493218
30
199.247234245777
70
32
0
VERTEX
5
486
100
AcDbEntity
8
Real Hole
62
1
420
16711680
100
AcDbVertex
100
AcDb3dPolylineVertex
10
748614.047752892
20
8930412.89501719
30
198.303664227962
70
32
0
VERTEX
5
487
100
AcDbEntity
8
Real Hole
62
1
420
16711680
100
AcDbVertex
100
AcDb3dPolylineVertex
10
748614.276879972
20
8930412.63603614
30
197.365352055073
70
32
0
VERTEX
5
488
100
AcDbEntity
8
Real Hole
62
1
420
16711680
100
AcDbVertex
100
AcDb3dPolylineVertex
10
748614.491957431
20
8930412.39052813
30
196.420117994785
70
32
0
VERTEX
5
489
100
AcDbEntity
8
Real Hole
62
1
420
16711680
100
AcDbVertex
100
AcDb3dPolylineVertex
10
748614.713870471
20
8930412.13721733
30
195.478529831409
70
32
0
VERTEX
5
48A
100
AcDbEntity
8
Real Hole
62
1
420
16711680
100
AcDbVertex
100
AcDb3dPolylineVertex
10
748614.929881638
20
8930411.8807867
30
194.536414047718
70
32
0
VERTEX
5
48B
100
AcDbEntity
8
Real Hole
62
1
420
16711680
100
AcDbVertex
100
AcDb3dPolylineVertex
10
748615.161773627
20
8930411.61552517
30
193.600538631916
70
32
0
VERTEX
5
48C
100
AcDbEntity
8
Real Hole
62
1
420
16711680
100
AcDbVertex
100
AcDb3dPolylineVertex
10
748615.389480417
20
8930411.34966736
30
192.663805386066
70
32
0
VERTEX
5
48D
100
AcDbEntity
8
Real Hole
62
1
420
16711680
100
AcDbVertex
100
AcDb3dPolylineVertex
10
748615.609321063
20
8930411.09694796
30
191.721572777271
70
32
0
VERTEX
5
48E
100
AcDbEntity
8
Real Hole
62
1
420
16711680
100
AcDbVertex
100
AcDb3dPolylineVertex
10
748615.787208622
20
8930410.90274982
30
190.966163536549
70
32
0
SEQEND
5
48F
100
AcDbEntity
8
Real Hole
0
POINT
5
491
330
1A
100
AcDbEntity
67
0
8
Hole
62
244
420
659967
6
ByLayer
370
-1
48
1.0
60
0
100
AcDbPoint
10
748612.965999907
20
8930412.33899884
30
200.035999974251
39
0.0
210
0.0
220
0.0
230
1.0
50
360.0
0
LINE
5
492
330
1A
100
AcDbEntity
67
0
8
Theoretical Hole
62
244
420
659967
6
ByLayer
370
-1
48
1.0
60
0
100
AcDbLine
10
748612.965999907
20
8930412.33899884
30
200.035999974251
11
748615.178640907
21
8930410.73790173
31
189.814595779419
39
0.0
210
0.0
220
0.0
230
1.0
0
TEXT
5
493
330
1A
100
AcDbEntity
67
0
8
Number
62
244
420
659967
6
ByLayer
370
-1
48
1.0
60
0
100
AcDbText
1
113
10
748612.965999907
20
8930412.71999885
30
200.035999974251
40
0.3
41
1.0
50
0.0
51
0.0
7
Standard
11
748612.965999907
21
8930412.71999885
31
200.035999974251
210
0.0
220
0.0
230
1.0
72
0
100
AcDbText
73
0
0
TEXT
5
494
330
1A
100
AcDbEntity
67
0
8
label
62
1
420
16711680
6
ByLayer
370
-1
48
1.0
60
0
100
AcDbText
1

10
748612.965999907
20
8930413.11999885
30
200.035999974251
40
0.3
41
1.0
50
0.0
51
0.0
7
Standard
11
748612.965999907
21
8930413.11999885
31
200.035999974251
210
0.0
220
0.0
230
1.0
72
0
100
AcDbText
73
0
0
TEXT
5
495
330
1A
100
AcDbEntity
67
0
8
Length
62
244
420
659967
6
ByLayer
370
-1
48
1.0
60
0
100
AcDbText
1
10.58
10
748612.965999907
20
8930411.58499883
30
200.035999974251
40
0.3
41
1.0
50
0.0
51
0.0
7
Standard
11
748612.965999907
21
8930411.58499883
31
200.035999974251
210
0.0
220
0.0
230
1.0
72
0
100
AcDbText
73
0
0
POLYLINE
5
4A2
330
1A
100
AcDbEntity
67
0
8
Real Hole
62
1
420
16711680
6
ByLayer
370
-1
48
1.0
60
0
100
AcDb3dPolyline
10
0.0
20
0.0
30
0.0
70
8
75
0
210
0.0
220
0.0
230
1.0
0
VERTEX
5
496
100
AcDbEntity
8
Real Hole
62
1
420
16711680
100
AcDbVertex
100
AcDb3dPolylineVertex
10
748612.965999907
20
8930412.33899884
30
200.035999974251
70
32
0
VERTEX
5
497
100
AcDbEntity
8
Real Hole
62
1
420
16711680
100
AcDbVertex
100
AcDb3dPolylineVertex
10
748613.15617088
20
8930412.11539063
30
199.080053111553
70
32
0
VERTEX
5
498
100
AcDbEntity
8
Real Hole
62
1
420
16711680
100
AcDbVertex
100
AcDb3dPolylineVertex
10
748613.336166864
20
8930411.90004151
30
198.120247801781
70
32
0
VERTEX
5
499
100
AcDbEntity
8
Real Hole
62
1
420
16711680
100
AcDbVertex
100
AcDb3dPolylineVertex
10
748613.540520792
20
8930411.70207791
30
197.161576947212
70
32
0
VERTEX
5
49A
100
AcDbEntity
8
Real Hole
62
1
420
16711680
100
AcDbVertex
100
AcDb3dPolylineVertex
10
748613.741555636
20
8930411.52144616
30
196.19879074955
70
32
0
VERTEX
5
49B
100
AcDbEntity
8
Real Hole
62
1
420
16711680
100
AcDbVertex
100
AcDb3dPolylineVertex
10
748613.939972108
20
8930411.3539493
30
195.233091076851
70
32
0
VERTEX
5
49C
100
AcDbEntity
8
Real Hole
62
1
420
16711680
100
AcDbVertex
100
AcDb3dPolylineVertex
10
748614.132897799
20
8930411.16276662
30
194.270683487892
70
32
0
VERTEX
5
49D
100
AcDbEntity
8
Real Hole
62
1
420
16711680
100
AcDbVertex
100
AcDb3dPolylineVertex
10
748614.344567006
20
8930410.96669011
30
193.313212594032
70
32
0
VERTEX
5
49E
100
AcDbEntity
8
Real Hole
62
1
420
16711680
100
AcDbVertex
100
AcDb3dPolylineVertex
10
748614.542257731
20
8930410.78862612
30
192.349256237984
70
32
0
VERTEX
5
49F
100
AcDbEntity
8
Real Hole
62
1
420
16711680
100
AcDbVertex
100
AcDb3dPolylineVertex
10
748614.742110436
20
8930410.6178755
30
191.384422978401
70
32
0
VERTEX
5
4A0
100
AcDbEntity
8
Real Hole
62
1
420
16711680
100
AcDbVertex
100
AcDb3dPolylineVertex
10
748614.912510937
20
8930410.45158856
30
190.516487797737
70
32
0
SEQEND
5
4A1
100
AcDbEntity
8
Real Hole
0
POINT
5
4A3
330
1A
100
AcDbEntity
67
0
8
Hole
62
244
420
659967
6
ByLayer
370
-1
48
1.0
60
0
100
AcDbPoint
10
748612.041999882
20
8930411.02100186
30
200.089000007153
39
0.0
210
0.0
220
0.0
230
1.0
50
360.0
0
LINE
5
4A4
330
1A
100
AcDbEntity
67
0
8
Theoretical Hole
62
244
420
659967
6
ByLayer
370
-1
48
1.0
60
0
100
AcDbLine
10
748612.041999882
20
8930411.02100186
30
200.089000007153
11
748614.250304764
21
8930409.42304425
31
189.866167625427
39
0.0
210
0.0
220
0.0
230
1.0
0
TEXT
5
4A5
330
1A
100
AcDbEntity
67
0
8
Number
62
244
420
659967
6
ByLayer
370
-1
48
1.0
60
0
100
AcDbText
1
114
10
748612.041999882
20
8930411.40200187
30
200.089000007153
40
0.3
41
1.0
50
0.0
51
0.0
7
Standard
11
748612.041999882
21
8930411.40200187
31
200.089000007153
210
0.0
220
0.0
230
1.0
72
0
100
AcDbText
73
0
0
TEXT
5
4A6
330
1A
100
AcDbEntity
67
0
8
label
62
1
420
16711680
6
ByLayer
370
-1
48
1.0
60
0
100
AcDbText
1

10
748612.041999882
20
8930411.80200187
30
200.089000007153
40
0.3
41
1.0
50
0.0
51
0.0
7
Standard
11
748612.041999882
21
8930411.80200187
31
200.089000007153
210
0.0
220
0.0
230
1.0
72
0
100
AcDbText
73
0
0
TEXT
5
4A7
330
1A
100
AcDbEntity
67
0
8
Length
62
244
420
659967
6
ByLayer
370
-1
48
1.0
60
0
100
AcDbText
1
10.58
10
748612.041999882
20
8930410.26700185
30
200.089000007153
40
0.3
41
1.0
50
0.0
51
0.0
7
Standard
11
748612.041999882
21
8930410.26700185
31
200.089000007153
210
0.0
220
0.0
230
1.0
72
0
100
AcDbText
73
0
0
POLYLINE
5
4B5
330
1A
100
AcDbEntity
67
0
8
Real Hole
62
1
420
16711680
6
ByLayer
370
-1
48
1.0
60
0
100
AcDb3dPolyline
10
0.0
20
0.0
30
0.0
70
8
75
0
210
0.0
220
0.0
230
1.0
0
VERTEX
5
4A8
100
AcDbEntity
8
Real Hole
62
1
420
16711680
100
AcDbVertex
100
AcDb3dPolylineVertex
10
748612.041999882
20
8930411.02100186
30
200.089000007153
70
32
0
VERTEX
5
4A9
100
AcDbEntity
8
Real Hole
62
1
420
16711680
100
AcDbVertex
100
AcDb3dPolylineVertex
10
748612.218673935
20
8930410.85228646
30
199.119298299789
70
32
0
VERTEX
5
4AA
100
AcDbEntity
8
Real Hole
62
1
420
16711680
100
AcDbVertex
100
AcDb3dPolylineVertex
10
748612.383379465
20
8930410.65439017
30
198.153012057781
70
32
0
VERTEX
5
4AB
100
AcDbEntity
8
Real Hole
62
1
420
16711680
100
AcDbVertex
100
AcDb3dPolylineVertex
10
748612.527027106
20
8930410.46438502
30
197.181794663906
70
32
0
VERTEX
5
4AC
100
AcDbEntity
8
Real Hole
62
1
420
16711680
100
AcDbVertex
100
AcDb3dPolylineVertex
10
748612.680700367
20
8930410.29068892
30
196.209059020519
70
32
0
VERTEX
5
4AD
100
AcDbEntity
8
Real Hole
62
1
420
16711680
100
AcDbVertex
100
AcDb3dPolylineVertex
10
748612.836726611
20
8930410.12442158
30
195.235400458813
70
32
0
VERTEX
5
4AE
100
AcDbEntity
8
Real Hole
62
1
420
16711680
100
AcDbVertex
100
AcDb3dPolylineVertex
10
748612.976428097
20
8930409.94314639
30
194.261941215038
70
32
0
VERTEX
5
4AF
100
AcDbEntity
8
Real Hole
62
1
420
16711680
100
AcDbVertex
100
AcDb3dPolylineVertex
10
748613.12133581
20
8930409.74731486
30
193.292069217205
70
32
0
VERTEX
5
4B0
100
AcDbEntity
8
Real Hole
62
1
420
16711680
100
AcDbVertex
100
AcDb3dPolylineVertex
10
748613.273686235
20
8930409.56289284
30
192.321101924419
70
32
0
VERTEX
5
4B1
100
AcDbEntity
8
Real Hole
62
1
420
16711680
100
AcDbVertex
100
AcDb3dPolylineVertex
10
748613.427217191
20
8930409.38011615
30
191.350009223461
70
32
0
VERTEX
5
4B2
100
AcDbEntity
8
Real Hole
62
1
420
16711680
100
AcDbVertex
100
AcDb3dPolylineVertex
10
748613.587837761
20
8930409.19403546
30
190.380692740917
70
32
0
VERTEX
5
4B3
100
AcDbEntity
8
Real Hole
62
1
420
16711680
100
AcDbVertex
100
AcDb3dPolylineVertex
10
748613.636592453
20
8930409.13636248
30
190.090353271008
70
32
0
SEQEND
5
4B4
100
AcDbEntity
8
Real Hole
0
POINT
5
4B6
330
1A
100
AcDbEntity
67
0
8
Hole
62
244
420
659967
6
ByLayer
370
-1
48
1.0
60
0
100
AcDbPoint
10
748611.516000097
20
8930409.99199872
30
200.122999986649
39
0.0
210
0.0
220
0.0
230
1.0
50
360.0
0
LINE
5
4B7
330
1A
100
AcDbEntity
67
0
8
Theoretical Hole
62
244
420
659967
6
ByLayer
370
-1
48
1.0
60
0
100
AcDbLine
10
748611.516000097
20
8930409.99199872
30
200.122999986649
11
748613.722366875
21
8930408.3954411
31
189.930578788757
39
0.0
210
0.0
220
0.0
230
1.0
0
TEXT
5
4B8
330
1A
100
AcDbEntity
67
0
8
Number
62
244
420
659967
6
ByLayer
370
-1
48
1.0
60
0
100
AcDbText
1
115
10
748611.516000097
20
8930410.37299873
30
200.122999986649
40
0.3
41
1.0
50
0.0
51
0.0
7
Standard
11
748611.516000097
21
8930410.37299873
31
200.122999986649
210
0.0
220
0.0
230
1.0
72
0
100
AcDbText
73
0
0
TEXT
5
4B9
330
1A
100
AcDbEntity
67
0
8
label
62
1
420
16711680
6
ByLayer
370
-1
48
1.0
60
0
100
AcDbText
1

10
748611.516000097
20
8930410.77299873
30
200.122999986649
40
0.3
41
1.0
50
0.0
51
0.0
7
Standard
11
748611.516000097
21
8930410.77299873
31
200.122999986649
210
0.0
220
0.0
230
1.0
72
0
100
AcDbText
73
0
0
TEXT
5
4BA
330
1A
100
AcDbEntity
67
0
8
Length
62
244
420
659967
6
ByLayer
370
-1
48
1.0
60
0
100
AcDbText
1
10.55
10
748611.516000097
20
8930409.23799871
30
200.122999986649
40
0.3
41
1.0
50
0.0
51
0.0
7
Standard
11
748611.516000097
21
8930409.23799871
31
200.122999986649
210
0.0
220
0.0
230
1.0
72
0
100
AcDbText
73
0
0
POLYLINE
5
4C7
330
1A
100
AcDbEntity
67
0
8
Real Hole
62
1
420
16711680
6
ByLayer
370
-1
48
1.0
60
0
100
AcDb3dPolyline
10
0.0
20
0.0
30
0.0
70
8
75
0
210
0.0
220
0.0
230
1.0
0
VERTEX
5
4BB
100
AcDbEntity
8
Real Hole
62
1
420
16711680
100
AcDbVertex
100
AcDb3dPolylineVertex
10
748611.516000097
20
8930409.99199872
30
200.122999986649
70
32
0
VERTEX
5
4BC
100
AcDbEntity
8
Real Hole
62
1
420
16711680
100
AcDbVertex
100
AcDb3dPolylineVertex
10
748611.74160335
20
8930409.80708146
30
199.166491350174
70
32
0
VERTEX
5
4BD
100
AcDbEntity
8
Real Hole
62
1
420
16711680
100
AcDbVertex
100
AcDb3dPolylineVertex
10
748611.96671102
20
8930409.632533
30
198.207919796944
70
32
0
VERTEX
5
4BE
100
AcDbEntity
8
Real Hole
62
1
420
16711680
100
AcDbVertex
100
AcDb3dPolylineVertex
10
748612.187065666
20
8930409.46666466
30
197.246706327438
70
32
0
VERTEX
5
4BF
100
AcDbEntity
8
Real Hole
62
1
420
16711680
100
AcDbVertex
100
AcDb3dPolylineVertex
10
748612.417252427
20
8930409.27603452
30
196.292413791656
70
32
0
VERTEX
5
4C0
100
AcDbEntity
8
Real Hole
62
1
420
16711680
100
AcDbVertex
100
AcDb3dPolylineVertex
10
748612.636063521
20
8930409.10593997
30
195.331586202621
70
32
0
VERTEX
5
4C1
100
AcDbEntity
8
Real Hole
62
1
420
16711680
100
AcDbVertex
100
AcDb3dPolylineVertex
10
748612.846237367
20
8930408.94472604
30
194.367305597305
70
32
0
VERTEX
5
4C2
100
AcDbEntity
8
Real Hole
62
1
420
16711680
100
AcDbVertex
100
AcDb3dPolylineVertex
10
748613.061291521
20
8930408.76542239
30
193.407304605484
70
32
0
VERTEX
5
4C3
100
AcDbEntity
8
Real Hole
62
1
420
16711680
100
AcDbVertex
100
AcDb3dPolylineVertex
10
748613.274677938
20
8930408.58413725
30
192.447303613663
70
32
0
VERTEX
5
4C4
100
AcDbEntity
8
Real Hole
62
1
420
16711680
100
AcDbVertex
100
AcDb3dPolylineVertex
10
748613.490382379
20
8930408.39276044
30
191.489782175064
70
32
0
VERTEX
5
4C5
100
AcDbEntity
8
Real Hole
62
1
420
16711680
100
AcDbVertex
100
AcDb3dPolylineVertex
10
748613.699813669
20
8930408.20616393
30
190.529928049088
70
32
0
SEQEND
5
4C6
100
AcDbEntity
8
Real Hole
0
POINT
5
4C8
330
1A
100
AcDbEntity
67
0
8
Hole
62
244
420
659967
6
ByLayer
370
-1
48
1.0
60
0
100
AcDbPoint
10
748610.364000028
20
8930408.65600018
30
200.075000008583
39
0.0
210
0.0
220
0.0
230
1.0
50
360.0
0
LINE
5
4C9
330
1A
100
AcDbEntity
67
0
8
Theoretical Hole
62
244
420
659967
6
ByLayer
370
-1
48
1.0
60
0
100
AcDbLine
10
748610.364000028
20
8930408.65600018
30
200.075000008583
11
748612.567321842
21
8930407.06164746
31
189.995465835571
39
0.0
210
0.0
220
0.0
230
1.0
0
TEXT
5
4CA
330
1A
100
AcDbEntity
67
0
8
Number
62
244
420
659967
6
ByLayer
370
-1
48
1.0
60
0
100
AcDbText
1
116
10
748610.364000028
20
8930409.0370002
30
200.075000008583
40
0.3
41
1.0
50
0.0
51
0.0
7
Standard
11
748610.364000028
21
8930409.0370002
31
200.075000008583
210
0.0
220
0.0
230
1.0
72
0
100
AcDbText
73
0
0
TEXT
5
4CB
330
1A
100
AcDbEntity
67
0
8
label
62
1
420
16711680
6
ByLayer
370
-1
48
1.0
60
0
100
AcDbText
1

10
748610.364000028
20
8930409.4370002
30
200.075000008583
40
0.3
41
1.0
50
0.0
51
0.0
7
Standard
11
748610.364000028
21
8930409.4370002
31
200.075000008583
210
0.0
220
0.0
230
1.0
72
0
100
AcDbText
73
0
0
TEXT
5
4CC
330
1A
100
AcDbEntity
67
0
8
Length
62
244
420
659967
6
ByLayer
370
-1
48
1.0
60
0
100
AcDbText
1
10.44
10
748610.364000028
20
8930407.90200018
30
200.075000008583
40
0.3
41
1.0
50
0.0
51
0.0
7
Standard
11
748610.364000028
21
8930407.90200018
31
200.075000008583
210
0.0
220
0.0
230
1.0
72
0
100
AcDbText
73
0
0
POLYLINE
5
4D9
330
1A
100
AcDbEntity
67
0
8
Real Hole
62
1
420
16711680
6
ByLayer
370
-1
48
1.0
60
0
100
AcDb3dPolyline
10
0.0
20
0.0
30
0.0
70
8
75
0
210
0.0
220
0.0
230
1.0
0
VERTEX
5
4CD
100
AcDbEntity
8
Real Hole
62
1
420
16711680
100
AcDbVertex
100
AcDb3dPolylineVertex
10
748610.364000028
20
8930408.65600018
30
200.075000008583
70
32
0
VERTEX
5
4CE
100
AcDbEntity
8
Real Hole
62
1
420
16711680
100
AcDbVertex
100
AcDb3dPolylineVertex
10
748610.523278078
20
8930408.50078422
30
199.100044390202
70
32
0
VERTEX
5
4CF
100
AcDbEntity
8
Real Hole
62
1
420
16711680
100
AcDbVertex
100
AcDb3dPolylineVertex
10
748610.685513978
20
8930408.322239
30
198.129579981804
70
32
0
VERTEX
5
4D0
100
AcDbEntity
8
Real Hole
62
1
420
16711680
100
AcDbVertex
100
AcDb3dPolylineVertex
10
748610.815517639
20
8930408.1455838
30
197.153930386543
70
32
0
VERTEX
5
4D1
100
AcDbEntity
8
Real Hole
62
1
420
16711680
100
AcDbVertex
100
AcDb3dPolylineVertex
10
748610.959417766
20
8930407.9613338
30
196.181642016411
70
32
0
VERTEX
5
4D2
100
AcDbEntity
8
Real Hole
62
1
420
16711680
100
AcDbVertex
100
AcDb3dPolylineVertex
10
748611.102889185
20
8930407.81062131
30
195.20353098774
70
32
0
VERTEX
5
4D3
100
AcDbEntity
8
Real Hole
62
1
420
16711680
100
AcDbVertex
100
AcDb3dPolylineVertex
10
748611.237103587
20
8930407.66135167
30
194.223885258675
70
32
0
VERTEX
5
4D4
100
AcDbEntity
8
Real Hole
62
1
420
16711680
100
AcDbVertex
100
AcDb3dPolylineVertex
10
748611.37993974
20
8930407.49021833
30
193.249046525002
70
32
0
VERTEX
5
4D5
100
AcDbEntity
8
Real Hole
62
1
420
16711680
100
AcDbVertex
100
AcDb3dPolylineVertex
10
748611.510097569
20
8930407.30238669
30
192.275507172585
70
32
0
VERTEX
5
4D6
100
AcDbEntity
8
Real Hole
62
1
420
16711680
100
AcDbVertex
100
AcDb3dPolylineVertex
10
748611.641861861
20
8930407.12618964
30
191.30001088047
70
32
0
VERTEX
5
4D7
100
AcDbEntity
8
Real Hole
62
1
420
16711680
100
AcDbVertex
100
AcDb3dPolylineVertex
10
748611.755902474
20
8930406.98001413
30
190.521790703773
70
32
0
SEQEND
5
4D8
100
AcDbEntity
8
Real Hole
0
POINT
5
4DA
330
1A
100
AcDbEntity
67
0
8
Hole
62
244
420
659967
6
ByLayer
370
-1
48
1.0
60
0
100
AcDbPoint
10
748609.521000003
20
8930407.65300183
30
200.012999972343
39
0.0
210
0.0
220
0.0
230
1.0
50
360.0
0
LINE
5
4DB
330
1A
100
AcDbEntity
67
0
8
Theoretical Hole
62
244
420
659967
6
ByLayer
370
-1
48
1.0
60
0
100
AcDbLine
10
748609.521000003
20
8930407.65300183
30
200.012999972343
11
748611.720787828
21
8930406.06120496
31
189.942644676208
39
0.0
210
0.0
220
0.0
230
1.0
0
TEXT
5
4DC
330
1A
100
AcDbEntity
67
0
8
Number
62
244
420
659967
6
ByLayer
370
-1
48
1.0
60
0
100
AcDbText
1
117
10
748609.521000003
20
8930408.03400184
30
200.012999972343
40
0.3
41
1.0
50
0.0
51
0.0
7
Standard
11
748609.521000003
21
8930408.03400184
31
200.012999972343
210
0.0
220
0.0
230
1.0
72
0
100
AcDbText
73
0
0
TEXT
5
4DD
330
1A
100
AcDbEntity
67
0
8
label
62
1
420
16711680
6
ByLayer
370
-1
48
1.0
60
0
100
AcDbText
1

10
748609.521000003
20
8930408.43400184
30
200.012999972343
40
0.3
41
1.0
50
0.0
51
0.0
7
Standard
11
748609.521000003
21
8930408.43400184
31
200.012999972343
210
0.0
220
0.0
230
1.0
72
0
100
AcDbText
73
0
0
TEXT
5
4DE
330
1A
100
AcDbEntity
67
0
8
Length
62
244
420
659967
6
ByLayer
370
-1
48
1.0
60
0
100
AcDbText
1
10.43
10
748609.521000003
20
8930406.89900182
30
200.012999972343
40
0.3
41
1.0
50
0.0
51
0.0
7
Standard
11
748609.521000003
21
8930406.89900182
31
200.012999972343
210
0.0
220
0.0
230
1.0
72
0
100
AcDbText
73
0
0
POLYLINE
5
4EB
330
1A
100
AcDbEntity
67
0
8
Real Hole
62
1
420
16711680
6
ByLayer
370
-1
48
1.0
60
0
100
AcDb3dPolyline
10
0.0
20
0.0
30
0.0
70
8
75
0
210
0.0
220
0.0
230
1.0
0
VERTEX
5
4DF
100
AcDbEntity
8
Real Hole
62
1
420
16711680
100
AcDbVertex
100
AcDb3dPolylineVertex
10
748609.521000003
20
8930407.65300183
30
200.012999972343
70
32
0
VERTEX
5
4E0
100
AcDbEntity
8
Real Hole
62
1
420
16711680
100
AcDbVertex
100
AcDb3dPolylineVertex
10
748609.691348841
20
8930407.47672366
30
199.043511828423
70
32
0
VERTEX
5
4E1
100
AcDbEntity
8
Real Hole
62
1
420
16711680
100
AcDbVertex
100
AcDb3dPolylineVertex
10
748609.851981317
20
8930407.30709697
30
198.071182688713
70
32
0
VERTEX
5
4E2
100
AcDbEntity
8
Real Hole
62
1
420
16711680
100
AcDbVertex
100
AcDb3dPolylineVertex
10
748609.976634448
20
8930407.13814508
30
197.093472680092
70
32
0
VERTEX
5
4E3
100
AcDbEntity
8
Real Hole
62
1
420
16711680
100
AcDbVertex
100
AcDb3dPolylineVertex
10
748610.109507179
20
8930406.97934376
30
196.115143975258
70
32
0
VERTEX
5
4E4
100
AcDbEntity
8
Real Hole
62
1
420
16711680
100
AcDbVertex
100
AcDb3dPolylineVertex
10
748610.260913646
20
8930406.82206409
30
195.139265498161
70
32
0
VERTEX
5
4E5
100
AcDbEntity
8
Real Hole
62
1
420
16711680
100
AcDbVertex
100
AcDb3dPolylineVertex
10
748610.401756262
20
8930406.66337346
30
194.162033995628
70
32
0
VERTEX
5
4E6
100
AcDbEntity
8
Real Hole
62
1
420
16711680
100
AcDbVertex
100
AcDb3dPolylineVertex
10
748610.529787874
20
8930406.49890952
30
193.183995684624
70
32
0
VERTEX
5
4E7
100
AcDbEntity
8
Real Hole
62
1
420
16711680
100
AcDbVertex
100
AcDb3dPolylineVertex
10
748610.657292103
20
8930406.31856208
30
192.208692034721
70
32
0
VERTEX
5
4E8
100
AcDbEntity
8
Real Hole
62
1
420
16711680
100
AcDbVertex
100
AcDb3dPolylineVertex
10
748610.779657339
20
8930406.13694303
30
191.232965907097
70
32
0
VERTEX
5
4E9
100
AcDbEntity
8
Real Hole
62
1
420
16711680
100
AcDbVertex
100
AcDb3dPolylineVertex
10
748610.908990597
20
8930405.93975203
30
190.261168917656
70
32
0
SEQEND
5
4EA
100
AcDbEntity
8
Real Hole
0
POINT
5
4EC
330
1A
100
AcDbEntity
67
0
8
Hole
62
244
420
659967
6
ByLayer
370
-1
48
1.0
60
0
100
AcDbPoint
10
748608.651000028
20
8930406.21700101
30
200.047999998569
39
0.0
210
0.0
220
0.0
230
1.0
50
360.0
0
LINE
5
4ED
330
1A
100
AcDbEntity
67
0
8
Theoretical Hole
62
244
420
659967
6
ByLayer
370
-1
48
1.0
60
0
100
AcDbLine
10
748608.651000028
20
8930406.21700101
30
200.047999998569
11
748610.846356576
21
8930404.62841229
31
189.934757789612
39
0.0
210
0.0
220
0.0
230
1.0
0
TEXT
5
4EE
330
1A
100
AcDbEntity
67
0
8
Number
62
244
420
659967
6
ByLayer
370
-1
48
1.0
60
0
100
AcDbText
1
118
10
748608.651000028
20
8930406.59800102
30
200.047999998569
40
0.3
41
1.0
50
0.0
51
0.0
7
Standard
11
748608.651000028
21
8930406.59800102
31
200.047999998569
210
0.0
220
0.0
230
1.0
72
0
100
AcDbText
73
0
0
TEXT
5
4EF
330
1A
100
AcDbEntity
67
0
8
label
62
1
420
16711680
6
ByLayer
370
-1
48
1.0
60
0
100
AcDbText
1

10
748608.651000028
20
8930406.99800102
30
200.047999998569
40
0.3
41
1.0
50
0.0
51
0.0
7
Standard
11
748608.651000028
21
8930406.99800102
31
200.047999998569
210
0.0
220
0.0
230
1.0
72
0
100
AcDbText
73
0
0
TEXT
5
4F0
330
1A
100
AcDbEntity
67
0
8
Length
62
244
420
659967
6
ByLayer
370
-1
48
1.0
60
0
100
AcDbText
1
10.47
10
748608.651000028
20
8930405.463001
30
200.047999998569
40
0.3
41
1.0
50
0.0
51
0.0
7
Standard
11
748608.651000028
21
8930405.463001
31
200.047999998569
210
0.0
220
0.0
230
1.0
72
0
100
AcDbText
73
0
0
POLYLINE
5
4FE
330
1A
100
AcDbEntity
67
0
8
Real Hole
62
1
420
16711680
6
ByLayer
370
-1
48
1.0
60
0
100
AcDb3dPolyline
10
0.0
20
0.0
30
0.0
70
8
75
0
210
0.0
220
0.0
230
1.0
0
VERTEX
5
4F1
100
AcDbEntity
8
Real Hole
62
1
420
16711680
100
AcDbVertex
100
AcDb3dPolylineVertex
10
748608.651000028
20
8930406.21700101
30
200.047999998569
70
32
0
VERTEX
5
4F2
100
AcDbEntity
8
Real Hole
62
1
420
16711680
100
AcDbVertex
100
AcDb3dPolylineVertex
10
748608.828384285
20
8930406.07051651
30
199.074821135044
70
32
0
VERTEX
5
4F3
100
AcDbEntity
8
Real Hole
62
1
420
16711680
100
AcDbVertex
100
AcDb3dPolylineVertex
10
748609.010793661
20
8930405.91367506
30
198.104188581944
70
32
0
VERTEX
5
4F4
100
AcDbEntity
8
Real Hole
62
1
420
16711680
100
AcDbVertex
100
AcDb3dPolylineVertex
10
748609.15773726
20
8930405.76156365
30
197.12680949831
70
32
0
VERTEX
5
4F5
100
AcDbEntity
8
Real Hole
62
1
420
16711680
100
AcDbVertex
100
AcDb3dPolylineVertex
10
748609.300196534
20
8930405.63079481
30
196.145685335636
70
32
0
VERTEX
5
4F6
100
AcDbEntity
8
Real Hole
62
1
420
16711680
100
AcDbVertex
100
AcDb3dPolylineVertex
10
748609.434371715
20
8930405.48287218
30
195.165830275059
70
32
0
VERTEX
5
4F7
100
AcDbEntity
8
Real Hole
62
1
420
16711680
100
AcDbVertex
100
AcDb3dPolylineVertex
10
748609.564227109
20
8930405.31142144
30
194.189232965946
70
32
0
VERTEX
5
4F8
100
AcDbEntity
8
Real Hole
62
1
420
16711680
100
AcDbVertex
100
AcDb3dPolylineVertex
10
748609.703791862
20
8930405.15092711
30
193.212113043308
70
32
0
VERTEX
5
4F9
100
AcDbEntity
8
Real Hole
62
1
420
16711680
100
AcDbVertex
100
AcDb3dPolylineVertex
10
748609.844018822
20
8930405.00872843
30
192.232257982731
70
32
0
VERTEX
5
4FA
100
AcDbEntity
8
Real Hole
62
1
420
16711680
100
AcDbVertex
100
AcDb3dPolylineVertex
10
748609.989693289
20
8930404.85516601
30
191.254915853977
70
32
0
VERTEX
5
4FB
100
AcDbEntity
8
Real Hole
62
1
420
16711680
100
AcDbVertex
100
AcDb3dPolylineVertex
10
748610.141862636
20
8930404.69531648
30
190.279574057102
70
32
0
VERTEX
5
4FC
100
AcDbEntity
8
Real Hole
62
1
420
16711680
100
AcDbVertex
100
AcDb3dPolylineVertex
10
748610.202306276
20
8930404.62995188
30
189.889607092381
70
32
0
SEQEND
5
4FD
100
AcDbEntity
8
Real Hole
0
POINT
5
4FF
330
1A
100
AcDbEntity
67
0
8
Hole
62
244
420
659967
6
ByLayer
370
-1
48
1.0
60
0
100
AcDbPoint
10
748607.819999998
20
8930404.83600049
30
200.12799998188
39
0.0
210
0.0
220
0.0
230
1.0
50
360.0
0
LINE
5
500
330
1A
100
AcDbEntity
67
0
8
Theoretical Hole
62
244
420
659967
6
ByLayer
370
-1
48
1.0
60
0
100
AcDbLine
10
748607.819999998
20
8930404.83600049
30
200.12799998188
11
748610.134417956
21
8930403.41104703
31
190.047991355896
39
0.0
210
0.0
220
0.0
230
1.0
0
TEXT
5
501
330
1A
100
AcDbEntity
67
0
8
Number
62
244
420
659967
6
ByLayer
370
-1
48
1.0
60
0
100
AcDbText
1
119
10
748607.819999998
20
8930405.2170005
30
200.12799998188
40
0.3
41
1.0
50
0.0
51
0.0
7
Standard
11
748607.819999998
21
8930405.2170005
31
200.12799998188
210
0.0
220
0.0
230
1.0
72
0
100
AcDbText
73
0
0
TEXT
5
502
330
1A
100
AcDbEntity
67
0
8
label
62
1
420
16711680
6
ByLayer
370
-1
48
1.0
60
0
100
AcDbText
1

10
748607.819999998
20
8930405.6170005
30
200.12799998188
40
0.3
41
1.0
50
0.0
51
0.0
7
Standard
11
748607.819999998
21
8930405.6170005
31
200.12799998188
210
0.0
220
0.0
230
1.0
72
0
100
AcDbText
73
0
0
TEXT
5
503
330
1A
100
AcDbEntity
67
0
8
Length
62
244
420
659967
6
ByLayer
370
-1
48
1.0
60
0
100
AcDbText
1
10.44
10
748607.819999998
20
8930404.08200048
30
200.12799998188
40
0.3
41
1.0
50
0.0
51
0.0
7
Standard
11
748607.819999998
21
8930404.08200048
31
200.12799998188
210
0.0
220
0.0
230
1.0
72
0
100
AcDbText
73
0
0
POLYLINE
5
511
330
1A
100
AcDbEntity
67
0
8
Real Hole
62
1
420
16711680
6
ByLayer
370
-1
48
1.0
60
0
100
AcDb3dPolyline
10
0.0
20
0.0
30
0.0
70
8
75
0
210
0.0
220
0.0
230
1.0
0
VERTEX
5
504
100
AcDbEntity
8
Real Hole
62
1
420
16711680
100
AcDbVertex
100
AcDb3dPolylineVertex
10
748607.819999998
20
8930404.83600049
30
200.12799998188
70
32
0
VERTEX
5
505
100
AcDbEntity
8
Real Hole
62
1
420
16711680
100
AcDbVertex
100
AcDb3dPolylineVertex
10
748608.013632064
20
8930404.67120671
30
199.160865208149
70
32
0
VERTEX
5
506
100
AcDbEntity
8
Real Hole
62
1
420
16711680
100
AcDbVertex
100
AcDb3dPolylineVertex
10
748608.199476009
20
8930404.49644329
30
198.193952759743
70
32
0
VERTEX
5
507
100
AcDbEntity
8
Real Hole
62
1
420
16711680
100
AcDbVertex
100
AcDb3dPolylineVertex
10
748608.427265471
20
8930404.29583179
30
197.241132220268
70
32
0
VERTEX
5
508
100
AcDbEntity
8
Real Hole
62
1
420
16711680
100
AcDbVertex
100
AcDb3dPolylineVertex
10
748608.633079594
20
8930404.11603545
30
196.279199799538
70
32
0
VERTEX
5
509
100
AcDbEntity
8
Real Hole
62
1
420
16711680
100
AcDbVertex
100
AcDb3dPolylineVertex
10
748608.839535301
20
8930403.9630432
30
195.312778672218
70
32
0
VERTEX
5
50A
100
AcDbEntity
8
Real Hole
62
1
420
16711680
100
AcDbVertex
100
AcDb3dPolylineVertex
10
748609.044237917
20
8930403.81393556
30
194.345378598213
70
32
0
VERTEX
5
50B
100
AcDbEntity
8
Real Hole
62
1
420
16711680
100
AcDbVertex
100
AcDb3dPolylineVertex
10
748609.251560157
20
8930403.64718454
30
193.381422242165
70
32
0
VERTEX
5
50C
100
AcDbEntity
8
Real Hole
62
1
420
16711680
100
AcDbVertex
100
AcDb3dPolylineVertex
10
748609.450250333
20
8930403.46771734
30
192.41793175602
70
32
0
VERTEX
5
50D
100
AcDbEntity
8
Real Hole
62
1
420
16711680
100
AcDbVertex
100
AcDb3dPolylineVertex
10
748609.65149421
20
8930403.2808408
30
191.456381520271
70
32
0
VERTEX
5
50E
100
AcDbEntity
8
Real Hole
62
1
420
16711680
100
AcDbVertex
100
AcDb3dPolylineVertex
10
748609.838577574
20
8930403.10174744
30
190.490501126289
70
32
0
VERTEX
5
50F
100
AcDbEntity
8
Real Hole
62
1
420
16711680
100
AcDbVertex
100
AcDb3dPolylineVertex
10
748609.879367893
20
8930403.06602554
30
190.297991475105
70
32
0
SEQEND
5
510
100
AcDbEntity
8
Real Hole
0
POINT
5
512
330
1A
100
AcDbEntity
67
0
8
Hole
62
244
420
659967
6
ByLayer
370
-1
48
1.0
60
0
100
AcDbPoint
10
748607.392000025
20
8930403.47899823
30
200.053999980927
39
0.0
210
0.0
220
0.0
230
1.0
50
360.0
0
LINE
5
513
330
1A
100
AcDbEntity
67
0
8
Theoretical Hole
62
244
420
659967
6
ByLayer
370
-1
48
1.0
60
0
100
AcDbLine
10
748607.392000025
20
8930403.47899823
30
200.053999980927
11
748609.837603038
21
8930402.40086942
31
190.065393051147
39
0.0
210
0.0
220
0.0
230
1.0
0
TEXT
5
514
330
1A
100
AcDbEntity
67
0
8
Number
62
244
420
659967
6
ByLayer
370
-1
48
1.0
60
0
100
AcDbText
1
120
10
748607.392000025
20
8930403.85999824
30
200.053999980927
40
0.3
41
1.0
50
0.0
51
0.0
7
Standard
11
748607.392000025
21
8930403.85999824
31
200.053999980927
210
0.0
220
0.0
230
1.0
72
0
100
AcDbText
73
0
0
TEXT
5
515
330
1A
100
AcDbEntity
67
0
8
label
62
1
420
16711680
6
ByLayer
370
-1
48
1.0
60
0
100
AcDbText
1

10
748607.392000025
20
8930404.25999824
30
200.053999980927
40
0.3
41
1.0
50
0.0
51
0.0
7
Standard
11
748607.392000025
21
8930404.25999824
31
200.053999980927
210
0.0
220
0.0
230
1.0
72
0
100
AcDbText
73
0
0
TEXT
5
516
330
1A
100
AcDbEntity
67
0
8
Length
62
244
420
659967
6
ByLayer
370
-1
48
1.0
60
0
100
AcDbText
1
10.34
10
748607.392000025
20
8930402.72499822
30
200.053999980927
40
0.3
41
1.0
50
0.0
51
0.0
7
Standard
11
748607.392000025
21
8930402.72499822
31
200.053999980927
210
0.0
220
0.0
230
1.0
72
0
100
AcDbText
73
0
0
POLYLINE
5
523
330
1A
100
AcDbEntity
67
0
8
Real Hole
62
1
420
16711680
6
ByLayer
370
-1
48
1.0
60
0
100
AcDb3dPolyline
10
0.0
20
0.0
30
0.0
70
8
75
0
210
0.0
220
0.0
230
1.0
0
VERTEX
5
517
100
AcDbEntity
8
Real Hole
62
1
420
16711680
100
AcDbVertex
100
AcDb3dPolylineVertex
10
748607.392000025
20
8930403.47899823
30
200.053999980927
70
32
0
VERTEX
5
518
100
AcDbEntity
8
Real Hole
62
1
420
16711680
100
AcDbVertex
100
AcDb3dPolylineVertex
10
748607.632559126
20
8930403.32832973
30
199.095130702496
70
32
0
VERTEX
5
519
100
AcDbEntity
8
Real Hole
62
1
420
16711680
100
AcDbVertex
100
AcDb3dPolylineVertex
10
748607.866121744
20
8930403.17209123
30
198.135423382759
70
32
0
VERTEX
5
51A
100
AcDbEntity
8
Real Hole
62
1
420
16711680
100
AcDbVertex
100
AcDb3dPolylineVertex
10
748608.122301941
20
8930403.00559868
30
197.183240732193
70
32
0
VERTEX
5
51B
100
AcDbEntity
8
Real Hole
62
1
420
16711680
100
AcDbVertex
100
AcDb3dPolylineVertex
10
748608.373134976
20
8930402.84095751
30
196.229313930511
70
32
0
VERTEX
5
51C
100
AcDbEntity
8
Real Hole
62
1
420
16711680
100
AcDbVertex
100
AcDb3dPolylineVertex
10
748608.628406828
20
8930402.67920689
30
195.276070674896
70
32
0
VERTEX
5
51D
100
AcDbEntity
8
Real Hole
62
1
420
16711680
100
AcDbVertex
100
AcDb3dPolylineVertex
10
748608.854320472
20
8930402.54714076
30
194.310916980743
70
32
0
VERTEX
5
51E
100
AcDbEntity
8
Real Hole
62
1
420
16711680
100
AcDbVertex
100
AcDb3dPolylineVertex
10
748609.094307368
20
8930402.38367824
30
193.35400207901
70
32
0
VERTEX
5
51F
100
AcDbEntity
8
Real Hole
62
1
420
16711680
100
AcDbVertex
100
AcDb3dPolylineVertex
10
748609.341750806
20
8930402.21664982
30
192.399605354309
70
32
0
VERTEX
5
520
100
AcDbEntity
8
Real Hole
62
1
420
16711680
100
AcDbVertex
100
AcDb3dPolylineVertex
10
748609.597209995
20
8930402.07376139
30
191.443402370453
70
32
0
VERTEX
5
521
100
AcDbEntity
8
Real Hole
62
1
420
16711680
100
AcDbVertex
100
AcDb3dPolylineVertex
10
748609.800606554
20
8930401.96465533
30
190.573502620697
70
32
0
SEQEND
5
522
100
AcDbEntity
8
Real Hole
0
POINT
5
524
330
1A
100
AcDbEntity
67
0
8
Hole
62
244
420
659967
6
ByLayer
370
-1
48
1.0
60
0
100
AcDbPoint
10
748606.438999956
20
8930402.17099957
30
199.800999989748
39
0.0
210
0.0
220
0.0
230
1.0
50
360.0
0
LINE
5
525
330
1A
100
AcDbEntity
67
0
8
Theoretical Hole
62
244
420
659967
6
ByLayer
370
-1
48
1.0
60
0
100
AcDbLine
10
748606.438999956
20
8930402.17099957
30
199.800999989748
11
748608.86083362
21
8930401.10334973
31
189.99179800415
39
0.0
210
0.0
220
0.0
230
1.0
0
TEXT
5
526
330
1A
100
AcDbEntity
67
0
8
Number
62
244
420
659967
6
ByLayer
370
-1
48
1.0
60
0
100
AcDbText
1
121
10
748606.438999956
20
8930402.55199959
30
199.800999989748
40
0.3
41
1.0
50
0.0
51
0.0
7
Standard
11
748606.438999956
21
8930402.55199959
31
199.800999989748
210
0.0
220
0.0
230
1.0
72
0
100
AcDbText
73
0
0
TEXT
5
527
330
1A
100
AcDbEntity
67
0
8
label
62
1
420
16711680
6
ByLayer
370
-1
48
1.0
60
0
100
AcDbText
1

10
748606.438999956
20
8930402.95199959
30
199.800999989748
40
0.3
41
1.0
50
0.0
51
0.0
7
Standard
11
748606.438999956
21
8930402.95199959
31
199.800999989748
210
0.0
220
0.0
230
1.0
72
0
100
AcDbText
73
0
0
TEXT
5
528
330
1A
100
AcDbEntity
67
0
8
Length
62
244
420
659967
6
ByLayer
370
-1
48
1.0
60
0
100
AcDbText
1
10.16
10
748606.438999956
20
8930401.41699957
30
199.800999989748
40
0.3
41
1.0
50
0.0
51
0.0
7
Standard
11
748606.438999956
21
8930401.41699957
31
199.800999989748
210
0.0
220
0.0
230
1.0
72
0
100
AcDbText
73
0
0
POLYLINE
5
535
330
1A
100
AcDbEntity
67
0
8
Real Hole
62
1
420
16711680
6
ByLayer
370
-1
48
1.0
60
0
100
AcDb3dPolyline
10
0.0
20
0.0
30
0.0
70
8
75
0
210
0.0
220
0.0
230
1.0
0
VERTEX
5
529
100
AcDbEntity
8
Real Hole
62
1
420
16711680
100
AcDbVertex
100
AcDb3dPolylineVertex
10
748606.438999956
20
8930402.17099957
30
199.800999989748
70
32
0
VERTEX
5
52A
100
AcDbEntity
8
Real Hole
62
1
420
16711680
100
AcDbVertex
100
AcDb3dPolylineVertex
10
748606.711826777
20
8930402.03054473
30
198.84924476409
70
32
0
VERTEX
5
52B
100
AcDbEntity
8
Real Hole
62
1
420
16711680
100
AcDbVertex
100
AcDb3dPolylineVertex
10
748606.97008509
20
8930401.88926961
30
197.893554439783
70
32
0
VERTEX
5
52C
100
AcDbEntity
8
Real Hole
62
1
420
16711680
100
AcDbVertex
100
AcDb3dPolylineVertex
10
748607.211570983
20
8930401.74855219
30
196.933406939745
70
32
0
VERTEX
5
52D
100
AcDbEntity
8
Real Hole
62
1
420
16711680
100
AcDbVertex
100
AcDb3dPolylineVertex
10
748607.446916407
20
8930401.60092025
30
195.972773185015
70
32
0
VERTEX
5
52E
100
AcDbEntity
8
Real Hole
62
1
420
16711680
100
AcDbVertex
100
AcDb3dPolylineVertex
10
748607.661595529
20
8930401.4787672
30
195.003757348299
70
32
0
VERTEX
5
52F
100
AcDbEntity
8
Real Hole
62
1
420
16711680
100
AcDbVertex
100
AcDb3dPolylineVertex
10
748607.878938621
20
8930401.3410499
30
194.037426343203
70
32
0
VERTEX
5
530
100
AcDbEntity
8
Real Hole
62
1
420
16711680
100
AcDbVertex
100
AcDb3dPolylineVertex
10
748608.121091073
20
8930401.18571006
30
193.07970415616
70
32
0
VERTEX
5
531
100
AcDbEntity
8
Real Hole
62
1
420
16711680
100
AcDbVertex
100
AcDb3dPolylineVertex
10
748608.365097945
20
8930401.03938572
30
192.121033063173
70
32
0
VERTEX
5
532
100
AcDbEntity
8
Real Hole
62
1
420
16711680
100
AcDbVertex
100
AcDb3dPolylineVertex
10
748608.603651588
20
8930400.89536743
30
191.160642018557
70
32
0
VERTEX
5
533
100
AcDbEntity
8
Real Hole
62
1
420
16711680
100
AcDbVertex
100
AcDb3dPolylineVertex
10
748608.7967251
20
8930400.78746216
30
190.391826024294
70
32
0
SEQEND
5
534
100
AcDbEntity
8
Real Hole
0
POINT
5
536
330
1A
100
AcDbEntity
67
0
8
Hole
62
244
420
659967
6
ByLayer
370
-1
48
1.0
60
0
100
AcDbPoint
10
748606.000000065
20
8930400.66100125
30
199.684999993086
39
0.0
210
0.0
220
0.0
230
1.0
50
360.0
0
LINE
5
537
330
1A
100
AcDbEntity
67
0
8
Theoretical Hole
62
244
420
659967
6
ByLayer
370
-1
48
1.0
60
0
100
AcDbLine
10
748606.000000065
20
8930400.66100125
30
199.684999993086
11
748608.398827677
21
8930399.60349088
31
189.962233146667
39
0.0
210
0.0
220
0.0
230
1.0
0
TEXT
5
538
330
1A
100
AcDbEntity
67
0
8
Number
62
244
420
659967
6
ByLayer
370
-1
48
1.0
60
0
100
AcDbText
1
122
10
748606.000000065
20
8930401.04200126
30
199.684999993086
40
0.3
41
1.0
50
0.0
51
0.0
7
Standard
11
748606.000000065
21
8930401.04200126
31
199.684999993086
210
0.0
220
0.0
230
1.0
72
0
100
AcDbText
73
0
0
TEXT
5
539
330
1A
100
AcDbEntity
67
0
8
label
62
1
420
16711680
6
ByLayer
370
-1
48
1.0
60
0
100
AcDbText
1

10
748606.000000065
20
8930401.44200126
30
199.684999993086
40
0.3
41
1.0
50
0.0
51
0.0
7
Standard
11
748606.000000065
21
8930401.44200126
31
199.684999993086
210
0.0
220
0.0
230
1.0
72
0
100
AcDbText
73
0
0
TEXT
5
53A
330
1A
100
AcDbEntity
67
0
8
Length
62
244
420
659967
6
ByLayer
370
-1
48
1.0
60
0
100
AcDbText
1
10.07
10
748606.000000065
20
8930399.90700124
30
199.684999993086
40
0.3
41
1.0
50
0.0
51
0.0
7
Standard
11
748606.000000065
21
8930399.90700124
31
199.684999993086
210
0.0
220
0.0
230
1.0
72
0
100
AcDbText
73
0
0
POLYLINE
5
547
330
1A
100
AcDbEntity
67
0
8
Real Hole
62
1
420
16711680
6
ByLayer
370
-1
48
1.0
60
0
100
AcDb3dPolyline
10
0.0
20
0.0
30
0.0
70
8
75
0
210
0.0
220
0.0
230
1.0
0
VERTEX
5
53B
100
AcDbEntity
8
Real Hole
62
1
420
16711680
100
AcDbVertex
100
AcDb3dPolylineVertex
10
748606.000000065
20
8930400.66100125
30
199.684999993086
70
32
0
VERTEX
5
53C
100
AcDbEntity
8
Real Hole
62
1
420
16711680
100
AcDbVertex
100
AcDb3dPolylineVertex
10
748606.182050189
20
8930400.47490293
30
198.71948193574
70
32
0
VERTEX
5
53D
100
AcDbEntity
8
Real Hole
62
1
420
16711680
100
AcDbVertex
100
AcDb3dPolylineVertex
10
748606.372298097
20
8930400.27988051
30
197.757311513662
70
32
0
VERTEX
5
53E
100
AcDbEntity
8
Real Hole
62
1
420
16711680
100
AcDbVertex
100
AcDb3dPolylineVertex
10
748606.555491095
20
8930400.12843774
30
196.785969307661
70
32
0
VERTEX
5
53F
100
AcDbEntity
8
Real Hole
62
1
420
16711680
100
AcDbVertex
100
AcDb3dPolylineVertex
10
748606.769514387
20
8930399.97874396
30
195.820678761244
70
32
0
VERTEX
5
540
100
AcDbEntity
8
Real Hole
62
1
420
16711680
100
AcDbVertex
100
AcDb3dPolylineVertex
10
748606.981409078
20
8930399.84066425
30
194.853189995527
70
32
0
VERTEX
5
541
100
AcDbEntity
8
Real Hole
62
1
420
16711680
100
AcDbVertex
100
AcDb3dPolylineVertex
10
748607.200772946
20
8930399.7182167
30
193.885261109114
70
32
0
VERTEX
5
542
100
AcDbEntity
8
Real Hole
62
1
420
16711680
100
AcDbVertex
100
AcDb3dPolylineVertex
10
748607.416413014
20
8930399.58477454
30
192.917949249983
70
32
0
VERTEX
5
543
100
AcDbEntity
8
Real Hole
62
1
420
16711680
100
AcDbVertex
100
AcDb3dPolylineVertex
10
748607.62562496
20
8930399.42786496
30
191.952749779463
70
32
0
VERTEX
5
544
100
AcDbEntity
8
Real Hole
62
1
420
16711680
100
AcDbVertex
100
AcDb3dPolylineVertex
10
748607.841433113
20
8930399.27837663
30
190.987824967146
70
32
0
VERTEX
5
545
100
AcDbEntity
8
Real Hole
62
1
420
16711680
100
AcDbVertex
100
AcDb3dPolylineVertex
10
748608.008001154
20
8930399.16791837
30
190.316964676619
70
32
0
SEQEND
5
546
100
AcDbEntity
8
Real Hole
0
VIEWPORT
5
54C
330
548
100
AcDbEntity
67
1
8
0
62
256
6
ByLayer
370
-1
48
1.0
60
0
100
AcDbViewport
10
0.0
20
0.0
30
0.0
40
297.0
41
210.0
68
1
69
1
12
50.0
22
100.0
13
0.0
23
0.0
14
10.0
24
10.0
15
10.0
25
10.0
16
0.0
26
0.0
36
1.0
17
0.0
27
0.0
37
0.0
42
50.0
43
0.0
44
0.0
45
250.0
50
0.0
51
0.0
72
1000
90
819232
110
0.0
120
0.0
130
0.0
111
1.0
121
0.0
131
0.0
112
0.0
122
1.0
132
0.0
0
ENDSEC
0
SECTION
2
OBJECTS
0
DICTIONARY
5
551
330
0
100
AcDbDictionary
280
0
281
1
3
ACAD_GROUP
350
552
3
ACAD_LAYOUT
350
553
3
ACAD_MLINESTYLE
350
557
0
DICTIONARY
5
552
330
551
100
AcDbDictionary
280
0
281
1
0
DICTIONARY
5
553
330
551
100
AcDbDictionary
280
0
281
1
3
Model
350
1E
3
Layout1
350
54D
0
DICTIONARY
5
557
330
551
100
AcDbDictionary
280
0
281
1
3
Standard
350
19
0
LAYOUT
5
1E
330
553
100
AcDbPlotSettings
1

2
none_device
4
ISO_A4_(210.00_x_297.00_MM)
6

40
7.5
41
20.0
42
7.5
43
20.0
44
210.0
45
297.0
46
0.0
47
0.0
48
0.0
49
0.0
140
0.0
141
0.0
142
1.0
143
1.0
70
11952
72
1
73
1
74
5
7

75
16
147
1.0
148
0.0
149
0.0
100
AcDbLayout
1
Model
70
1
71
0
10
-20.0
20
-7.5
11
277.0
21
202.5
12
0.0
22
0.0
32
0.0
14
25.7
24
19.5
34
0.0
15
231.3
25
175.5
35
0.0
146
0.0
13
0.0
23
0.0
33
0.0
16
1.0
26
0.0
36
0.0
17
0.0
27
1.0
37
0.0
76
0
330
1A
0
LAYOUT
5
54D
330
553
100
AcDbPlotSettings
1

2
none_device
4
ISO_A4_(210.00_x_297.00_MM)
6

40
7.5
41
20.0
42
7.5
43
20.0
44
210.0
45
297.0
46
0.0
47
0.0
48
0.0
49
0.0
140
0.0
141
0.0
142
1.0
143
1.0
70
688
72
1
73
1
74
5
7

75
16
147
1.0
148
0.0
149
0.0
100
AcDbLayout
1
Layout1
70
1
71
1
10
-20.0
20
-7.5
11
277.0
21
202.5
12
0.0
22
0.0
32
0.0
14
25.7
24
19.5
34
0.0
15
231.3
25
175.5
35
0.0
146
0.0
13
0.0
23
0.0
33
0.0
16
1.0
26
0.0
36
0.0
17
0.0
27
1.0
37
0.0
76
0
330
548
0
MLINESTYLE
5
19
330
557
100
AcDbMlineStyle
2
Standard
70
0
3

62
256
51
90.0
52
90.0
71
2
49
-0.5
62
256
6
ByLayer
49
0.5
62
256
6
ByLayer
0
ENDSEC
0
EOF
